object_key,image_key,source_split,annotation_id,image_id,file_name,image_width,image_height,category_id,category_name,bbox_x,bbox_y,bbox_width,bbox_height,bbox_area,altitude_m,gimbal_pitch_deg,drone,video,frame_no,image_path,split
train:23852,train:4863,train,23852,4863,4863.jpg,3840,2160,1,swimmer,1620.0,1469.0,132.0,90.0,11880.0,25.398761353245963,51.6,mavic,NorthSea_Fri_DJI_0112.MP4,5385,data/raw/seadronessee/odv2/images/train/4863.jpg,train
train:23853,train:4863,train,23853,4863,4863.jpg,3840,2160,5,buoy,1238.0,940.0,136.0,148.0,20128.0,25.398761353245963,51.6,mavic,NorthSea_Fri_DJI_0112.MP4,5385,data/raw/seadronessee/odv2/images/train/4863.jpg,train
train:23854,train:4863,train,23854,4863,4863.jpg,3840,2160,1,swimmer,1720.0,1891.0,60.0,118.0,7080.0,25.398761353245963,51.6,mavic,NorthSea_Fri_DJI_0112.MP4,5385,data/raw/seadronessee/odv2/images/train/4863.jpg,train
train:24813,train:5106,train,24813,5106,5106.jpg,3840,2160,1,swimmer,1638.0,787.0,73.0,84.0,6132.0,30.298522401706794,45.2,mavic,DJI_0059.MP4,3000,data/raw/seadronessee/odv2/images/train/5106.jpg,test
train:24814,train:5106,train,24814,5106,5106.jpg,3840,2160,1,swimmer,1897.0,896.0,62.0,98.0,6076.0,30.298522401706794,45.2,mavic,DJI_0059.MP4,3000,data/raw/seadronessee/odv2/images/train/5106.jpg,test
train:24815,train:5106,train,24815,5106,5106.jpg,3840,2160,2,boat,1156.0,250.0,228.0,138.0,31464.0,30.298522401706794,45.2,mavic,DJI_0059.MP4,3000,data/raw/seadronessee/odv2/images/train/5106.jpg,test
train:24816,train:5106,train,24816,5106,5106.jpg,3840,2160,2,boat,623.0,1527.0,424.0,286.0,121264.0,30.298522401706794,45.2,mavic,DJI_0059.MP4,3000,data/raw/seadronessee/odv2/images/train/5106.jpg,test
train:24817,train:5106,train,24817,5106,5106.jpg,3840,2160,1,swimmer,2107.0,750.0,93.0,95.0,8835.0,30.298522401706794,45.2,mavic,DJI_0059.MP4,3000,data/raw/seadronessee/odv2/images/train/5106.jpg,test
train:24818,train:5106,train,24818,5106,5106.jpg,3840,2160,1,swimmer,1747.0,264.0,56.0,52.0,2912.0,30.298522401706794,45.2,mavic,DJI_0059.MP4,3000,data/raw/seadronessee/odv2/images/train/5106.jpg,test
train:24825,train:5108,train,24825,5108,5108.jpg,3840,2160,1,swimmer,1761.0,909.0,80.0,86.0,6880.0,30.298522401706794,45.2,mavic,DJI_0059.MP4,3030,data/raw/seadronessee/odv2/images/train/5108.jpg,test
train:24826,train:5108,train,24826,5108,5108.jpg,3840,2160,1,swimmer,1993.0,1013.0,93.0,97.0,9021.0,30.298522401706794,45.2,mavic,DJI_0059.MP4,3030,data/raw/seadronessee/odv2/images/train/5108.jpg,test
train:24827,train:5108,train,24827,5108,5108.jpg,3840,2160,2,boat,1326.0,397.0,217.0,134.0,29078.0,30.298522401706794,45.2,mavic,DJI_0059.MP4,3030,data/raw/seadronessee/odv2/images/train/5108.jpg,test
train:24828,train:5108,train,24828,5108,5108.jpg,3840,2160,2,boat,762.0,1571.0,408.0,279.0,113832.0,30.298522401706794,45.2,mavic,DJI_0059.MP4,3030,data/raw/seadronessee/odv2/images/train/5108.jpg,test
train:24829,train:5108,train,24829,5108,5108.jpg,3840,2160,2,boat,1637.0,123.0,206.0,81.0,16686.0,30.298522401706794,45.2,mavic,DJI_0059.MP4,3030,data/raw/seadronessee/odv2/images/train/5108.jpg,test
train:24830,train:5108,train,24830,5108,5108.jpg,3840,2160,1,swimmer,2231.0,890.0,70.0,90.0,6300.0,30.298522401706794,45.2,mavic,DJI_0059.MP4,3030,data/raw/seadronessee/odv2/images/train/5108.jpg,test
train:24831,train:5108,train,24831,5108,5108.jpg,3840,2160,1,swimmer,1895.0,440.0,76.0,49.0,3724.0,30.298522401706794,45.2,mavic,DJI_0059.MP4,3030,data/raw/seadronessee/odv2/images/train/5108.jpg,test
train:24840,train:5110,train,24840,5110,5110.jpg,3840,2160,1,swimmer,1774.0,993.0,82.0,84.0,6888.0,30.298522401706794,44.7,mavic,DJI_0059.MP4,3060,data/raw/seadronessee/odv2/images/train/5110.jpg,test
train:24841,train:5110,train,24841,5110,5110.jpg,3840,2160,1,swimmer,2010.0,1076.0,81.0,91.0,7371.0,30.298522401706794,44.7,mavic,DJI_0059.MP4,3060,data/raw/seadronessee/odv2/images/train/5110.jpg,test
train:24842,train:5110,train,24842,5110,5110.jpg,3840,2160,2,boat,1354.0,520.0,205.0,123.0,25215.0,30.298522401706794,44.7,mavic,DJI_0059.MP4,3060,data/raw/seadronessee/odv2/images/train/5110.jpg,test
train:24843,train:5110,train,24843,5110,5110.jpg,3840,2160,2,boat,801.0,1606.0,394.0,261.0,102834.0,30.298522401706794,44.7,mavic,DJI_0059.MP4,3060,data/raw/seadronessee/odv2/images/train/5110.jpg,test
train:24844,train:5110,train,24844,5110,5110.jpg,3840,2160,2,boat,1652.0,271.0,196.0,74.0,14504.0,30.298522401706794,44.7,mavic,DJI_0059.MP4,3060,data/raw/seadronessee/odv2/images/train/5110.jpg,test
train:24845,train:5110,train,24845,5110,5110.jpg,3840,2160,1,swimmer,2225.0,979.0,77.0,79.0,6083.0,30.298522401706794,44.7,mavic,DJI_0059.MP4,3060,data/raw/seadronessee/odv2/images/train/5110.jpg,test
train:24846,train:5110,train,24846,5110,5110.jpg,3840,2160,1,swimmer,1903.0,575.0,61.0,51.0,3111.0,30.298522401706794,44.7,mavic,DJI_0059.MP4,3060,data/raw/seadronessee/odv2/images/train/5110.jpg,test
train:24847,train:5110,train,24847,5110,5110.jpg,3840,2160,2,boat,1705.0,0.0,122.0,119.0,14518.0,30.298522401706794,44.7,mavic,DJI_0059.MP4,3060,data/raw/seadronessee/odv2/images/train/5110.jpg,test
train:24856,train:5112,train,24856,5112,5112.jpg,3840,2160,1,swimmer,1781.0,1196.0,77.0,81.0,6237.0,30.19852727826882,38.2,mavic,DJI_0059.MP4,3090,data/raw/seadronessee/odv2/images/train/5112.jpg,test
train:24857,train:5112,train,24857,5112,5112.jpg,3840,2160,1,swimmer,2016.0,1277.0,51.0,78.0,3978.0,30.19852727826882,38.2,mavic,DJI_0059.MP4,3090,data/raw/seadronessee/odv2/images/train/5112.jpg,test
train:24858,train:5112,train,24858,5112,5112.jpg,3840,2160,2,boat,1374.0,750.0,198.0,119.0,23562.0,30.19852727826882,38.2,mavic,DJI_0059.MP4,3090,data/raw/seadronessee/odv2/images/train/5112.jpg,test
train:24859,train:5112,train,24859,5112,5112.jpg,3840,2160,2,boat,796.0,1778.0,407.0,270.0,109890.0,30.19852727826882,38.2,mavic,DJI_0059.MP4,3090,data/raw/seadronessee/odv2/images/train/5112.jpg,test
train:24860,train:5112,train,24860,5112,5112.jpg,3840,2160,2,boat,1664.0,520.0,188.0,71.0,13348.0,30.19852727826882,38.2,mavic,DJI_0059.MP4,3090,data/raw/seadronessee/odv2/images/train/5112.jpg,test
train:24861,train:5112,train,24861,5112,5112.jpg,3840,2160,1,swimmer,2213.0,1178.0,79.0,86.0,6794.0,30.19852727826882,38.2,mavic,DJI_0059.MP4,3090,data/raw/seadronessee/odv2/images/train/5112.jpg,test
train:24862,train:5112,train,24862,5112,5112.jpg,3840,2160,1,swimmer,1928.0,817.0,51.0,42.0,2142.0,30.19852727826882,38.2,mavic,DJI_0059.MP4,3090,data/raw/seadronessee/odv2/images/train/5112.jpg,test
train:24863,train:5112,train,24863,5112,5112.jpg,3840,2160,2,boat,1715.0,270.0,114.0,111.0,12654.0,30.19852727826882,38.2,mavic,DJI_0059.MP4,3090,data/raw/seadronessee/odv2/images/train/5112.jpg,test
train:24872,train:5114,train,24872,5114,5114.jpg,3840,2160,1,swimmer,1797.0,1287.0,69.0,68.0,4692.0,30.19852727826882,33.3,mavic,DJI_0059.MP4,3120,data/raw/seadronessee/odv2/images/train/5114.jpg,test
train:24873,train:5114,train,24873,5114,5114.jpg,3840,2160,1,swimmer,1993.0,1354.0,78.0,93.0,7254.0,30.19852727826882,33.3,mavic,DJI_0059.MP4,3120,data/raw/seadronessee/odv2/images/train/5114.jpg,test
train:24874,train:5114,train,24874,5114,5114.jpg,3840,2160,2,boat,1391.0,865.0,189.0,114.0,21546.0,30.19852727826882,33.3,mavic,DJI_0059.MP4,3120,data/raw/seadronessee/odv2/images/train/5114.jpg,test
train:24875,train:5114,train,24875,5114,5114.jpg,3840,2160,2,boat,847.0,1840.0,365.0,265.0,96725.0,30.19852727826882,33.3,mavic,DJI_0059.MP4,3120,data/raw/seadronessee/odv2/images/train/5114.jpg,test
train:24876,train:5114,train,24876,5114,5114.jpg,3840,2160,2,boat,1672.0,642.0,182.0,69.0,12558.0,30.19852727826882,33.3,mavic,DJI_0059.MP4,3120,data/raw/seadronessee/odv2/images/train/5114.jpg,test
train:24877,train:5114,train,24877,5114,5114.jpg,3840,2160,1,swimmer,2202.0,1270.0,85.0,77.0,6545.0,30.19852727826882,33.3,mavic,DJI_0059.MP4,3120,data/raw/seadronessee/odv2/images/train/5114.jpg,test
train:24878,train:5114,train,24878,5114,5114.jpg,3840,2160,1,swimmer,1932.0,939.0,51.0,50.0,2550.0,30.19852727826882,33.3,mavic,DJI_0059.MP4,3120,data/raw/seadronessee/odv2/images/train/5114.jpg,test
train:24879,train:5114,train,24879,5114,5114.jpg,3840,2160,2,boat,1715.0,406.0,117.0,109.0,12753.0,30.19852727826882,33.3,mavic,DJI_0059.MP4,3120,data/raw/seadronessee/odv2/images/train/5114.jpg,test
train:24888,train:5116,train,24888,5116,5116.jpg,3840,2160,1,swimmer,1802.0,1243.0,55.0,68.0,3740.0,30.19852727826882,30.8,mavic,DJI_0059.MP4,3150,data/raw/seadronessee/odv2/images/train/5116.jpg,test
train:24889,train:5116,train,24889,5116,5116.jpg,3840,2160,1,swimmer,2004.0,1296.0,70.0,78.0,5460.0,30.19852727826882,30.8,mavic,DJI_0059.MP4,3150,data/raw/seadronessee/odv2/images/train/5116.jpg,test
train:24890,train:5116,train,24890,5116,5116.jpg,3840,2160,2,boat,1400.0,834.0,186.0,112.0,20832.0,30.19852727826882,30.8,mavic,DJI_0059.MP4,3150,data/raw/seadronessee/odv2/images/train/5116.jpg,test
train:24891,train:5116,train,24891,5116,5116.jpg,3840,2160,2,boat,875.0,1762.0,361.0,247.0,89167.0,30.19852727826882,30.8,mavic,DJI_0059.MP4,3150,data/raw/seadronessee/odv2/images/train/5116.jpg,test
train:24892,train:5116,train,24892,5116,5116.jpg,3840,2160,2,boat,1675.0,622.0,177.0,67.0,11859.0,30.19852727826882,30.8,mavic,DJI_0059.MP4,3150,data/raw/seadronessee/odv2/images/train/5116.jpg,test
train:24893,train:5116,train,24893,5116,5116.jpg,3840,2160,1,swimmer,2180.0,1219.0,100.0,73.0,7300.0,30.19852727826882,30.8,mavic,DJI_0059.MP4,3150,data/raw/seadronessee/odv2/images/train/5116.jpg,test
train:24894,train:5116,train,24894,5116,5116.jpg,3840,2160,1,swimmer,1923.0,920.0,88.0,35.0,3080.0,30.19852727826882,30.8,mavic,DJI_0059.MP4,3150,data/raw/seadronessee/odv2/images/train/5116.jpg,test
train:24895,train:5116,train,24895,5116,5116.jpg,3840,2160,2,boat,1716.0,391.0,113.0,105.0,11865.0,30.19852727826882,30.8,mavic,DJI_0059.MP4,3150,data/raw/seadronessee/odv2/images/train/5116.jpg,test
train:24904,train:5118,train,24904,5118,5118.jpg,3840,2160,1,swimmer,1797.0,1232.0,60.0,73.0,4380.0,30.19852727826882,30.7,mavic,DJI_0059.MP4,3180,data/raw/seadronessee/odv2/images/train/5118.jpg,test
train:24905,train:5118,train,24905,5118,5118.jpg,3840,2160,1,swimmer,2011.0,1290.0,46.0,69.0,3174.0,30.19852727826882,30.7,mavic,DJI_0059.MP4,3180,data/raw/seadronessee/odv2/images/train/5118.jpg,test
train:24906,train:5118,train,24906,5118,5118.jpg,3840,2160,2,boat,1402.0,830.0,184.0,110.0,20240.0,30.19852727826882,30.7,mavic,DJI_0059.MP4,3180,data/raw/seadronessee/odv2/images/train/5118.jpg,test
train:24907,train:5118,train,24907,5118,5118.jpg,3840,2160,2,boat,872.0,1759.0,363.0,244.0,88572.0,30.19852727826882,30.7,mavic,DJI_0059.MP4,3180,data/raw/seadronessee/odv2/images/train/5118.jpg,test
train:24908,train:5118,train,24908,5118,5118.jpg,3840,2160,2,boat,1674.0,619.0,174.0,66.0,11484.0,30.19852727826882,30.7,mavic,DJI_0059.MP4,3180,data/raw/seadronessee/odv2/images/train/5118.jpg,test
train:24909,train:5118,train,24909,5118,5118.jpg,3840,2160,1,swimmer,2176.0,1209.0,87.0,62.0,5394.0,30.19852727826882,30.7,mavic,DJI_0059.MP4,3180,data/raw/seadronessee/odv2/images/train/5118.jpg,test
train:24910,train:5118,train,24910,5118,5118.jpg,3840,2160,1,swimmer,1933.0,922.0,82.0,36.0,2952.0,30.19852727826882,30.7,mavic,DJI_0059.MP4,3180,data/raw/seadronessee/odv2/images/train/5118.jpg,test
train:24911,train:5118,train,24911,5118,5118.jpg,3840,2160,2,boat,1714.0,389.0,115.0,107.0,12305.0,30.19852727826882,30.7,mavic,DJI_0059.MP4,3180,data/raw/seadronessee/odv2/images/train/5118.jpg,test
train:24920,train:5120,train,24920,5120,5120.jpg,3840,2160,1,swimmer,1802.0,1243.0,49.0,68.0,3332.0,30.19852727826882,30.7,mavic,DJI_0059.MP4,3210,data/raw/seadronessee/odv2/images/train/5120.jpg,test
train:24921,train:5120,train,24921,5120,5120.jpg,3840,2160,1,swimmer,1997.0,1291.0,62.0,83.0,5146.0,30.19852727826882,30.7,mavic,DJI_0059.MP4,3210,data/raw/seadronessee/odv2/images/train/5120.jpg,test
train:24922,train:5120,train,24922,5120,5120.jpg,3840,2160,2,boat,1397.0,835.0,185.0,111.0,20535.0,30.19852727826882,30.7,mavic,DJI_0059.MP4,3210,data/raw/seadronessee/odv2/images/train/5120.jpg,test
train:24923,train:5120,train,24923,5120,5120.jpg,3840,2160,2,boat,859.0,1773.0,364.0,245.0,89180.0,30.19852727826882,30.7,mavic,DJI_0059.MP4,3210,data/raw/seadronessee/odv2/images/train/5120.jpg,test
train:24924,train:5120,train,24924,5120,5120.jpg,3840,2160,2,boat,1671.0,623.0,173.0,65.0,11245.0,30.19852727826882,30.7,mavic,DJI_0059.MP4,3210,data/raw/seadronessee/odv2/images/train/5120.jpg,test
train:24925,train:5120,train,24925,5120,5120.jpg,3840,2160,1,swimmer,2172.0,1214.0,83.0,78.0,6474.0,30.19852727826882,30.7,mavic,DJI_0059.MP4,3210,data/raw/seadronessee/odv2/images/train/5120.jpg,test
train:24926,train:5120,train,24926,5120,5120.jpg,3840,2160,1,swimmer,1951.0,932.0,44.0,44.0,1936.0,30.19852727826882,30.7,mavic,DJI_0059.MP4,3210,data/raw/seadronessee/odv2/images/train/5120.jpg,test
train:24927,train:5120,train,24927,5120,5120.jpg,3840,2160,2,boat,1710.0,393.0,113.0,105.0,11865.0,30.19852727826882,30.7,mavic,DJI_0059.MP4,3210,data/raw/seadronessee/odv2/images/train/5120.jpg,test
train:24936,train:5122,train,24936,5122,5122.jpg,3840,2160,1,swimmer,1809.0,1245.0,45.0,69.0,3105.0,30.19852727826882,30.7,mavic,DJI_0059.MP4,3240,data/raw/seadronessee/odv2/images/train/5122.jpg,test
train:24937,train:5122,train,24937,5122,5122.jpg,3840,2160,1,swimmer,1995.0,1289.0,62.0,89.0,5518.0,30.19852727826882,30.7,mavic,DJI_0059.MP4,3240,data/raw/seadronessee/odv2/images/train/5122.jpg,test
train:24938,train:5122,train,24938,5122,5122.jpg,3840,2160,2,boat,1395.0,841.0,183.0,110.0,20130.0,30.19852727826882,30.7,mavic,DJI_0059.MP4,3240,data/raw/seadronessee/odv2/images/train/5122.jpg,test
train:24939,train:5122,train,24939,5122,5122.jpg,3840,2160,2,boat,860.0,1781.0,359.0,246.0,88314.0,30.19852727826882,30.7,mavic,DJI_0059.MP4,3240,data/raw/seadronessee/odv2/images/train/5122.jpg,test
train:24940,train:5122,train,24940,5122,5122.jpg,3840,2160,2,boat,1668.0,628.0,180.0,65.0,11700.0,30.19852727826882,30.7,mavic,DJI_0059.MP4,3240,data/raw/seadronessee/odv2/images/train/5122.jpg,test
train:24941,train:5122,train,24941,5122,5122.jpg,3840,2160,1,swimmer,2162.0,1215.0,84.0,76.0,6384.0,30.19852727826882,30.7,mavic,DJI_0059.MP4,3240,data/raw/seadronessee/odv2/images/train/5122.jpg,test
train:24942,train:5122,train,24942,5122,5122.jpg,3840,2160,1,swimmer,1953.0,946.0,53.0,37.0,1961.0,30.19852727826882,30.7,mavic,DJI_0059.MP4,3240,data/raw/seadronessee/odv2/images/train/5122.jpg,test
train:24943,train:5122,train,24943,5122,5122.jpg,3840,2160,2,boat,1705.0,396.0,115.0,108.0,12420.0,30.19852727826882,30.7,mavic,DJI_0059.MP4,3240,data/raw/seadronessee/odv2/images/train/5122.jpg,test
train:24952,train:5124,train,24952,5124,5124.jpg,3840,2160,1,swimmer,1814.0,1246.0,45.0,67.0,3015.0,30.19852727826882,30.7,mavic,DJI_0059.MP4,3270,data/raw/seadronessee/odv2/images/train/5124.jpg,test
train:24953,train:5124,train,24953,5124,5124.jpg,3840,2160,1,swimmer,1991.0,1292.0,70.0,77.0,5390.0,30.19852727826882,30.7,mavic,DJI_0059.MP4,3270,data/raw/seadronessee/odv2/images/train/5124.jpg,test
train:24954,train:5124,train,24954,5124,5124.jpg,3840,2160,2,boat,1394.0,846.0,184.0,111.0,20424.0,30.19852727826882,30.7,mavic,DJI_0059.MP4,3270,data/raw/seadronessee/odv2/images/train/5124.jpg,test
train:24955,train:5124,train,24955,5124,5124.jpg,3840,2160,2,boat,862.0,1793.0,356.0,257.0,91492.0,30.19852727826882,30.7,mavic,DJI_0059.MP4,3270,data/raw/seadronessee/odv2/images/train/5124.jpg,test
train:24956,train:5124,train,24956,5124,5124.jpg,3840,2160,2,boat,1667.0,630.0,180.0,65.0,11700.0,30.19852727826882,30.7,mavic,DJI_0059.MP4,3270,data/raw/seadronessee/odv2/images/train/5124.jpg,test
train:24957,train:5124,train,24957,5124,5124.jpg,3840,2160,1,swimmer,2152.0,1212.0,92.0,77.0,7084.0,30.19852727826882,30.7,mavic,DJI_0059.MP4,3270,data/raw/seadronessee/odv2/images/train/5124.jpg,test
train:24958,train:5124,train,24958,5124,5124.jpg,3840,2160,1,swimmer,1966.0,946.0,47.0,39.0,1833.0,30.19852727826882,30.7,mavic,DJI_0059.MP4,3270,data/raw/seadronessee/odv2/images/train/5124.jpg,test
train:24959,train:5124,train,24959,5124,5124.jpg,3840,2160,2,boat,1703.0,400.0,114.0,106.0,12084.0,30.19852727826882,30.7,mavic,DJI_0059.MP4,3270,data/raw/seadronessee/odv2/images/train/5124.jpg,test
train:24968,train:5126,train,24968,5126,5126.jpg,3840,2160,1,swimmer,1813.0,1252.0,55.0,70.0,3850.0,30.19852727826882,30.7,mavic,DJI_0059.MP4,3300,data/raw/seadronessee/odv2/images/train/5126.jpg,test
train:24969,train:5126,train,24969,5126,5126.jpg,3840,2160,1,swimmer,1993.0,1286.0,59.0,74.0,4366.0,30.19852727826882,30.7,mavic,DJI_0059.MP4,3300,data/raw/seadronessee/odv2/images/train/5126.jpg,test
train:24970,train:5126,train,24970,5126,5126.jpg,3840,2160,2,boat,1393.0,845.0,183.0,110.0,20130.0,30.19852727826882,30.7,mavic,DJI_0059.MP4,3300,data/raw/seadronessee/odv2/images/train/5126.jpg,test
train:24971,train:5126,train,24971,5126,5126.jpg,3840,2160,2,boat,857.0,1796.0,357.0,257.0,91749.0,30.19852727826882,30.7,mavic,DJI_0059.MP4,3300,data/raw/seadronessee/odv2/images/train/5126.jpg,test
train:24972,train:5126,train,24972,5126,5126.jpg,3840,2160,2,boat,1667.0,633.0,180.0,65.0,11700.0,30.19852727826882,30.7,mavic,DJI_0059.MP4,3300,data/raw/seadronessee/odv2/images/train/5126.jpg,test
train:24973,train:5126,train,24973,5126,5126.jpg,3840,2160,1,swimmer,2159.0,1215.0,82.0,68.0,5576.0,30.19852727826882,30.7,mavic,DJI_0059.MP4,3300,data/raw/seadronessee/odv2/images/train/5126.jpg,test
train:24974,train:5126,train,24974,5126,5126.jpg,3840,2160,1,swimmer,1961.0,958.0,65.0,32.0,2080.0,30.19852727826882,30.7,mavic,DJI_0059.MP4,3300,data/raw/seadronessee/odv2/images/train/5126.jpg,test
train:24975,train:5126,train,24975,5126,5126.jpg,3840,2160,2,boat,1700.0,401.0,115.0,107.0,12305.0,30.19852727826882,30.7,mavic,DJI_0059.MP4,3300,data/raw/seadronessee/odv2/images/train/5126.jpg,test
train:24984,train:5128,train,24984,5128,5128.jpg,3840,2160,1,swimmer,1807.0,1258.0,65.0,63.0,4095.0,30.19852727826882,30.7,mavic,DJI_0059.MP4,3330,data/raw/seadronessee/odv2/images/train/5128.jpg,test
train:24985,train:5128,train,24985,5128,5128.jpg,3840,2160,1,swimmer,1994.0,1286.0,52.0,66.0,3432.0,30.19852727826882,30.7,mavic,DJI_0059.MP4,3330,data/raw/seadronessee/odv2/images/train/5128.jpg,test
train:24986,train:5128,train,24986,5128,5128.jpg,3840,2160,2,boat,1390.0,850.0,183.0,110.0,20130.0,30.19852727826882,30.7,mavic,DJI_0059.MP4,3330,data/raw/seadronessee/odv2/images/train/5128.jpg,test
train:24987,train:5128,train,24987,5128,5128.jpg,3840,2160,2,boat,853.0,1804.0,355.0,256.0,90880.0,30.19852727826882,30.7,mavic,DJI_0059.MP4,3330,data/raw/seadronessee/odv2/images/train/5128.jpg,test
train:24988,train:5128,train,24988,5128,5128.jpg,3840,2160,2,boat,1663.0,635.0,180.0,65.0,11700.0,30.19852727826882,30.7,mavic,DJI_0059.MP4,3330,data/raw/seadronessee/odv2/images/train/5128.jpg,test
train:24989,train:5128,train,24989,5128,5128.jpg,3840,2160,1,swimmer,2157.0,1212.0,72.0,72.0,5184.0,30.19852727826882,30.7,mavic,DJI_0059.MP4,3330,data/raw/seadronessee/odv2/images/train/5128.jpg,test
train:24990,train:5128,train,24990,5128,5128.jpg,3840,2160,1,swimmer,1969.0,963.0,44.0,29.0,1276.0,30.19852727826882,30.7,mavic,DJI_0059.MP4,3330,data/raw/seadronessee/odv2/images/train/5128.jpg,test
train:24991,train:5128,train,24991,5128,5128.jpg,3840,2160,2,boat,1695.0,402.0,116.0,108.0,12528.0,30.19852727826882,30.7,mavic,DJI_0059.MP4,3330,data/raw/seadronessee/odv2/images/train/5128.jpg,test
train:25000,train:5130,train,25000,5130,5130.jpg,3840,2160,1,swimmer,1819.0,1257.0,52.0,60.0,3120.0,30.19852727826882,30.7,mavic,DJI_0059.MP4,3360,data/raw/seadronessee/odv2/images/train/5130.jpg,test
train:25001,train:5130,train,25001,5130,5130.jpg,3840,2160,1,swimmer,1984.0,1276.0,59.0,85.0,5015.0,30.19852727826882,30.7,mavic,DJI_0059.MP4,3360,data/raw/seadronessee/odv2/images/train/5130.jpg,test
train:25002,train:5130,train,25002,5130,5130.jpg,3840,2160,2,boat,1388.0,852.0,181.0,109.0,19729.0,30.19852727826882,30.7,mavic,DJI_0059.MP4,3360,data/raw/seadronessee/odv2/images/train/5130.jpg,test
train:25003,train:5130,train,25003,5130,5130.jpg,3840,2160,2,boat,848.0,1813.0,354.0,262.0,92748.0,30.19852727826882,30.7,mavic,DJI_0059.MP4,3360,data/raw/seadronessee/odv2/images/train/5130.jpg,test
train:25004,train:5130,train,25004,5130,5130.jpg,3840,2160,2,boat,1661.0,639.0,177.0,64.0,11328.0,30.19852727826882,30.7,mavic,DJI_0059.MP4,3360,data/raw/seadronessee/odv2/images/train/5130.jpg,test
train:25005,train:5130,train,25005,5130,5130.jpg,3840,2160,1,swimmer,2160.0,1210.0,68.0,73.0,4964.0,30.19852727826882,30.7,mavic,DJI_0059.MP4,3360,data/raw/seadronessee/odv2/images/train/5130.jpg,test
train:25006,train:5130,train,25006,5130,5130.jpg,3840,2160,1,swimmer,1959.0,974.0,72.0,29.0,2088.0,30.19852727826882,30.7,mavic,DJI_0059.MP4,3360,data/raw/seadronessee/odv2/images/train/5130.jpg,test
train:25007,train:5130,train,25007,5130,5130.jpg,3840,2160,2,boat,1691.0,403.0,116.0,108.0,12528.0,30.19852727826882,30.7,mavic,DJI_0059.MP4,3360,data/raw/seadronessee/odv2/images/train/5130.jpg,test
train:25016,train:5132,train,25016,5132,5132.jpg,3840,2160,1,swimmer,1819.0,1260.0,52.0,67.0,3484.0,30.298522401706794,30.7,mavic,DJI_0059.MP4,3390,data/raw/seadronessee/odv2/images/train/5132.jpg,test
train:25017,train:5132,train,25017,5132,5132.jpg,3840,2160,1,swimmer,1982.0,1265.0,69.0,86.0,5934.0,30.298522401706794,30.7,mavic,DJI_0059.MP4,3390,data/raw/seadronessee/odv2/images/train/5132.jpg,test
train:25018,train:5132,train,25018,5132,5132.jpg,3840,2160,2,boat,1382.0,855.0,182.0,109.0,19838.0,30.298522401706794,30.7,mavic,DJI_0059.MP4,3390,data/raw/seadronessee/odv2/images/train/5132.jpg,test
train:25019,train:5132,train,25019,5132,5132.jpg,3840,2160,2,boat,842.0,1819.0,355.0,264.0,93720.0,30.298522401706794,30.7,mavic,DJI_0059.MP4,3390,data/raw/seadronessee/odv2/images/train/5132.jpg,test
train:25020,train:5132,train,25020,5132,5132.jpg,3840,2160,2,boat,1657.0,638.0,180.0,65.0,11700.0,30.298522401706794,30.7,mavic,DJI_0059.MP4,3390,data/raw/seadronessee/odv2/images/train/5132.jpg,test
train:25021,train:5132,train,25021,5132,5132.jpg,3840,2160,1,swimmer,2152.0,1206.0,74.0,74.0,5476.0,30.298522401706794,30.7,mavic,DJI_0059.MP4,3390,data/raw/seadronessee/odv2/images/train/5132.jpg,test
train:25022,train:5132,train,25022,5132,5132.jpg,3840,2160,1,swimmer,1975.0,976.0,41.0,30.0,1230.0,30.298522401706794,30.7,mavic,DJI_0059.MP4,3390,data/raw/seadronessee/odv2/images/train/5132.jpg,test
train:25023,train:5132,train,25023,5132,5132.jpg,3840,2160,2,boat,1686.0,405.0,115.0,107.0,12305.0,30.298522401706794,30.7,mavic,DJI_0059.MP4,3390,data/raw/seadronessee/odv2/images/train/5132.jpg,test
train:25032,train:5134,train,25032,5134,5134.jpg,3840,2160,1,swimmer,1826.0,1265.0,46.0,56.0,2576.0,30.298522401706794,30.7,mavic,DJI_0059.MP4,3420,data/raw/seadronessee/odv2/images/train/5134.jpg,test
train:25033,train:5134,train,25033,5134,5134.jpg,3840,2160,1,swimmer,1984.0,1266.0,59.0,81.0,4779.0,30.298522401706794,30.7,mavic,DJI_0059.MP4,3420,data/raw/seadronessee/odv2/images/train/5134.jpg,test
train:25034,train:5134,train,25034,5134,5134.jpg,3840,2160,2,boat,1378.0,858.0,181.0,109.0,19729.0,30.298522401706794,30.7,mavic,DJI_0059.MP4,3420,data/raw/seadronessee/odv2/images/train/5134.jpg,test
train:25035,train:5134,train,25035,5134,5134.jpg,3840,2160,2,boat,836.0,1825.0,354.0,263.0,93102.0,30.298522401706794,30.7,mavic,DJI_0059.MP4,3420,data/raw/seadronessee/odv2/images/train/5134.jpg,test
train:25036,train:5134,train,25036,5134,5134.jpg,3840,2160,2,boat,1653.0,641.0,178.0,64.0,11392.0,30.298522401706794,30.7,mavic,DJI_0059.MP4,3420,data/raw/seadronessee/odv2/images/train/5134.jpg,test
train:25037,train:5134,train,25037,5134,5134.jpg,3840,2160,1,swimmer,2133.0,1205.0,94.0,73.0,6862.0,30.298522401706794,30.7,mavic,DJI_0059.MP4,3420,data/raw/seadronessee/odv2/images/train/5134.jpg,test
train:25038,train:5134,train,25038,5134,5134.jpg,3840,2160,1,swimmer,1973.0,974.0,47.0,44.0,2068.0,30.298522401706794,30.7,mavic,DJI_0059.MP4,3420,data/raw/seadronessee/odv2/images/train/5134.jpg,test
train:25039,train:5134,train,25039,5134,5134.jpg,3840,2160,2,boat,1679.0,406.0,117.0,109.0,12753.0,30.298522401706794,30.7,mavic,DJI_0059.MP4,3420,data/raw/seadronessee/odv2/images/train/5134.jpg,test
train:25048,train:5136,train,25048,5136,5136.jpg,3840,2160,1,swimmer,1816.0,1272.0,57.0,51.0,2907.0,30.298522401706794,30.7,mavic,DJI_0059.MP4,3450,data/raw/seadronessee/odv2/images/train/5136.jpg,test
train:25049,train:5136,train,25049,5136,5136.jpg,3840,2160,1,swimmer,1976.0,1266.0,51.0,68.0,3468.0,30.298522401706794,30.7,mavic,DJI_0059.MP4,3450,data/raw/seadronessee/odv2/images/train/5136.jpg,test
train:25050,train:5136,train,25050,5136,5136.jpg,3840,2160,2,boat,1375.0,855.0,179.0,112.0,20048.0,30.298522401706794,30.7,mavic,DJI_0059.MP4,3450,data/raw/seadronessee/odv2/images/train/5136.jpg,test
train:25051,train:5136,train,25051,5136,5136.jpg,3840,2160,2,boat,841.0,1830.0,345.0,278.0,95910.0,30.298522401706794,30.7,mavic,DJI_0059.MP4,3450,data/raw/seadronessee/odv2/images/train/5136.jpg,test
train:25052,train:5136,train,25052,5136,5136.jpg,3840,2160,2,boat,1649.0,643.0,179.0,65.0,11635.0,30.298522401706794,30.7,mavic,DJI_0059.MP4,3450,data/raw/seadronessee/odv2/images/train/5136.jpg,test
train:25053,train:5136,train,25053,5136,5136.jpg,3840,2160,1,swimmer,2120.0,1197.0,96.0,79.0,7584.0,30.298522401706794,30.7,mavic,DJI_0059.MP4,3450,data/raw/seadronessee/odv2/images/train/5136.jpg,test
train:25054,train:5136,train,25054,5136,5136.jpg,3840,2160,1,swimmer,1970.0,975.0,50.0,51.0,2550.0,30.298522401706794,30.7,mavic,DJI_0059.MP4,3450,data/raw/seadronessee/odv2/images/train/5136.jpg,test
train:25055,train:5136,train,25055,5136,5136.jpg,3840,2160,2,boat,1675.0,408.0,116.0,108.0,12528.0,30.298522401706794,30.7,mavic,DJI_0059.MP4,3450,data/raw/seadronessee/odv2/images/train/5136.jpg,test
train:25064,train:5138,train,25064,5138,5138.jpg,3840,2160,1,swimmer,1804.0,1275.0,82.0,53.0,4346.0,30.298522401706794,30.7,mavic,DJI_0059.MP4,3480,data/raw/seadronessee/odv2/images/train/5138.jpg,test
train:25065,train:5138,train,25065,5138,5138.jpg,3840,2160,1,swimmer,1970.0,1257.0,54.0,76.0,4104.0,30.298522401706794,30.7,mavic,DJI_0059.MP4,3480,data/raw/seadronessee/odv2/images/train/5138.jpg,test
train:25066,train:5138,train,25066,5138,5138.jpg,3840,2160,2,boat,1370.0,858.0,178.0,112.0,19936.0,30.298522401706794,30.7,mavic,DJI_0059.MP4,3480,data/raw/seadronessee/odv2/images/train/5138.jpg,test
train:25067,train:5138,train,25067,5138,5138.jpg,3840,2160,2,boat,830.0,1836.0,347.0,280.0,97160.0,30.298522401706794,30.7,mavic,DJI_0059.MP4,3480,data/raw/seadronessee/odv2/images/train/5138.jpg,test
train:25068,train:5138,train,25068,5138,5138.jpg,3840,2160,2,boat,1645.0,643.0,178.0,64.0,11392.0,30.298522401706794,30.7,mavic,DJI_0059.MP4,3480,data/raw/seadronessee/odv2/images/train/5138.jpg,test
train:25069,train:5138,train,25069,5138,5138.jpg,3840,2160,1,swimmer,2122.0,1193.0,79.0,83.0,6557.0,30.298522401706794,30.7,mavic,DJI_0059.MP4,3480,data/raw/seadronessee/odv2/images/train/5138.jpg,test
train:25070,train:5138,train,25070,5138,5138.jpg,3840,2160,1,swimmer,1975.0,975.0,52.0,63.0,3276.0,30.298522401706794,30.7,mavic,DJI_0059.MP4,3480,data/raw/seadronessee/odv2/images/train/5138.jpg,test
train:25071,train:5138,train,25071,5138,5138.jpg,3840,2160,2,boat,1669.0,407.0,117.0,109.0,12753.0,30.298522401706794,30.7,mavic,DJI_0059.MP4,3480,data/raw/seadronessee/odv2/images/train/5138.jpg,test
train:25080,train:5140,train,25080,5140,5140.jpg,3840,2160,1,swimmer,1654.0,1287.0,61.0,56.0,3416.0,30.298522401706794,30.7,mavic,DJI_0059.MP4,3510,data/raw/seadronessee/odv2/images/train/5140.jpg,test
train:25081,train:5140,train,25081,5140,5140.jpg,3840,2160,1,swimmer,1808.0,1248.0,70.0,87.0,6090.0,30.298522401706794,30.7,mavic,DJI_0059.MP4,3510,data/raw/seadronessee/odv2/images/train/5140.jpg,test
train:25082,train:5140,train,25082,5140,5140.jpg,3840,2160,2,boat,1201.0,873.0,181.0,113.0,20453.0,30.298522401706794,30.7,mavic,DJI_0059.MP4,3510,data/raw/seadronessee/odv2/images/train/5140.jpg,test
train:25083,train:5140,train,25083,5140,5140.jpg,3840,2160,2,boat,673.0,1887.0,357.0,273.0,97461.0,30.298522401706794,30.7,mavic,DJI_0059.MP4,3510,data/raw/seadronessee/odv2/images/train/5140.jpg,test
train:25084,train:5140,train,25084,5140,5140.jpg,3840,2160,2,boat,1476.0,653.0,179.0,65.0,11635.0,30.298522401706794,30.7,mavic,DJI_0059.MP4,3510,data/raw/seadronessee/odv2/images/train/5140.jpg,test
train:25085,train:5140,train,25085,5140,5140.jpg,3840,2160,1,swimmer,1972.0,1189.0,67.0,74.0,4958.0,30.298522401706794,30.7,mavic,DJI_0059.MP4,3510,data/raw/seadronessee/odv2/images/train/5140.jpg,test
train:25086,train:5140,train,25086,5140,5140.jpg,3840,2160,1,swimmer,1802.0,979.0,83.0,56.0,4648.0,30.298522401706794,30.7,mavic,DJI_0059.MP4,3510,data/raw/seadronessee/odv2/images/train/5140.jpg,test
train:25087,train:5140,train,25087,5140,5140.jpg,3840,2160,2,boat,1493.0,415.0,118.0,110.0,12980.0,30.298522401706794,30.7,mavic,DJI_0059.MP4,3510,data/raw/seadronessee/odv2/images/train/5140.jpg,test
train:25096,train:5142,train,25096,5142,5142.jpg,3840,2160,1,swimmer,1578.0,1291.0,54.0,50.0,2700.0,30.298522401706794,30.7,mavic,DJI_0059.MP4,3540,data/raw/seadronessee/odv2/images/train/5142.jpg,test
train:25097,train:5142,train,25097,5142,5142.jpg,3840,2160,1,swimmer,1731.0,1246.0,60.0,71.0,4260.0,30.298522401706794,30.7,mavic,DJI_0059.MP4,3540,data/raw/seadronessee/odv2/images/train/5142.jpg,test
train:25098,train:5142,train,25098,5142,5142.jpg,3840,2160,2,boat,1092.0,884.0,182.0,114.0,20748.0,30.298522401706794,30.7,mavic,DJI_0059.MP4,3540,data/raw/seadronessee/odv2/images/train/5142.jpg,test
train:25099,train:5142,train,25099,5142,5142.jpg,3840,2160,2,boat,609.0,1917.0,334.0,243.0,81162.0,30.298522401706794,30.7,mavic,DJI_0059.MP4,3540,data/raw/seadronessee/odv2/images/train/5142.jpg,test
train:25100,train:5142,train,25100,5142,5142.jpg,3840,2160,2,boat,1360.0,653.0,181.0,65.0,11765.0,30.298522401706794,30.7,mavic,DJI_0059.MP4,3540,data/raw/seadronessee/odv2/images/train/5142.jpg,test
train:25101,train:5142,train,25101,5142,5142.jpg,3840,2160,1,swimmer,1872.0,1183.0,69.0,73.0,5037.0,30.298522401706794,30.7,mavic,DJI_0059.MP4,3540,data/raw/seadronessee/odv2/images/train/5142.jpg,test
train:25102,train:5142,train,25102,5142,5142.jpg,3840,2160,1,swimmer,1716.0,967.0,56.0,69.0,3864.0,30.298522401706794,30.7,mavic,DJI_0059.MP4,3540,data/raw/seadronessee/odv2/images/train/5142.jpg,test
train:25103,train:5142,train,25103,5142,5142.jpg,3840,2160,2,boat,1369.0,415.0,119.0,104.0,12376.0,30.298522401706794,30.7,mavic,DJI_0059.MP4,3540,data/raw/seadronessee/odv2/images/train/5142.jpg,test
train:25112,train:5144,train,25112,5144,5144.jpg,3840,2160,1,swimmer,1731.0,1292.0,50.0,55.0,2750.0,30.298522401706794,30.7,mavic,DJI_0059.MP4,3570,data/raw/seadronessee/odv2/images/train/5144.jpg,test
train:25113,train:5144,train,25113,5144,5144.jpg,3840,2160,1,swimmer,1872.0,1238.0,56.0,69.0,3864.0,30.298522401706794,30.7,mavic,DJI_0059.MP4,3570,data/raw/seadronessee/odv2/images/train/5144.jpg,test
train:25114,train:5144,train,25114,5144,5144.jpg,3840,2160,2,boat,1194.0,877.0,190.0,119.0,22610.0,30.298522401706794,30.7,mavic,DJI_0059.MP4,3570,data/raw/seadronessee/odv2/images/train/5144.jpg,test
train:25115,train:5144,train,25115,5144,5144.jpg,3840,2160,2,boat,838.0,1936.0,327.0,224.0,73248.0,30.298522401706794,30.7,mavic,DJI_0059.MP4,3570,data/raw/seadronessee/odv2/images/train/5144.jpg,test
train:25116,train:5144,train,25116,5144,5144.jpg,3840,2160,2,boat,1438.0,648.0,184.0,67.0,12328.0,30.298522401706794,30.7,mavic,DJI_0059.MP4,3570,data/raw/seadronessee/odv2/images/train/5144.jpg,test
train:25117,train:5144,train,25117,5144,5144.jpg,3840,2160,1,swimmer,1987.0,1168.0,80.0,71.0,5680.0,30.298522401706794,30.7,mavic,DJI_0059.MP4,3570,data/raw/seadronessee/odv2/images/train/5144.jpg,test
train:25118,train:5144,train,25118,5144,5144.jpg,3840,2160,1,swimmer,1838.0,959.0,55.0,65.0,3575.0,30.298522401706794,30.7,mavic,DJI_0059.MP4,3570,data/raw/seadronessee/odv2/images/train/5144.jpg,test
train:25119,train:5144,train,25119,5144,5144.jpg,3840,2160,2,boat,1425.0,408.0,122.0,107.0,13054.0,30.298522401706794,30.7,mavic,DJI_0059.MP4,3570,data/raw/seadronessee/odv2/images/train/5144.jpg,test
train:36480,train:6551,train,36480,6551,6551.jpg,3840,2160,5,buoy,1492.0,904.0,50.0,72.0,3600.0,33.69835659859799,24.0,mavic,NorthSea_Fri_DJI_0114.MP4,4065,data/raw/seadronessee/odv2/images/train/6551.jpg,train
train:36481,train:6551,train,36481,6551,6551.jpg,3840,2160,2,boat,3290.0,748.0,192.0,79.0,15168.0,33.69835659859799,24.0,mavic,NorthSea_Fri_DJI_0114.MP4,4065,data/raw/seadronessee/odv2/images/train/6551.jpg,train
train:36482,train:6551,train,36482,6551,6551.jpg,3840,2160,3,jetski,483.0,1645.0,214.0,53.0,11342.0,33.69835659859799,24.0,mavic,NorthSea_Fri_DJI_0114.MP4,4065,data/raw/seadronessee/odv2/images/train/6551.jpg,train
train:36483,train:6551,train,36483,6551,6551.jpg,3840,2160,1,swimmer,2533.0,807.0,18.0,13.0,234.0,33.69835659859799,24.0,mavic,NorthSea_Fri_DJI_0114.MP4,4065,data/raw/seadronessee/odv2/images/train/6551.jpg,train
train:36484,train:6551,train,36484,6551,6551.jpg,3840,2160,1,swimmer,2601.0,830.0,41.0,22.0,902.0,33.69835659859799,24.0,mavic,NorthSea_Fri_DJI_0114.MP4,4065,data/raw/seadronessee/odv2/images/train/6551.jpg,train
train:36485,train:6551,train,36485,6551,6551.jpg,3840,2160,1,swimmer,2404.0,814.0,34.0,21.0,714.0,33.69835659859799,24.0,mavic,NorthSea_Fri_DJI_0114.MP4,4065,data/raw/seadronessee/odv2/images/train/6551.jpg,train
train:36486,train:6551,train,36486,6551,6551.jpg,3840,2160,1,swimmer,2429.0,897.0,25.0,20.0,500.0,33.69835659859799,24.0,mavic,NorthSea_Fri_DJI_0114.MP4,4065,data/raw/seadronessee/odv2/images/train/6551.jpg,train
train:36487,train:6551,train,36487,6551,6551.jpg,3840,2160,1,swimmer,2313.0,877.0,31.0,19.0,589.0,33.69835659859799,24.0,mavic,NorthSea_Fri_DJI_0114.MP4,4065,data/raw/seadronessee/odv2/images/train/6551.jpg,train
train:36488,train:6551,train,36488,6551,6551.jpg,3840,2160,1,swimmer,2339.0,890.0,45.0,22.0,990.0,33.69835659859799,24.0,mavic,NorthSea_Fri_DJI_0114.MP4,4065,data/raw/seadronessee/odv2/images/train/6551.jpg,train
train:36489,train:6551,train,36489,6551,6551.jpg,3840,2160,2,boat,2300.0,0.0,64.0,134.0,8576.0,33.69835659859799,24.0,mavic,NorthSea_Fri_DJI_0114.MP4,4065,data/raw/seadronessee/odv2/images/train/6551.jpg,train
train:36490,train:6551,train,36490,6551,6551.jpg,3840,2160,2,boat,1971.0,3.0,79.0,162.0,12798.0,33.69835659859799,24.0,mavic,NorthSea_Fri_DJI_0114.MP4,4065,data/raw/seadronessee/odv2/images/train/6551.jpg,train
train:36491,train:6551,train,36491,6551,6551.jpg,3840,2160,2,boat,2963.0,0.0,64.0,46.0,2944.0,33.69835659859799,24.0,mavic,NorthSea_Fri_DJI_0114.MP4,4065,data/raw/seadronessee/odv2/images/train/6551.jpg,train
train:36492,train:6551,train,36492,6551,6551.jpg,3840,2160,1,swimmer,2658.0,960.0,29.0,24.0,696.0,33.69835659859799,24.0,mavic,NorthSea_Fri_DJI_0114.MP4,4065,data/raw/seadronessee/odv2/images/train/6551.jpg,train
train:36493,train:6551,train,36493,6551,6551.jpg,3840,2160,1,swimmer,2550.0,956.0,34.0,22.0,748.0,33.69835659859799,24.0,mavic,NorthSea_Fri_DJI_0114.MP4,4065,data/raw/seadronessee/odv2/images/train/6551.jpg,train
train:36508,train:6553,train,36508,6553,6553.jpg,3840,2160,5,buoy,1485.0,851.0,49.0,71.0,3479.0,31.698454129838463,24.0,mavic,NorthSea_Fri_DJI_0114.MP4,4095,data/raw/seadronessee/odv2/images/train/6553.jpg,train
train:36509,train:6553,train,36509,6553,6553.jpg,3840,2160,2,boat,3332.0,685.0,176.0,82.0,14432.0,31.698454129838463,24.0,mavic,NorthSea_Fri_DJI_0114.MP4,4095,data/raw/seadronessee/odv2/images/train/6553.jpg,train
train:36510,train:6553,train,36510,6553,6553.jpg,3840,2160,3,jetski,0.0,1668.0,215.0,71.0,15265.0,31.698454129838463,24.0,mavic,NorthSea_Fri_DJI_0114.MP4,4095,data/raw/seadronessee/odv2/images/train/6553.jpg,train
train:36511,train:6553,train,36511,6553,6553.jpg,3840,2160,1,swimmer,2525.0,752.0,17.0,14.0,238.0,31.698454129838463,24.0,mavic,NorthSea_Fri_DJI_0114.MP4,4095,data/raw/seadronessee/odv2/images/train/6553.jpg,train
train:36512,train:6553,train,36512,6553,6553.jpg,3840,2160,1,swimmer,2604.0,764.0,44.0,23.0,1012.0,31.698454129838463,24.0,mavic,NorthSea_Fri_DJI_0114.MP4,4095,data/raw/seadronessee/odv2/images/train/6553.jpg,train
train:36513,train:6553,train,36513,6553,6553.jpg,3840,2160,1,swimmer,2399.0,752.0,36.0,20.0,720.0,31.698454129838463,24.0,mavic,NorthSea_Fri_DJI_0114.MP4,4095,data/raw/seadronessee/odv2/images/train/6553.jpg,train
train:36514,train:6553,train,36514,6553,6553.jpg,3840,2160,1,swimmer,2416.0,832.0,28.0,25.0,700.0,31.698454129838463,24.0,mavic,NorthSea_Fri_DJI_0114.MP4,4095,data/raw/seadronessee/odv2/images/train/6553.jpg,train
train:36515,train:6553,train,36515,6553,6553.jpg,3840,2160,1,swimmer,2320.0,809.0,26.0,22.0,572.0,31.698454129838463,24.0,mavic,NorthSea_Fri_DJI_0114.MP4,4095,data/raw/seadronessee/odv2/images/train/6553.jpg,train
train:36516,train:6553,train,36516,6553,6553.jpg,3840,2160,1,swimmer,2339.0,823.0,39.0,21.0,819.0,31.698454129838463,24.0,mavic,NorthSea_Fri_DJI_0114.MP4,4095,data/raw/seadronessee/odv2/images/train/6553.jpg,train
train:36517,train:6553,train,36517,6553,6553.jpg,3840,2160,2,boat,2274.0,0.0,62.0,112.0,6944.0,31.698454129838463,24.0,mavic,NorthSea_Fri_DJI_0114.MP4,4095,data/raw/seadronessee/odv2/images/train/6553.jpg,train
train:36518,train:6553,train,36518,6553,6553.jpg,3840,2160,2,boat,1944.0,0.0,74.0,142.0,10508.0,31.698454129838463,24.0,mavic,NorthSea_Fri_DJI_0114.MP4,4095,data/raw/seadronessee/odv2/images/train/6553.jpg,train
train:36519,train:6553,train,36519,6553,6553.jpg,3840,2160,1,swimmer,2644.0,909.0,22.0,21.0,462.0,31.698454129838463,24.0,mavic,NorthSea_Fri_DJI_0114.MP4,4095,data/raw/seadronessee/odv2/images/train/6553.jpg,train
train:36520,train:6553,train,36520,6553,6553.jpg,3840,2160,1,swimmer,2527.0,898.0,22.0,20.0,440.0,31.698454129838463,24.0,mavic,NorthSea_Fri_DJI_0114.MP4,4095,data/raw/seadronessee/odv2/images/train/6553.jpg,train
train:36531,train:6555,train,36531,6555,6555.jpg,3840,2160,5,buoy,1480.0,879.0,49.0,73.0,3577.0,31.79844925327644,26.9,mavic,NorthSea_Fri_DJI_0114.MP4,4125,data/raw/seadronessee/odv2/images/train/6555.jpg,train
train:36532,train:6555,train,36532,6555,6555.jpg,3840,2160,2,boat,3369.0,717.0,160.0,85.0,13600.0,31.79844925327644,26.9,mavic,NorthSea_Fri_DJI_0114.MP4,4125,data/raw/seadronessee/odv2/images/train/6555.jpg,train
train:36533,train:6555,train,36533,6555,6555.jpg,3840,2160,1,swimmer,2604.0,798.0,39.0,24.0,936.0,31.79844925327644,26.9,mavic,NorthSea_Fri_DJI_0114.MP4,4125,data/raw/seadronessee/odv2/images/train/6555.jpg,train
train:36534,train:6555,train,36534,6555,6555.jpg,3840,2160,1,swimmer,2350.0,859.0,43.0,21.0,903.0,31.79844925327644,26.9,mavic,NorthSea_Fri_DJI_0114.MP4,4125,data/raw/seadronessee/odv2/images/train/6555.jpg,train
train:36535,train:6555,train,36535,6555,6555.jpg,3840,2160,1,swimmer,2525.0,778.0,26.0,18.0,468.0,31.79844925327644,26.9,mavic,NorthSea_Fri_DJI_0114.MP4,4125,data/raw/seadronessee/odv2/images/train/6555.jpg,train
train:36536,train:6555,train,36536,6555,6555.jpg,3840,2160,1,swimmer,2422.0,780.0,25.0,21.0,525.0,31.79844925327644,26.9,mavic,NorthSea_Fri_DJI_0114.MP4,4125,data/raw/seadronessee/odv2/images/train/6555.jpg,train
train:36537,train:6555,train,36537,6555,6555.jpg,3840,2160,1,swimmer,2333.0,846.0,28.0,22.0,616.0,31.79844925327644,26.9,mavic,NorthSea_Fri_DJI_0114.MP4,4125,data/raw/seadronessee/odv2/images/train/6555.jpg,train
train:36538,train:6555,train,36538,6555,6555.jpg,3840,2160,1,swimmer,2422.0,865.0,25.0,23.0,575.0,31.79844925327644,26.9,mavic,NorthSea_Fri_DJI_0114.MP4,4125,data/raw/seadronessee/odv2/images/train/6555.jpg,train
train:36539,train:6555,train,36539,6555,6555.jpg,3840,2160,1,swimmer,2639.0,943.0,24.0,16.0,384.0,31.79844925327644,26.9,mavic,NorthSea_Fri_DJI_0114.MP4,4125,data/raw/seadronessee/odv2/images/train/6555.jpg,train
train:36540,train:6555,train,36540,6555,6555.jpg,3840,2160,1,swimmer,2519.0,922.0,23.0,18.0,414.0,31.79844925327644,26.9,mavic,NorthSea_Fri_DJI_0114.MP4,4125,data/raw/seadronessee/odv2/images/train/6555.jpg,train
train:36541,train:6555,train,36541,6555,6555.jpg,3840,2160,2,boat,1911.0,0.0,93.0,150.0,13950.0,31.79844925327644,26.9,mavic,NorthSea_Fri_DJI_0114.MP4,4125,data/raw/seadronessee/odv2/images/train/6555.jpg,train
train:36542,train:6555,train,36542,6555,6555.jpg,3840,2160,2,boat,2242.0,1.0,80.0,113.0,9040.0,31.79844925327644,26.9,mavic,NorthSea_Fri_DJI_0114.MP4,4125,data/raw/seadronessee/odv2/images/train/6555.jpg,train
train:36557,train:6557,train,36557,6557,6557.jpg,3840,2160,5,buoy,1473.0,977.0,50.0,73.0,3650.0,31.898444376714412,22.0,mavic,NorthSea_Fri_DJI_0114.MP4,4155,data/raw/seadronessee/odv2/images/train/6557.jpg,train
train:36558,train:6557,train,36558,6557,6557.jpg,3840,2160,2,boat,3401.0,815.0,141.0,84.0,11844.0,31.898444376714412,22.0,mavic,NorthSea_Fri_DJI_0114.MP4,4155,data/raw/seadronessee/odv2/images/train/6557.jpg,train
train:36559,train:6557,train,36559,6557,6557.jpg,3840,2160,1,swimmer,2606.0,891.0,40.0,21.0,840.0,31.898444376714412,22.0,mavic,NorthSea_Fri_DJI_0114.MP4,4155,data/raw/seadronessee/odv2/images/train/6557.jpg,train
train:36560,train:6557,train,36560,6557,6557.jpg,3840,2160,1,swimmer,2353.0,961.0,47.0,19.0,893.0,31.898444376714412,22.0,mavic,NorthSea_Fri_DJI_0114.MP4,4155,data/raw/seadronessee/odv2/images/train/6557.jpg,train
train:36561,train:6557,train,36561,6557,6557.jpg,3840,2160,1,swimmer,2533.0,875.0,14.0,18.0,252.0,31.898444376714412,22.0,mavic,NorthSea_Fri_DJI_0114.MP4,4155,data/raw/seadronessee/odv2/images/train/6557.jpg,train
train:36562,train:6557,train,36562,6557,6557.jpg,3840,2160,1,swimmer,2424.0,882.0,24.0,19.0,456.0,31.898444376714412,22.0,mavic,NorthSea_Fri_DJI_0114.MP4,4155,data/raw/seadronessee/odv2/images/train/6557.jpg,train
train:36563,train:6557,train,36563,6557,6557.jpg,3840,2160,1,swimmer,2333.0,949.0,24.0,17.0,408.0,31.898444376714412,22.0,mavic,NorthSea_Fri_DJI_0114.MP4,4155,data/raw/seadronessee/odv2/images/train/6557.jpg,train
train:36564,train:6557,train,36564,6557,6557.jpg,3840,2160,1,swimmer,2421.0,966.0,25.0,25.0,625.0,31.898444376714412,22.0,mavic,NorthSea_Fri_DJI_0114.MP4,4155,data/raw/seadronessee/odv2/images/train/6557.jpg,train
train:36565,train:6557,train,36565,6557,6557.jpg,3840,2160,1,swimmer,2636.0,1037.0,20.0,14.0,280.0,31.898444376714412,22.0,mavic,NorthSea_Fri_DJI_0114.MP4,4155,data/raw/seadronessee/odv2/images/train/6557.jpg,train
train:36566,train:6557,train,36566,6557,6557.jpg,3840,2160,1,swimmer,2509.0,1016.0,26.0,18.0,468.0,31.898444376714412,22.0,mavic,NorthSea_Fri_DJI_0114.MP4,4155,data/raw/seadronessee/odv2/images/train/6557.jpg,train
train:36567,train:6557,train,36567,6557,6557.jpg,3840,2160,2,boat,1882.0,99.0,97.0,165.0,16005.0,31.898444376714412,22.0,mavic,NorthSea_Fri_DJI_0114.MP4,4155,data/raw/seadronessee/odv2/images/train/6557.jpg,train
train:36568,train:6557,train,36568,6557,6557.jpg,3840,2160,2,boat,2207.0,79.0,85.0,148.0,12580.0,31.898444376714412,22.0,mavic,NorthSea_Fri_DJI_0114.MP4,4155,data/raw/seadronessee/odv2/images/train/6557.jpg,train
train:36569,train:6557,train,36569,6557,6557.jpg,3840,2160,2,boat,2900.0,7.0,73.0,140.0,10220.0,31.898444376714412,22.0,mavic,NorthSea_Fri_DJI_0114.MP4,4155,data/raw/seadronessee/odv2/images/train/6557.jpg,train
train:36583,train:6559,train,36583,6559,6559.jpg,3840,2160,5,buoy,1305.0,988.0,52.0,74.0,3848.0,31.79844925327644,22.0,mavic,NorthSea_Fri_DJI_0114.MP4,4185,data/raw/seadronessee/odv2/images/train/6559.jpg,train
train:36584,train:6559,train,36584,6559,6559.jpg,3840,2160,2,boat,3262.0,795.0,125.0,83.0,10375.0,31.79844925327644,22.0,mavic,NorthSea_Fri_DJI_0114.MP4,4185,data/raw/seadronessee/odv2/images/train/6559.jpg,train
train:36585,train:6559,train,36585,6559,6559.jpg,3840,2160,1,swimmer,2454.0,884.0,45.0,21.0,945.0,31.79844925327644,22.0,mavic,NorthSea_Fri_DJI_0114.MP4,4185,data/raw/seadronessee/odv2/images/train/6559.jpg,train
train:36586,train:6559,train,36586,6559,6559.jpg,3840,2160,1,swimmer,2375.0,878.0,19.0,14.0,266.0,31.79844925327644,22.0,mavic,NorthSea_Fri_DJI_0114.MP4,4185,data/raw/seadronessee/odv2/images/train/6559.jpg,train
train:36587,train:6559,train,36587,6559,6559.jpg,3840,2160,1,swimmer,2263.0,886.0,23.0,15.0,345.0,31.79844925327644,22.0,mavic,NorthSea_Fri_DJI_0114.MP4,4185,data/raw/seadronessee/odv2/images/train/6559.jpg,train
train:36588,train:6559,train,36588,6559,6559.jpg,3840,2160,1,swimmer,2269.0,968.0,24.0,26.0,624.0,31.79844925327644,22.0,mavic,NorthSea_Fri_DJI_0114.MP4,4185,data/raw/seadronessee/odv2/images/train/6559.jpg,train
train:36589,train:6559,train,36589,6559,6559.jpg,3840,2160,1,swimmer,2487.0,1027.0,20.0,20.0,400.0,31.79844925327644,22.0,mavic,NorthSea_Fri_DJI_0114.MP4,4185,data/raw/seadronessee/odv2/images/train/6559.jpg,train
train:36590,train:6559,train,36590,6559,6559.jpg,3840,2160,1,swimmer,2350.0,1010.0,25.0,18.0,450.0,31.79844925327644,22.0,mavic,NorthSea_Fri_DJI_0114.MP4,4185,data/raw/seadronessee/odv2/images/train/6559.jpg,train
train:36591,train:6559,train,36591,6559,6559.jpg,3840,2160,2,boat,1690.0,102.0,99.0,167.0,16533.0,31.79844925327644,22.0,mavic,NorthSea_Fri_DJI_0114.MP4,4185,data/raw/seadronessee/odv2/images/train/6559.jpg,train
train:36592,train:6559,train,36592,6559,6559.jpg,3840,2160,2,boat,2015.0,77.0,84.0,148.0,12432.0,31.79844925327644,22.0,mavic,NorthSea_Fri_DJI_0114.MP4,4185,data/raw/seadronessee/odv2/images/train/6559.jpg,train
train:36593,train:6559,train,36593,6559,6559.jpg,3840,2160,1,swimmer,2186.0,950.0,21.0,20.0,420.0,31.79844925327644,22.0,mavic,NorthSea_Fri_DJI_0114.MP4,4185,data/raw/seadronessee/odv2/images/train/6559.jpg,train
train:36594,train:6559,train,36594,6559,6559.jpg,3840,2160,2,boat,2712.0,1.0,65.0,139.0,9035.0,31.79844925327644,22.0,mavic,NorthSea_Fri_DJI_0114.MP4,4185,data/raw/seadronessee/odv2/images/train/6559.jpg,train
train:36595,train:6559,train,36595,6559,6559.jpg,3840,2160,1,swimmer,2217.0,960.0,29.0,18.0,522.0,31.79844925327644,22.0,mavic,NorthSea_Fri_DJI_0114.MP4,4185,data/raw/seadronessee/odv2/images/train/6559.jpg,train
train:36609,train:6561,train,36609,6561,6561.jpg,3840,2160,5,buoy,1234.0,1010.0,51.0,76.0,3876.0,31.79844925327644,22.0,mavic,NorthSea_Fri_DJI_0114.MP4,4215,data/raw/seadronessee/odv2/images/train/6561.jpg,train
train:36610,train:6561,train,36610,6561,6561.jpg,3840,2160,2,boat,3240.0,793.0,107.0,80.0,8560.0,31.79844925327644,22.0,mavic,NorthSea_Fri_DJI_0114.MP4,4215,data/raw/seadronessee/odv2/images/train/6561.jpg,train
train:36611,train:6561,train,36611,6561,6561.jpg,3840,2160,1,swimmer,2402.0,897.0,45.0,23.0,1035.0,31.79844925327644,22.0,mavic,NorthSea_Fri_DJI_0114.MP4,4215,data/raw/seadronessee/odv2/images/train/6561.jpg,train
train:36612,train:6561,train,36612,6561,6561.jpg,3840,2160,1,swimmer,2312.0,893.0,17.0,12.0,204.0,31.79844925327644,22.0,mavic,NorthSea_Fri_DJI_0114.MP4,4215,data/raw/seadronessee/odv2/images/train/6561.jpg,train
train:36613,train:6561,train,36613,6561,6561.jpg,3840,2160,1,swimmer,2181.0,891.0,39.0,19.0,741.0,31.79844925327644,22.0,mavic,NorthSea_Fri_DJI_0114.MP4,4215,data/raw/seadronessee/odv2/images/train/6561.jpg,train
train:36614,train:6561,train,36614,6561,6561.jpg,3840,2160,1,swimmer,2204.0,982.0,26.0,28.0,728.0,31.79844925327644,22.0,mavic,NorthSea_Fri_DJI_0114.MP4,4215,data/raw/seadronessee/odv2/images/train/6561.jpg,train
train:36615,train:6561,train,36615,6561,6561.jpg,3840,2160,1,swimmer,2433.0,1042.0,21.0,20.0,420.0,31.79844925327644,22.0,mavic,NorthSea_Fri_DJI_0114.MP4,4215,data/raw/seadronessee/odv2/images/train/6561.jpg,train
train:36616,train:6561,train,36616,6561,6561.jpg,3840,2160,1,swimmer,2288.0,1025.0,25.0,17.0,425.0,31.79844925327644,22.0,mavic,NorthSea_Fri_DJI_0114.MP4,4215,data/raw/seadronessee/odv2/images/train/6561.jpg,train
train:36617,train:6561,train,36617,6561,6561.jpg,3840,2160,2,boat,1596.0,108.0,101.0,169.0,17069.0,31.79844925327644,22.0,mavic,NorthSea_Fri_DJI_0114.MP4,4215,data/raw/seadronessee/odv2/images/train/6561.jpg,train
train:36618,train:6561,train,36618,6561,6561.jpg,3840,2160,2,boat,1931.0,81.0,83.0,145.0,12035.0,31.79844925327644,22.0,mavic,NorthSea_Fri_DJI_0114.MP4,4215,data/raw/seadronessee/odv2/images/train/6561.jpg,train
train:36619,train:6561,train,36619,6561,6561.jpg,3840,2160,1,swimmer,2119.0,962.0,24.0,21.0,504.0,31.79844925327644,22.0,mavic,NorthSea_Fri_DJI_0114.MP4,4215,data/raw/seadronessee/odv2/images/train/6561.jpg,train
train:36620,train:6561,train,36620,6561,6561.jpg,3840,2160,2,boat,2631.0,2.0,70.0,137.0,9590.0,31.79844925327644,22.0,mavic,NorthSea_Fri_DJI_0114.MP4,4215,data/raw/seadronessee/odv2/images/train/6561.jpg,train
train:36621,train:6561,train,36621,6561,6561.jpg,3840,2160,1,swimmer,2157.0,973.0,27.0,19.0,513.0,31.79844925327644,22.0,mavic,NorthSea_Fri_DJI_0114.MP4,4215,data/raw/seadronessee/odv2/images/train/6561.jpg,train
train:36635,train:6563,train,36635,6563,6563.jpg,3840,2160,5,buoy,1182.0,1069.0,54.0,80.0,4320.0,31.598459006400486,22.0,mavic,NorthSea_Fri_DJI_0114.MP4,4245,data/raw/seadronessee/odv2/images/train/6563.jpg,train
train:36636,train:6563,train,36636,6563,6563.jpg,3840,2160,2,boat,3254.0,802.0,95.0,90.0,8550.0,31.598459006400486,22.0,mavic,NorthSea_Fri_DJI_0114.MP4,4245,data/raw/seadronessee/odv2/images/train/6563.jpg,train
train:36637,train:6563,train,36637,6563,6563.jpg,3840,2160,1,swimmer,2362.0,929.0,54.0,24.0,1296.0,31.598459006400486,22.0,mavic,NorthSea_Fri_DJI_0114.MP4,4245,data/raw/seadronessee/odv2/images/train/6563.jpg,train
train:36638,train:6563,train,36638,6563,6563.jpg,3840,2160,1,swimmer,2277.0,919.0,20.0,14.0,280.0,31.598459006400486,22.0,mavic,NorthSea_Fri_DJI_0114.MP4,4245,data/raw/seadronessee/odv2/images/train/6563.jpg,train
train:36639,train:6563,train,36639,6563,6563.jpg,3840,2160,1,swimmer,2149.0,914.0,42.0,22.0,924.0,31.598459006400486,22.0,mavic,NorthSea_Fri_DJI_0114.MP4,4245,data/raw/seadronessee/odv2/images/train/6563.jpg,train
train:36640,train:6563,train,36640,6563,6563.jpg,3840,2160,1,swimmer,2167.0,1020.0,29.0,27.0,783.0,31.598459006400486,22.0,mavic,NorthSea_Fri_DJI_0114.MP4,4245,data/raw/seadronessee/odv2/images/train/6563.jpg,train
train:36641,train:6563,train,36641,6563,6563.jpg,3840,2160,1,swimmer,2405.0,1092.0,22.0,21.0,462.0,31.598459006400486,22.0,mavic,NorthSea_Fri_DJI_0114.MP4,4245,data/raw/seadronessee/odv2/images/train/6563.jpg,train
train:36642,train:6563,train,36642,6563,6563.jpg,3840,2160,1,swimmer,2251.0,1065.0,33.0,22.0,726.0,31.598459006400486,22.0,mavic,NorthSea_Fri_DJI_0114.MP4,4245,data/raw/seadronessee/odv2/images/train/6563.jpg,train
train:36643,train:6563,train,36643,6563,6563.jpg,3840,2160,2,boat,1531.0,112.0,100.0,170.0,17000.0,31.598459006400486,22.0,mavic,NorthSea_Fri_DJI_0114.MP4,4245,data/raw/seadronessee/odv2/images/train/6563.jpg,train
train:36644,train:6563,train,36644,6563,6563.jpg,3840,2160,2,boat,1870.0,87.0,82.0,149.0,12218.0,31.598459006400486,22.0,mavic,NorthSea_Fri_DJI_0114.MP4,4245,data/raw/seadronessee/odv2/images/train/6563.jpg,train
train:36645,train:6563,train,36645,6563,6563.jpg,3840,2160,1,swimmer,2090.0,983.0,23.0,22.0,506.0,31.598459006400486,22.0,mavic,NorthSea_Fri_DJI_0114.MP4,4245,data/raw/seadronessee/odv2/images/train/6563.jpg,train
train:36646,train:6563,train,36646,6563,6563.jpg,3840,2160,2,boat,2582.0,5.0,68.0,135.0,9180.0,31.598459006400486,22.0,mavic,NorthSea_Fri_DJI_0114.MP4,4245,data/raw/seadronessee/odv2/images/train/6563.jpg,train
train:36647,train:6563,train,36647,6563,6563.jpg,3840,2160,1,swimmer,2113.0,1000.0,31.0,22.0,682.0,31.598459006400486,22.0,mavic,NorthSea_Fri_DJI_0114.MP4,4245,data/raw/seadronessee/odv2/images/train/6563.jpg,train
train:36661,train:6565,train,36661,6565,6565.jpg,3840,2160,5,buoy,1123.0,1144.0,56.0,82.0,4592.0,31.598459006400486,22.0,mavic,NorthSea_Fri_DJI_0114.MP4,4275,data/raw/seadronessee/odv2/images/train/6565.jpg,train
train:36662,train:6565,train,36662,6565,6565.jpg,3840,2160,2,boat,3262.0,825.0,123.0,100.0,12300.0,31.598459006400486,22.0,mavic,NorthSea_Fri_DJI_0114.MP4,4275,data/raw/seadronessee/odv2/images/train/6565.jpg,train
train:36663,train:6565,train,36663,6565,6565.jpg,3840,2160,1,swimmer,2364.0,967.0,48.0,27.0,1296.0,31.598459006400486,22.0,mavic,NorthSea_Fri_DJI_0114.MP4,4275,data/raw/seadronessee/odv2/images/train/6565.jpg,train
train:36664,train:6565,train,36664,6565,6565.jpg,3840,2160,1,swimmer,2269.0,962.0,19.0,14.0,266.0,31.598459006400486,22.0,mavic,NorthSea_Fri_DJI_0114.MP4,4275,data/raw/seadronessee/odv2/images/train/6565.jpg,train
train:36665,train:6565,train,36665,6565,6565.jpg,3840,2160,1,swimmer,2148.0,968.0,38.0,22.0,836.0,31.598459006400486,22.0,mavic,NorthSea_Fri_DJI_0114.MP4,4275,data/raw/seadronessee/odv2/images/train/6565.jpg,train
train:36666,train:6565,train,36666,6565,6565.jpg,3840,2160,1,swimmer,2143.0,1072.0,29.0,32.0,928.0,31.598459006400486,22.0,mavic,NorthSea_Fri_DJI_0114.MP4,4275,data/raw/seadronessee/odv2/images/train/6565.jpg,train
train:36667,train:6565,train,36667,6565,6565.jpg,3840,2160,1,swimmer,2377.0,1163.0,22.0,19.0,418.0,31.598459006400486,22.0,mavic,NorthSea_Fri_DJI_0114.MP4,4275,data/raw/seadronessee/odv2/images/train/6565.jpg,train
train:36668,train:6565,train,36668,6565,6565.jpg,3840,2160,1,swimmer,2213.0,1126.0,26.0,18.0,468.0,31.598459006400486,22.0,mavic,NorthSea_Fri_DJI_0114.MP4,4275,data/raw/seadronessee/odv2/images/train/6565.jpg,train
train:36669,train:6565,train,36669,6565,6565.jpg,3840,2160,2,boat,1468.0,135.0,101.0,170.0,17170.0,31.598459006400486,22.0,mavic,NorthSea_Fri_DJI_0114.MP4,4275,data/raw/seadronessee/odv2/images/train/6565.jpg,train
train:36670,train:6565,train,36670,6565,6565.jpg,3840,2160,2,boat,1819.0,102.0,84.0,151.0,12684.0,31.598459006400486,22.0,mavic,NorthSea_Fri_DJI_0114.MP4,4275,data/raw/seadronessee/odv2/images/train/6565.jpg,train
train:36671,train:6565,train,36671,6565,6565.jpg,3840,2160,1,swimmer,2075.0,1046.0,25.0,21.0,525.0,31.598459006400486,22.0,mavic,NorthSea_Fri_DJI_0114.MP4,4275,data/raw/seadronessee/odv2/images/train/6565.jpg,train
train:36672,train:6565,train,36672,6565,6565.jpg,3840,2160,2,boat,2536.0,13.0,72.0,142.0,10224.0,31.598459006400486,22.0,mavic,NorthSea_Fri_DJI_0114.MP4,4275,data/raw/seadronessee/odv2/images/train/6565.jpg,train
train:36673,train:6565,train,36673,6565,6565.jpg,3840,2160,1,swimmer,2113.0,1055.0,21.0,19.0,399.0,31.598459006400486,22.0,mavic,NorthSea_Fri_DJI_0114.MP4,4275,data/raw/seadronessee/odv2/images/train/6565.jpg,train
train:36687,train:6567,train,36687,6567,6567.jpg,3840,2160,5,buoy,1108.0,1157.0,58.0,85.0,4930.0,31.698454129838463,22.0,mavic,NorthSea_Fri_DJI_0114.MP4,4305,data/raw/seadronessee/odv2/images/train/6567.jpg,train
train:36688,train:6567,train,36688,6567,6567.jpg,3840,2160,2,boat,3277.0,837.0,126.0,85.0,10710.0,31.698454129838463,22.0,mavic,NorthSea_Fri_DJI_0114.MP4,4305,data/raw/seadronessee/odv2/images/train/6567.jpg,train
train:36689,train:6567,train,36689,6567,6567.jpg,3840,2160,1,swimmer,2387.0,980.0,36.0,23.0,828.0,31.698454129838463,22.0,mavic,NorthSea_Fri_DJI_0114.MP4,4305,data/raw/seadronessee/odv2/images/train/6567.jpg,train
train:36690,train:6567,train,36690,6567,6567.jpg,3840,2160,1,swimmer,2283.0,988.0,18.0,13.0,234.0,31.698454129838463,22.0,mavic,NorthSea_Fri_DJI_0114.MP4,4305,data/raw/seadronessee/odv2/images/train/6567.jpg,train
train:36691,train:6567,train,36691,6567,6567.jpg,3840,2160,1,swimmer,2149.0,997.0,45.0,23.0,1035.0,31.698454129838463,22.0,mavic,NorthSea_Fri_DJI_0114.MP4,4305,data/raw/seadronessee/odv2/images/train/6567.jpg,train
train:36692,train:6567,train,36692,6567,6567.jpg,3840,2160,1,swimmer,2154.0,1101.0,30.0,27.0,810.0,31.698454129838463,22.0,mavic,NorthSea_Fri_DJI_0114.MP4,4305,data/raw/seadronessee/odv2/images/train/6567.jpg,train
train:36693,train:6567,train,36693,6567,6567.jpg,3840,2160,1,swimmer,2363.0,1180.0,43.0,26.0,1118.0,31.698454129838463,22.0,mavic,NorthSea_Fri_DJI_0114.MP4,4305,data/raw/seadronessee/odv2/images/train/6567.jpg,train
train:36694,train:6567,train,36694,6567,6567.jpg,3840,2160,1,swimmer,2209.0,1145.0,20.0,15.0,300.0,31.698454129838463,22.0,mavic,NorthSea_Fri_DJI_0114.MP4,4305,data/raw/seadronessee/odv2/images/train/6567.jpg,train
train:36695,train:6567,train,36695,6567,6567.jpg,3840,2160,2,boat,1446.0,137.0,104.0,173.0,17992.0,31.698454129838463,22.0,mavic,NorthSea_Fri_DJI_0114.MP4,4305,data/raw/seadronessee/odv2/images/train/6567.jpg,train
train:36696,train:6567,train,36696,6567,6567.jpg,3840,2160,2,boat,1806.0,116.0,82.0,145.0,11890.0,31.698454129838463,22.0,mavic,NorthSea_Fri_DJI_0114.MP4,4305,data/raw/seadronessee/odv2/images/train/6567.jpg,train
train:36697,train:6567,train,36697,6567,6567.jpg,3840,2160,1,swimmer,2087.0,1069.0,25.0,22.0,550.0,31.698454129838463,22.0,mavic,NorthSea_Fri_DJI_0114.MP4,4305,data/raw/seadronessee/odv2/images/train/6567.jpg,train
train:36698,train:6567,train,36698,6567,6567.jpg,3840,2160,2,boat,2526.0,21.0,74.0,140.0,10360.0,31.698454129838463,22.0,mavic,NorthSea_Fri_DJI_0114.MP4,4305,data/raw/seadronessee/odv2/images/train/6567.jpg,train
train:36699,train:6567,train,36699,6567,6567.jpg,3840,2160,1,swimmer,2096.0,1077.0,50.0,28.0,1400.0,31.698454129838463,22.0,mavic,NorthSea_Fri_DJI_0114.MP4,4305,data/raw/seadronessee/odv2/images/train/6567.jpg,train
train:36713,train:6569,train,36713,6569,6569.jpg,3840,2160,5,buoy,961.0,1169.0,58.0,86.0,4988.0,31.898444376714412,22.0,mavic,NorthSea_Fri_DJI_0114.MP4,4335,data/raw/seadronessee/odv2/images/train/6569.jpg,train
train:36714,train:6569,train,36714,6569,6569.jpg,3840,2160,2,boat,3116.0,827.0,145.0,81.0,11745.0,31.898444376714412,22.0,mavic,NorthSea_Fri_DJI_0114.MP4,4335,data/raw/seadronessee/odv2/images/train/6569.jpg,train
train:36715,train:6569,train,36715,6569,6569.jpg,3840,2160,1,swimmer,2263.0,987.0,38.0,21.0,798.0,31.898444376714412,22.0,mavic,NorthSea_Fri_DJI_0114.MP4,4335,data/raw/seadronessee/odv2/images/train/6569.jpg,train
train:36716,train:6569,train,36716,6569,6569.jpg,3840,2160,1,swimmer,2148.0,996.0,21.0,14.0,294.0,31.898444376714412,22.0,mavic,NorthSea_Fri_DJI_0114.MP4,4335,data/raw/seadronessee/odv2/images/train/6569.jpg,train
train:36717,train:6569,train,36717,6569,6569.jpg,3840,2160,1,swimmer,2010.0,999.0,46.0,24.0,1104.0,31.898444376714412,22.0,mavic,NorthSea_Fri_DJI_0114.MP4,4335,data/raw/seadronessee/odv2/images/train/6569.jpg,train
train:36718,train:6569,train,36718,6569,6569.jpg,3840,2160,1,swimmer,2027.0,1109.0,33.0,31.0,1023.0,31.898444376714412,22.0,mavic,NorthSea_Fri_DJI_0114.MP4,4335,data/raw/seadronessee/odv2/images/train/6569.jpg,train
train:36719,train:6569,train,36719,6569,6569.jpg,3840,2160,1,swimmer,2224.0,1172.0,36.0,21.0,756.0,31.898444376714412,22.0,mavic,NorthSea_Fri_DJI_0114.MP4,4335,data/raw/seadronessee/odv2/images/train/6569.jpg,train
train:36720,train:6569,train,36720,6569,6569.jpg,3840,2160,1,swimmer,2080.0,1151.0,19.0,21.0,399.0,31.898444376714412,22.0,mavic,NorthSea_Fri_DJI_0114.MP4,4335,data/raw/seadronessee/odv2/images/train/6569.jpg,train
train:36721,train:6569,train,36721,6569,6569.jpg,3840,2160,2,boat,1281.0,149.0,101.0,168.0,16968.0,31.898444376714412,22.0,mavic,NorthSea_Fri_DJI_0114.MP4,4335,data/raw/seadronessee/odv2/images/train/6569.jpg,train
train:36722,train:6569,train,36722,6569,6569.jpg,3840,2160,2,boat,1642.0,122.0,83.0,149.0,12367.0,31.898444376714412,22.0,mavic,NorthSea_Fri_DJI_0114.MP4,4335,data/raw/seadronessee/odv2/images/train/6569.jpg,train
train:36723,train:6569,train,36723,6569,6569.jpg,3840,2160,1,swimmer,1964.0,1078.0,25.0,22.0,550.0,31.898444376714412,22.0,mavic,NorthSea_Fri_DJI_0114.MP4,4335,data/raw/seadronessee/odv2/images/train/6569.jpg,train
train:36724,train:6569,train,36724,6569,6569.jpg,3840,2160,2,boat,2359.0,28.0,84.0,136.0,11424.0,31.898444376714412,22.0,mavic,NorthSea_Fri_DJI_0114.MP4,4335,data/raw/seadronessee/odv2/images/train/6569.jpg,train
train:36725,train:6569,train,36725,6569,6569.jpg,3840,2160,1,swimmer,1968.0,1094.0,52.0,21.0,1092.0,31.898444376714412,22.0,mavic,NorthSea_Fri_DJI_0114.MP4,4335,data/raw/seadronessee/odv2/images/train/6569.jpg,train
train:36739,train:6571,train,36739,6571,6571.jpg,3840,2160,5,buoy,941.0,1170.0,59.0,87.0,5133.0,31.99843950015239,22.0,mavic,NorthSea_Fri_DJI_0114.MP4,4365,data/raw/seadronessee/odv2/images/train/6571.jpg,train
train:36740,train:6571,train,36740,6571,6571.jpg,3840,2160,2,boat,3104.0,817.0,149.0,79.0,11771.0,31.99843950015239,22.0,mavic,NorthSea_Fri_DJI_0114.MP4,4365,data/raw/seadronessee/odv2/images/train/6571.jpg,train
train:36741,train:6571,train,36741,6571,6571.jpg,3840,2160,1,swimmer,2258.0,975.0,42.0,31.0,1302.0,31.99843950015239,22.0,mavic,NorthSea_Fri_DJI_0114.MP4,4365,data/raw/seadronessee/odv2/images/train/6571.jpg,train
train:36742,train:6571,train,36742,6571,6571.jpg,3840,2160,1,swimmer,2138.0,985.0,23.0,15.0,345.0,31.99843950015239,22.0,mavic,NorthSea_Fri_DJI_0114.MP4,4365,data/raw/seadronessee/odv2/images/train/6571.jpg,train
train:36743,train:6571,train,36743,6571,6571.jpg,3840,2160,1,swimmer,2009.0,990.0,45.0,25.0,1125.0,31.99843950015239,22.0,mavic,NorthSea_Fri_DJI_0114.MP4,4365,data/raw/seadronessee/odv2/images/train/6571.jpg,train
train:36744,train:6571,train,36744,6571,6571.jpg,3840,2160,1,swimmer,2016.0,1116.0,35.0,30.0,1050.0,31.99843950015239,22.0,mavic,NorthSea_Fri_DJI_0114.MP4,4365,data/raw/seadronessee/odv2/images/train/6571.jpg,train
train:36745,train:6571,train,36745,6571,6571.jpg,3840,2160,1,swimmer,2220.0,1178.0,32.0,20.0,640.0,31.99843950015239,22.0,mavic,NorthSea_Fri_DJI_0114.MP4,4365,data/raw/seadronessee/odv2/images/train/6571.jpg,train
train:36746,train:6571,train,36746,6571,6571.jpg,3840,2160,1,swimmer,2069.0,1162.0,17.0,20.0,340.0,31.99843950015239,22.0,mavic,NorthSea_Fri_DJI_0114.MP4,4365,data/raw/seadronessee/odv2/images/train/6571.jpg,train
train:36747,train:6571,train,36747,6571,6571.jpg,3840,2160,2,boat,1245.0,144.0,110.0,178.0,19580.0,31.99843950015239,22.0,mavic,NorthSea_Fri_DJI_0114.MP4,4365,data/raw/seadronessee/odv2/images/train/6571.jpg,train
train:36748,train:6571,train,36748,6571,6571.jpg,3840,2160,2,boat,1616.0,122.0,87.0,154.0,13398.0,31.99843950015239,22.0,mavic,NorthSea_Fri_DJI_0114.MP4,4365,data/raw/seadronessee/odv2/images/train/6571.jpg,train
train:36749,train:6571,train,36749,6571,6571.jpg,3840,2160,2,boat,2338.0,31.0,82.0,138.0,11316.0,31.99843950015239,22.0,mavic,NorthSea_Fri_DJI_0114.MP4,4365,data/raw/seadronessee/odv2/images/train/6571.jpg,train
train:36750,train:6571,train,36750,6571,6571.jpg,3840,2160,1,swimmer,1959.0,1073.0,23.0,21.0,483.0,31.99843950015239,22.0,mavic,NorthSea_Fri_DJI_0114.MP4,4365,data/raw/seadronessee/odv2/images/train/6571.jpg,train
train:36751,train:6571,train,36751,6571,6571.jpg,3840,2160,1,swimmer,1961.0,1091.0,54.0,22.0,1188.0,31.99843950015239,22.0,mavic,NorthSea_Fri_DJI_0114.MP4,4365,data/raw/seadronessee/odv2/images/train/6571.jpg,train
train:36765,train:6573,train,36765,6573,6573.jpg,3840,2160,5,buoy,940.0,1175.0,59.0,87.0,5133.0,31.898444376714412,22.0,mavic,NorthSea_Fri_DJI_0114.MP4,4395,data/raw/seadronessee/odv2/images/train/6573.jpg,train
train:36766,train:6573,train,36766,6573,6573.jpg,3840,2160,2,boat,3092.0,805.0,153.0,81.0,12393.0,31.898444376714412,22.0,mavic,NorthSea_Fri_DJI_0114.MP4,4395,data/raw/seadronessee/odv2/images/train/6573.jpg,train
train:36767,train:6573,train,36767,6573,6573.jpg,3840,2160,1,swimmer,2256.0,967.0,35.0,25.0,875.0,31.898444376714412,22.0,mavic,NorthSea_Fri_DJI_0114.MP4,4395,data/raw/seadronessee/odv2/images/train/6573.jpg,train
train:36768,train:6573,train,36768,6573,6573.jpg,3840,2160,1,swimmer,2141.0,975.0,16.0,13.0,208.0,31.898444376714412,22.0,mavic,NorthSea_Fri_DJI_0114.MP4,4395,data/raw/seadronessee/odv2/images/train/6573.jpg,train
train:36769,train:6573,train,36769,6573,6573.jpg,3840,2160,1,swimmer,2008.0,982.0,49.0,26.0,1274.0,31.898444376714412,22.0,mavic,NorthSea_Fri_DJI_0114.MP4,4395,data/raw/seadronessee/odv2/images/train/6573.jpg,train
train:36770,train:6573,train,36770,6573,6573.jpg,3840,2160,1,swimmer,2012.0,1110.0,36.0,29.0,1044.0,31.898444376714412,22.0,mavic,NorthSea_Fri_DJI_0114.MP4,4395,data/raw/seadronessee/odv2/images/train/6573.jpg,train
train:36771,train:6573,train,36771,6573,6573.jpg,3840,2160,1,swimmer,2207.0,1179.0,38.0,24.0,912.0,31.898444376714412,22.0,mavic,NorthSea_Fri_DJI_0114.MP4,4395,data/raw/seadronessee/odv2/images/train/6573.jpg,train
train:36772,train:6573,train,36772,6573,6573.jpg,3840,2160,1,swimmer,2053.0,1161.0,18.0,18.0,324.0,31.898444376714412,22.0,mavic,NorthSea_Fri_DJI_0114.MP4,4395,data/raw/seadronessee/odv2/images/train/6573.jpg,train
train:36773,train:6573,train,36773,6573,6573.jpg,3840,2160,2,boat,1220.0,150.0,106.0,175.0,18550.0,31.898444376714412,22.0,mavic,NorthSea_Fri_DJI_0114.MP4,4395,data/raw/seadronessee/odv2/images/train/6573.jpg,train
train:36774,train:6573,train,36774,6573,6573.jpg,3840,2160,2,boat,1596.0,126.0,86.0,153.0,13158.0,31.898444376714412,22.0,mavic,NorthSea_Fri_DJI_0114.MP4,4395,data/raw/seadronessee/odv2/images/train/6573.jpg,train
train:36775,train:6573,train,36775,6573,6573.jpg,3840,2160,2,boat,2324.0,34.0,75.0,141.0,10575.0,31.898444376714412,22.0,mavic,NorthSea_Fri_DJI_0114.MP4,4395,data/raw/seadronessee/odv2/images/train/6573.jpg,train
train:36776,train:6573,train,36776,6573,6573.jpg,3840,2160,1,swimmer,1967.0,1064.0,23.0,22.0,506.0,31.898444376714412,22.0,mavic,NorthSea_Fri_DJI_0114.MP4,4395,data/raw/seadronessee/odv2/images/train/6573.jpg,train
train:36777,train:6573,train,36777,6573,6573.jpg,3840,2160,1,swimmer,1964.0,1082.0,51.0,23.0,1173.0,31.898444376714412,22.0,mavic,NorthSea_Fri_DJI_0114.MP4,4395,data/raw/seadronessee/odv2/images/train/6573.jpg,train
train:36791,train:6575,train,36791,6575,6575.jpg,3840,2160,5,buoy,947.0,1169.0,58.0,86.0,4988.0,31.898444376714412,22.0,mavic,NorthSea_Fri_DJI_0114.MP4,4425,data/raw/seadronessee/odv2/images/train/6575.jpg,train
train:36792,train:6575,train,36792,6575,6575.jpg,3840,2160,2,boat,3067.0,792.0,160.0,81.0,12960.0,31.898444376714412,22.0,mavic,NorthSea_Fri_DJI_0114.MP4,4425,data/raw/seadronessee/odv2/images/train/6575.jpg,train
train:36793,train:6575,train,36793,6575,6575.jpg,3840,2160,1,swimmer,2266.0,955.0,46.0,27.0,1242.0,31.898444376714412,22.0,mavic,NorthSea_Fri_DJI_0114.MP4,4425,data/raw/seadronessee/odv2/images/train/6575.jpg,train
train:36794,train:6575,train,36794,6575,6575.jpg,3840,2160,1,swimmer,2140.0,973.0,23.0,16.0,368.0,31.898444376714412,22.0,mavic,NorthSea_Fri_DJI_0114.MP4,4425,data/raw/seadronessee/odv2/images/train/6575.jpg,train
train:36795,train:6575,train,36795,6575,6575.jpg,3840,2160,1,swimmer,2014.0,982.0,49.0,26.0,1274.0,31.898444376714412,22.0,mavic,NorthSea_Fri_DJI_0114.MP4,4425,data/raw/seadronessee/odv2/images/train/6575.jpg,train
train:36796,train:6575,train,36796,6575,6575.jpg,3840,2160,1,swimmer,2012.0,1101.0,36.0,33.0,1188.0,31.898444376714412,22.0,mavic,NorthSea_Fri_DJI_0114.MP4,4425,data/raw/seadronessee/odv2/images/train/6575.jpg,train
train:36797,train:6575,train,36797,6575,6575.jpg,3840,2160,1,swimmer,2180.0,1168.0,44.0,28.0,1232.0,31.898444376714412,22.0,mavic,NorthSea_Fri_DJI_0114.MP4,4425,data/raw/seadronessee/odv2/images/train/6575.jpg,train
train:36798,train:6575,train,36798,6575,6575.jpg,3840,2160,1,swimmer,2048.0,1149.0,18.0,19.0,342.0,31.898444376714412,22.0,mavic,NorthSea_Fri_DJI_0114.MP4,4425,data/raw/seadronessee/odv2/images/train/6575.jpg,train
train:36799,train:6575,train,36799,6575,6575.jpg,3840,2160,2,boat,1195.0,150.0,108.0,179.0,19332.0,31.898444376714412,22.0,mavic,NorthSea_Fri_DJI_0114.MP4,4425,data/raw/seadronessee/odv2/images/train/6575.jpg,train
train:36800,train:6575,train,36800,6575,6575.jpg,3840,2160,2,boat,1576.0,128.0,87.0,153.0,13311.0,31.898444376714412,22.0,mavic,NorthSea_Fri_DJI_0114.MP4,4425,data/raw/seadronessee/odv2/images/train/6575.jpg,train
train:36801,train:6575,train,36801,6575,6575.jpg,3840,2160,2,boat,2319.0,30.0,75.0,141.0,10575.0,31.898444376714412,22.0,mavic,NorthSea_Fri_DJI_0114.MP4,4425,data/raw/seadronessee/odv2/images/train/6575.jpg,train
train:36802,train:6575,train,36802,6575,6575.jpg,3840,2160,1,swimmer,1972.0,1058.0,23.0,21.0,483.0,31.898444376714412,22.0,mavic,NorthSea_Fri_DJI_0114.MP4,4425,data/raw/seadronessee/odv2/images/train/6575.jpg,train
train:36803,train:6575,train,36803,6575,6575.jpg,3840,2160,1,swimmer,1969.0,1077.0,49.0,23.0,1127.0,31.898444376714412,22.0,mavic,NorthSea_Fri_DJI_0114.MP4,4425,data/raw/seadronessee/odv2/images/train/6575.jpg,train
train:36817,train:6577,train,36817,6577,6577.jpg,3840,2160,5,buoy,956.0,1161.0,58.0,88.0,5104.0,31.79844925327644,22.0,mavic,NorthSea_Fri_DJI_0114.MP4,4455,data/raw/seadronessee/odv2/images/train/6577.jpg,train
train:36818,train:6577,train,36818,6577,6577.jpg,3840,2160,2,boat,3051.0,781.0,157.0,80.0,12560.0,31.79844925327644,22.0,mavic,NorthSea_Fri_DJI_0114.MP4,4455,data/raw/seadronessee/odv2/images/train/6577.jpg,train
train:36819,train:6577,train,36819,6577,6577.jpg,3840,2160,1,swimmer,2275.0,974.0,36.0,20.0,720.0,31.79844925327644,22.0,mavic,NorthSea_Fri_DJI_0114.MP4,4455,data/raw/seadronessee/odv2/images/train/6577.jpg,train
train:36820,train:6577,train,36820,6577,6577.jpg,3840,2160,1,swimmer,2142.0,984.0,20.0,15.0,300.0,31.79844925327644,22.0,mavic,NorthSea_Fri_DJI_0114.MP4,4455,data/raw/seadronessee/odv2/images/train/6577.jpg,train
train:36821,train:6577,train,36821,6577,6577.jpg,3840,2160,1,swimmer,2004.0,995.0,52.0,22.0,1144.0,31.79844925327644,22.0,mavic,NorthSea_Fri_DJI_0114.MP4,4455,data/raw/seadronessee/odv2/images/train/6577.jpg,train
train:36822,train:6577,train,36822,6577,6577.jpg,3840,2160,1,swimmer,2011.0,1103.0,36.0,26.0,936.0,31.79844925327644,22.0,mavic,NorthSea_Fri_DJI_0114.MP4,4455,data/raw/seadronessee/odv2/images/train/6577.jpg,train
train:36823,train:6577,train,36823,6577,6577.jpg,3840,2160,1,swimmer,2171.0,1153.0,37.0,31.0,1147.0,31.79844925327644,22.0,mavic,NorthSea_Fri_DJI_0114.MP4,4455,data/raw/seadronessee/odv2/images/train/6577.jpg,train
train:36824,train:6577,train,36824,6577,6577.jpg,3840,2160,1,swimmer,2036.0,1149.0,24.0,19.0,456.0,31.79844925327644,22.0,mavic,NorthSea_Fri_DJI_0114.MP4,4455,data/raw/seadronessee/odv2/images/train/6577.jpg,train
train:36825,train:6577,train,36825,6577,6577.jpg,3840,2160,2,boat,1166.0,156.0,111.0,179.0,19869.0,31.79844925327644,22.0,mavic,NorthSea_Fri_DJI_0114.MP4,4455,data/raw/seadronessee/odv2/images/train/6577.jpg,train
train:36826,train:6577,train,36826,6577,6577.jpg,3840,2160,2,boat,1553.0,131.0,90.0,155.0,13950.0,31.79844925327644,22.0,mavic,NorthSea_Fri_DJI_0114.MP4,4455,data/raw/seadronessee/odv2/images/train/6577.jpg,train
train:36827,train:6577,train,36827,6577,6577.jpg,3840,2160,2,boat,2304.0,36.0,78.0,142.0,11076.0,31.79844925327644,22.0,mavic,NorthSea_Fri_DJI_0114.MP4,4455,data/raw/seadronessee/odv2/images/train/6577.jpg,train
train:36828,train:6577,train,36828,6577,6577.jpg,3840,2160,1,swimmer,1968.0,1057.0,26.0,20.0,520.0,31.79844925327644,22.0,mavic,NorthSea_Fri_DJI_0114.MP4,4455,data/raw/seadronessee/odv2/images/train/6577.jpg,train
train:36829,train:6577,train,36829,6577,6577.jpg,3840,2160,1,swimmer,1959.0,1076.0,57.0,21.0,1197.0,31.79844925327644,22.0,mavic,NorthSea_Fri_DJI_0114.MP4,4455,data/raw/seadronessee/odv2/images/train/6577.jpg,train
train:36843,train:6579,train,36843,6579,6579.jpg,3840,2160,5,buoy,961.0,1165.0,59.0,88.0,5192.0,31.79844925327644,22.0,mavic,NorthSea_Fri_DJI_0114.MP4,4485,data/raw/seadronessee/odv2/images/train/6579.jpg,train
train:36844,train:6579,train,36844,6579,6579.jpg,3840,2160,2,boat,3025.0,766.0,167.0,81.0,13527.0,31.79844925327644,22.0,mavic,NorthSea_Fri_DJI_0114.MP4,4485,data/raw/seadronessee/odv2/images/train/6579.jpg,train
train:36845,train:6579,train,36845,6579,6579.jpg,3840,2160,1,swimmer,2270.0,968.0,48.0,28.0,1344.0,31.79844925327644,22.0,mavic,NorthSea_Fri_DJI_0114.MP4,4485,data/raw/seadronessee/odv2/images/train/6579.jpg,train
train:36846,train:6579,train,36846,6579,6579.jpg,3840,2160,1,swimmer,2137.0,986.0,24.0,15.0,360.0,31.79844925327644,22.0,mavic,NorthSea_Fri_DJI_0114.MP4,4485,data/raw/seadronessee/odv2/images/train/6579.jpg,train
train:36847,train:6579,train,36847,6579,6579.jpg,3840,2160,1,swimmer,2001.0,992.0,51.0,21.0,1071.0,31.79844925327644,22.0,mavic,NorthSea_Fri_DJI_0114.MP4,4485,data/raw/seadronessee/odv2/images/train/6579.jpg,train
train:36848,train:6579,train,36848,6579,6579.jpg,3840,2160,1,swimmer,2001.0,1106.0,40.0,29.0,1160.0,31.79844925327644,22.0,mavic,NorthSea_Fri_DJI_0114.MP4,4485,data/raw/seadronessee/odv2/images/train/6579.jpg,train
train:36849,train:6579,train,36849,6579,6579.jpg,3840,2160,1,swimmer,2161.0,1155.0,31.0,28.0,868.0,31.79844925327644,22.0,mavic,NorthSea_Fri_DJI_0114.MP4,4485,data/raw/seadronessee/odv2/images/train/6579.jpg,train
train:36850,train:6579,train,36850,6579,6579.jpg,3840,2160,1,swimmer,2027.0,1149.0,28.0,20.0,560.0,31.79844925327644,22.0,mavic,NorthSea_Fri_DJI_0114.MP4,4485,data/raw/seadronessee/odv2/images/train/6579.jpg,train
train:36851,train:6579,train,36851,6579,6579.jpg,3840,2160,2,boat,1140.0,159.0,110.0,180.0,19800.0,31.79844925327644,22.0,mavic,NorthSea_Fri_DJI_0114.MP4,4485,data/raw/seadronessee/odv2/images/train/6579.jpg,train
train:36852,train:6579,train,36852,6579,6579.jpg,3840,2160,2,boat,1528.0,127.0,92.0,159.0,14628.0,31.79844925327644,22.0,mavic,NorthSea_Fri_DJI_0114.MP4,4485,data/raw/seadronessee/odv2/images/train/6579.jpg,train
train:36853,train:6579,train,36853,6579,6579.jpg,3840,2160,2,boat,2289.0,32.0,77.0,147.0,11319.0,31.79844925327644,22.0,mavic,NorthSea_Fri_DJI_0114.MP4,4485,data/raw/seadronessee/odv2/images/train/6579.jpg,train
train:36854,train:6579,train,36854,6579,6579.jpg,3840,2160,1,swimmer,1970.0,1057.0,25.0,19.0,475.0,31.79844925327644,22.0,mavic,NorthSea_Fri_DJI_0114.MP4,4485,data/raw/seadronessee/odv2/images/train/6579.jpg,train
train:36855,train:6579,train,36855,6579,6579.jpg,3840,2160,1,swimmer,1957.0,1077.0,55.0,21.0,1155.0,31.79844925327644,22.0,mavic,NorthSea_Fri_DJI_0114.MP4,4485,data/raw/seadronessee/odv2/images/train/6579.jpg,train
train:36869,train:6581,train,36869,6581,6581.jpg,3840,2160,5,buoy,963.0,1170.0,58.0,85.0,4930.0,31.79844925327644,22.0,mavic,NorthSea_Fri_DJI_0114.MP4,4515,data/raw/seadronessee/odv2/images/train/6581.jpg,train
train:36870,train:6581,train,36870,6581,6581.jpg,3840,2160,2,boat,3002.0,759.0,178.0,79.0,14062.0,31.79844925327644,22.0,mavic,NorthSea_Fri_DJI_0114.MP4,4515,data/raw/seadronessee/odv2/images/train/6581.jpg,train
train:36871,train:6581,train,36871,6581,6581.jpg,3840,2160,1,swimmer,2282.0,959.0,46.0,27.0,1242.0,31.79844925327644,22.0,mavic,NorthSea_Fri_DJI_0114.MP4,4515,data/raw/seadronessee/odv2/images/train/6581.jpg,train
train:36872,train:6581,train,36872,6581,6581.jpg,3840,2160,1,swimmer,2151.0,976.0,19.0,13.0,247.0,31.79844925327644,22.0,mavic,NorthSea_Fri_DJI_0114.MP4,4515,data/raw/seadronessee/odv2/images/train/6581.jpg,train
train:36873,train:6581,train,36873,6581,6581.jpg,3840,2160,1,swimmer,2010.0,992.0,53.0,21.0,1113.0,31.79844925327644,22.0,mavic,NorthSea_Fri_DJI_0114.MP4,4515,data/raw/seadronessee/odv2/images/train/6581.jpg,train
train:36874,train:6581,train,36874,6581,6581.jpg,3840,2160,1,swimmer,2000.0,1115.0,42.0,30.0,1260.0,31.79844925327644,22.0,mavic,NorthSea_Fri_DJI_0114.MP4,4515,data/raw/seadronessee/odv2/images/train/6581.jpg,train
train:36875,train:6581,train,36875,6581,6581.jpg,3840,2160,1,swimmer,2151.0,1162.0,29.0,26.0,754.0,31.79844925327644,22.0,mavic,NorthSea_Fri_DJI_0114.MP4,4515,data/raw/seadronessee/odv2/images/train/6581.jpg,train
train:36876,train:6581,train,36876,6581,6581.jpg,3840,2160,1,swimmer,2017.0,1158.0,27.0,19.0,513.0,31.79844925327644,22.0,mavic,NorthSea_Fri_DJI_0114.MP4,4515,data/raw/seadronessee/odv2/images/train/6581.jpg,train
train:36877,train:6581,train,36877,6581,6581.jpg,3840,2160,2,boat,1115.0,160.0,111.0,181.0,20091.0,31.79844925327644,22.0,mavic,NorthSea_Fri_DJI_0114.MP4,4515,data/raw/seadronessee/odv2/images/train/6581.jpg,train
train:36878,train:6581,train,36878,6581,6581.jpg,3840,2160,2,boat,1503.0,130.0,93.0,160.0,14880.0,31.79844925327644,22.0,mavic,NorthSea_Fri_DJI_0114.MP4,4515,data/raw/seadronessee/odv2/images/train/6581.jpg,train
train:36879,train:6581,train,36879,6581,6581.jpg,3840,2160,2,boat,2279.0,36.0,77.0,146.0,11242.0,31.79844925327644,22.0,mavic,NorthSea_Fri_DJI_0114.MP4,4515,data/raw/seadronessee/odv2/images/train/6581.jpg,train
train:36880,train:6581,train,36880,6581,6581.jpg,3840,2160,1,swimmer,1956.0,1061.0,46.0,23.0,1058.0,31.79844925327644,22.0,mavic,NorthSea_Fri_DJI_0114.MP4,4515,data/raw/seadronessee/odv2/images/train/6581.jpg,train
train:36881,train:6581,train,36881,6581,6581.jpg,3840,2160,1,swimmer,1962.0,1087.0,56.0,20.0,1120.0,31.79844925327644,22.0,mavic,NorthSea_Fri_DJI_0114.MP4,4515,data/raw/seadronessee/odv2/images/train/6581.jpg,train
train:36895,train:6583,train,36895,6583,6583.jpg,3840,2160,5,buoy,948.0,1144.0,59.0,86.0,5074.0,31.79844925327644,22.0,mavic,NorthSea_Fri_DJI_0114.MP4,4545,data/raw/seadronessee/odv2/images/train/6583.jpg,train
train:36896,train:6583,train,36896,6583,6583.jpg,3840,2160,2,boat,2981.0,721.0,181.0,81.0,14661.0,31.79844925327644,22.0,mavic,NorthSea_Fri_DJI_0114.MP4,4545,data/raw/seadronessee/odv2/images/train/6583.jpg,train
train:36897,train:6583,train,36897,6583,6583.jpg,3840,2160,1,swimmer,2279.0,929.0,40.0,25.0,1000.0,31.79844925327644,22.0,mavic,NorthSea_Fri_DJI_0114.MP4,4545,data/raw/seadronessee/odv2/images/train/6583.jpg,train
train:36898,train:6583,train,36898,6583,6583.jpg,3840,2160,1,swimmer,2157.0,937.0,17.0,19.0,323.0,31.79844925327644,22.0,mavic,NorthSea_Fri_DJI_0114.MP4,4545,data/raw/seadronessee/odv2/images/train/6583.jpg,train
train:36899,train:6583,train,36899,6583,6583.jpg,3840,2160,1,swimmer,2014.0,960.0,53.0,21.0,1113.0,31.79844925327644,22.0,mavic,NorthSea_Fri_DJI_0114.MP4,4545,data/raw/seadronessee/odv2/images/train/6583.jpg,train
train:36900,train:6583,train,36900,6583,6583.jpg,3840,2160,1,swimmer,2137.0,1134.0,20.0,20.0,400.0,31.79844925327644,22.0,mavic,NorthSea_Fri_DJI_0114.MP4,4545,data/raw/seadronessee/odv2/images/train/6583.jpg,train
train:36901,train:6583,train,36901,6583,6583.jpg,3840,2160,1,swimmer,2017.0,1138.0,22.0,19.0,418.0,31.79844925327644,22.0,mavic,NorthSea_Fri_DJI_0114.MP4,4545,data/raw/seadronessee/odv2/images/train/6583.jpg,train
train:36902,train:6583,train,36902,6583,6583.jpg,3840,2160,2,boat,1080.0,127.0,112.0,184.0,20608.0,31.79844925327644,22.0,mavic,NorthSea_Fri_DJI_0114.MP4,4545,data/raw/seadronessee/odv2/images/train/6583.jpg,train
train:36903,train:6583,train,36903,6583,6583.jpg,3840,2160,2,boat,1474.0,93.0,94.0,169.0,15886.0,31.79844925327644,22.0,mavic,NorthSea_Fri_DJI_0114.MP4,4545,data/raw/seadronessee/odv2/images/train/6583.jpg,train
train:36904,train:6583,train,36904,6583,6583.jpg,3840,2160,2,boat,2269.0,5.0,80.0,143.0,11440.0,31.79844925327644,22.0,mavic,NorthSea_Fri_DJI_0114.MP4,4545,data/raw/seadronessee/odv2/images/train/6583.jpg,train
train:36905,train:6583,train,36905,6583,6583.jpg,3840,2160,1,swimmer,1959.0,1032.0,42.0,23.0,966.0,31.79844925327644,22.0,mavic,NorthSea_Fri_DJI_0114.MP4,4545,data/raw/seadronessee/odv2/images/train/6583.jpg,train
train:36906,train:6583,train,36906,6583,6583.jpg,3840,2160,1,swimmer,1959.0,1055.0,59.0,20.0,1180.0,31.79844925327644,22.0,mavic,NorthSea_Fri_DJI_0114.MP4,4545,data/raw/seadronessee/odv2/images/train/6583.jpg,train
train:36907,train:6583,train,36907,6583,6583.jpg,3840,2160,1,swimmer,2001.0,1094.0,46.0,25.0,1150.0,31.79844925327644,22.0,mavic,NorthSea_Fri_DJI_0114.MP4,4545,data/raw/seadronessee/odv2/images/train/6583.jpg,train
train:36918,train:6585,train,36918,6585,6585.jpg,3840,2160,5,buoy,898.0,752.0,62.0,91.0,5642.0,31.79844925327644,31.2,mavic,NorthSea_Fri_DJI_0114.MP4,4575,data/raw/seadronessee/odv2/images/train/6585.jpg,train
train:36919,train:6585,train,36919,6585,6585.jpg,3840,2160,2,boat,2994.0,255.0,202.0,92.0,18584.0,31.79844925327644,31.2,mavic,NorthSea_Fri_DJI_0114.MP4,4575,data/raw/seadronessee/odv2/images/train/6585.jpg,train
train:36920,train:6585,train,36920,6585,6585.jpg,3840,2160,1,swimmer,2297.0,488.0,46.0,27.0,1242.0,31.79844925327644,31.2,mavic,NorthSea_Fri_DJI_0114.MP4,4575,data/raw/seadronessee/odv2/images/train/6585.jpg,train
train:36921,train:6585,train,36921,6585,6585.jpg,3840,2160,1,swimmer,2172.0,504.0,20.0,21.0,420.0,31.79844925327644,31.2,mavic,NorthSea_Fri_DJI_0114.MP4,4575,data/raw/seadronessee/odv2/images/train/6585.jpg,train
train:36922,train:6585,train,36922,6585,6585.jpg,3840,2160,1,swimmer,2035.0,527.0,35.0,24.0,840.0,31.79844925327644,31.2,mavic,NorthSea_Fri_DJI_0114.MP4,4575,data/raw/seadronessee/odv2/images/train/6585.jpg,train
train:36923,train:6585,train,36923,6585,6585.jpg,3840,2160,1,swimmer,1965.0,612.0,50.0,24.0,1200.0,31.79844925327644,31.2,mavic,NorthSea_Fri_DJI_0114.MP4,4575,data/raw/seadronessee/odv2/images/train/6585.jpg,train
train:36924,train:6585,train,36924,6585,6585.jpg,3840,2160,1,swimmer,1972.0,640.0,51.0,25.0,1275.0,31.79844925327644,31.2,mavic,NorthSea_Fri_DJI_0114.MP4,4575,data/raw/seadronessee/odv2/images/train/6585.jpg,train
train:36925,train:6585,train,36925,6585,6585.jpg,3840,2160,1,swimmer,2002.0,676.0,49.0,31.0,1519.0,31.79844925327644,31.2,mavic,NorthSea_Fri_DJI_0114.MP4,4575,data/raw/seadronessee/odv2/images/train/6585.jpg,train
train:36926,train:6585,train,36926,6585,6585.jpg,3840,2160,1,swimmer,2011.0,735.0,27.0,20.0,540.0,31.79844925327644,31.2,mavic,NorthSea_Fri_DJI_0114.MP4,4575,data/raw/seadronessee/odv2/images/train/6585.jpg,train
train:36927,train:6585,train,36927,6585,6585.jpg,3840,2160,1,swimmer,2130.0,728.0,26.0,25.0,650.0,31.79844925327644,31.2,mavic,NorthSea_Fri_DJI_0114.MP4,4575,data/raw/seadronessee/odv2/images/train/6585.jpg,train
train:36938,train:6587,train,36938,6587,6587.jpg,3840,2160,5,buoy,857.0,865.0,61.0,96.0,5856.0,31.79844925327644,30.5,mavic,NorthSea_Fri_DJI_0114.MP4,4605,data/raw/seadronessee/odv2/images/train/6587.jpg,train
train:36939,train:6587,train,36939,6587,6587.jpg,3840,2160,2,boat,2948.0,367.0,209.0,92.0,19228.0,31.79844925327644,30.5,mavic,NorthSea_Fri_DJI_0114.MP4,4605,data/raw/seadronessee/odv2/images/train/6587.jpg,train
train:36940,train:6587,train,36940,6587,6587.jpg,3840,2160,1,swimmer,2302.0,607.0,43.0,29.0,1247.0,31.79844925327644,30.5,mavic,NorthSea_Fri_DJI_0114.MP4,4605,data/raw/seadronessee/odv2/images/train/6587.jpg,train
train:36941,train:6587,train,36941,6587,6587.jpg,3840,2160,1,swimmer,2166.0,627.0,20.0,21.0,420.0,31.79844925327644,30.5,mavic,NorthSea_Fri_DJI_0114.MP4,4605,data/raw/seadronessee/odv2/images/train/6587.jpg,train
train:36942,train:6587,train,36942,6587,6587.jpg,3840,2160,1,swimmer,2041.0,649.0,22.0,21.0,462.0,31.79844925327644,30.5,mavic,NorthSea_Fri_DJI_0114.MP4,4605,data/raw/seadronessee/odv2/images/train/6587.jpg,train
train:36943,train:6587,train,36943,6587,6587.jpg,3840,2160,1,swimmer,1951.0,726.0,60.0,34.0,2040.0,31.79844925327644,30.5,mavic,NorthSea_Fri_DJI_0114.MP4,4605,data/raw/seadronessee/odv2/images/train/6587.jpg,train
train:36944,train:6587,train,36944,6587,6587.jpg,3840,2160,1,swimmer,1967.0,760.0,54.0,25.0,1350.0,31.79844925327644,30.5,mavic,NorthSea_Fri_DJI_0114.MP4,4605,data/raw/seadronessee/odv2/images/train/6587.jpg,train
train:36945,train:6587,train,36945,6587,6587.jpg,3840,2160,1,swimmer,1993.0,816.0,62.0,17.0,1054.0,31.79844925327644,30.5,mavic,NorthSea_Fri_DJI_0114.MP4,4605,data/raw/seadronessee/odv2/images/train/6587.jpg,train
train:36946,train:6587,train,36946,6587,6587.jpg,3840,2160,1,swimmer,2109.0,851.0,24.0,26.0,624.0,31.79844925327644,30.5,mavic,NorthSea_Fri_DJI_0114.MP4,4605,data/raw/seadronessee/odv2/images/train/6587.jpg,train
train:36947,train:6587,train,36947,6587,6587.jpg,3840,2160,1,swimmer,1999.0,861.0,27.0,22.0,594.0,31.79844925327644,30.5,mavic,NorthSea_Fri_DJI_0114.MP4,4605,data/raw/seadronessee/odv2/images/train/6587.jpg,train
train:36958,train:6589,train,36958,6589,6589.jpg,3840,2160,5,buoy,833.0,886.0,65.0,94.0,6110.0,31.898444376714412,29.4,mavic,NorthSea_Fri_DJI_0114.MP4,4635,data/raw/seadronessee/odv2/images/train/6589.jpg,train
train:36959,train:6589,train,36959,6589,6589.jpg,3840,2160,2,boat,2906.0,361.0,210.0,93.0,19530.0,31.898444376714412,29.4,mavic,NorthSea_Fri_DJI_0114.MP4,4635,data/raw/seadronessee/odv2/images/train/6589.jpg,train
train:36960,train:6589,train,36960,6589,6589.jpg,3840,2160,1,swimmer,2296.0,624.0,43.0,28.0,1204.0,31.898444376714412,29.4,mavic,NorthSea_Fri_DJI_0114.MP4,4635,data/raw/seadronessee/odv2/images/train/6589.jpg,train
train:36961,train:6589,train,36961,6589,6589.jpg,3840,2160,1,swimmer,2158.0,641.0,24.0,20.0,480.0,31.898444376714412,29.4,mavic,NorthSea_Fri_DJI_0114.MP4,4635,data/raw/seadronessee/odv2/images/train/6589.jpg,train
train:36962,train:6589,train,36962,6589,6589.jpg,3840,2160,1,swimmer,2027.0,665.0,18.0,22.0,396.0,31.898444376714412,29.4,mavic,NorthSea_Fri_DJI_0114.MP4,4635,data/raw/seadronessee/odv2/images/train/6589.jpg,train
train:36963,train:6589,train,36963,6589,6589.jpg,3840,2160,1,swimmer,1948.0,747.0,54.0,28.0,1512.0,31.898444376714412,29.4,mavic,NorthSea_Fri_DJI_0114.MP4,4635,data/raw/seadronessee/odv2/images/train/6589.jpg,train
train:36964,train:6589,train,36964,6589,6589.jpg,3840,2160,1,swimmer,1953.0,774.0,58.0,23.0,1334.0,31.898444376714412,29.4,mavic,NorthSea_Fri_DJI_0114.MP4,4635,data/raw/seadronessee/odv2/images/train/6589.jpg,train
train:36965,train:6589,train,36965,6589,6589.jpg,3840,2160,1,swimmer,1993.0,825.0,45.0,19.0,855.0,31.898444376714412,29.4,mavic,NorthSea_Fri_DJI_0114.MP4,4635,data/raw/seadronessee/odv2/images/train/6589.jpg,train
train:36966,train:6589,train,36966,6589,6589.jpg,3840,2160,1,swimmer,2096.0,861.0,25.0,26.0,650.0,31.898444376714412,29.4,mavic,NorthSea_Fri_DJI_0114.MP4,4635,data/raw/seadronessee/odv2/images/train/6589.jpg,train
train:36967,train:6589,train,36967,6589,6589.jpg,3840,2160,1,swimmer,1989.0,879.0,26.0,20.0,520.0,31.898444376714412,29.4,mavic,NorthSea_Fri_DJI_0114.MP4,4635,data/raw/seadronessee/odv2/images/train/6589.jpg,train
train:36978,train:6591,train,36978,6591,6591.jpg,3840,2160,5,buoy,801.0,925.0,64.0,97.0,6208.0,31.79844925327644,29.4,mavic,NorthSea_Fri_DJI_0114.MP4,4665,data/raw/seadronessee/odv2/images/train/6591.jpg,train
train:36979,train:6591,train,36979,6591,6591.jpg,3840,2160,2,boat,2873.0,363.0,196.0,101.0,19796.0,31.79844925327644,29.4,mavic,NorthSea_Fri_DJI_0114.MP4,4665,data/raw/seadronessee/odv2/images/train/6591.jpg,train
train:36980,train:6591,train,36980,6591,6591.jpg,3840,2160,1,swimmer,2303.0,646.0,42.0,28.0,1176.0,31.79844925327644,29.4,mavic,NorthSea_Fri_DJI_0114.MP4,4665,data/raw/seadronessee/odv2/images/train/6591.jpg,train
train:36981,train:6591,train,36981,6591,6591.jpg,3840,2160,1,swimmer,2153.0,677.0,22.0,17.0,374.0,31.79844925327644,29.4,mavic,NorthSea_Fri_DJI_0114.MP4,4665,data/raw/seadronessee/odv2/images/train/6591.jpg,train
train:36982,train:6591,train,36982,6591,6591.jpg,3840,2160,1,swimmer,2004.0,698.0,18.0,19.0,342.0,31.79844925327644,29.4,mavic,NorthSea_Fri_DJI_0114.MP4,4665,data/raw/seadronessee/odv2/images/train/6591.jpg,train
train:36983,train:6591,train,36983,6591,6591.jpg,3840,2160,1,swimmer,1928.0,779.0,52.0,26.0,1352.0,31.79844925327644,29.4,mavic,NorthSea_Fri_DJI_0114.MP4,4665,data/raw/seadronessee/odv2/images/train/6591.jpg,train
train:36984,train:6591,train,36984,6591,6591.jpg,3840,2160,1,swimmer,1934.0,811.0,60.0,26.0,1560.0,31.79844925327644,29.4,mavic,NorthSea_Fri_DJI_0114.MP4,4665,data/raw/seadronessee/odv2/images/train/6591.jpg,train
train:36985,train:6591,train,36985,6591,6591.jpg,3840,2160,1,swimmer,1994.0,858.0,25.0,16.0,400.0,31.79844925327644,29.4,mavic,NorthSea_Fri_DJI_0114.MP4,4665,data/raw/seadronessee/odv2/images/train/6591.jpg,train
train:36986,train:6591,train,36986,6591,6591.jpg,3840,2160,1,swimmer,2077.0,899.0,23.0,28.0,644.0,31.79844925327644,29.4,mavic,NorthSea_Fri_DJI_0114.MP4,4665,data/raw/seadronessee/odv2/images/train/6591.jpg,train
train:36987,train:6591,train,36987,6591,6591.jpg,3840,2160,1,swimmer,1970.0,914.0,26.0,20.0,520.0,31.79844925327644,29.4,mavic,NorthSea_Fri_DJI_0114.MP4,4665,data/raw/seadronessee/odv2/images/train/6591.jpg,train
train:36998,train:6593,train,36998,6593,6593.jpg,3840,2160,5,buoy,788.0,951.0,66.0,97.0,6402.0,31.79844925327644,29.4,mavic,NorthSea_Fri_DJI_0114.MP4,4695,data/raw/seadronessee/odv2/images/train/6593.jpg,train
train:36999,train:6593,train,36999,6593,6593.jpg,3840,2160,2,boat,2851.0,369.0,188.0,97.0,18236.0,31.79844925327644,29.4,mavic,NorthSea_Fri_DJI_0114.MP4,4695,data/raw/seadronessee/odv2/images/train/6593.jpg,train
train:37000,train:6593,train,37000,6593,6593.jpg,3840,2160,1,swimmer,2313.0,658.0,50.0,32.0,1600.0,31.79844925327644,29.4,mavic,NorthSea_Fri_DJI_0114.MP4,4695,data/raw/seadronessee/odv2/images/train/6593.jpg,train
train:37001,train:6593,train,37001,6593,6593.jpg,3840,2160,1,swimmer,2147.0,694.0,23.0,17.0,391.0,31.79844925327644,29.4,mavic,NorthSea_Fri_DJI_0114.MP4,4695,data/raw/seadronessee/odv2/images/train/6593.jpg,train
train:37002,train:6593,train,37002,6593,6593.jpg,3840,2160,1,swimmer,1989.0,707.0,20.0,23.0,460.0,31.79844925327644,29.4,mavic,NorthSea_Fri_DJI_0114.MP4,4695,data/raw/seadronessee/odv2/images/train/6593.jpg,train
train:37003,train:6593,train,37003,6593,6593.jpg,3840,2160,1,swimmer,1919.0,804.0,44.0,22.0,968.0,31.79844925327644,29.4,mavic,NorthSea_Fri_DJI_0114.MP4,4695,data/raw/seadronessee/odv2/images/train/6593.jpg,train
train:37004,train:6593,train,37004,6593,6593.jpg,3840,2160,1,swimmer,1925.0,835.0,53.0,24.0,1272.0,31.79844925327644,29.4,mavic,NorthSea_Fri_DJI_0114.MP4,4695,data/raw/seadronessee/odv2/images/train/6593.jpg,train
train:37005,train:6593,train,37005,6593,6593.jpg,3840,2160,1,swimmer,1974.0,888.0,25.0,18.0,450.0,31.79844925327644,29.4,mavic,NorthSea_Fri_DJI_0114.MP4,4695,data/raw/seadronessee/odv2/images/train/6593.jpg,train
train:37006,train:6593,train,37006,6593,6593.jpg,3840,2160,1,swimmer,2057.0,928.0,22.0,26.0,572.0,31.79844925327644,29.4,mavic,NorthSea_Fri_DJI_0114.MP4,4695,data/raw/seadronessee/odv2/images/train/6593.jpg,train
train:37007,train:6593,train,37007,6593,6593.jpg,3840,2160,1,swimmer,1947.0,945.0,31.0,21.0,651.0,31.79844925327644,29.4,mavic,NorthSea_Fri_DJI_0114.MP4,4695,data/raw/seadronessee/odv2/images/train/6593.jpg,train
train:37008,train:6593,train,37008,6593,6593.jpg,3840,2160,1,swimmer,1947.0,946.0,47.0,21.0,987.0,31.79844925327644,29.4,mavic,NorthSea_Fri_DJI_0114.MP4,4695,data/raw/seadronessee/odv2/images/train/6593.jpg,train
train:37019,train:6595,train,37019,6595,6595.jpg,3840,2160,5,buoy,778.0,945.0,66.0,97.0,6402.0,31.79844925327644,29.4,mavic,NorthSea_Fri_DJI_0114.MP4,4725,data/raw/seadronessee/odv2/images/train/6595.jpg,train
train:37020,train:6595,train,37020,6595,6595.jpg,3840,2160,2,boat,2800.0,371.0,205.0,89.0,18245.0,31.79844925327644,29.4,mavic,NorthSea_Fri_DJI_0114.MP4,4725,data/raw/seadronessee/odv2/images/train/6595.jpg,train
train:37021,train:6595,train,37021,6595,6595.jpg,3840,2160,1,swimmer,2304.0,654.0,39.0,28.0,1092.0,31.79844925327644,29.4,mavic,NorthSea_Fri_DJI_0114.MP4,4725,data/raw/seadronessee/odv2/images/train/6595.jpg,train
train:37022,train:6595,train,37022,6595,6595.jpg,3840,2160,1,swimmer,2136.0,685.0,28.0,19.0,532.0,31.79844925327644,29.4,mavic,NorthSea_Fri_DJI_0114.MP4,4725,data/raw/seadronessee/odv2/images/train/6595.jpg,train
train:37023,train:6595,train,37023,6595,6595.jpg,3840,2160,1,swimmer,1978.0,699.0,21.0,21.0,441.0,31.79844925327644,29.4,mavic,NorthSea_Fri_DJI_0114.MP4,4725,data/raw/seadronessee/odv2/images/train/6595.jpg,train
train:37024,train:6595,train,37024,6595,6595.jpg,3840,2160,1,swimmer,1925.0,792.0,31.0,20.0,620.0,31.79844925327644,29.4,mavic,NorthSea_Fri_DJI_0114.MP4,4725,data/raw/seadronessee/odv2/images/train/6595.jpg,train
train:37025,train:6595,train,37025,6595,6595.jpg,3840,2160,1,swimmer,1913.0,829.0,57.0,23.0,1311.0,31.79844925327644,29.4,mavic,NorthSea_Fri_DJI_0114.MP4,4725,data/raw/seadronessee/odv2/images/train/6595.jpg,train
train:37026,train:6595,train,37026,6595,6595.jpg,3840,2160,1,swimmer,1959.0,883.0,25.0,18.0,450.0,31.79844925327644,29.4,mavic,NorthSea_Fri_DJI_0114.MP4,4725,data/raw/seadronessee/odv2/images/train/6595.jpg,train
train:37027,train:6595,train,37027,6595,6595.jpg,3840,2160,1,swimmer,2030.0,930.0,21.0,26.0,546.0,31.79844925327644,29.4,mavic,NorthSea_Fri_DJI_0114.MP4,4725,data/raw/seadronessee/odv2/images/train/6595.jpg,train
train:37028,train:6595,train,37028,6595,6595.jpg,3840,2160,1,swimmer,1928.0,948.0,46.0,21.0,966.0,31.79844925327644,29.4,mavic,NorthSea_Fri_DJI_0114.MP4,4725,data/raw/seadronessee/odv2/images/train/6595.jpg,train
train:37039,train:6597,train,37039,6597,6597.jpg,3840,2160,5,buoy,735.0,979.0,68.0,100.0,6800.0,31.79844925327644,29.4,mavic,NorthSea_Fri_DJI_0114.MP4,4755,data/raw/seadronessee/odv2/images/train/6597.jpg,train
train:37040,train:6597,train,37040,6597,6597.jpg,3840,2160,2,boat,2774.0,376.0,206.0,86.0,17716.0,31.79844925327644,29.4,mavic,NorthSea_Fri_DJI_0114.MP4,4755,data/raw/seadronessee/odv2/images/train/6597.jpg,train
train:37041,train:6597,train,37041,6597,6597.jpg,3840,2160,1,swimmer,2301.0,675.0,41.0,29.0,1189.0,31.79844925327644,29.4,mavic,NorthSea_Fri_DJI_0114.MP4,4755,data/raw/seadronessee/odv2/images/train/6597.jpg,train
train:37042,train:6597,train,37042,6597,6597.jpg,3840,2160,1,swimmer,2136.0,708.0,20.0,16.0,320.0,31.79844925327644,29.4,mavic,NorthSea_Fri_DJI_0114.MP4,4755,data/raw/seadronessee/odv2/images/train/6597.jpg,train
train:37043,train:6597,train,37043,6597,6597.jpg,3840,2160,1,swimmer,1967.0,727.0,20.0,19.0,380.0,31.79844925327644,29.4,mavic,NorthSea_Fri_DJI_0114.MP4,4755,data/raw/seadronessee/odv2/images/train/6597.jpg,train
train:37044,train:6597,train,37044,6597,6597.jpg,3840,2160,1,swimmer,1924.0,819.0,25.0,22.0,550.0,31.79844925327644,29.4,mavic,NorthSea_Fri_DJI_0114.MP4,4755,data/raw/seadronessee/odv2/images/train/6597.jpg,train
train:37045,train:6597,train,37045,6597,6597.jpg,3840,2160,1,swimmer,1906.0,857.0,62.0,26.0,1612.0,31.79844925327644,29.4,mavic,NorthSea_Fri_DJI_0114.MP4,4755,data/raw/seadronessee/odv2/images/train/6597.jpg,train
train:37046,train:6597,train,37046,6597,6597.jpg,3840,2160,1,swimmer,1951.0,911.0,26.0,18.0,468.0,31.79844925327644,29.4,mavic,NorthSea_Fri_DJI_0114.MP4,4755,data/raw/seadronessee/odv2/images/train/6597.jpg,train
train:37047,train:6597,train,37047,6597,6597.jpg,3840,2160,1,swimmer,2012.0,958.0,22.0,26.0,572.0,31.79844925327644,29.4,mavic,NorthSea_Fri_DJI_0114.MP4,4755,data/raw/seadronessee/odv2/images/train/6597.jpg,train
train:37048,train:6597,train,37048,6597,6597.jpg,3840,2160,1,swimmer,1909.0,979.0,48.0,21.0,1008.0,31.79844925327644,29.4,mavic,NorthSea_Fri_DJI_0114.MP4,4755,data/raw/seadronessee/odv2/images/train/6597.jpg,train
train:37059,train:6599,train,37059,6599,6599.jpg,3840,2160,5,buoy,639.0,1093.0,72.0,99.0,7128.0,31.79844925327644,29.4,mavic,NorthSea_Fri_DJI_0114.MP4,4785,data/raw/seadronessee/odv2/images/train/6599.jpg,train
train:37060,train:6599,train,37060,6599,6599.jpg,3840,2160,2,boat,2749.0,415.0,217.0,90.0,19530.0,31.79844925327644,29.4,mavic,NorthSea_Fri_DJI_0114.MP4,4785,data/raw/seadronessee/odv2/images/train/6599.jpg,train
train:37061,train:6599,train,37061,6599,6599.jpg,3840,2160,1,swimmer,2308.0,734.0,42.0,30.0,1260.0,31.79844925327644,29.4,mavic,NorthSea_Fri_DJI_0114.MP4,4785,data/raw/seadronessee/odv2/images/train/6599.jpg,train
train:37062,train:6599,train,37062,6599,6599.jpg,3840,2160,1,swimmer,2136.0,775.0,16.0,15.0,240.0,31.79844925327644,29.4,mavic,NorthSea_Fri_DJI_0114.MP4,4785,data/raw/seadronessee/odv2/images/train/6599.jpg,train
train:37063,train:6599,train,37063,6599,6599.jpg,3840,2160,1,swimmer,1948.0,786.0,22.0,20.0,440.0,31.79844925327644,29.4,mavic,NorthSea_Fri_DJI_0114.MP4,4785,data/raw/seadronessee/odv2/images/train/6599.jpg,train
train:37064,train:6599,train,37064,6599,6599.jpg,3840,2160,1,swimmer,1907.0,891.0,25.0,27.0,675.0,31.79844925327644,29.4,mavic,NorthSea_Fri_DJI_0114.MP4,4785,data/raw/seadronessee/odv2/images/train/6599.jpg,train
train:37065,train:6599,train,37065,6599,6599.jpg,3840,2160,1,swimmer,1896.0,933.0,67.0,31.0,2077.0,31.79844925327644,29.4,mavic,NorthSea_Fri_DJI_0114.MP4,4785,data/raw/seadronessee/odv2/images/train/6599.jpg,train
train:37066,train:6599,train,37066,6599,6599.jpg,3840,2160,1,swimmer,1945.0,997.0,31.0,21.0,651.0,31.79844925327644,29.4,mavic,NorthSea_Fri_DJI_0114.MP4,4785,data/raw/seadronessee/odv2/images/train/6599.jpg,train
train:37067,train:6599,train,37067,6599,6599.jpg,3840,2160,1,swimmer,1999.0,1047.0,27.0,23.0,621.0,31.79844925327644,29.4,mavic,NorthSea_Fri_DJI_0114.MP4,4785,data/raw/seadronessee/odv2/images/train/6599.jpg,train
train:37068,train:6599,train,37068,6599,6599.jpg,3840,2160,1,swimmer,1905.0,1079.0,25.0,22.0,550.0,31.79844925327644,29.4,mavic,NorthSea_Fri_DJI_0114.MP4,4785,data/raw/seadronessee/odv2/images/train/6599.jpg,train
train:37079,train:6601,train,37079,6601,6601.jpg,3840,2160,5,buoy,498.0,1296.0,81.0,109.0,8829.0,31.698454129838463,29.4,mavic,NorthSea_Fri_DJI_0114.MP4,4815,data/raw/seadronessee/odv2/images/train/6601.jpg,train
train:37080,train:6601,train,37080,6601,6601.jpg,3840,2160,2,boat,2750.0,490.0,226.0,96.0,21696.0,31.698454129838463,29.4,mavic,NorthSea_Fri_DJI_0114.MP4,4815,data/raw/seadronessee/odv2/images/train/6601.jpg,train
train:37081,train:6601,train,37081,6601,6601.jpg,3840,2160,1,swimmer,2333.0,846.0,38.0,35.0,1330.0,31.698454129838463,29.4,mavic,NorthSea_Fri_DJI_0114.MP4,4815,data/raw/seadronessee/odv2/images/train/6601.jpg,train
train:37082,train:6601,train,37082,6601,6601.jpg,3840,2160,1,swimmer,2139.0,896.0,21.0,20.0,420.0,31.698454129838463,29.4,mavic,NorthSea_Fri_DJI_0114.MP4,4815,data/raw/seadronessee/odv2/images/train/6601.jpg,train
train:37083,train:6601,train,37083,6601,6601.jpg,3840,2160,1,swimmer,1937.0,910.0,20.0,20.0,400.0,31.698454129838463,29.4,mavic,NorthSea_Fri_DJI_0114.MP4,4815,data/raw/seadronessee/odv2/images/train/6601.jpg,train
train:37084,train:6601,train,37084,6601,6601.jpg,3840,2160,1,swimmer,1913.0,1034.0,25.0,27.0,675.0,31.698454129838463,29.4,mavic,NorthSea_Fri_DJI_0114.MP4,4815,data/raw/seadronessee/odv2/images/train/6601.jpg,train
train:37085,train:6601,train,37085,6601,6601.jpg,3840,2160,1,swimmer,1894.0,1092.0,67.0,30.0,2010.0,31.698454129838463,29.4,mavic,NorthSea_Fri_DJI_0114.MP4,4815,data/raw/seadronessee/odv2/images/train/6601.jpg,train
train:37086,train:6601,train,37086,6601,6601.jpg,3840,2160,1,swimmer,1943.0,1172.0,27.0,21.0,567.0,31.698454129838463,29.4,mavic,NorthSea_Fri_DJI_0114.MP4,4815,data/raw/seadronessee/odv2/images/train/6601.jpg,train
train:37087,train:6601,train,37087,6601,6601.jpg,3840,2160,1,swimmer,1992.0,1230.0,31.0,30.0,930.0,31.698454129838463,29.4,mavic,NorthSea_Fri_DJI_0114.MP4,4815,data/raw/seadronessee/odv2/images/train/6601.jpg,train
train:37088,train:6601,train,37088,6601,6601.jpg,3840,2160,1,swimmer,1885.0,1269.0,47.0,28.0,1316.0,31.698454129838463,29.4,mavic,NorthSea_Fri_DJI_0114.MP4,4815,data/raw/seadronessee/odv2/images/train/6601.jpg,train
train:37099,train:6603,train,37099,6603,6603.jpg,3840,2160,5,buoy,265.0,1521.0,89.0,117.0,10413.0,31.598459006400486,29.4,mavic,NorthSea_Fri_DJI_0114.MP4,4845,data/raw/seadronessee/odv2/images/train/6603.jpg,train
train:37100,train:6603,train,37100,6603,6603.jpg,3840,2160,2,boat,2640.0,559.0,231.0,99.0,22869.0,31.598459006400486,29.4,mavic,NorthSea_Fri_DJI_0114.MP4,4845,data/raw/seadronessee/odv2/images/train/6603.jpg,train
train:37101,train:6603,train,37101,6603,6603.jpg,3840,2160,1,swimmer,2271.0,950.0,59.0,39.0,2301.0,31.598459006400486,29.4,mavic,NorthSea_Fri_DJI_0114.MP4,4845,data/raw/seadronessee/odv2/images/train/6603.jpg,train
train:37102,train:6603,train,37102,6603,6603.jpg,3840,2160,1,swimmer,2068.0,1009.0,21.0,21.0,441.0,31.598459006400486,29.4,mavic,NorthSea_Fri_DJI_0114.MP4,4845,data/raw/seadronessee/odv2/images/train/6603.jpg,train
train:37103,train:6603,train,37103,6603,6603.jpg,3840,2160,1,swimmer,1843.0,1035.0,26.0,25.0,650.0,31.598459006400486,29.4,mavic,NorthSea_Fri_DJI_0114.MP4,4845,data/raw/seadronessee/odv2/images/train/6603.jpg,train
train:37104,train:6603,train,37104,6603,6603.jpg,3840,2160,1,swimmer,1817.0,1177.0,30.0,47.0,1410.0,31.598459006400486,29.4,mavic,NorthSea_Fri_DJI_0114.MP4,4845,data/raw/seadronessee/odv2/images/train/6603.jpg,train
train:37105,train:6603,train,37105,6603,6603.jpg,3840,2160,1,swimmer,1808.0,1250.0,75.0,34.0,2550.0,31.598459006400486,29.4,mavic,NorthSea_Fri_DJI_0114.MP4,4845,data/raw/seadronessee/odv2/images/train/6603.jpg,train
train:37106,train:6603,train,37106,6603,6603.jpg,3840,2160,1,swimmer,1864.0,1338.0,27.0,21.0,567.0,31.598459006400486,29.4,mavic,NorthSea_Fri_DJI_0114.MP4,4845,data/raw/seadronessee/odv2/images/train/6603.jpg,train
train:37107,train:6603,train,37107,6603,6603.jpg,3840,2160,1,swimmer,1911.0,1397.0,34.0,30.0,1020.0,31.598459006400486,29.4,mavic,NorthSea_Fri_DJI_0114.MP4,4845,data/raw/seadronessee/odv2/images/train/6603.jpg,train
train:37108,train:6603,train,37108,6603,6603.jpg,3840,2160,1,swimmer,1805.0,1443.0,47.0,33.0,1551.0,31.598459006400486,29.4,mavic,NorthSea_Fri_DJI_0114.MP4,4845,data/raw/seadronessee/odv2/images/train/6603.jpg,train
train:37119,train:6605,train,37119,6605,6605.jpg,3840,2160,5,buoy,72.0,1597.0,97.0,130.0,12610.0,31.79844925327644,29.4,mavic,NorthSea_Fri_DJI_0114.MP4,4875,data/raw/seadronessee/odv2/images/train/6605.jpg,train
train:37120,train:6605,train,37120,6605,6605.jpg,3840,2160,2,boat,2485.0,574.0,225.0,99.0,22275.0,31.79844925327644,29.4,mavic,NorthSea_Fri_DJI_0114.MP4,4875,data/raw/seadronessee/odv2/images/train/6605.jpg,train
train:37121,train:6605,train,37121,6605,6605.jpg,3840,2160,1,swimmer,2170.0,977.0,61.0,39.0,2379.0,31.79844925327644,29.4,mavic,NorthSea_Fri_DJI_0114.MP4,4875,data/raw/seadronessee/odv2/images/train/6605.jpg,train
train:37122,train:6605,train,37122,6605,6605.jpg,3840,2160,1,swimmer,1964.0,1050.0,29.0,21.0,609.0,31.79844925327644,29.4,mavic,NorthSea_Fri_DJI_0114.MP4,4875,data/raw/seadronessee/odv2/images/train/6605.jpg,train
train:37123,train:6605,train,37123,6605,6605.jpg,3840,2160,1,swimmer,1712.0,1079.0,25.0,24.0,600.0,31.79844925327644,29.4,mavic,NorthSea_Fri_DJI_0114.MP4,4875,data/raw/seadronessee/odv2/images/train/6605.jpg,train
train:37124,train:6605,train,37124,6605,6605.jpg,3840,2160,1,swimmer,1687.0,1219.0,54.0,45.0,2430.0,31.79844925327644,29.4,mavic,NorthSea_Fri_DJI_0114.MP4,4875,data/raw/seadronessee/odv2/images/train/6605.jpg,train
train:37125,train:6605,train,37125,6605,6605.jpg,3840,2160,1,swimmer,1687.0,1295.0,75.0,34.0,2550.0,31.79844925327644,29.4,mavic,NorthSea_Fri_DJI_0114.MP4,4875,data/raw/seadronessee/odv2/images/train/6605.jpg,train
train:37126,train:6605,train,37126,6605,6605.jpg,3840,2160,1,swimmer,1747.0,1403.0,29.0,23.0,667.0,31.79844925327644,29.4,mavic,NorthSea_Fri_DJI_0114.MP4,4875,data/raw/seadronessee/odv2/images/train/6605.jpg,train
train:37127,train:6605,train,37127,6605,6605.jpg,3840,2160,1,swimmer,1796.0,1461.0,34.0,29.0,986.0,31.79844925327644,29.4,mavic,NorthSea_Fri_DJI_0114.MP4,4875,data/raw/seadronessee/odv2/images/train/6605.jpg,train
train:37128,train:6605,train,37128,6605,6605.jpg,3840,2160,1,swimmer,1697.0,1513.0,54.0,31.0,1674.0,31.79844925327644,29.4,mavic,NorthSea_Fri_DJI_0114.MP4,4875,data/raw/seadronessee/odv2/images/train/6605.jpg,train
train:37139,train:6607,train,37139,6607,6607.jpg,3840,2160,5,buoy,78.0,1304.0,98.0,133.0,13034.0,31.898444376714412,29.4,mavic,NorthSea_Fri_DJI_0114.MP4,4905,data/raw/seadronessee/odv2/images/train/6607.jpg,train
train:37140,train:6607,train,37140,6607,6607.jpg,3840,2160,2,boat,2434.0,322.0,222.0,103.0,22866.0,31.898444376714412,29.4,mavic,NorthSea_Fri_DJI_0114.MP4,4905,data/raw/seadronessee/odv2/images/train/6607.jpg,train
train:37141,train:6607,train,37141,6607,6607.jpg,3840,2160,1,swimmer,2166.0,708.0,53.0,44.0,2332.0,31.898444376714412,29.4,mavic,NorthSea_Fri_DJI_0114.MP4,4905,data/raw/seadronessee/odv2/images/train/6607.jpg,train
train:37142,train:6607,train,37142,6607,6607.jpg,3840,2160,1,swimmer,1673.0,1245.0,46.0,33.0,1518.0,31.898444376714412,29.4,mavic,NorthSea_Fri_DJI_0114.MP4,4905,data/raw/seadronessee/odv2/images/train/6607.jpg,train
train:37143,train:6607,train,37143,6607,6607.jpg,3840,2160,1,swimmer,1939.0,791.0,37.0,28.0,1036.0,31.898444376714412,29.4,mavic,NorthSea_Fri_DJI_0114.MP4,4905,data/raw/seadronessee/odv2/images/train/6607.jpg,train
train:37144,train:6607,train,37144,6607,6607.jpg,3840,2160,1,swimmer,1688.0,804.0,34.0,35.0,1190.0,31.898444376714412,29.4,mavic,NorthSea_Fri_DJI_0114.MP4,4905,data/raw/seadronessee/odv2/images/train/6607.jpg,train
train:37145,train:6607,train,37145,6607,6607.jpg,3840,2160,1,swimmer,1669.0,950.0,52.0,44.0,2288.0,31.898444376714412,29.4,mavic,NorthSea_Fri_DJI_0114.MP4,4905,data/raw/seadronessee/odv2/images/train/6607.jpg,train
train:37146,train:6607,train,37146,6607,6607.jpg,3840,2160,1,swimmer,1672.0,1030.0,73.0,41.0,2993.0,31.898444376714412,29.4,mavic,NorthSea_Fri_DJI_0114.MP4,4905,data/raw/seadronessee/odv2/images/train/6607.jpg,train
train:37147,train:6607,train,37147,6607,6607.jpg,3840,2160,1,swimmer,1720.0,1130.0,32.0,25.0,800.0,31.898444376714412,29.4,mavic,NorthSea_Fri_DJI_0114.MP4,4905,data/raw/seadronessee/odv2/images/train/6607.jpg,train
train:37148,train:6607,train,37148,6607,6607.jpg,3840,2160,1,swimmer,1767.0,1187.0,38.0,33.0,1254.0,31.898444376714412,29.4,mavic,NorthSea_Fri_DJI_0114.MP4,4905,data/raw/seadronessee/odv2/images/train/6607.jpg,train
train:37159,train:6609,train,37159,6609,6609.jpg,3840,2160,5,buoy,70.0,1149.0,97.0,130.0,12610.0,31.698454129838463,36.7,mavic,NorthSea_Fri_DJI_0114.MP4,4935,data/raw/seadronessee/odv2/images/train/6609.jpg,train
train:37160,train:6609,train,37160,6609,6609.jpg,3840,2160,2,boat,2392.0,141.0,229.0,104.0,23816.0,31.698454129838463,36.7,mavic,NorthSea_Fri_DJI_0114.MP4,4935,data/raw/seadronessee/odv2/images/train/6609.jpg,train
train:37161,train:6609,train,37161,6609,6609.jpg,3840,2160,1,swimmer,2161.0,546.0,45.0,38.0,1710.0,31.698454129838463,36.7,mavic,NorthSea_Fri_DJI_0114.MP4,4935,data/raw/seadronessee/odv2/images/train/6609.jpg,train
train:37162,train:6609,train,37162,6609,6609.jpg,3840,2160,1,swimmer,1655.0,1095.0,46.0,28.0,1288.0,31.698454129838463,36.7,mavic,NorthSea_Fri_DJI_0114.MP4,4935,data/raw/seadronessee/odv2/images/train/6609.jpg,train
train:37163,train:6609,train,37163,6609,6609.jpg,3840,2160,1,swimmer,1931.0,624.0,38.0,24.0,912.0,31.698454129838463,36.7,mavic,NorthSea_Fri_DJI_0114.MP4,4935,data/raw/seadronessee/odv2/images/train/6609.jpg,train
train:37164,train:6609,train,37164,6609,6609.jpg,3840,2160,1,swimmer,1671.0,644.0,30.0,35.0,1050.0,31.698454129838463,36.7,mavic,NorthSea_Fri_DJI_0114.MP4,4935,data/raw/seadronessee/odv2/images/train/6609.jpg,train
train:37165,train:6609,train,37165,6609,6609.jpg,3840,2160,1,swimmer,1652.0,792.0,68.0,49.0,3332.0,31.698454129838463,36.7,mavic,NorthSea_Fri_DJI_0114.MP4,4935,data/raw/seadronessee/odv2/images/train/6609.jpg,train
train:37166,train:6609,train,37166,6609,6609.jpg,3840,2160,1,swimmer,1668.0,887.0,56.0,36.0,2016.0,31.698454129838463,36.7,mavic,NorthSea_Fri_DJI_0114.MP4,4935,data/raw/seadronessee/odv2/images/train/6609.jpg,train
train:37167,train:6609,train,37167,6609,6609.jpg,3840,2160,1,swimmer,1705.0,995.0,32.0,24.0,768.0,31.698454129838463,36.7,mavic,NorthSea_Fri_DJI_0114.MP4,4935,data/raw/seadronessee/odv2/images/train/6609.jpg,train
train:37168,train:6609,train,37168,6609,6609.jpg,3840,2160,1,swimmer,1747.0,1037.0,34.0,29.0,986.0,31.698454129838463,36.7,mavic,NorthSea_Fri_DJI_0114.MP4,4935,data/raw/seadronessee/odv2/images/train/6609.jpg,train
train:37179,train:6611,train,37179,6611,6611.jpg,3840,2160,5,buoy,16.0,1217.0,96.0,127.0,12192.0,31.698454129838463,36.7,mavic,NorthSea_Fri_DJI_0114.MP4,4965,data/raw/seadronessee/odv2/images/train/6611.jpg,train
train:37180,train:6611,train,37180,6611,6611.jpg,3840,2160,2,boat,2341.0,165.0,246.0,110.0,27060.0,31.698454129838463,36.7,mavic,NorthSea_Fri_DJI_0114.MP4,4965,data/raw/seadronessee/odv2/images/train/6611.jpg,train
train:37181,train:6611,train,37181,6611,6611.jpg,3840,2160,1,swimmer,2156.0,565.0,54.0,38.0,2052.0,31.698454129838463,36.7,mavic,NorthSea_Fri_DJI_0114.MP4,4965,data/raw/seadronessee/odv2/images/train/6611.jpg,train
train:37182,train:6611,train,37182,6611,6611.jpg,3840,2160,1,swimmer,1626.0,1154.0,54.0,28.0,1512.0,31.698454129838463,36.7,mavic,NorthSea_Fri_DJI_0114.MP4,4965,data/raw/seadronessee/odv2/images/train/6611.jpg,train
train:37183,train:6611,train,37183,6611,6611.jpg,3840,2160,1,swimmer,1929.0,656.0,40.0,26.0,1040.0,31.698454129838463,36.7,mavic,NorthSea_Fri_DJI_0114.MP4,4965,data/raw/seadronessee/odv2/images/train/6611.jpg,train
train:37184,train:6611,train,37184,6611,6611.jpg,3840,2160,1,swimmer,1649.0,670.0,28.0,33.0,924.0,31.698454129838463,36.7,mavic,NorthSea_Fri_DJI_0114.MP4,4965,data/raw/seadronessee/odv2/images/train/6611.jpg,train
train:37185,train:6611,train,37185,6611,6611.jpg,3840,2160,1,swimmer,1632.0,808.0,80.0,52.0,4160.0,31.698454129838463,36.7,mavic,NorthSea_Fri_DJI_0114.MP4,4965,data/raw/seadronessee/odv2/images/train/6611.jpg,train
train:37186,train:6611,train,37186,6611,6611.jpg,3840,2160,1,swimmer,1647.0,911.0,57.0,26.0,1482.0,31.698454129838463,36.7,mavic,NorthSea_Fri_DJI_0114.MP4,4965,data/raw/seadronessee/odv2/images/train/6611.jpg,train
train:37187,train:6611,train,37187,6611,6611.jpg,3840,2160,1,swimmer,1676.0,1037.0,33.0,25.0,825.0,31.698454129838463,36.7,mavic,NorthSea_Fri_DJI_0114.MP4,4965,data/raw/seadronessee/odv2/images/train/6611.jpg,train
train:37188,train:6611,train,37188,6611,6611.jpg,3840,2160,1,swimmer,1725.0,1086.0,32.0,27.0,864.0,31.698454129838463,36.7,mavic,NorthSea_Fri_DJI_0114.MP4,4965,data/raw/seadronessee/odv2/images/train/6611.jpg,train
train:37199,train:6613,train,37199,6613,6613.jpg,3840,2160,2,boat,2299.0,215.0,254.0,115.0,29210.0,31.698454129838463,36.7,mavic,NorthSea_Fri_DJI_0114.MP4,4995,data/raw/seadronessee/odv2/images/train/6613.jpg,train
train:37200,train:6613,train,37200,6613,6613.jpg,3840,2160,1,swimmer,2160.0,645.0,59.0,39.0,2301.0,31.698454129838463,36.7,mavic,NorthSea_Fri_DJI_0114.MP4,4995,data/raw/seadronessee/odv2/images/train/6613.jpg,train
train:37201,train:6613,train,37201,6613,6613.jpg,3840,2160,1,swimmer,1606.0,1288.0,53.0,31.0,1643.0,31.698454129838463,36.7,mavic,NorthSea_Fri_DJI_0114.MP4,4995,data/raw/seadronessee/odv2/images/train/6613.jpg,train
train:37202,train:6613,train,37202,6613,6613.jpg,3840,2160,1,swimmer,1921.0,748.0,41.0,28.0,1148.0,31.698454129838463,36.7,mavic,NorthSea_Fri_DJI_0114.MP4,4995,data/raw/seadronessee/odv2/images/train/6613.jpg,train
train:37203,train:6613,train,37203,6613,6613.jpg,3840,2160,1,swimmer,1631.0,760.0,27.0,33.0,891.0,31.698454129838463,36.7,mavic,NorthSea_Fri_DJI_0114.MP4,4995,data/raw/seadronessee/odv2/images/train/6613.jpg,train
train:37204,train:6613,train,37204,6613,6613.jpg,3840,2160,1,swimmer,1629.0,903.0,80.0,50.0,4000.0,31.698454129838463,36.7,mavic,NorthSea_Fri_DJI_0114.MP4,4995,data/raw/seadronessee/odv2/images/train/6613.jpg,train
train:37205,train:6613,train,37205,6613,6613.jpg,3840,2160,1,swimmer,1656.0,1013.0,43.0,34.0,1462.0,31.698454129838463,36.7,mavic,NorthSea_Fri_DJI_0114.MP4,4995,data/raw/seadronessee/odv2/images/train/6613.jpg,train
train:37206,train:6613,train,37206,6613,6613.jpg,3840,2160,1,swimmer,1657.0,1149.0,33.0,33.0,1089.0,31.698454129838463,36.7,mavic,NorthSea_Fri_DJI_0114.MP4,4995,data/raw/seadronessee/odv2/images/train/6613.jpg,train
train:37207,train:6613,train,37207,6613,6613.jpg,3840,2160,1,swimmer,1702.0,1198.0,34.0,34.0,1156.0,31.698454129838463,36.7,mavic,NorthSea_Fri_DJI_0114.MP4,4995,data/raw/seadronessee/odv2/images/train/6613.jpg,train
train:37217,train:6615,train,37217,6615,6615.jpg,3840,2160,2,boat,2264.0,324.0,280.0,121.0,33880.0,31.498463882962508,36.7,mavic,NorthSea_Fri_DJI_0114.MP4,5025,data/raw/seadronessee/odv2/images/train/6615.jpg,train
train:37218,train:6615,train,37218,6615,6615.jpg,3840,2160,1,swimmer,2171.0,790.0,71.0,51.0,3621.0,31.498463882962508,36.7,mavic,NorthSea_Fri_DJI_0114.MP4,5025,data/raw/seadronessee/odv2/images/train/6615.jpg,train
train:37219,train:6615,train,37219,6615,6615.jpg,3840,2160,1,swimmer,1568.0,1592.0,83.0,38.0,3154.0,31.498463882962508,36.7,mavic,NorthSea_Fri_DJI_0114.MP4,5025,data/raw/seadronessee/odv2/images/train/6615.jpg,train
train:37220,train:6615,train,37220,6615,6615.jpg,3840,2160,1,swimmer,1931.0,915.0,39.0,31.0,1209.0,31.498463882962508,36.7,mavic,NorthSea_Fri_DJI_0114.MP4,5025,data/raw/seadronessee/odv2/images/train/6615.jpg,train
train:37221,train:6615,train,37221,6615,6615.jpg,3840,2160,1,swimmer,1600.0,930.0,37.0,36.0,1332.0,31.498463882962508,36.7,mavic,NorthSea_Fri_DJI_0114.MP4,5025,data/raw/seadronessee/odv2/images/train/6615.jpg,train
train:37222,train:6615,train,37222,6615,6615.jpg,3840,2160,1,swimmer,1623.0,1120.0,101.0,65.0,6565.0,31.498463882962508,36.7,mavic,NorthSea_Fri_DJI_0114.MP4,5025,data/raw/seadronessee/odv2/images/train/6615.jpg,train
train:37223,train:6615,train,37223,6615,6615.jpg,3840,2160,1,swimmer,1662.0,1269.0,35.0,33.0,1155.0,31.498463882962508,36.7,mavic,NorthSea_Fri_DJI_0114.MP4,5025,data/raw/seadronessee/odv2/images/train/6615.jpg,train
train:37224,train:6615,train,37224,6615,6615.jpg,3840,2160,1,swimmer,1644.0,1426.0,34.0,36.0,1224.0,31.498463882962508,36.7,mavic,NorthSea_Fri_DJI_0114.MP4,5025,data/raw/seadronessee/odv2/images/train/6615.jpg,train
train:37225,train:6615,train,37225,6615,6615.jpg,3840,2160,1,swimmer,1690.0,1469.0,41.0,40.0,1640.0,31.498463882962508,36.7,mavic,NorthSea_Fri_DJI_0114.MP4,5025,data/raw/seadronessee/odv2/images/train/6615.jpg,train
train:37235,train:6617,train,37235,6617,6617.jpg,3840,2160,2,boat,2226.0,456.0,294.0,127.0,37338.0,31.398468759524533,36.7,mavic,NorthSea_Fri_DJI_0114.MP4,5055,data/raw/seadronessee/odv2/images/train/6617.jpg,train
train:37236,train:6617,train,37236,6617,6617.jpg,3840,2160,1,swimmer,2200.0,977.0,76.0,59.0,4484.0,31.398468759524533,36.7,mavic,NorthSea_Fri_DJI_0114.MP4,5055,data/raw/seadronessee/odv2/images/train/6617.jpg,train
train:37237,train:6617,train,37237,6617,6617.jpg,3840,2160,1,swimmer,1539.0,1979.0,83.0,50.0,4150.0,31.398468759524533,36.7,mavic,NorthSea_Fri_DJI_0114.MP4,5055,data/raw/seadronessee/odv2/images/train/6617.jpg,train
train:37238,train:6617,train,37238,6617,6617.jpg,3840,2160,1,swimmer,1939.0,1135.0,47.0,36.0,1692.0,31.398468759524533,36.7,mavic,NorthSea_Fri_DJI_0114.MP4,5055,data/raw/seadronessee/odv2/images/train/6617.jpg,train
train:37239,train:6617,train,37239,6617,6617.jpg,3840,2160,1,swimmer,1570.0,1156.0,37.0,37.0,1369.0,31.398468759524533,36.7,mavic,NorthSea_Fri_DJI_0114.MP4,5055,data/raw/seadronessee/odv2/images/train/6617.jpg,train
train:37240,train:6617,train,37240,6617,6617.jpg,3840,2160,1,swimmer,1601.0,1378.0,103.0,58.0,5974.0,31.398468759524533,36.7,mavic,NorthSea_Fri_DJI_0114.MP4,5055,data/raw/seadronessee/odv2/images/train/6617.jpg,train
train:37241,train:6617,train,37241,6617,6617.jpg,3840,2160,1,swimmer,1586.0,1576.0,88.0,57.0,5016.0,31.398468759524533,36.7,mavic,NorthSea_Fri_DJI_0114.MP4,5055,data/raw/seadronessee/odv2/images/train/6617.jpg,train
train:37242,train:6617,train,37242,6617,6617.jpg,3840,2160,1,swimmer,1603.0,1785.0,40.0,38.0,1520.0,31.398468759524533,36.7,mavic,NorthSea_Fri_DJI_0114.MP4,5055,data/raw/seadronessee/odv2/images/train/6617.jpg,train
train:37243,train:6617,train,37243,6617,6617.jpg,3840,2160,1,swimmer,1658.0,1829.0,43.0,46.0,1978.0,31.398468759524533,36.7,mavic,NorthSea_Fri_DJI_0114.MP4,5055,data/raw/seadronessee/odv2/images/train/6617.jpg,train
train:37253,train:6619,train,37253,6619,6619.jpg,3840,2160,2,boat,2160.0,511.0,299.0,131.0,39169.0,31.398468759524533,36.7,mavic,NorthSea_Fri_DJI_0114.MP4,5085,data/raw/seadronessee/odv2/images/train/6619.jpg,train
train:37254,train:6619,train,37254,6619,6619.jpg,3840,2160,1,swimmer,2202.0,1043.0,77.0,62.0,4774.0,31.398468759524533,36.7,mavic,NorthSea_Fri_DJI_0114.MP4,5085,data/raw/seadronessee/odv2/images/train/6619.jpg,train
train:37255,train:6619,train,37255,6619,6619.jpg,3840,2160,1,swimmer,1511.0,2121.0,68.0,39.0,2652.0,31.398468759524533,36.7,mavic,NorthSea_Fri_DJI_0114.MP4,5085,data/raw/seadronessee/odv2/images/train/6619.jpg,train
train:37256,train:6619,train,37256,6619,6619.jpg,3840,2160,1,swimmer,1937.0,1228.0,43.0,32.0,1376.0,31.398468759524533,36.7,mavic,NorthSea_Fri_DJI_0114.MP4,5085,data/raw/seadronessee/odv2/images/train/6619.jpg,train
train:37257,train:6619,train,37257,6619,6619.jpg,3840,2160,1,swimmer,1539.0,1246.0,36.0,44.0,1584.0,31.398468759524533,36.7,mavic,NorthSea_Fri_DJI_0114.MP4,5085,data/raw/seadronessee/odv2/images/train/6619.jpg,train
train:37258,train:6619,train,37258,6619,6619.jpg,3840,2160,1,swimmer,1592.0,1456.0,98.0,60.0,5880.0,31.398468759524533,36.7,mavic,NorthSea_Fri_DJI_0114.MP4,5085,data/raw/seadronessee/odv2/images/train/6619.jpg,train
train:37259,train:6619,train,37259,6619,6619.jpg,3840,2160,1,swimmer,1548.0,1677.0,104.0,60.0,6240.0,31.398468759524533,36.7,mavic,NorthSea_Fri_DJI_0114.MP4,5085,data/raw/seadronessee/odv2/images/train/6619.jpg,train
train:37260,train:6619,train,37260,6619,6619.jpg,3840,2160,1,swimmer,1560.0,1912.0,45.0,44.0,1980.0,31.398468759524533,36.7,mavic,NorthSea_Fri_DJI_0114.MP4,5085,data/raw/seadronessee/odv2/images/train/6619.jpg,train
train:37261,train:6619,train,37261,6619,6619.jpg,3840,2160,1,swimmer,1630.0,1949.0,47.0,112.0,5264.0,31.398468759524533,36.7,mavic,NorthSea_Fri_DJI_0114.MP4,5085,data/raw/seadronessee/odv2/images/train/6619.jpg,train
train:37271,train:6621,train,37271,6621,6621.jpg,3840,2160,2,boat,2097.0,499.0,294.0,136.0,39984.0,31.79844925327644,36.7,mavic,NorthSea_Fri_DJI_0114.MP4,5115,data/raw/seadronessee/odv2/images/train/6621.jpg,train
train:37272,train:6621,train,37272,6621,6621.jpg,3840,2160,1,swimmer,2193.0,1021.0,81.0,61.0,4941.0,31.79844925327644,36.7,mavic,NorthSea_Fri_DJI_0114.MP4,5115,data/raw/seadronessee/odv2/images/train/6621.jpg,train
train:37273,train:6621,train,37273,6621,6621.jpg,3840,2160,1,swimmer,1507.0,2046.0,96.0,62.0,5952.0,31.79844925327644,36.7,mavic,NorthSea_Fri_DJI_0114.MP4,5115,data/raw/seadronessee/odv2/images/train/6621.jpg,train
train:37274,train:6621,train,37274,6621,6621.jpg,3840,2160,1,swimmer,1928.0,1195.0,51.0,34.0,1734.0,31.79844925327644,36.7,mavic,NorthSea_Fri_DJI_0114.MP4,5115,data/raw/seadronessee/odv2/images/train/6621.jpg,train
train:37275,train:6621,train,37275,6621,6621.jpg,3840,2160,1,swimmer,1535.0,1188.0,37.0,51.0,1887.0,31.79844925327644,36.7,mavic,NorthSea_Fri_DJI_0114.MP4,5115,data/raw/seadronessee/odv2/images/train/6621.jpg,train
train:37276,train:6621,train,37276,6621,6621.jpg,3840,2160,1,swimmer,1610.0,1412.0,119.0,67.0,7973.0,31.79844925327644,36.7,mavic,NorthSea_Fri_DJI_0114.MP4,5115,data/raw/seadronessee/odv2/images/train/6621.jpg,train
train:37277,train:6621,train,37277,6621,6621.jpg,3840,2160,1,swimmer,1557.0,1631.0,97.0,52.0,5044.0,31.79844925327644,36.7,mavic,NorthSea_Fri_DJI_0114.MP4,5115,data/raw/seadronessee/odv2/images/train/6621.jpg,train
train:37278,train:6621,train,37278,6621,6621.jpg,3840,2160,1,swimmer,1561.0,1847.0,40.0,46.0,1840.0,31.79844925327644,36.7,mavic,NorthSea_Fri_DJI_0114.MP4,5115,data/raw/seadronessee/odv2/images/train/6621.jpg,train
train:37279,train:6621,train,37279,6621,6621.jpg,3840,2160,1,swimmer,1633.0,1867.0,49.0,107.0,5243.0,31.79844925327644,36.7,mavic,NorthSea_Fri_DJI_0114.MP4,5115,data/raw/seadronessee/odv2/images/train/6621.jpg,train
train:37289,train:6623,train,37289,6623,6623.jpg,3840,2160,2,boat,2038.0,445.0,272.0,128.0,34816.0,31.598459006400486,36.7,mavic,NorthSea_Fri_DJI_0114.MP4,5145,data/raw/seadronessee/odv2/images/train/6623.jpg,train
train:37290,train:6623,train,37290,6623,6623.jpg,3840,2160,1,swimmer,2190.0,931.0,54.0,41.0,2214.0,31.598459006400486,36.7,mavic,NorthSea_Fri_DJI_0114.MP4,5145,data/raw/seadronessee/odv2/images/train/6623.jpg,train
train:37291,train:6623,train,37291,6623,6623.jpg,3840,2160,1,swimmer,1535.0,1826.0,62.0,58.0,3596.0,31.598459006400486,36.7,mavic,NorthSea_Fri_DJI_0114.MP4,5145,data/raw/seadronessee/odv2/images/train/6623.jpg,train
train:37292,train:6623,train,37292,6623,6623.jpg,3840,2160,1,swimmer,1918.0,1073.0,45.0,31.0,1395.0,31.598459006400486,36.7,mavic,NorthSea_Fri_DJI_0114.MP4,5145,data/raw/seadronessee/odv2/images/train/6623.jpg,train
train:37293,train:6623,train,37293,6623,6623.jpg,3840,2160,1,swimmer,1564.0,1061.0,36.0,45.0,1620.0,31.598459006400486,36.7,mavic,NorthSea_Fri_DJI_0114.MP4,5145,data/raw/seadronessee/odv2/images/train/6623.jpg,train
train:37294,train:6623,train,37294,6623,6623.jpg,3840,2160,1,swimmer,1634.0,1267.0,95.0,53.0,5035.0,31.598459006400486,36.7,mavic,NorthSea_Fri_DJI_0114.MP4,5145,data/raw/seadronessee/odv2/images/train/6623.jpg,train
train:37295,train:6623,train,37295,6623,6623.jpg,3840,2160,1,swimmer,1578.0,1472.0,81.0,50.0,4050.0,31.598459006400486,36.7,mavic,NorthSea_Fri_DJI_0114.MP4,5145,data/raw/seadronessee/odv2/images/train/6623.jpg,train
train:37296,train:6623,train,37296,6623,6623.jpg,3840,2160,1,swimmer,1578.0,1661.0,40.0,45.0,1800.0,31.598459006400486,36.7,mavic,NorthSea_Fri_DJI_0114.MP4,5145,data/raw/seadronessee/odv2/images/train/6623.jpg,train
train:37297,train:6623,train,37297,6623,6623.jpg,3840,2160,1,swimmer,1658.0,1674.0,47.0,68.0,3196.0,31.598459006400486,36.7,mavic,NorthSea_Fri_DJI_0114.MP4,5145,data/raw/seadronessee/odv2/images/train/6623.jpg,train
train:37307,train:6625,train,37307,6625,6625.jpg,3840,2160,2,boat,1979.0,387.0,261.0,129.0,33669.0,31.398468759524533,36.7,mavic,NorthSea_Fri_DJI_0114.MP4,5175,data/raw/seadronessee/odv2/images/train/6625.jpg,train
train:37308,train:6625,train,37308,6625,6625.jpg,3840,2160,1,swimmer,2166.0,815.0,45.0,41.0,1845.0,31.398468759524533,36.7,mavic,NorthSea_Fri_DJI_0114.MP4,5175,data/raw/seadronessee/odv2/images/train/6625.jpg,train
train:37309,train:6625,train,37309,6625,6625.jpg,3840,2160,1,swimmer,1542.0,1622.0,80.0,48.0,3840.0,31.398468759524533,36.7,mavic,NorthSea_Fri_DJI_0114.MP4,5175,data/raw/seadronessee/odv2/images/train/6625.jpg,train
train:37310,train:6625,train,37310,6625,6625.jpg,3840,2160,1,swimmer,1926.0,950.0,35.0,33.0,1155.0,31.398468759524533,36.7,mavic,NorthSea_Fri_DJI_0114.MP4,5175,data/raw/seadronessee/odv2/images/train/6625.jpg,train
train:37311,train:6625,train,37311,6625,6625.jpg,3840,2160,1,swimmer,1588.0,944.0,28.0,39.0,1092.0,31.398468759524533,36.7,mavic,NorthSea_Fri_DJI_0114.MP4,5175,data/raw/seadronessee/odv2/images/train/6625.jpg,train
train:37312,train:6625,train,37312,6625,6625.jpg,3840,2160,1,swimmer,1656.0,1108.0,121.0,50.0,6050.0,31.398468759524533,36.7,mavic,NorthSea_Fri_DJI_0114.MP4,5175,data/raw/seadronessee/odv2/images/train/6625.jpg,train
train:37313,train:6625,train,37313,6625,6625.jpg,3840,2160,1,swimmer,1608.0,1308.0,64.0,49.0,3136.0,31.398468759524533,36.7,mavic,NorthSea_Fri_DJI_0114.MP4,5175,data/raw/seadronessee/odv2/images/train/6625.jpg,train
train:37314,train:6625,train,37314,6625,6625.jpg,3840,2160,1,swimmer,1583.0,1484.0,37.0,47.0,1739.0,31.398468759524533,36.7,mavic,NorthSea_Fri_DJI_0114.MP4,5175,data/raw/seadronessee/odv2/images/train/6625.jpg,train
train:37315,train:6625,train,37315,6625,6625.jpg,3840,2160,1,swimmer,1672.0,1496.0,39.0,58.0,2262.0,31.398468759524533,36.7,mavic,NorthSea_Fri_DJI_0114.MP4,5175,data/raw/seadronessee/odv2/images/train/6625.jpg,train
train:37325,train:6627,train,37325,6627,6627.jpg,3840,2160,2,boat,1923.0,388.0,261.0,130.0,33930.0,31.398468759524533,36.7,mavic,NorthSea_Fri_DJI_0114.MP4,5205,data/raw/seadronessee/odv2/images/train/6627.jpg,train
train:37326,train:6627,train,37326,6627,6627.jpg,3840,2160,1,swimmer,2166.0,799.0,34.0,33.0,1122.0,31.398468759524533,36.7,mavic,NorthSea_Fri_DJI_0114.MP4,5205,data/raw/seadronessee/odv2/images/train/6627.jpg,train
train:37327,train:6627,train,37327,6627,6627.jpg,3840,2160,1,swimmer,1557.0,1583.0,56.0,43.0,2408.0,31.398468759524533,36.7,mavic,NorthSea_Fri_DJI_0114.MP4,5205,data/raw/seadronessee/odv2/images/train/6627.jpg,train
train:37328,train:6627,train,37328,6627,6627.jpg,3840,2160,1,swimmer,1942.0,941.0,31.0,30.0,930.0,31.398468759524533,36.7,mavic,NorthSea_Fri_DJI_0114.MP4,5205,data/raw/seadronessee/odv2/images/train/6627.jpg,train
train:37329,train:6627,train,37329,6627,6627.jpg,3840,2160,1,swimmer,1586.0,937.0,27.0,41.0,1107.0,31.398468759524533,36.7,mavic,NorthSea_Fri_DJI_0114.MP4,5205,data/raw/seadronessee/odv2/images/train/6627.jpg,train
train:37330,train:6627,train,37330,6627,6627.jpg,3840,2160,1,swimmer,1685.0,1107.0,107.0,43.0,4601.0,31.398468759524533,36.7,mavic,NorthSea_Fri_DJI_0114.MP4,5205,data/raw/seadronessee/odv2/images/train/6627.jpg,train
train:37331,train:6627,train,37331,6627,6627.jpg,3840,2160,1,swimmer,1594.0,1281.0,82.0,55.0,4510.0,31.398468759524533,36.7,mavic,NorthSea_Fri_DJI_0114.MP4,5205,data/raw/seadronessee/odv2/images/train/6627.jpg,train
train:37332,train:6627,train,37332,6627,6627.jpg,3840,2160,1,swimmer,1584.0,1453.0,52.0,67.0,3484.0,31.398468759524533,36.7,mavic,NorthSea_Fri_DJI_0114.MP4,5205,data/raw/seadronessee/odv2/images/train/6627.jpg,train
train:37333,train:6627,train,37333,6627,6627.jpg,3840,2160,1,swimmer,1676.0,1459.0,41.0,56.0,2296.0,31.398468759524533,36.7,mavic,NorthSea_Fri_DJI_0114.MP4,5205,data/raw/seadronessee/odv2/images/train/6627.jpg,train
train:37343,train:6629,train,37343,6629,6629.jpg,3840,2160,2,boat,1872.0,393.0,264.0,132.0,34848.0,31.698454129838463,36.7,mavic,NorthSea_Fri_DJI_0114.MP4,5235,data/raw/seadronessee/odv2/images/train/6629.jpg,train
train:37344,train:6629,train,37344,6629,6629.jpg,3840,2160,1,swimmer,2170.0,795.0,40.0,36.0,1440.0,31.698454129838463,36.7,mavic,NorthSea_Fri_DJI_0114.MP4,5235,data/raw/seadronessee/odv2/images/train/6629.jpg,train
train:37345,train:6629,train,37345,6629,6629.jpg,3840,2160,1,swimmer,1552.0,1580.0,69.0,39.0,2691.0,31.698454129838463,36.7,mavic,NorthSea_Fri_DJI_0114.MP4,5235,data/raw/seadronessee/odv2/images/train/6629.jpg,train
train:37346,train:6629,train,37346,6629,6629.jpg,3840,2160,1,swimmer,1942.0,951.0,37.0,28.0,1036.0,31.698454129838463,36.7,mavic,NorthSea_Fri_DJI_0114.MP4,5235,data/raw/seadronessee/odv2/images/train/6629.jpg,train
train:37347,train:6629,train,37347,6629,6629.jpg,3840,2160,1,swimmer,1584.0,924.0,27.0,34.0,918.0,31.698454129838463,36.7,mavic,NorthSea_Fri_DJI_0114.MP4,5235,data/raw/seadronessee/odv2/images/train/6629.jpg,train
train:37348,train:6629,train,37348,6629,6629.jpg,3840,2160,1,swimmer,1689.0,1111.0,93.0,42.0,3906.0,31.698454129838463,36.7,mavic,NorthSea_Fri_DJI_0114.MP4,5235,data/raw/seadronessee/odv2/images/train/6629.jpg,train
train:37349,train:6629,train,37349,6629,6629.jpg,3840,2160,1,swimmer,1591.0,1303.0,80.0,56.0,4480.0,31.698454129838463,36.7,mavic,NorthSea_Fri_DJI_0114.MP4,5235,data/raw/seadronessee/odv2/images/train/6629.jpg,train
train:37350,train:6629,train,37350,6629,6629.jpg,3840,2160,1,swimmer,1581.0,1456.0,52.0,63.0,3276.0,31.698454129838463,36.7,mavic,NorthSea_Fri_DJI_0114.MP4,5235,data/raw/seadronessee/odv2/images/train/6629.jpg,train
train:37351,train:6629,train,37351,6629,6629.jpg,3840,2160,1,swimmer,1683.0,1456.0,44.0,59.0,2596.0,31.698454129838463,36.7,mavic,NorthSea_Fri_DJI_0114.MP4,5235,data/raw/seadronessee/odv2/images/train/6629.jpg,train
train:37362,train:6631,train,37362,6631,6631.jpg,3840,2160,2,boat,1835.0,1390.0,257.0,135.0,34695.0,31.698454129838463,30.9,mavic,NorthSea_Fri_DJI_0114.MP4,5265,data/raw/seadronessee/odv2/images/train/6631.jpg,train
train:37363,train:6631,train,37363,6631,6631.jpg,3840,2160,1,swimmer,1714.0,2116.0,80.0,36.0,2880.0,31.698454129838463,30.9,mavic,NorthSea_Fri_DJI_0114.MP4,5265,data/raw/seadronessee/odv2/images/train/6631.jpg,train
train:37364,train:6631,train,37364,6631,6631.jpg,3840,2160,1,swimmer,1936.0,1942.0,46.0,32.0,1472.0,31.698454129838463,30.9,mavic,NorthSea_Fri_DJI_0114.MP4,5265,data/raw/seadronessee/odv2/images/train/6631.jpg,train
train:37365,train:6631,train,37365,6631,6631.jpg,3840,2160,1,swimmer,1584.0,1908.0,26.0,38.0,988.0,31.698454129838463,30.9,mavic,NorthSea_Fri_DJI_0114.MP4,5265,data/raw/seadronessee/odv2/images/train/6631.jpg,train
train:37366,train:6631,train,37366,6631,6631.jpg,3840,2160,2,boat,152.0,489.0,165.0,242.0,39930.0,31.698454129838463,30.9,mavic,NorthSea_Fri_DJI_0114.MP4,5265,data/raw/seadronessee/odv2/images/train/6631.jpg,train
train:37367,train:6631,train,37367,6631,6631.jpg,3840,2160,2,boat,1531.0,311.0,95.0,186.0,17670.0,31.698454129838463,30.9,mavic,NorthSea_Fri_DJI_0114.MP4,5265,data/raw/seadronessee/odv2/images/train/6631.jpg,train
train:37368,train:6631,train,37368,6631,6631.jpg,3840,2160,1,swimmer,2169.0,1787.0,52.0,35.0,1820.0,31.698454129838463,30.9,mavic,NorthSea_Fri_DJI_0114.MP4,5265,data/raw/seadronessee/odv2/images/train/6631.jpg,train
train:37380,train:6633,train,37380,6633,6633.jpg,3840,2160,2,boat,1785.0,980.0,257.0,124.0,31868.0,31.598459006400486,26.7,mavic,NorthSea_Fri_DJI_0114.MP4,5295,data/raw/seadronessee/odv2/images/train/6633.jpg,train
train:37381,train:6633,train,37381,6633,6633.jpg,3840,2160,1,swimmer,1701.0,1644.0,112.0,40.0,4480.0,31.598459006400486,26.7,mavic,NorthSea_Fri_DJI_0114.MP4,5295,data/raw/seadronessee/odv2/images/train/6633.jpg,train
train:37382,train:6633,train,37382,6633,6633.jpg,3840,2160,2,boat,46.0,17.0,175.0,268.0,46900.0,31.598459006400486,26.7,mavic,NorthSea_Fri_DJI_0114.MP4,5295,data/raw/seadronessee/odv2/images/train/6633.jpg,train
train:37384,train:6633,train,37384,6633,6633.jpg,3840,2160,1,swimmer,2158.0,1329.0,48.0,39.0,1872.0,31.598459006400486,26.7,mavic,NorthSea_Fri_DJI_0114.MP4,5295,data/raw/seadronessee/odv2/images/train/6633.jpg,train
train:37385,train:6633,train,37385,6633,6633.jpg,3840,2160,1,swimmer,1952.0,1482.0,32.0,27.0,864.0,31.598459006400486,26.7,mavic,NorthSea_Fri_DJI_0114.MP4,5295,data/raw/seadronessee/odv2/images/train/6633.jpg,train
train:37386,train:6633,train,37386,6633,6633.jpg,3840,2160,1,swimmer,1586.0,1449.0,28.0,38.0,1064.0,31.598459006400486,26.7,mavic,NorthSea_Fri_DJI_0114.MP4,5295,data/raw/seadronessee/odv2/images/train/6633.jpg,train
train:37387,train:6633,train,37387,6633,6633.jpg,3840,2160,1,swimmer,1594.0,1841.0,77.0,49.0,3773.0,31.598459006400486,26.7,mavic,NorthSea_Fri_DJI_0114.MP4,5295,data/raw/seadronessee/odv2/images/train/6633.jpg,train
train:37388,train:6633,train,37388,6633,6633.jpg,3840,2160,1,swimmer,1677.0,2009.0,51.0,53.0,2703.0,31.598459006400486,26.7,mavic,NorthSea_Fri_DJI_0114.MP4,5295,data/raw/seadronessee/odv2/images/train/6633.jpg,train
train:37389,train:6633,train,37389,6633,6633.jpg,3840,2160,1,swimmer,1556.0,2008.0,64.0,54.0,3456.0,31.598459006400486,26.7,mavic,NorthSea_Fri_DJI_0114.MP4,5295,data/raw/seadronessee/odv2/images/train/6633.jpg,train
train:37402,train:6635,train,37402,6635,6635.jpg,3840,2160,2,boat,1730.0,981.0,260.0,131.0,34060.0,31.598459006400486,26.7,mavic,NorthSea_Fri_DJI_0114.MP4,5325,data/raw/seadronessee/odv2/images/train/6635.jpg,train
train:37403,train:6635,train,37403,6635,6635.jpg,3840,2160,1,swimmer,1754.0,1615.0,73.0,35.0,2555.0,31.598459006400486,26.7,mavic,NorthSea_Fri_DJI_0114.MP4,5325,data/raw/seadronessee/odv2/images/train/6635.jpg,train
train:37404,train:6635,train,37404,6635,6635.jpg,3840,2160,2,boat,15.0,27.0,169.0,265.0,44785.0,31.598459006400486,26.7,mavic,NorthSea_Fri_DJI_0114.MP4,5325,data/raw/seadronessee/odv2/images/train/6635.jpg,train
train:37406,train:6635,train,37406,6635,6635.jpg,3840,2160,1,swimmer,2144.0,1303.0,55.0,36.0,1980.0,31.598459006400486,26.7,mavic,NorthSea_Fri_DJI_0114.MP4,5325,data/raw/seadronessee/odv2/images/train/6635.jpg,train
train:37407,train:6635,train,37407,6635,6635.jpg,3840,2160,1,swimmer,1955.0,1460.0,31.0,30.0,930.0,31.598459006400486,26.7,mavic,NorthSea_Fri_DJI_0114.MP4,5325,data/raw/seadronessee/odv2/images/train/6635.jpg,train
train:37408,train:6635,train,37408,6635,6635.jpg,3840,2160,1,swimmer,1589.0,1405.0,29.0,48.0,1392.0,31.598459006400486,26.7,mavic,NorthSea_Fri_DJI_0114.MP4,5325,data/raw/seadronessee/odv2/images/train/6635.jpg,train
train:37409,train:6635,train,37409,6635,6635.jpg,3840,2160,1,swimmer,1620.0,1812.0,74.0,46.0,3404.0,31.598459006400486,26.7,mavic,NorthSea_Fri_DJI_0114.MP4,5325,data/raw/seadronessee/odv2/images/train/6635.jpg,train
train:37410,train:6635,train,37410,6635,6635.jpg,3840,2160,1,swimmer,1688.0,1962.0,49.0,48.0,2352.0,31.598459006400486,26.7,mavic,NorthSea_Fri_DJI_0114.MP4,5325,data/raw/seadronessee/odv2/images/train/6635.jpg,train
train:37411,train:6635,train,37411,6635,6635.jpg,3840,2160,1,swimmer,1559.0,1966.0,77.0,56.0,4312.0,31.598459006400486,26.7,mavic,NorthSea_Fri_DJI_0114.MP4,5325,data/raw/seadronessee/odv2/images/train/6635.jpg,train
train:37412,train:6635,train,37412,6635,6635.jpg,3840,2160,1,swimmer,1556.0,2064.0,70.0,83.0,5810.0,31.598459006400486,26.7,mavic,NorthSea_Fri_DJI_0114.MP4,5325,data/raw/seadronessee/odv2/images/train/6635.jpg,train
train:37424,train:6637,train,37424,6637,6637.jpg,3840,2160,2,boat,1687.0,947.0,258.0,125.0,32250.0,31.598459006400486,26.7,mavic,NorthSea_Fri_DJI_0114.MP4,5355,data/raw/seadronessee/odv2/images/train/6637.jpg,train
train:37425,train:6637,train,37425,6637,6637.jpg,3840,2160,1,swimmer,1772.0,1507.0,73.0,34.0,2482.0,31.598459006400486,26.7,mavic,NorthSea_Fri_DJI_0114.MP4,5355,data/raw/seadronessee/odv2/images/train/6637.jpg,train
train:37426,train:6637,train,37426,6637,6637.jpg,3840,2160,2,boat,3.0,17.0,168.0,269.0,45192.0,31.598459006400486,26.7,mavic,NorthSea_Fri_DJI_0114.MP4,5355,data/raw/seadronessee/odv2/images/train/6637.jpg,train
train:37428,train:6637,train,37428,6637,6637.jpg,3840,2160,1,swimmer,2148.0,1222.0,38.0,34.0,1292.0,31.598459006400486,26.7,mavic,NorthSea_Fri_DJI_0114.MP4,5355,data/raw/seadronessee/odv2/images/train/6637.jpg,train
train:37429,train:6637,train,37429,6637,6637.jpg,3840,2160,1,swimmer,1955.0,1365.0,24.0,30.0,720.0,31.598459006400486,26.7,mavic,NorthSea_Fri_DJI_0114.MP4,5355,data/raw/seadronessee/odv2/images/train/6637.jpg,train
train:37430,train:6637,train,37430,6637,6637.jpg,3840,2160,1,swimmer,1609.0,1327.0,25.0,31.0,775.0,31.598459006400486,26.7,mavic,NorthSea_Fri_DJI_0114.MP4,5355,data/raw/seadronessee/odv2/images/train/6637.jpg,train
train:37431,train:6637,train,37431,6637,6637.jpg,3840,2160,1,swimmer,1622.0,1681.0,72.0,43.0,3096.0,31.598459006400486,26.7,mavic,NorthSea_Fri_DJI_0114.MP4,5355,data/raw/seadronessee/odv2/images/train/6637.jpg,train
train:37432,train:6637,train,37432,6637,6637.jpg,3840,2160,1,swimmer,1703.0,1831.0,42.0,45.0,1890.0,31.598459006400486,26.7,mavic,NorthSea_Fri_DJI_0114.MP4,5355,data/raw/seadronessee/odv2/images/train/6637.jpg,train
train:37433,train:6637,train,37433,6637,6637.jpg,3840,2160,1,swimmer,1580.0,1829.0,49.0,48.0,2352.0,31.598459006400486,26.7,mavic,NorthSea_Fri_DJI_0114.MP4,5355,data/raw/seadronessee/odv2/images/train/6637.jpg,train
train:37434,train:6637,train,37434,6637,6637.jpg,3840,2160,1,swimmer,1570.0,1919.0,52.0,55.0,2860.0,31.598459006400486,26.7,mavic,NorthSea_Fri_DJI_0114.MP4,5355,data/raw/seadronessee/odv2/images/train/6637.jpg,train
train:37446,train:6639,train,37446,6639,6639.jpg,3840,2160,2,boat,1653.0,889.0,242.0,117.0,28314.0,31.598459006400486,26.7,mavic,NorthSea_Fri_DJI_0114.MP4,5385,data/raw/seadronessee/odv2/images/train/6639.jpg,train
train:37447,train:6639,train,37447,6639,6639.jpg,3840,2160,1,swimmer,1807.0,1339.0,63.0,39.0,2457.0,31.598459006400486,26.7,mavic,NorthSea_Fri_DJI_0114.MP4,5385,data/raw/seadronessee/odv2/images/train/6639.jpg,train
train:37448,train:6639,train,37448,6639,6639.jpg,3840,2160,2,boat,20.0,13.0,155.0,258.0,39990.0,31.598459006400486,26.7,mavic,NorthSea_Fri_DJI_0114.MP4,5385,data/raw/seadronessee/odv2/images/train/6639.jpg,train
train:37450,train:6639,train,37450,6639,6639.jpg,3840,2160,1,swimmer,1960.0,1233.0,24.0,26.0,624.0,31.598459006400486,26.7,mavic,NorthSea_Fri_DJI_0114.MP4,5385,data/raw/seadronessee/odv2/images/train/6639.jpg,train
train:37451,train:6639,train,37451,6639,6639.jpg,3840,2160,1,swimmer,1638.0,1207.0,25.0,31.0,775.0,31.598459006400486,26.7,mavic,NorthSea_Fri_DJI_0114.MP4,5385,data/raw/seadronessee/odv2/images/train/6639.jpg,train
train:37452,train:6639,train,37452,6639,6639.jpg,3840,2160,1,swimmer,1658.0,1494.0,60.0,39.0,2340.0,31.598459006400486,26.7,mavic,NorthSea_Fri_DJI_0114.MP4,5385,data/raw/seadronessee/odv2/images/train/6639.jpg,train
train:37453,train:6639,train,37453,6639,6639.jpg,3840,2160,1,swimmer,1720.0,1612.0,38.0,39.0,1482.0,31.598459006400486,26.7,mavic,NorthSea_Fri_DJI_0114.MP4,5385,data/raw/seadronessee/odv2/images/train/6639.jpg,train
train:37454,train:6639,train,37454,6639,6639.jpg,3840,2160,1,swimmer,1604.0,1615.0,48.0,40.0,1920.0,31.598459006400486,26.7,mavic,NorthSea_Fri_DJI_0114.MP4,5385,data/raw/seadronessee/odv2/images/train/6639.jpg,train
train:37455,train:6639,train,37455,6639,6639.jpg,3840,2160,1,swimmer,1594.0,1695.0,41.0,33.0,1353.0,31.598459006400486,26.7,mavic,NorthSea_Fri_DJI_0114.MP4,5385,data/raw/seadronessee/odv2/images/train/6639.jpg,train
train:37456,train:6639,train,37456,6639,6639.jpg,3840,2160,1,swimmer,2129.0,1131.0,39.0,28.0,1092.0,31.598459006400486,26.7,mavic,NorthSea_Fri_DJI_0114.MP4,5385,data/raw/seadronessee/odv2/images/train/6639.jpg,train
train:40043,train:6882,train,40043,6882,6882.jpg,3840,2160,3,jetski,1763.0,1182.0,174.0,77.0,13398.0,34.798302956415725,30.6,mavic,NorthSea_Fri_DJI_0115.MP4,0,data/raw/seadronessee/odv2/images/train/6882.jpg,test
train:40044,train:6882,train,40044,6882,6882.jpg,3840,2160,5,buoy,2017.0,585.0,47.0,68.0,3196.0,34.798302956415725,30.6,mavic,NorthSea_Fri_DJI_0115.MP4,0,data/raw/seadronessee/odv2/images/train/6882.jpg,test
train:40045,train:6882,train,40045,6882,6882.jpg,3840,2160,1,swimmer,2323.0,990.0,46.0,36.0,1656.0,34.798302956415725,30.6,mavic,NorthSea_Fri_DJI_0115.MP4,0,data/raw/seadronessee/odv2/images/train/6882.jpg,test
train:40046,train:6882,train,40046,6882,6882.jpg,3840,2160,1,swimmer,3127.0,1336.0,37.0,31.0,1147.0,34.798302956415725,30.6,mavic,NorthSea_Fri_DJI_0115.MP4,0,data/raw/seadronessee/odv2/images/train/6882.jpg,test
train:40047,train:6882,train,40047,6882,6882.jpg,3840,2160,1,swimmer,2784.0,1319.0,39.0,39.0,1521.0,34.798302956415725,30.6,mavic,NorthSea_Fri_DJI_0115.MP4,0,data/raw/seadronessee/odv2/images/train/6882.jpg,test
train:40048,train:6882,train,40048,6882,6882.jpg,3840,2160,1,swimmer,2503.0,1262.0,30.0,41.0,1230.0,34.798302956415725,30.6,mavic,NorthSea_Fri_DJI_0115.MP4,0,data/raw/seadronessee/odv2/images/train/6882.jpg,test
train:40049,train:6882,train,40049,6882,6882.jpg,3840,2160,1,swimmer,1874.0,1049.0,23.0,22.0,506.0,34.798302956415725,30.6,mavic,NorthSea_Fri_DJI_0115.MP4,0,data/raw/seadronessee/odv2/images/train/6882.jpg,test
train:40050,train:6882,train,40050,6882,6882.jpg,3840,2160,1,swimmer,2207.0,1525.0,80.0,26.0,2080.0,34.798302956415725,30.6,mavic,NorthSea_Fri_DJI_0115.MP4,0,data/raw/seadronessee/odv2/images/train/6882.jpg,test
train:40051,train:6882,train,40051,6882,6882.jpg,3840,2160,2,boat,3458.0,1022.0,233.0,179.0,41707.0,34.798302956415725,30.6,mavic,NorthSea_Fri_DJI_0115.MP4,0,data/raw/seadronessee/odv2/images/train/6882.jpg,test
train:40061,train:6884,train,40061,6884,6884.jpg,3840,2160,3,jetski,1847.0,1178.0,186.0,62.0,11532.0,34.798302956415725,30.6,mavic,NorthSea_Fri_DJI_0115.MP4,30,data/raw/seadronessee/odv2/images/train/6884.jpg,test
train:40062,train:6884,train,40062,6884,6884.jpg,3840,2160,5,buoy,2003.0,596.0,47.0,65.0,3055.0,34.798302956415725,30.6,mavic,NorthSea_Fri_DJI_0115.MP4,30,data/raw/seadronessee/odv2/images/train/6884.jpg,test
train:40063,train:6884,train,40063,6884,6884.jpg,3840,2160,1,swimmer,2310.0,994.0,47.0,31.0,1457.0,34.798302956415725,30.6,mavic,NorthSea_Fri_DJI_0115.MP4,30,data/raw/seadronessee/odv2/images/train/6884.jpg,test
train:40064,train:6884,train,40064,6884,6884.jpg,3840,2160,1,swimmer,3111.0,1358.0,39.0,28.0,1092.0,34.798302956415725,30.6,mavic,NorthSea_Fri_DJI_0115.MP4,30,data/raw/seadronessee/odv2/images/train/6884.jpg,test
train:40065,train:6884,train,40065,6884,6884.jpg,3840,2160,1,swimmer,2761.0,1330.0,43.0,40.0,1720.0,34.798302956415725,30.6,mavic,NorthSea_Fri_DJI_0115.MP4,30,data/raw/seadronessee/odv2/images/train/6884.jpg,test
train:40066,train:6884,train,40066,6884,6884.jpg,3840,2160,1,swimmer,2498.0,1265.0,26.0,31.0,806.0,34.798302956415725,30.6,mavic,NorthSea_Fri_DJI_0115.MP4,30,data/raw/seadronessee/odv2/images/train/6884.jpg,test
train:40067,train:6884,train,40067,6884,6884.jpg,3840,2160,1,swimmer,1866.0,1046.0,26.0,22.0,572.0,34.798302956415725,30.6,mavic,NorthSea_Fri_DJI_0115.MP4,30,data/raw/seadronessee/odv2/images/train/6884.jpg,test
train:40068,train:6884,train,40068,6884,6884.jpg,3840,2160,1,swimmer,2195.0,1525.0,76.0,29.0,2204.0,34.798302956415725,30.6,mavic,NorthSea_Fri_DJI_0115.MP4,30,data/raw/seadronessee/odv2/images/train/6884.jpg,test
train:40069,train:6884,train,40069,6884,6884.jpg,3840,2160,2,boat,3446.0,1042.0,248.0,163.0,40424.0,34.798302956415725,30.6,mavic,NorthSea_Fri_DJI_0115.MP4,30,data/raw/seadronessee/odv2/images/train/6884.jpg,test
train:40079,train:6886,train,40079,6886,6886.jpg,3840,2160,3,jetski,1953.0,1173.0,195.0,63.0,12285.0,34.99829320329168,30.6,mavic,NorthSea_Fri_DJI_0115.MP4,60,data/raw/seadronessee/odv2/images/train/6886.jpg,test
train:40080,train:6886,train,40080,6886,6886.jpg,3840,2160,5,buoy,2007.0,602.0,47.0,65.0,3055.0,34.99829320329168,30.6,mavic,NorthSea_Fri_DJI_0115.MP4,60,data/raw/seadronessee/odv2/images/train/6886.jpg,test
train:40081,train:6886,train,40081,6886,6886.jpg,3840,2160,1,swimmer,2309.0,992.0,45.0,31.0,1395.0,34.99829320329168,30.6,mavic,NorthSea_Fri_DJI_0115.MP4,60,data/raw/seadronessee/odv2/images/train/6886.jpg,test
train:40082,train:6886,train,40082,6886,6886.jpg,3840,2160,1,swimmer,3123.0,1364.0,38.0,28.0,1064.0,34.99829320329168,30.6,mavic,NorthSea_Fri_DJI_0115.MP4,60,data/raw/seadronessee/odv2/images/train/6886.jpg,test
train:40083,train:6886,train,40083,6886,6886.jpg,3840,2160,1,swimmer,2748.0,1354.0,42.0,41.0,1722.0,34.99829320329168,30.6,mavic,NorthSea_Fri_DJI_0115.MP4,60,data/raw/seadronessee/odv2/images/train/6886.jpg,test
train:40084,train:6886,train,40084,6886,6886.jpg,3840,2160,1,swimmer,2480.0,1263.0,54.0,42.0,2268.0,34.99829320329168,30.6,mavic,NorthSea_Fri_DJI_0115.MP4,60,data/raw/seadronessee/odv2/images/train/6886.jpg,test
train:40085,train:6886,train,40085,6886,6886.jpg,3840,2160,1,swimmer,1875.0,1047.0,25.0,20.0,500.0,34.99829320329168,30.6,mavic,NorthSea_Fri_DJI_0115.MP4,60,data/raw/seadronessee/odv2/images/train/6886.jpg,test
train:40086,train:6886,train,40086,6886,6886.jpg,3840,2160,1,swimmer,2200.0,1530.0,83.0,26.0,2158.0,34.99829320329168,30.6,mavic,NorthSea_Fri_DJI_0115.MP4,60,data/raw/seadronessee/odv2/images/train/6886.jpg,test
train:40087,train:6886,train,40087,6886,6886.jpg,3840,2160,2,boat,3441.0,1056.0,250.0,166.0,41500.0,34.99829320329168,30.6,mavic,NorthSea_Fri_DJI_0115.MP4,60,data/raw/seadronessee/odv2/images/train/6886.jpg,test
train:40116,train:6890,train,40116,6890,6890.jpg,3840,2160,3,jetski,2074.0,1147.0,173.0,69.0,11937.0,34.99829320329168,30.6,mavic,NorthSea_Fri_DJI_0115.MP4,120,data/raw/seadronessee/odv2/images/train/6890.jpg,test
train:40117,train:6890,train,40117,6890,6890.jpg,3840,2160,5,buoy,1947.0,595.0,48.0,65.0,3120.0,34.99829320329168,30.6,mavic,NorthSea_Fri_DJI_0115.MP4,120,data/raw/seadronessee/odv2/images/train/6890.jpg,test
train:40118,train:6890,train,40118,6890,6890.jpg,3840,2160,1,swimmer,2221.0,995.0,50.0,29.0,1450.0,34.99829320329168,30.6,mavic,NorthSea_Fri_DJI_0115.MP4,120,data/raw/seadronessee/odv2/images/train/6890.jpg,test
train:40119,train:6890,train,40119,6890,6890.jpg,3840,2160,1,swimmer,3008.0,1372.0,24.0,22.0,528.0,34.99829320329168,30.6,mavic,NorthSea_Fri_DJI_0115.MP4,120,data/raw/seadronessee/odv2/images/train/6890.jpg,test
train:40120,train:6890,train,40120,6890,6890.jpg,3840,2160,1,swimmer,2656.0,1379.0,44.0,43.0,1892.0,34.99829320329168,30.6,mavic,NorthSea_Fri_DJI_0115.MP4,120,data/raw/seadronessee/odv2/images/train/6890.jpg,test
train:40121,train:6890,train,40121,6890,6890.jpg,3840,2160,1,swimmer,2371.0,1282.0,77.0,44.0,3388.0,34.99829320329168,30.6,mavic,NorthSea_Fri_DJI_0115.MP4,120,data/raw/seadronessee/odv2/images/train/6890.jpg,test
train:40122,train:6890,train,40122,6890,6890.jpg,3840,2160,1,swimmer,1803.0,1049.0,29.0,21.0,609.0,34.99829320329168,30.6,mavic,NorthSea_Fri_DJI_0115.MP4,120,data/raw/seadronessee/odv2/images/train/6890.jpg,test
train:40123,train:6890,train,40123,6890,6890.jpg,3840,2160,1,swimmer,2081.0,1544.0,80.0,25.0,2000.0,34.99829320329168,30.6,mavic,NorthSea_Fri_DJI_0115.MP4,120,data/raw/seadronessee/odv2/images/train/6890.jpg,test
train:40124,train:6890,train,40124,6890,6890.jpg,3840,2160,2,boat,3366.0,1056.0,225.0,179.0,40275.0,34.99829320329168,30.6,mavic,NorthSea_Fri_DJI_0115.MP4,120,data/raw/seadronessee/odv2/images/train/6890.jpg,test
train:40125,train:6890,train,40125,6890,6890.jpg,3840,2160,1,swimmer,1964.0,1209.0,18.0,23.0,414.0,34.99829320329168,30.6,mavic,NorthSea_Fri_DJI_0115.MP4,120,data/raw/seadronessee/odv2/images/train/6890.jpg,test
train:40159,train:6894,train,40159,6894,6894.jpg,3840,2160,3,jetski,2072.0,1002.0,48.0,100.0,4800.0,34.99829320329168,30.6,mavic,NorthSea_Fri_DJI_0115.MP4,180,data/raw/seadronessee/odv2/images/train/6894.jpg,test
train:40160,train:6894,train,40160,6894,6894.jpg,3840,2160,5,buoy,1651.0,610.0,48.0,64.0,3072.0,34.99829320329168,30.6,mavic,NorthSea_Fri_DJI_0115.MP4,180,data/raw/seadronessee/odv2/images/train/6894.jpg,test
train:40161,train:6894,train,40161,6894,6894.jpg,3840,2160,1,swimmer,1909.0,994.0,54.0,27.0,1458.0,34.99829320329168,30.6,mavic,NorthSea_Fri_DJI_0115.MP4,180,data/raw/seadronessee/odv2/images/train/6894.jpg,test
train:40162,train:6894,train,40162,6894,6894.jpg,3840,2160,1,swimmer,2299.0,1382.0,54.0,43.0,2322.0,34.99829320329168,30.6,mavic,NorthSea_Fri_DJI_0115.MP4,180,data/raw/seadronessee/odv2/images/train/6894.jpg,test
train:40163,train:6894,train,40163,6894,6894.jpg,3840,2160,1,swimmer,2058.0,1285.0,70.0,37.0,2590.0,34.99829320329168,30.6,mavic,NorthSea_Fri_DJI_0115.MP4,180,data/raw/seadronessee/odv2/images/train/6894.jpg,test
train:40164,train:6894,train,40164,6894,6894.jpg,3840,2160,1,swimmer,1783.0,1547.0,59.0,40.0,2360.0,34.99829320329168,30.6,mavic,NorthSea_Fri_DJI_0115.MP4,180,data/raw/seadronessee/odv2/images/train/6894.jpg,test
train:40165,train:6894,train,40165,6894,6894.jpg,3840,2160,2,boat,3037.0,1021.0,212.0,158.0,33496.0,34.99829320329168,30.6,mavic,NorthSea_Fri_DJI_0115.MP4,180,data/raw/seadronessee/odv2/images/train/6894.jpg,test
train:40166,train:6894,train,40166,6894,6894.jpg,3840,2160,1,swimmer,1692.0,1164.0,28.0,25.0,700.0,34.99829320329168,30.6,mavic,NorthSea_Fri_DJI_0115.MP4,180,data/raw/seadronessee/odv2/images/train/6894.jpg,test
train:40167,train:6894,train,40167,6894,6894.jpg,3840,2160,1,swimmer,1663.0,1225.0,26.0,28.0,728.0,34.99829320329168,30.6,mavic,NorthSea_Fri_DJI_0115.MP4,180,data/raw/seadronessee/odv2/images/train/6894.jpg,test
train:40168,train:6894,train,40168,6894,6894.jpg,3840,2160,1,swimmer,1511.0,1071.0,24.0,27.0,648.0,34.99829320329168,30.6,mavic,NorthSea_Fri_DJI_0115.MP4,180,data/raw/seadronessee/odv2/images/train/6894.jpg,test
train:40169,train:6894,train,40169,6894,6894.jpg,3840,2160,1,swimmer,2658.0,1322.0,36.0,34.0,1224.0,34.99829320329168,30.6,mavic,NorthSea_Fri_DJI_0115.MP4,180,data/raw/seadronessee/odv2/images/train/6894.jpg,test
train:40181,train:6896,train,40181,6896,6896.jpg,3840,2160,3,jetski,1906.0,901.0,89.0,75.0,6675.0,34.99829320329168,30.6,mavic,NorthSea_Fri_DJI_0115.MP4,210,data/raw/seadronessee/odv2/images/train/6896.jpg,test
train:40182,train:6896,train,40182,6896,6896.jpg,3840,2160,5,buoy,1495.0,610.0,49.0,67.0,3283.0,34.99829320329168,30.6,mavic,NorthSea_Fri_DJI_0115.MP4,210,data/raw/seadronessee/odv2/images/train/6896.jpg,test
train:40183,train:6896,train,40183,6896,6896.jpg,3840,2160,1,swimmer,1762.0,990.0,55.0,27.0,1485.0,34.99829320329168,30.6,mavic,NorthSea_Fri_DJI_0115.MP4,210,data/raw/seadronessee/odv2/images/train/6896.jpg,test
train:40184,train:6896,train,40184,6896,6896.jpg,3840,2160,1,swimmer,2173.0,1375.0,35.0,37.0,1295.0,34.99829320329168,30.6,mavic,NorthSea_Fri_DJI_0115.MP4,210,data/raw/seadronessee/odv2/images/train/6896.jpg,test
train:40185,train:6896,train,40185,6896,6896.jpg,3840,2160,1,swimmer,1929.0,1294.0,46.0,41.0,1886.0,34.99829320329168,30.6,mavic,NorthSea_Fri_DJI_0115.MP4,210,data/raw/seadronessee/odv2/images/train/6896.jpg,test
train:40186,train:6896,train,40186,6896,6896.jpg,3840,2160,1,swimmer,1642.0,1554.0,56.0,39.0,2184.0,34.99829320329168,30.6,mavic,NorthSea_Fri_DJI_0115.MP4,210,data/raw/seadronessee/odv2/images/train/6896.jpg,test
train:40187,train:6896,train,40187,6896,6896.jpg,3840,2160,2,boat,2887.0,995.0,196.0,164.0,32144.0,34.99829320329168,30.6,mavic,NorthSea_Fri_DJI_0115.MP4,210,data/raw/seadronessee/odv2/images/train/6896.jpg,test
train:40188,train:6896,train,40188,6896,6896.jpg,3840,2160,1,swimmer,2522.0,1303.0,37.0,32.0,1184.0,34.99829320329168,30.6,mavic,NorthSea_Fri_DJI_0115.MP4,210,data/raw/seadronessee/odv2/images/train/6896.jpg,test
train:40189,train:6896,train,40189,6896,6896.jpg,3840,2160,1,swimmer,1375.0,1083.0,20.0,18.0,360.0,34.99829320329168,30.6,mavic,NorthSea_Fri_DJI_0115.MP4,210,data/raw/seadronessee/odv2/images/train/6896.jpg,test
train:40190,train:6896,train,40190,6896,6896.jpg,3840,2160,1,swimmer,1564.0,1176.0,28.0,21.0,588.0,34.99829320329168,30.6,mavic,NorthSea_Fri_DJI_0115.MP4,210,data/raw/seadronessee/odv2/images/train/6896.jpg,test
train:40191,train:6896,train,40191,6896,6896.jpg,3840,2160,1,swimmer,1528.0,1243.0,27.0,26.0,702.0,34.99829320329168,30.6,mavic,NorthSea_Fri_DJI_0115.MP4,210,data/raw/seadronessee/odv2/images/train/6896.jpg,test
train:40203,train:6898,train,40203,6898,6898.jpg,3840,2160,3,jetski,1730.0,812.0,120.0,75.0,9000.0,34.99829320329168,30.6,mavic,NorthSea_Fri_DJI_0115.MP4,240,data/raw/seadronessee/odv2/images/train/6898.jpg,test
train:40204,train:6898,train,40204,6898,6898.jpg,3840,2160,5,buoy,1497.0,621.0,48.0,65.0,3120.0,34.99829320329168,30.6,mavic,NorthSea_Fri_DJI_0115.MP4,240,data/raw/seadronessee/odv2/images/train/6898.jpg,test
train:40205,train:6898,train,40205,6898,6898.jpg,3840,2160,1,swimmer,1758.0,982.0,56.0,26.0,1456.0,34.99829320329168,30.6,mavic,NorthSea_Fri_DJI_0115.MP4,240,data/raw/seadronessee/odv2/images/train/6898.jpg,test
train:40206,train:6898,train,40206,6898,6898.jpg,3840,2160,1,swimmer,2180.0,1382.0,36.0,34.0,1224.0,34.99829320329168,30.6,mavic,NorthSea_Fri_DJI_0115.MP4,240,data/raw/seadronessee/odv2/images/train/6898.jpg,test
train:40207,train:6898,train,40207,6898,6898.jpg,3840,2160,1,swimmer,1935.0,1291.0,44.0,44.0,1936.0,34.99829320329168,30.6,mavic,NorthSea_Fri_DJI_0115.MP4,240,data/raw/seadronessee/odv2/images/train/6898.jpg,test
train:40208,train:6898,train,40208,6898,6898.jpg,3840,2160,1,swimmer,1648.0,1555.0,33.0,39.0,1287.0,34.99829320329168,30.6,mavic,NorthSea_Fri_DJI_0115.MP4,240,data/raw/seadronessee/odv2/images/train/6898.jpg,test
train:40209,train:6898,train,40209,6898,6898.jpg,3840,2160,2,boat,2890.0,1001.0,197.0,168.0,33096.0,34.99829320329168,30.6,mavic,NorthSea_Fri_DJI_0115.MP4,240,data/raw/seadronessee/odv2/images/train/6898.jpg,test
train:40210,train:6898,train,40210,6898,6898.jpg,3840,2160,1,swimmer,1382.0,1072.0,27.0,22.0,594.0,34.99829320329168,30.6,mavic,NorthSea_Fri_DJI_0115.MP4,240,data/raw/seadronessee/odv2/images/train/6898.jpg,test
train:40211,train:6898,train,40211,6898,6898.jpg,3840,2160,1,swimmer,1570.0,1167.0,26.0,23.0,598.0,34.99829320329168,30.6,mavic,NorthSea_Fri_DJI_0115.MP4,240,data/raw/seadronessee/odv2/images/train/6898.jpg,test
train:40212,train:6898,train,40212,6898,6898.jpg,3840,2160,1,swimmer,1538.0,1246.0,25.0,26.0,650.0,34.99829320329168,30.6,mavic,NorthSea_Fri_DJI_0115.MP4,240,data/raw/seadronessee/odv2/images/train/6898.jpg,test
train:40213,train:6898,train,40213,6898,6898.jpg,3840,2160,1,swimmer,2530.0,1296.0,37.0,29.0,1073.0,34.99829320329168,30.6,mavic,NorthSea_Fri_DJI_0115.MP4,240,data/raw/seadronessee/odv2/images/train/6898.jpg,test
train:40225,train:6900,train,40225,6900,6900.jpg,3840,2160,3,jetski,1482.0,762.0,144.0,59.0,8496.0,34.99829320329168,30.6,mavic,NorthSea_Fri_DJI_0115.MP4,270,data/raw/seadronessee/odv2/images/train/6900.jpg,test
train:40226,train:6900,train,40226,6900,6900.jpg,3840,2160,5,buoy,1499.0,614.0,49.0,66.0,3234.0,34.99829320329168,30.6,mavic,NorthSea_Fri_DJI_0115.MP4,270,data/raw/seadronessee/odv2/images/train/6900.jpg,test
train:40227,train:6900,train,40227,6900,6900.jpg,3840,2160,1,swimmer,1759.0,981.0,58.0,26.0,1508.0,34.99829320329168,30.6,mavic,NorthSea_Fri_DJI_0115.MP4,270,data/raw/seadronessee/odv2/images/train/6900.jpg,test
train:40228,train:6900,train,40228,6900,6900.jpg,3840,2160,1,swimmer,2183.0,1388.0,31.0,32.0,992.0,34.99829320329168,30.6,mavic,NorthSea_Fri_DJI_0115.MP4,270,data/raw/seadronessee/odv2/images/train/6900.jpg,test
train:40229,train:6900,train,40229,6900,6900.jpg,3840,2160,1,swimmer,1935.0,1295.0,40.0,41.0,1640.0,34.99829320329168,30.6,mavic,NorthSea_Fri_DJI_0115.MP4,270,data/raw/seadronessee/odv2/images/train/6900.jpg,test
train:40230,train:6900,train,40230,6900,6900.jpg,3840,2160,1,swimmer,1646.0,1574.0,52.0,35.0,1820.0,34.99829320329168,30.6,mavic,NorthSea_Fri_DJI_0115.MP4,270,data/raw/seadronessee/odv2/images/train/6900.jpg,test
train:40231,train:6900,train,40231,6900,6900.jpg,3840,2160,2,boat,2896.0,1012.0,198.0,164.0,32472.0,34.99829320329168,30.6,mavic,NorthSea_Fri_DJI_0115.MP4,270,data/raw/seadronessee/odv2/images/train/6900.jpg,test
train:40232,train:6900,train,40232,6900,6900.jpg,3840,2160,1,swimmer,1392.0,1068.0,23.0,19.0,437.0,34.99829320329168,30.6,mavic,NorthSea_Fri_DJI_0115.MP4,270,data/raw/seadronessee/odv2/images/train/6900.jpg,test
train:40233,train:6900,train,40233,6900,6900.jpg,3840,2160,1,swimmer,1571.0,1158.0,31.0,24.0,744.0,34.99829320329168,30.6,mavic,NorthSea_Fri_DJI_0115.MP4,270,data/raw/seadronessee/odv2/images/train/6900.jpg,test
train:40234,train:6900,train,40234,6900,6900.jpg,3840,2160,1,swimmer,1538.0,1250.0,30.0,24.0,720.0,34.99829320329168,30.6,mavic,NorthSea_Fri_DJI_0115.MP4,270,data/raw/seadronessee/odv2/images/train/6900.jpg,test
train:40235,train:6900,train,40235,6900,6900.jpg,3840,2160,1,swimmer,2521.0,1303.0,35.0,25.0,875.0,34.99829320329168,30.6,mavic,NorthSea_Fri_DJI_0115.MP4,270,data/raw/seadronessee/odv2/images/train/6900.jpg,test
train:40247,train:6902,train,40247,6902,6902.jpg,3840,2160,3,jetski,1206.0,721.0,141.0,51.0,7191.0,34.99829320329168,30.6,mavic,NorthSea_Fri_DJI_0115.MP4,300,data/raw/seadronessee/odv2/images/train/6902.jpg,test
train:40248,train:6902,train,40248,6902,6902.jpg,3840,2160,5,buoy,1509.0,617.0,48.0,65.0,3120.0,34.99829320329168,30.6,mavic,NorthSea_Fri_DJI_0115.MP4,300,data/raw/seadronessee/odv2/images/train/6902.jpg,test
train:40249,train:6902,train,40249,6902,6902.jpg,3840,2160,1,swimmer,1761.0,988.0,60.0,27.0,1620.0,34.99829320329168,30.6,mavic,NorthSea_Fri_DJI_0115.MP4,300,data/raw/seadronessee/odv2/images/train/6902.jpg,test
train:40250,train:6902,train,40250,6902,6902.jpg,3840,2160,1,swimmer,2182.0,1397.0,29.0,32.0,928.0,34.99829320329168,30.6,mavic,NorthSea_Fri_DJI_0115.MP4,300,data/raw/seadronessee/odv2/images/train/6902.jpg,test
train:40251,train:6902,train,40251,6902,6902.jpg,3840,2160,1,swimmer,1927.0,1316.0,52.0,39.0,2028.0,34.99829320329168,30.6,mavic,NorthSea_Fri_DJI_0115.MP4,300,data/raw/seadronessee/odv2/images/train/6902.jpg,test
train:40252,train:6902,train,40252,6902,6902.jpg,3840,2160,1,swimmer,1659.0,1570.0,50.0,33.0,1650.0,34.99829320329168,30.6,mavic,NorthSea_Fri_DJI_0115.MP4,300,data/raw/seadronessee/odv2/images/train/6902.jpg,test
train:40253,train:6902,train,40253,6902,6902.jpg,3840,2160,2,boat,2900.0,1021.0,193.0,157.0,30301.0,34.99829320329168,30.6,mavic,NorthSea_Fri_DJI_0115.MP4,300,data/raw/seadronessee/odv2/images/train/6902.jpg,test
train:40254,train:6902,train,40254,6902,6902.jpg,3840,2160,1,swimmer,1398.0,1069.0,29.0,23.0,667.0,34.99829320329168,30.6,mavic,NorthSea_Fri_DJI_0115.MP4,300,data/raw/seadronessee/odv2/images/train/6902.jpg,test
train:40255,train:6902,train,40255,6902,6902.jpg,3840,2160,1,swimmer,1574.0,1158.0,29.0,21.0,609.0,34.99829320329168,30.6,mavic,NorthSea_Fri_DJI_0115.MP4,300,data/raw/seadronessee/odv2/images/train/6902.jpg,test
train:40256,train:6902,train,40256,6902,6902.jpg,3840,2160,1,swimmer,1536.0,1247.0,48.0,32.0,1536.0,34.99829320329168,30.6,mavic,NorthSea_Fri_DJI_0115.MP4,300,data/raw/seadronessee/odv2/images/train/6902.jpg,test
train:40257,train:6902,train,40257,6902,6902.jpg,3840,2160,1,swimmer,2520.0,1314.0,33.0,31.0,1023.0,34.99829320329168,30.6,mavic,NorthSea_Fri_DJI_0115.MP4,300,data/raw/seadronessee/odv2/images/train/6902.jpg,test
train:40269,train:6904,train,40269,6904,6904.jpg,3840,2160,3,jetski,889.0,699.0,137.0,51.0,6987.0,34.99829320329168,30.6,mavic,NorthSea_Fri_DJI_0115.MP4,330,data/raw/seadronessee/odv2/images/train/6904.jpg,test
train:40270,train:6904,train,40270,6904,6904.jpg,3840,2160,5,buoy,1507.0,612.0,49.0,66.0,3234.0,34.99829320329168,30.6,mavic,NorthSea_Fri_DJI_0115.MP4,330,data/raw/seadronessee/odv2/images/train/6904.jpg,test
train:40271,train:6904,train,40271,6904,6904.jpg,3840,2160,1,swimmer,1762.0,991.0,70.0,27.0,1890.0,34.99829320329168,30.6,mavic,NorthSea_Fri_DJI_0115.MP4,330,data/raw/seadronessee/odv2/images/train/6904.jpg,test
train:40272,train:6904,train,40272,6904,6904.jpg,3840,2160,1,swimmer,2170.0,1404.0,30.0,29.0,870.0,34.99829320329168,30.6,mavic,NorthSea_Fri_DJI_0115.MP4,330,data/raw/seadronessee/odv2/images/train/6904.jpg,test
train:40273,train:6904,train,40273,6904,6904.jpg,3840,2160,1,swimmer,1927.0,1290.0,43.0,56.0,2408.0,34.99829320329168,30.6,mavic,NorthSea_Fri_DJI_0115.MP4,330,data/raw/seadronessee/odv2/images/train/6904.jpg,test
train:40274,train:6904,train,40274,6904,6904.jpg,3840,2160,1,swimmer,1650.0,1559.0,61.0,41.0,2501.0,34.99829320329168,30.6,mavic,NorthSea_Fri_DJI_0115.MP4,330,data/raw/seadronessee/odv2/images/train/6904.jpg,test
train:40275,train:6904,train,40275,6904,6904.jpg,3840,2160,2,boat,2907.0,1010.0,186.0,181.0,33666.0,34.99829320329168,30.6,mavic,NorthSea_Fri_DJI_0115.MP4,330,data/raw/seadronessee/odv2/images/train/6904.jpg,test
train:40276,train:6904,train,40276,6904,6904.jpg,3840,2160,1,swimmer,1404.0,1083.0,28.0,22.0,616.0,34.99829320329168,30.6,mavic,NorthSea_Fri_DJI_0115.MP4,330,data/raw/seadronessee/odv2/images/train/6904.jpg,test
train:40277,train:6904,train,40277,6904,6904.jpg,3840,2160,1,swimmer,1575.0,1168.0,32.0,22.0,704.0,34.99829320329168,30.6,mavic,NorthSea_Fri_DJI_0115.MP4,330,data/raw/seadronessee/odv2/images/train/6904.jpg,test
train:40278,train:6904,train,40278,6904,6904.jpg,3840,2160,1,swimmer,1539.0,1251.0,51.0,37.0,1887.0,34.99829320329168,30.6,mavic,NorthSea_Fri_DJI_0115.MP4,330,data/raw/seadronessee/odv2/images/train/6904.jpg,test
train:40279,train:6904,train,40279,6904,6904.jpg,3840,2160,1,swimmer,2517.0,1306.0,34.0,31.0,1054.0,34.99829320329168,30.6,mavic,NorthSea_Fri_DJI_0115.MP4,330,data/raw/seadronessee/odv2/images/train/6904.jpg,test
train:40291,train:6906,train,40291,6906,6906.jpg,3840,2160,3,jetski,549.0,688.0,150.0,45.0,6750.0,34.99829320329168,30.6,mavic,NorthSea_Fri_DJI_0115.MP4,360,data/raw/seadronessee/odv2/images/train/6906.jpg,test
train:40292,train:6906,train,40292,6906,6906.jpg,3840,2160,5,buoy,1509.0,619.0,48.0,65.0,3120.0,34.99829320329168,30.6,mavic,NorthSea_Fri_DJI_0115.MP4,360,data/raw/seadronessee/odv2/images/train/6906.jpg,test
train:40293,train:6906,train,40293,6906,6906.jpg,3840,2160,1,swimmer,1784.0,984.0,45.0,29.0,1305.0,34.99829320329168,30.6,mavic,NorthSea_Fri_DJI_0115.MP4,360,data/raw/seadronessee/odv2/images/train/6906.jpg,test
train:40294,train:6906,train,40294,6906,6906.jpg,3840,2160,1,swimmer,2164.0,1407.0,29.0,26.0,754.0,34.99829320329168,30.6,mavic,NorthSea_Fri_DJI_0115.MP4,360,data/raw/seadronessee/odv2/images/train/6906.jpg,test
train:40295,train:6906,train,40295,6906,6906.jpg,3840,2160,1,swimmer,1899.0,1307.0,68.0,47.0,3196.0,34.99829320329168,30.6,mavic,NorthSea_Fri_DJI_0115.MP4,360,data/raw/seadronessee/odv2/images/train/6906.jpg,test
train:40296,train:6906,train,40296,6906,6906.jpg,3840,2160,1,swimmer,1639.0,1569.0,65.0,38.0,2470.0,34.99829320329168,30.6,mavic,NorthSea_Fri_DJI_0115.MP4,360,data/raw/seadronessee/odv2/images/train/6906.jpg,test
train:40297,train:6906,train,40297,6906,6906.jpg,3840,2160,2,boat,2911.0,1007.0,189.0,182.0,34398.0,34.99829320329168,30.6,mavic,NorthSea_Fri_DJI_0115.MP4,360,data/raw/seadronessee/odv2/images/train/6906.jpg,test
train:40298,train:6906,train,40298,6906,6906.jpg,3840,2160,1,swimmer,1416.0,1091.0,26.0,20.0,520.0,34.99829320329168,30.6,mavic,NorthSea_Fri_DJI_0115.MP4,360,data/raw/seadronessee/odv2/images/train/6906.jpg,test
train:40299,train:6906,train,40299,6906,6906.jpg,3840,2160,1,swimmer,1575.0,1176.0,32.0,16.0,512.0,34.99829320329168,30.6,mavic,NorthSea_Fri_DJI_0115.MP4,360,data/raw/seadronessee/odv2/images/train/6906.jpg,test
train:40300,train:6906,train,40300,6906,6906.jpg,3840,2160,1,swimmer,1554.0,1267.0,30.0,29.0,870.0,34.99829320329168,30.6,mavic,NorthSea_Fri_DJI_0115.MP4,360,data/raw/seadronessee/odv2/images/train/6906.jpg,test
train:40301,train:6906,train,40301,6906,6906.jpg,3840,2160,1,swimmer,2511.0,1305.0,34.0,25.0,850.0,34.99829320329168,30.6,mavic,NorthSea_Fri_DJI_0115.MP4,360,data/raw/seadronessee/odv2/images/train/6906.jpg,test
train:40313,train:6908,train,40313,6908,6908.jpg,3840,2160,5,buoy,1505.0,614.0,49.0,66.0,3234.0,34.99829320329168,30.6,mavic,NorthSea_Fri_DJI_0115.MP4,390,data/raw/seadronessee/odv2/images/train/6908.jpg,test
train:40314,train:6908,train,40314,6908,6908.jpg,3840,2160,1,swimmer,1772.0,989.0,42.0,20.0,840.0,34.99829320329168,30.6,mavic,NorthSea_Fri_DJI_0115.MP4,390,data/raw/seadronessee/odv2/images/train/6908.jpg,test
train:40315,train:6908,train,40315,6908,6908.jpg,3840,2160,3,jetski,225.0,686.0,141.0,45.0,6345.0,34.99829320329168,30.6,mavic,NorthSea_Fri_DJI_0115.MP4,390,data/raw/seadronessee/odv2/images/train/6908.jpg,test
train:40316,train:6908,train,40316,6908,6908.jpg,3840,2160,1,swimmer,2170.0,1405.0,28.0,27.0,756.0,34.99829320329168,30.6,mavic,NorthSea_Fri_DJI_0115.MP4,390,data/raw/seadronessee/odv2/images/train/6908.jpg,test
train:40317,train:6908,train,40317,6908,6908.jpg,3840,2160,1,swimmer,1908.0,1330.0,59.0,42.0,2478.0,34.99829320329168,30.6,mavic,NorthSea_Fri_DJI_0115.MP4,390,data/raw/seadronessee/odv2/images/train/6908.jpg,test
train:40318,train:6908,train,40318,6908,6908.jpg,3840,2160,1,swimmer,1640.0,1579.0,64.0,32.0,2048.0,34.99829320329168,30.6,mavic,NorthSea_Fri_DJI_0115.MP4,390,data/raw/seadronessee/odv2/images/train/6908.jpg,test
train:40319,train:6908,train,40319,6908,6908.jpg,3840,2160,2,boat,2913.0,1032.0,191.0,162.0,30942.0,34.99829320329168,30.6,mavic,NorthSea_Fri_DJI_0115.MP4,390,data/raw/seadronessee/odv2/images/train/6908.jpg,test
train:40320,train:6908,train,40320,6908,6908.jpg,3840,2160,1,swimmer,1427.0,1096.0,25.0,18.0,450.0,34.99829320329168,30.6,mavic,NorthSea_Fri_DJI_0115.MP4,390,data/raw/seadronessee/odv2/images/train/6908.jpg,test
train:40321,train:6908,train,40321,6908,6908.jpg,3840,2160,1,swimmer,1559.0,1185.0,29.0,16.0,464.0,34.99829320329168,30.6,mavic,NorthSea_Fri_DJI_0115.MP4,390,data/raw/seadronessee/odv2/images/train/6908.jpg,test
train:40322,train:6908,train,40322,6908,6908.jpg,3840,2160,1,swimmer,1553.0,1275.0,26.0,27.0,702.0,34.99829320329168,30.6,mavic,NorthSea_Fri_DJI_0115.MP4,390,data/raw/seadronessee/odv2/images/train/6908.jpg,test
train:40323,train:6908,train,40323,6908,6908.jpg,3840,2160,1,swimmer,2525.0,1315.0,21.0,26.0,546.0,34.99829320329168,30.6,mavic,NorthSea_Fri_DJI_0115.MP4,390,data/raw/seadronessee/odv2/images/train/6908.jpg,test
train:40336,train:6910,train,40336,6910,6910.jpg,3840,2160,5,buoy,1475.0,629.0,49.0,65.0,3185.0,34.99829320329168,30.6,mavic,NorthSea_Fri_DJI_0115.MP4,420,data/raw/seadronessee/odv2/images/train/6910.jpg,test
train:40337,train:6910,train,40337,6910,6910.jpg,3840,2160,1,swimmer,1756.0,992.0,32.0,21.0,672.0,34.99829320329168,30.6,mavic,NorthSea_Fri_DJI_0115.MP4,420,data/raw/seadronessee/odv2/images/train/6910.jpg,test
train:40339,train:6910,train,40339,6910,6910.jpg,3840,2160,1,swimmer,2147.0,1424.0,29.0,23.0,667.0,34.99829320329168,30.6,mavic,NorthSea_Fri_DJI_0115.MP4,420,data/raw/seadronessee/odv2/images/train/6910.jpg,test
train:40340,train:6910,train,40340,6910,6910.jpg,3840,2160,1,swimmer,1883.0,1344.0,55.0,39.0,2145.0,34.99829320329168,30.6,mavic,NorthSea_Fri_DJI_0115.MP4,420,data/raw/seadronessee/odv2/images/train/6910.jpg,test
train:40341,train:6910,train,40341,6910,6910.jpg,3840,2160,1,swimmer,1609.0,1592.0,73.0,31.0,2263.0,34.99829320329168,30.6,mavic,NorthSea_Fri_DJI_0115.MP4,420,data/raw/seadronessee/odv2/images/train/6910.jpg,test
train:40342,train:6910,train,40342,6910,6910.jpg,3840,2160,2,boat,2892.0,1039.0,187.0,170.0,31790.0,34.99829320329168,30.6,mavic,NorthSea_Fri_DJI_0115.MP4,420,data/raw/seadronessee/odv2/images/train/6910.jpg,test
train:40343,train:6910,train,40343,6910,6910.jpg,3840,2160,1,swimmer,1403.0,1093.0,28.0,22.0,616.0,34.99829320329168,30.6,mavic,NorthSea_Fri_DJI_0115.MP4,420,data/raw/seadronessee/odv2/images/train/6910.jpg,test
train:40344,train:6910,train,40344,6910,6910.jpg,3840,2160,1,swimmer,1520.0,1173.0,20.0,25.0,500.0,34.99829320329168,30.6,mavic,NorthSea_Fri_DJI_0115.MP4,420,data/raw/seadronessee/odv2/images/train/6910.jpg,test
train:40345,train:6910,train,40345,6910,6910.jpg,3840,2160,1,swimmer,1510.0,1289.0,29.0,26.0,754.0,34.99829320329168,30.6,mavic,NorthSea_Fri_DJI_0115.MP4,420,data/raw/seadronessee/odv2/images/train/6910.jpg,test
train:40346,train:6910,train,40346,6910,6910.jpg,3840,2160,1,swimmer,2500.0,1311.0,23.0,27.0,621.0,34.99829320329168,30.6,mavic,NorthSea_Fri_DJI_0115.MP4,420,data/raw/seadronessee/odv2/images/train/6910.jpg,test
train:40358,train:6912,train,40358,6912,6912.jpg,3840,2160,5,buoy,1118.0,671.0,51.0,65.0,3315.0,34.99829320329168,30.6,mavic,NorthSea_Fri_DJI_0115.MP4,450,data/raw/seadronessee/odv2/images/train/6912.jpg,test
train:40359,train:6912,train,40359,6912,6912.jpg,3840,2160,1,swimmer,1832.0,1438.0,25.0,27.0,675.0,34.99829320329168,30.6,mavic,NorthSea_Fri_DJI_0115.MP4,450,data/raw/seadronessee/odv2/images/train/6912.jpg,test
train:40360,train:6912,train,40360,6912,6912.jpg,3840,2160,1,swimmer,1555.0,1368.0,64.0,44.0,2816.0,34.99829320329168,30.6,mavic,NorthSea_Fri_DJI_0115.MP4,450,data/raw/seadronessee/odv2/images/train/6912.jpg,test
train:40361,train:6912,train,40361,6912,6912.jpg,3840,2160,1,swimmer,1299.0,1661.0,63.0,31.0,1953.0,34.99829320329168,30.6,mavic,NorthSea_Fri_DJI_0115.MP4,450,data/raw/seadronessee/odv2/images/train/6912.jpg,test
train:40362,train:6912,train,40362,6912,6912.jpg,3840,2160,2,boat,2543.0,1004.0,175.0,170.0,29750.0,34.99829320329168,30.6,mavic,NorthSea_Fri_DJI_0115.MP4,450,data/raw/seadronessee/odv2/images/train/6912.jpg,test
train:40363,train:6912,train,40363,6912,6912.jpg,3840,2160,1,swimmer,2165.0,1298.0,32.0,25.0,800.0,34.99829320329168,30.6,mavic,NorthSea_Fri_DJI_0115.MP4,450,data/raw/seadronessee/odv2/images/train/6912.jpg,test
train:40364,train:6912,train,40364,6912,6912.jpg,3840,2160,1,swimmer,1435.0,1019.0,28.0,23.0,644.0,34.99829320329168,30.6,mavic,NorthSea_Fri_DJI_0115.MP4,450,data/raw/seadronessee/odv2/images/train/6912.jpg,test
train:40365,train:6912,train,40365,6912,6912.jpg,3840,2160,1,swimmer,1061.0,1141.0,23.0,27.0,621.0,34.99829320329168,30.6,mavic,NorthSea_Fri_DJI_0115.MP4,450,data/raw/seadronessee/odv2/images/train/6912.jpg,test
train:40366,train:6912,train,40366,6912,6912.jpg,3840,2160,1,swimmer,1178.0,1224.0,21.0,23.0,483.0,34.99829320329168,30.6,mavic,NorthSea_Fri_DJI_0115.MP4,450,data/raw/seadronessee/odv2/images/train/6912.jpg,test
train:40367,train:6912,train,40367,6912,6912.jpg,3840,2160,1,swimmer,1180.0,1335.0,54.0,27.0,1458.0,34.99829320329168,30.6,mavic,NorthSea_Fri_DJI_0115.MP4,450,data/raw/seadronessee/odv2/images/train/6912.jpg,test
train:40378,train:6914,train,40378,6914,6914.jpg,3840,2160,5,buoy,1304.0,636.0,50.0,68.0,3400.0,34.99829320329168,30.6,mavic,NorthSea_Fri_DJI_0115.MP4,480,data/raw/seadronessee/odv2/images/train/6914.jpg,test
train:40379,train:6914,train,40379,6914,6914.jpg,3840,2160,1,swimmer,1696.0,1351.0,68.0,48.0,3264.0,34.99829320329168,30.6,mavic,NorthSea_Fri_DJI_0115.MP4,480,data/raw/seadronessee/odv2/images/train/6914.jpg,test
train:40380,train:6914,train,40380,6914,6914.jpg,3840,2160,2,boat,2715.0,1030.0,176.0,171.0,30096.0,34.99829320329168,30.6,mavic,NorthSea_Fri_DJI_0115.MP4,480,data/raw/seadronessee/odv2/images/train/6914.jpg,test
train:40381,train:6914,train,40381,6914,6914.jpg,3840,2160,1,swimmer,2311.0,1312.0,33.0,31.0,1023.0,34.99829320329168,30.6,mavic,NorthSea_Fri_DJI_0115.MP4,480,data/raw/seadronessee/odv2/images/train/6914.jpg,test
train:40382,train:6914,train,40382,6914,6914.jpg,3840,2160,1,swimmer,1458.0,1635.0,54.0,43.0,2322.0,34.99829320329168,30.6,mavic,NorthSea_Fri_DJI_0115.MP4,480,data/raw/seadronessee/odv2/images/train/6914.jpg,test
train:40383,train:6914,train,40383,6914,6914.jpg,3840,2160,1,swimmer,1589.0,1007.0,29.0,24.0,696.0,34.99829320329168,30.6,mavic,NorthSea_Fri_DJI_0115.MP4,480,data/raw/seadronessee/odv2/images/train/6914.jpg,test
train:40384,train:6914,train,40384,6914,6914.jpg,3840,2160,1,swimmer,1231.0,1125.0,22.0,23.0,506.0,34.99829320329168,30.6,mavic,NorthSea_Fri_DJI_0115.MP4,480,data/raw/seadronessee/odv2/images/train/6914.jpg,test
train:40385,train:6914,train,40385,6914,6914.jpg,3840,2160,1,swimmer,1328.0,1200.0,20.0,21.0,420.0,34.99829320329168,30.6,mavic,NorthSea_Fri_DJI_0115.MP4,480,data/raw/seadronessee/odv2/images/train/6914.jpg,test
train:40386,train:6914,train,40386,6914,6914.jpg,3840,2160,1,swimmer,1341.0,1303.0,41.0,27.0,1107.0,34.99829320329168,30.6,mavic,NorthSea_Fri_DJI_0115.MP4,480,data/raw/seadronessee/odv2/images/train/6914.jpg,test
train:40387,train:6914,train,40387,6914,6914.jpg,3840,2160,1,swimmer,1981.0,1418.0,32.0,36.0,1152.0,34.99829320329168,30.6,mavic,NorthSea_Fri_DJI_0115.MP4,480,data/raw/seadronessee/odv2/images/train/6914.jpg,test
train:40398,train:6916,train,40398,6916,6916.jpg,3840,2160,5,buoy,1248.0,643.0,49.0,66.0,3234.0,34.99829320329168,30.6,mavic,NorthSea_Fri_DJI_0115.MP4,510,data/raw/seadronessee/odv2/images/train/6916.jpg,test
train:40399,train:6916,train,40399,6916,6916.jpg,3840,2160,1,swimmer,1702.0,1350.0,47.0,36.0,1692.0,34.99829320329168,30.6,mavic,NorthSea_Fri_DJI_0115.MP4,510,data/raw/seadronessee/odv2/images/train/6916.jpg,test
train:40400,train:6916,train,40400,6916,6916.jpg,3840,2160,2,boat,2690.0,1016.0,175.0,163.0,28525.0,34.99829320329168,30.6,mavic,NorthSea_Fri_DJI_0115.MP4,510,data/raw/seadronessee/odv2/images/train/6916.jpg,test
train:40401,train:6916,train,40401,6916,6916.jpg,3840,2160,1,swimmer,2287.0,1292.0,35.0,25.0,875.0,34.99829320329168,30.6,mavic,NorthSea_Fri_DJI_0115.MP4,510,data/raw/seadronessee/odv2/images/train/6916.jpg,test
train:40402,train:6916,train,40402,6916,6916.jpg,3840,2160,1,swimmer,1469.0,1629.0,52.0,39.0,2028.0,34.99829320329168,30.6,mavic,NorthSea_Fri_DJI_0115.MP4,510,data/raw/seadronessee/odv2/images/train/6916.jpg,test
train:40403,train:6916,train,40403,6916,6916.jpg,3840,2160,1,swimmer,1321.0,1302.0,31.0,36.0,1116.0,34.99829320329168,30.6,mavic,NorthSea_Fri_DJI_0115.MP4,510,data/raw/seadronessee/odv2/images/train/6916.jpg,test
train:40404,train:6916,train,40404,6916,6916.jpg,3840,2160,1,swimmer,1972.0,1408.0,29.0,33.0,957.0,34.99829320329168,30.6,mavic,NorthSea_Fri_DJI_0115.MP4,510,data/raw/seadronessee/odv2/images/train/6916.jpg,test
train:40405,train:6916,train,40405,6916,6916.jpg,3840,2160,1,swimmer,1542.0,1007.0,32.0,25.0,800.0,34.99829320329168,30.6,mavic,NorthSea_Fri_DJI_0115.MP4,510,data/raw/seadronessee/odv2/images/train/6916.jpg,test
train:40406,train:6916,train,40406,6916,6916.jpg,3840,2160,1,swimmer,1198.0,1129.0,31.0,24.0,744.0,34.99829320329168,30.6,mavic,NorthSea_Fri_DJI_0115.MP4,510,data/raw/seadronessee/odv2/images/train/6916.jpg,test
train:40407,train:6916,train,40407,6916,6916.jpg,3840,2160,1,swimmer,1294.0,1203.0,21.0,18.0,378.0,34.99829320329168,30.6,mavic,NorthSea_Fri_DJI_0115.MP4,510,data/raw/seadronessee/odv2/images/train/6916.jpg,test
train:40418,train:6918,train,40418,6918,6918.jpg,3840,2160,5,buoy,1337.0,642.0,50.0,67.0,3350.0,34.99829320329168,30.6,mavic,NorthSea_Fri_DJI_0115.MP4,540,data/raw/seadronessee/odv2/images/train/6918.jpg,test
train:40419,train:6918,train,40419,6918,6918.jpg,3840,2160,1,swimmer,1774.0,1362.0,58.0,34.0,1972.0,34.99829320329168,30.6,mavic,NorthSea_Fri_DJI_0115.MP4,540,data/raw/seadronessee/odv2/images/train/6918.jpg,test
train:40420,train:6918,train,40420,6918,6918.jpg,3840,2160,2,boat,2791.0,1026.0,174.0,177.0,30798.0,34.99829320329168,30.6,mavic,NorthSea_Fri_DJI_0115.MP4,540,data/raw/seadronessee/odv2/images/train/6918.jpg,test
train:40421,train:6918,train,40421,6918,6918.jpg,3840,2160,1,swimmer,2385.0,1294.0,33.0,28.0,924.0,34.99829320329168,30.6,mavic,NorthSea_Fri_DJI_0115.MP4,540,data/raw/seadronessee/odv2/images/train/6918.jpg,test
train:40422,train:6918,train,40422,6918,6918.jpg,3840,2160,1,swimmer,1556.0,1629.0,58.0,43.0,2494.0,34.99829320329168,30.6,mavic,NorthSea_Fri_DJI_0115.MP4,540,data/raw/seadronessee/odv2/images/train/6918.jpg,test
train:40423,train:6918,train,40423,6918,6918.jpg,3840,2160,1,swimmer,1411.0,1307.0,42.0,31.0,1302.0,34.99829320329168,30.6,mavic,NorthSea_Fri_DJI_0115.MP4,540,data/raw/seadronessee/odv2/images/train/6918.jpg,test
train:40424,train:6918,train,40424,6918,6918.jpg,3840,2160,1,swimmer,2065.0,1414.0,33.0,35.0,1155.0,34.99829320329168,30.6,mavic,NorthSea_Fri_DJI_0115.MP4,540,data/raw/seadronessee/odv2/images/train/6918.jpg,test
train:40425,train:6918,train,40425,6918,6918.jpg,3840,2160,1,swimmer,1631.0,1010.0,38.0,22.0,836.0,34.99829320329168,30.6,mavic,NorthSea_Fri_DJI_0115.MP4,540,data/raw/seadronessee/odv2/images/train/6918.jpg,test
train:40426,train:6918,train,40426,6918,6918.jpg,3840,2160,1,swimmer,1297.0,1135.0,25.0,21.0,525.0,34.99829320329168,30.6,mavic,NorthSea_Fri_DJI_0115.MP4,540,data/raw/seadronessee/odv2/images/train/6918.jpg,test
train:40427,train:6918,train,40427,6918,6918.jpg,3840,2160,1,swimmer,1371.0,1200.0,16.0,14.0,224.0,34.99829320329168,30.6,mavic,NorthSea_Fri_DJI_0115.MP4,540,data/raw/seadronessee/odv2/images/train/6918.jpg,test
train:40440,train:6920,train,40440,6920,6920.jpg,3840,2160,5,buoy,1412.0,645.0,48.0,65.0,3120.0,34.99829320329168,30.6,mavic,NorthSea_Fri_DJI_0115.MP4,570,data/raw/seadronessee/odv2/images/train/6920.jpg,test
train:40441,train:6920,train,40441,6920,6920.jpg,3840,2160,1,swimmer,1791.0,1381.0,33.0,23.0,759.0,34.99829320329168,30.6,mavic,NorthSea_Fri_DJI_0115.MP4,570,data/raw/seadronessee/odv2/images/train/6920.jpg,test
train:40442,train:6920,train,40442,6920,6920.jpg,3840,2160,2,boat,2838.0,1052.0,168.0,187.0,31416.0,34.99829320329168,30.6,mavic,NorthSea_Fri_DJI_0115.MP4,570,data/raw/seadronessee/odv2/images/train/6920.jpg,test
train:40443,train:6920,train,40443,6920,6920.jpg,3840,2160,1,swimmer,2393.0,1328.0,33.0,24.0,792.0,34.99829320329168,30.6,mavic,NorthSea_Fri_DJI_0115.MP4,570,data/raw/seadronessee/odv2/images/train/6920.jpg,test
train:40444,train:6920,train,40444,6920,6920.jpg,3840,2160,1,swimmer,1538.0,1630.0,58.0,40.0,2320.0,34.99829320329168,30.6,mavic,NorthSea_Fri_DJI_0115.MP4,570,data/raw/seadronessee/odv2/images/train/6920.jpg,test
train:40445,train:6920,train,40445,6920,6920.jpg,3840,2160,1,swimmer,1410.0,1305.0,47.0,35.0,1645.0,34.99829320329168,30.6,mavic,NorthSea_Fri_DJI_0115.MP4,570,data/raw/seadronessee/odv2/images/train/6920.jpg,test
train:40446,train:6920,train,40446,6920,6920.jpg,3840,2160,1,swimmer,2068.0,1430.0,45.0,29.0,1305.0,34.99829320329168,30.6,mavic,NorthSea_Fri_DJI_0115.MP4,570,data/raw/seadronessee/odv2/images/train/6920.jpg,test
train:40447,train:6920,train,40447,6920,6920.jpg,3840,2160,1,swimmer,1671.0,1015.0,32.0,23.0,736.0,34.99829320329168,30.6,mavic,NorthSea_Fri_DJI_0115.MP4,570,data/raw/seadronessee/odv2/images/train/6920.jpg,test
train:40448,train:6920,train,40448,6920,6920.jpg,3840,2160,1,swimmer,1337.0,1143.0,24.0,21.0,504.0,34.99829320329168,30.6,mavic,NorthSea_Fri_DJI_0115.MP4,570,data/raw/seadronessee/odv2/images/train/6920.jpg,test
train:40449,train:6920,train,40449,6920,6920.jpg,3840,2160,1,swimmer,1393.0,1205.0,23.0,22.0,506.0,34.99829320329168,30.6,mavic,NorthSea_Fri_DJI_0115.MP4,570,data/raw/seadronessee/odv2/images/train/6920.jpg,test
train:40462,train:6922,train,40462,6922,6922.jpg,3840,2160,5,buoy,1482.0,630.0,48.0,65.0,3120.0,34.99829320329168,30.6,mavic,NorthSea_Fri_DJI_0115.MP4,600,data/raw/seadronessee/odv2/images/train/6922.jpg,test
train:40463,train:6922,train,40463,6922,6922.jpg,3840,2160,1,swimmer,1739.0,1376.0,35.0,18.0,630.0,34.99829320329168,30.6,mavic,NorthSea_Fri_DJI_0115.MP4,600,data/raw/seadronessee/odv2/images/train/6922.jpg,test
train:40464,train:6922,train,40464,6922,6922.jpg,3840,2160,2,boat,2829.0,1103.0,162.0,180.0,29160.0,34.99829320329168,30.6,mavic,NorthSea_Fri_DJI_0115.MP4,600,data/raw/seadronessee/odv2/images/train/6922.jpg,test
train:40465,train:6922,train,40465,6922,6922.jpg,3840,2160,1,swimmer,2356.0,1354.0,29.0,23.0,667.0,34.99829320329168,30.6,mavic,NorthSea_Fri_DJI_0115.MP4,600,data/raw/seadronessee/odv2/images/train/6922.jpg,test
train:40466,train:6922,train,40466,6922,6922.jpg,3840,2160,1,swimmer,1440.0,1611.0,51.0,37.0,1887.0,34.99829320329168,30.6,mavic,NorthSea_Fri_DJI_0115.MP4,600,data/raw/seadronessee/odv2/images/train/6922.jpg,test
train:40467,train:6922,train,40467,6922,6922.jpg,3840,2160,1,swimmer,1356.0,1298.0,70.0,36.0,2520.0,34.99829320329168,30.6,mavic,NorthSea_Fri_DJI_0115.MP4,600,data/raw/seadronessee/odv2/images/train/6922.jpg,test
train:40468,train:6922,train,40468,6922,6922.jpg,3840,2160,1,swimmer,1963.0,1445.0,97.0,33.0,3201.0,34.99829320329168,30.6,mavic,NorthSea_Fri_DJI_0115.MP4,600,data/raw/seadronessee/odv2/images/train/6922.jpg,test
train:40469,train:6922,train,40469,6922,6922.jpg,3840,2160,1,swimmer,1664.0,1012.0,41.0,22.0,902.0,34.99829320329168,30.6,mavic,NorthSea_Fri_DJI_0115.MP4,600,data/raw/seadronessee/odv2/images/train/6922.jpg,test
train:40470,train:6922,train,40470,6922,6922.jpg,3840,2160,1,swimmer,1345.0,1125.0,26.0,19.0,494.0,34.99829320329168,30.6,mavic,NorthSea_Fri_DJI_0115.MP4,600,data/raw/seadronessee/odv2/images/train/6922.jpg,test
train:40471,train:6922,train,40471,6922,6922.jpg,3840,2160,1,swimmer,1383.0,1191.0,25.0,22.0,550.0,34.99829320329168,30.6,mavic,NorthSea_Fri_DJI_0115.MP4,600,data/raw/seadronessee/odv2/images/train/6922.jpg,test
train:40484,train:6924,train,40484,6924,6924.jpg,3840,2160,5,buoy,1616.0,615.0,47.0,63.0,2961.0,34.99829320329168,30.6,mavic,NorthSea_Fri_DJI_0115.MP4,630,data/raw/seadronessee/odv2/images/train/6924.jpg,test
train:40485,train:6924,train,40485,6924,6924.jpg,3840,2160,1,swimmer,1711.0,1342.0,33.0,19.0,627.0,34.99829320329168,30.6,mavic,NorthSea_Fri_DJI_0115.MP4,630,data/raw/seadronessee/odv2/images/train/6924.jpg,test
train:40486,train:6924,train,40486,6924,6924.jpg,3840,2160,2,boat,2846.0,1159.0,147.0,185.0,27195.0,34.99829320329168,30.6,mavic,NorthSea_Fri_DJI_0115.MP4,630,data/raw/seadronessee/odv2/images/train/6924.jpg,test
train:40487,train:6924,train,40487,6924,6924.jpg,3840,2160,1,swimmer,2336.0,1357.0,27.0,21.0,567.0,34.99829320329168,30.6,mavic,NorthSea_Fri_DJI_0115.MP4,630,data/raw/seadronessee/odv2/images/train/6924.jpg,test
train:40488,train:6924,train,40488,6924,6924.jpg,3840,2160,1,swimmer,1375.0,1568.0,57.0,39.0,2223.0,34.99829320329168,30.6,mavic,NorthSea_Fri_DJI_0115.MP4,630,data/raw/seadronessee/odv2/images/train/6924.jpg,test
train:40489,train:6924,train,40489,6924,6924.jpg,3840,2160,1,swimmer,1374.0,1244.0,69.0,37.0,2553.0,34.99829320329168,30.6,mavic,NorthSea_Fri_DJI_0115.MP4,630,data/raw/seadronessee/odv2/images/train/6924.jpg,test
train:40490,train:6924,train,40490,6924,6924.jpg,3840,2160,1,swimmer,1946.0,1428.0,63.0,25.0,1575.0,34.99829320329168,30.6,mavic,NorthSea_Fri_DJI_0115.MP4,630,data/raw/seadronessee/odv2/images/train/6924.jpg,test
train:40491,train:6924,train,40491,6924,6924.jpg,3840,2160,1,swimmer,1706.0,998.0,42.0,21.0,882.0,34.99829320329168,30.6,mavic,NorthSea_Fri_DJI_0115.MP4,630,data/raw/seadronessee/odv2/images/train/6924.jpg,test
train:40492,train:6924,train,40492,6924,6924.jpg,3840,2160,1,swimmer,1394.0,1076.0,26.0,18.0,468.0,34.99829320329168,30.6,mavic,NorthSea_Fri_DJI_0115.MP4,630,data/raw/seadronessee/odv2/images/train/6924.jpg,test
train:40493,train:6924,train,40493,6924,6924.jpg,3840,2160,1,swimmer,1420.0,1140.0,25.0,24.0,600.0,34.99829320329168,30.6,mavic,NorthSea_Fri_DJI_0115.MP4,630,data/raw/seadronessee/odv2/images/train/6924.jpg,test
train:40505,train:6926,train,40505,6926,6926.jpg,3840,2160,5,buoy,1877.0,582.0,45.0,64.0,2880.0,34.99829320329168,30.6,mavic,NorthSea_Fri_DJI_0115.MP4,660,data/raw/seadronessee/odv2/images/train/6926.jpg,test
train:40506,train:6926,train,40506,6926,6926.jpg,3840,2160,1,swimmer,1801.0,1287.0,28.0,18.0,504.0,34.99829320329168,30.6,mavic,NorthSea_Fri_DJI_0115.MP4,660,data/raw/seadronessee/odv2/images/train/6926.jpg,test
train:40507,train:6926,train,40507,6926,6926.jpg,3840,2160,2,boat,2959.0,1215.0,143.0,198.0,28314.0,34.99829320329168,30.6,mavic,NorthSea_Fri_DJI_0115.MP4,660,data/raw/seadronessee/odv2/images/train/6926.jpg,test
train:40508,train:6926,train,40508,6926,6926.jpg,3840,2160,1,swimmer,2392.0,1350.0,32.0,21.0,672.0,34.99829320329168,30.6,mavic,NorthSea_Fri_DJI_0115.MP4,660,data/raw/seadronessee/odv2/images/train/6926.jpg,test
train:40509,train:6926,train,40509,6926,6926.jpg,3840,2160,1,swimmer,1412.0,1472.0,64.0,39.0,2496.0,34.99829320329168,30.6,mavic,NorthSea_Fri_DJI_0115.MP4,660,data/raw/seadronessee/odv2/images/train/6926.jpg,test
train:40510,train:6926,train,40510,6926,6926.jpg,3840,2160,1,swimmer,1497.0,1161.0,68.0,36.0,2448.0,34.99829320329168,30.6,mavic,NorthSea_Fri_DJI_0115.MP4,660,data/raw/seadronessee/odv2/images/train/6926.jpg,test
train:40511,train:6926,train,40511,6926,6926.jpg,3840,2160,1,swimmer,2017.0,1399.0,45.0,27.0,1215.0,34.99829320329168,30.6,mavic,NorthSea_Fri_DJI_0115.MP4,660,data/raw/seadronessee/odv2/images/train/6926.jpg,test
train:40512,train:6926,train,40512,6926,6926.jpg,3840,2160,1,swimmer,1883.0,962.0,43.0,25.0,1075.0,34.99829320329168,30.6,mavic,NorthSea_Fri_DJI_0115.MP4,660,data/raw/seadronessee/odv2/images/train/6926.jpg,test
train:40513,train:6926,train,40513,6926,6926.jpg,3840,2160,1,swimmer,1556.0,1013.0,34.0,19.0,646.0,34.99829320329168,30.6,mavic,NorthSea_Fri_DJI_0115.MP4,660,data/raw/seadronessee/odv2/images/train/6926.jpg,test
train:40514,train:6926,train,40514,6926,6926.jpg,3840,2160,1,swimmer,1555.0,1074.0,40.0,21.0,840.0,34.99829320329168,30.6,mavic,NorthSea_Fri_DJI_0115.MP4,660,data/raw/seadronessee/odv2/images/train/6926.jpg,test
train:40515,train:6926,train,40515,6926,6926.jpg,3840,2160,2,boat,75.0,190.0,328.0,108.0,35424.0,34.99829320329168,30.6,mavic,NorthSea_Fri_DJI_0115.MP4,660,data/raw/seadronessee/odv2/images/train/6926.jpg,test
train:40527,train:6928,train,40527,6928,6928.jpg,3840,2160,5,buoy,1853.0,560.0,47.0,63.0,2961.0,34.99829320329168,30.6,mavic,NorthSea_Fri_DJI_0115.MP4,690,data/raw/seadronessee/odv2/images/train/6928.jpg,test
train:40528,train:6928,train,40528,6928,6928.jpg,3840,2160,1,swimmer,1646.0,1251.0,33.0,16.0,528.0,34.99829320329168,30.6,mavic,NorthSea_Fri_DJI_0115.MP4,690,data/raw/seadronessee/odv2/images/train/6928.jpg,test
train:40529,train:6928,train,40529,6928,6928.jpg,3840,2160,2,boat,2762.0,1212.0,154.0,189.0,29106.0,34.99829320329168,30.6,mavic,NorthSea_Fri_DJI_0115.MP4,690,data/raw/seadronessee/odv2/images/train/6928.jpg,test
train:40530,train:6928,train,40530,6928,6928.jpg,3840,2160,1,swimmer,2202.0,1323.0,28.0,27.0,756.0,34.99829320329168,30.6,mavic,NorthSea_Fri_DJI_0115.MP4,690,data/raw/seadronessee/odv2/images/train/6928.jpg,test
train:40531,train:6928,train,40531,6928,6928.jpg,3840,2160,1,swimmer,1243.0,1407.0,52.0,36.0,1872.0,34.99829320329168,30.6,mavic,NorthSea_Fri_DJI_0115.MP4,690,data/raw/seadronessee/odv2/images/train/6928.jpg,test
train:40532,train:6928,train,40532,6928,6928.jpg,3840,2160,1,swimmer,1372.0,1118.0,56.0,31.0,1736.0,34.99829320329168,30.6,mavic,NorthSea_Fri_DJI_0115.MP4,690,data/raw/seadronessee/odv2/images/train/6928.jpg,test
train:40533,train:6928,train,40533,6928,6928.jpg,3840,2160,1,swimmer,1847.0,1355.0,27.0,25.0,675.0,34.99829320329168,30.6,mavic,NorthSea_Fri_DJI_0115.MP4,690,data/raw/seadronessee/odv2/images/train/6928.jpg,test
train:40534,train:6928,train,40534,6928,6928.jpg,3840,2160,1,swimmer,1803.0,928.0,30.0,20.0,600.0,34.99829320329168,30.6,mavic,NorthSea_Fri_DJI_0115.MP4,690,data/raw/seadronessee/odv2/images/train/6928.jpg,test
train:40535,train:6928,train,40535,6928,6928.jpg,3840,2160,1,swimmer,1480.0,979.0,25.0,15.0,375.0,34.99829320329168,30.6,mavic,NorthSea_Fri_DJI_0115.MP4,690,data/raw/seadronessee/odv2/images/train/6928.jpg,test
train:40536,train:6928,train,40536,6928,6928.jpg,3840,2160,1,swimmer,1462.0,1038.0,32.0,19.0,608.0,34.99829320329168,30.6,mavic,NorthSea_Fri_DJI_0115.MP4,690,data/raw/seadronessee/odv2/images/train/6928.jpg,test
train:40537,train:6928,train,40537,6928,6928.jpg,3840,2160,2,boat,252.0,158.0,300.0,94.0,28200.0,34.99829320329168,30.6,mavic,NorthSea_Fri_DJI_0115.MP4,690,data/raw/seadronessee/odv2/images/train/6928.jpg,test
train:40572,train:6932,train,40572,6932,6932.jpg,3840,2160,5,buoy,1608.0,800.0,47.0,62.0,2914.0,34.99829320329168,27.3,mavic,NorthSea_Fri_DJI_0115.MP4,750,data/raw/seadronessee/odv2/images/train/6932.jpg,test
train:40573,train:6932,train,40573,6932,6932.jpg,3840,2160,2,boat,2152.0,1462.0,208.0,175.0,36400.0,34.99829320329168,27.3,mavic,NorthSea_Fri_DJI_0115.MP4,750,data/raw/seadronessee/odv2/images/train/6932.jpg,test
train:40574,train:6932,train,40574,6932,6932.jpg,3840,2160,1,swimmer,726.0,1580.0,51.0,40.0,2040.0,34.99829320329168,27.3,mavic,NorthSea_Fri_DJI_0115.MP4,750,data/raw/seadronessee/odv2/images/train/6932.jpg,test
train:40575,train:6932,train,40575,6932,6932.jpg,3840,2160,1,swimmer,1388.0,1148.0,53.0,21.0,1113.0,34.99829320329168,27.3,mavic,NorthSea_Fri_DJI_0115.MP4,750,data/raw/seadronessee/odv2/images/train/6932.jpg,test
train:40576,train:6932,train,40576,6932,6932.jpg,3840,2160,1,swimmer,1140.0,1169.0,20.0,21.0,420.0,34.99829320329168,27.3,mavic,NorthSea_Fri_DJI_0115.MP4,750,data/raw/seadronessee/odv2/images/train/6932.jpg,test
train:40577,train:6932,train,40577,6932,6932.jpg,3840,2160,1,swimmer,1100.0,1225.0,24.0,16.0,384.0,34.99829320329168,27.3,mavic,NorthSea_Fri_DJI_0115.MP4,750,data/raw/seadronessee/odv2/images/train/6932.jpg,test
train:40578,train:6932,train,40578,6932,6932.jpg,3840,2160,1,swimmer,993.0,1311.0,30.0,28.0,840.0,34.99829320329168,27.3,mavic,NorthSea_Fri_DJI_0115.MP4,750,data/raw/seadronessee/odv2/images/train/6932.jpg,test
train:40579,train:6932,train,40579,6932,6932.jpg,3840,2160,1,swimmer,1187.0,1426.0,21.0,26.0,546.0,34.99829320329168,27.3,mavic,NorthSea_Fri_DJI_0115.MP4,750,data/raw/seadronessee/odv2/images/train/6932.jpg,test
train:40580,train:6932,train,40580,6932,6932.jpg,3840,2160,1,swimmer,1292.0,1542.0,52.0,43.0,2236.0,34.99829320329168,27.3,mavic,NorthSea_Fri_DJI_0115.MP4,750,data/raw/seadronessee/odv2/images/train/6932.jpg,test
train:40581,train:6932,train,40581,6932,6932.jpg,3840,2160,1,swimmer,1665.0,1535.0,34.0,26.0,884.0,34.99829320329168,27.3,mavic,NorthSea_Fri_DJI_0115.MP4,750,data/raw/seadronessee/odv2/images/train/6932.jpg,test
train:40582,train:6932,train,40582,6932,6932.jpg,3840,2160,2,boat,337.0,396.0,275.0,87.0,23925.0,34.99829320329168,27.3,mavic,NorthSea_Fri_DJI_0115.MP4,750,data/raw/seadronessee/odv2/images/train/6932.jpg,test
train:40583,train:6932,train,40583,6932,6932.jpg,3840,2160,5,buoy,3403.0,114.0,18.0,25.0,450.0,34.99829320329168,27.3,mavic,NorthSea_Fri_DJI_0115.MP4,750,data/raw/seadronessee/odv2/images/train/6932.jpg,test
train:40584,train:6932,train,40584,6932,6932.jpg,3840,2160,2,boat,1474.0,36.0,72.0,36.0,2592.0,34.99829320329168,27.3,mavic,NorthSea_Fri_DJI_0115.MP4,750,data/raw/seadronessee/odv2/images/train/6932.jpg,test
train:40907,train:6957,train,40907,6957,6957.jpg,3840,2160,5,buoy,2740.0,751.0,44.0,61.0,2684.0,34.99829320329168,25.7,mavic,NorthSea_Fri_DJI_0115.MP4,1125,data/raw/seadronessee/odv2/images/train/6957.jpg,test
train:40908,train:6957,train,40908,6957,6957.jpg,3840,2160,2,boat,2565.0,1553.0,282.0,164.0,46248.0,34.99829320329168,25.7,mavic,NorthSea_Fri_DJI_0115.MP4,1125,data/raw/seadronessee/odv2/images/train/6957.jpg,test
train:40909,train:6957,train,40909,6957,6957.jpg,3840,2160,2,boat,2008.0,247.0,215.0,68.0,14620.0,34.99829320329168,25.7,mavic,NorthSea_Fri_DJI_0115.MP4,1125,data/raw/seadronessee/odv2/images/train/6957.jpg,test
train:40910,train:6957,train,40910,6957,6957.jpg,3840,2160,1,swimmer,1383.0,1247.0,58.0,25.0,1450.0,34.99829320329168,25.7,mavic,NorthSea_Fri_DJI_0115.MP4,1125,data/raw/seadronessee/odv2/images/train/6957.jpg,test
train:40911,train:6957,train,40911,6957,6957.jpg,3840,2160,1,swimmer,2218.0,1017.0,21.0,20.0,420.0,34.99829320329168,25.7,mavic,NorthSea_Fri_DJI_0115.MP4,1125,data/raw/seadronessee/odv2/images/train/6957.jpg,test
train:40912,train:6957,train,40912,6957,6957.jpg,3840,2160,1,swimmer,1954.0,1019.0,23.0,22.0,506.0,34.99829320329168,25.7,mavic,NorthSea_Fri_DJI_0115.MP4,1125,data/raw/seadronessee/odv2/images/train/6957.jpg,test
train:40913,train:6957,train,40913,6957,6957.jpg,3840,2160,1,swimmer,2069.0,1006.0,22.0,18.0,396.0,34.99829320329168,25.7,mavic,NorthSea_Fri_DJI_0115.MP4,1125,data/raw/seadronessee/odv2/images/train/6957.jpg,test
train:40914,train:6957,train,40914,6957,6957.jpg,3840,2160,1,swimmer,1856.0,1054.0,48.0,21.0,1008.0,34.99829320329168,25.7,mavic,NorthSea_Fri_DJI_0115.MP4,1125,data/raw/seadronessee/odv2/images/train/6957.jpg,test
train:40915,train:6957,train,40915,6957,6957.jpg,3840,2160,1,swimmer,1893.0,1281.0,30.0,24.0,720.0,34.99829320329168,25.7,mavic,NorthSea_Fri_DJI_0115.MP4,1125,data/raw/seadronessee/odv2/images/train/6957.jpg,test
train:40916,train:6957,train,40916,6957,6957.jpg,3840,2160,1,swimmer,1934.0,1337.0,25.0,31.0,775.0,34.99829320329168,25.7,mavic,NorthSea_Fri_DJI_0115.MP4,1125,data/raw/seadronessee/odv2/images/train/6957.jpg,test
train:40917,train:6957,train,40917,6957,6957.jpg,3840,2160,1,swimmer,2281.0,1400.0,27.0,27.0,729.0,34.99829320329168,25.7,mavic,NorthSea_Fri_DJI_0115.MP4,1125,data/raw/seadronessee/odv2/images/train/6957.jpg,test
train:40918,train:6957,train,40918,6957,6957.jpg,3840,2160,3,jetski,1729.0,269.0,74.0,24.0,1776.0,34.99829320329168,25.7,mavic,NorthSea_Fri_DJI_0115.MP4,1125,data/raw/seadronessee/odv2/images/train/6957.jpg,test
train:51353,train:7982,train,51353,7982,7982.jpg,3840,2160,5,buoy,794.0,320.0,71.0,96.0,6816.0,34.29832733922585,42.2,mavic,NorthSea_Fri_DJI_0117.MP4,0,data/raw/seadronessee/odv2/images/train/7982.jpg,train
train:51354,train:7982,train,51354,7982,7982.jpg,3840,2160,1,swimmer,1441.0,700.0,34.0,28.0,952.0,34.29832733922585,42.2,mavic,NorthSea_Fri_DJI_0117.MP4,0,data/raw/seadronessee/odv2/images/train/7982.jpg,train
train:51355,train:7982,train,51355,7982,7982.jpg,3840,2160,1,swimmer,1292.0,699.0,39.0,31.0,1209.0,34.29832733922585,42.2,mavic,NorthSea_Fri_DJI_0117.MP4,0,data/raw/seadronessee/odv2/images/train/7982.jpg,train
train:51356,train:7982,train,51356,7982,7982.jpg,3840,2160,1,swimmer,1296.0,772.0,69.0,47.0,3243.0,34.29832733922585,42.2,mavic,NorthSea_Fri_DJI_0117.MP4,0,data/raw/seadronessee/odv2/images/train/7982.jpg,train
train:51357,train:7982,train,51357,7982,7982.jpg,3840,2160,1,swimmer,2313.0,993.0,33.0,28.0,924.0,34.29832733922585,42.2,mavic,NorthSea_Fri_DJI_0117.MP4,0,data/raw/seadronessee/odv2/images/train/7982.jpg,train
train:51358,train:7982,train,51358,7982,7982.jpg,3840,2160,1,swimmer,2634.0,1067.0,45.0,41.0,1845.0,34.29832733922585,42.2,mavic,NorthSea_Fri_DJI_0117.MP4,0,data/raw/seadronessee/odv2/images/train/7982.jpg,train
train:51359,train:7982,train,51359,7982,7982.jpg,3840,2160,1,swimmer,2306.0,1137.0,31.0,32.0,992.0,34.29832733922585,42.2,mavic,NorthSea_Fri_DJI_0117.MP4,0,data/raw/seadronessee/odv2/images/train/7982.jpg,train
train:51360,train:7982,train,51360,7982,7982.jpg,3840,2160,1,swimmer,2261.0,1213.0,85.0,43.0,3655.0,34.29832733922585,42.2,mavic,NorthSea_Fri_DJI_0117.MP4,0,data/raw/seadronessee/odv2/images/train/7982.jpg,train
train:51361,train:7982,train,51361,7982,7982.jpg,3840,2160,1,swimmer,937.0,1024.0,69.0,65.0,4485.0,34.29832733922585,42.2,mavic,NorthSea_Fri_DJI_0117.MP4,0,data/raw/seadronessee/odv2/images/train/7982.jpg,train
train:51362,train:7982,train,51362,7982,7982.jpg,3840,2160,1,swimmer,801.0,1067.0,41.0,41.0,1681.0,34.29832733922585,42.2,mavic,NorthSea_Fri_DJI_0117.MP4,0,data/raw/seadronessee/odv2/images/train/7982.jpg,train
train:51373,train:7984,train,51373,7984,7984.jpg,3840,2160,5,buoy,822.0,322.0,69.0,94.0,6486.0,34.29832733922585,42.2,mavic,NorthSea_Fri_DJI_0117.MP4,30,data/raw/seadronessee/odv2/images/train/7984.jpg,train
train:51374,train:7984,train,51374,7984,7984.jpg,3840,2160,1,swimmer,1444.0,713.0,31.0,26.0,806.0,34.29832733922585,42.2,mavic,NorthSea_Fri_DJI_0117.MP4,30,data/raw/seadronessee/odv2/images/train/7984.jpg,train
train:51375,train:7984,train,51375,7984,7984.jpg,3840,2160,1,swimmer,1289.0,705.0,42.0,30.0,1260.0,34.29832733922585,42.2,mavic,NorthSea_Fri_DJI_0117.MP4,30,data/raw/seadronessee/odv2/images/train/7984.jpg,train
train:51376,train:7984,train,51376,7984,7984.jpg,3840,2160,1,swimmer,1311.0,787.0,65.0,47.0,3055.0,34.29832733922585,42.2,mavic,NorthSea_Fri_DJI_0117.MP4,30,data/raw/seadronessee/odv2/images/train/7984.jpg,train
train:51377,train:7984,train,51377,7984,7984.jpg,3840,2160,1,swimmer,2318.0,1009.0,32.0,28.0,896.0,34.29832733922585,42.2,mavic,NorthSea_Fri_DJI_0117.MP4,30,data/raw/seadronessee/odv2/images/train/7984.jpg,train
train:51378,train:7984,train,51378,7984,7984.jpg,3840,2160,1,swimmer,2632.0,1078.0,40.0,45.0,1800.0,34.29832733922585,42.2,mavic,NorthSea_Fri_DJI_0117.MP4,30,data/raw/seadronessee/odv2/images/train/7984.jpg,train
train:51379,train:7984,train,51379,7984,7984.jpg,3840,2160,1,swimmer,2304.0,1155.0,33.0,31.0,1023.0,34.29832733922585,42.2,mavic,NorthSea_Fri_DJI_0117.MP4,30,data/raw/seadronessee/odv2/images/train/7984.jpg,train
train:51380,train:7984,train,51380,7984,7984.jpg,3840,2160,1,swimmer,2274.0,1227.0,65.0,38.0,2470.0,34.29832733922585,42.2,mavic,NorthSea_Fri_DJI_0117.MP4,30,data/raw/seadronessee/odv2/images/train/7984.jpg,train
train:51381,train:7984,train,51381,7984,7984.jpg,3840,2160,1,swimmer,939.0,1019.0,48.0,55.0,2640.0,34.29832733922585,42.2,mavic,NorthSea_Fri_DJI_0117.MP4,30,data/raw/seadronessee/odv2/images/train/7984.jpg,train
train:51382,train:7984,train,51382,7984,7984.jpg,3840,2160,1,swimmer,795.0,1064.0,43.0,38.0,1634.0,34.29832733922585,42.2,mavic,NorthSea_Fri_DJI_0117.MP4,30,data/raw/seadronessee/odv2/images/train/7984.jpg,train
train:51393,train:7986,train,51393,7986,7986.jpg,3840,2160,5,buoy,945.0,302.0,68.0,92.0,6256.0,34.29832733922585,42.2,mavic,NorthSea_Fri_DJI_0117.MP4,60,data/raw/seadronessee/odv2/images/train/7986.jpg,train
train:51394,train:7986,train,51394,7986,7986.jpg,3840,2160,1,swimmer,1521.0,704.0,32.0,24.0,768.0,34.29832733922585,42.2,mavic,NorthSea_Fri_DJI_0117.MP4,60,data/raw/seadronessee/odv2/images/train/7986.jpg,train
train:51395,train:7986,train,51395,7986,7986.jpg,3840,2160,1,swimmer,1353.0,690.0,44.0,28.0,1232.0,34.29832733922585,42.2,mavic,NorthSea_Fri_DJI_0117.MP4,60,data/raw/seadronessee/odv2/images/train/7986.jpg,train
train:51396,train:7986,train,51396,7986,7986.jpg,3840,2160,1,swimmer,1377.0,768.0,67.0,48.0,3216.0,34.29832733922585,42.2,mavic,NorthSea_Fri_DJI_0117.MP4,60,data/raw/seadronessee/odv2/images/train/7986.jpg,train
train:51397,train:7986,train,51397,7986,7986.jpg,3840,2160,1,swimmer,2397.0,1027.0,33.0,25.0,825.0,34.29832733922585,42.2,mavic,NorthSea_Fri_DJI_0117.MP4,60,data/raw/seadronessee/odv2/images/train/7986.jpg,train
train:51398,train:7986,train,51398,7986,7986.jpg,3840,2160,1,swimmer,2710.0,1115.0,43.0,44.0,1892.0,34.29832733922585,42.2,mavic,NorthSea_Fri_DJI_0117.MP4,60,data/raw/seadronessee/odv2/images/train/7986.jpg,train
train:51399,train:7986,train,51399,7986,7986.jpg,3840,2160,1,swimmer,2378.0,1178.0,30.0,28.0,840.0,34.29832733922585,42.2,mavic,NorthSea_Fri_DJI_0117.MP4,60,data/raw/seadronessee/odv2/images/train/7986.jpg,train
train:51400,train:7986,train,51400,7986,7986.jpg,3840,2160,1,swimmer,2342.0,1247.0,69.0,41.0,2829.0,34.29832733922585,42.2,mavic,NorthSea_Fri_DJI_0117.MP4,60,data/raw/seadronessee/odv2/images/train/7986.jpg,train
train:51401,train:7986,train,51401,7986,7986.jpg,3840,2160,1,swimmer,1014.0,989.0,50.0,48.0,2400.0,34.29832733922585,42.2,mavic,NorthSea_Fri_DJI_0117.MP4,60,data/raw/seadronessee/odv2/images/train/7986.jpg,train
train:51402,train:7986,train,51402,7986,7986.jpg,3840,2160,1,swimmer,879.0,1024.0,43.0,40.0,1720.0,34.29832733922585,42.2,mavic,NorthSea_Fri_DJI_0117.MP4,60,data/raw/seadronessee/odv2/images/train/7986.jpg,train
train:51413,train:7988,train,51413,7988,7988.jpg,3840,2160,5,buoy,1914.0,209.0,64.0,86.0,5504.0,34.39832246266382,42.2,mavic,NorthSea_Fri_DJI_0117.MP4,90,data/raw/seadronessee/odv2/images/train/7988.jpg,train
train:51414,train:7988,train,51414,7988,7988.jpg,3840,2160,1,swimmer,2233.0,714.0,63.0,54.0,3402.0,34.39832246266382,42.2,mavic,NorthSea_Fri_DJI_0117.MP4,90,data/raw/seadronessee/odv2/images/train/7988.jpg,train
train:51415,train:7988,train,51415,7988,7988.jpg,3840,2160,1,swimmer,2381.0,686.0,31.0,27.0,837.0,34.39832246266382,42.2,mavic,NorthSea_Fri_DJI_0117.MP4,90,data/raw/seadronessee/odv2/images/train/7988.jpg,train
train:51416,train:7988,train,51416,7988,7988.jpg,3840,2160,1,swimmer,2234.0,642.0,37.0,35.0,1295.0,34.39832246266382,42.2,mavic,NorthSea_Fri_DJI_0117.MP4,90,data/raw/seadronessee/odv2/images/train/7988.jpg,train
train:51417,train:7988,train,51417,7988,7988.jpg,3840,2160,1,swimmer,1876.0,854.0,38.0,39.0,1482.0,34.39832246266382,42.2,mavic,NorthSea_Fri_DJI_0117.MP4,90,data/raw/seadronessee/odv2/images/train/7988.jpg,train
train:51418,train:7988,train,51418,7988,7988.jpg,3840,2160,1,swimmer,1743.0,871.0,30.0,34.0,1020.0,34.39832246266382,42.2,mavic,NorthSea_Fri_DJI_0117.MP4,90,data/raw/seadronessee/odv2/images/train/7988.jpg,train
train:51419,train:7988,train,51419,7988,7988.jpg,3840,2160,1,swimmer,3262.0,1232.0,39.0,32.0,1248.0,34.39832246266382,42.2,mavic,NorthSea_Fri_DJI_0117.MP4,90,data/raw/seadronessee/odv2/images/train/7988.jpg,train
train:51420,train:7988,train,51420,7988,7988.jpg,3840,2160,1,swimmer,3196.0,1377.0,42.0,33.0,1386.0,34.39832246266382,42.2,mavic,NorthSea_Fri_DJI_0117.MP4,90,data/raw/seadronessee/odv2/images/train/7988.jpg,train
train:51421,train:7988,train,51421,7988,7988.jpg,3840,2160,1,swimmer,3600.0,1414.0,49.0,55.0,2695.0,34.39832246266382,42.2,mavic,NorthSea_Fri_DJI_0117.MP4,90,data/raw/seadronessee/odv2/images/train/7988.jpg,train
train:51422,train:7988,train,51422,7988,7988.jpg,3840,2160,1,swimmer,3140.0,1436.0,65.0,54.0,3510.0,34.39832246266382,42.2,mavic,NorthSea_Fri_DJI_0117.MP4,90,data/raw/seadronessee/odv2/images/train/7988.jpg,train
train:51434,train:7990,train,51434,7990,7990.jpg,3840,2160,1,swimmer,2349.0,641.0,45.0,34.0,1530.0,34.29832733922585,42.2,mavic,NorthSea_Fri_DJI_0117.MP4,120,data/raw/seadronessee/odv2/images/train/7990.jpg,train
train:51435,train:7990,train,51435,7990,7990.jpg,3840,2160,1,swimmer,2364.0,708.0,45.0,51.0,2295.0,34.29832733922585,42.2,mavic,NorthSea_Fri_DJI_0117.MP4,120,data/raw/seadronessee/odv2/images/train/7990.jpg,train
train:51436,train:7990,train,51436,7990,7990.jpg,3840,2160,1,swimmer,1988.0,842.0,39.0,30.0,1170.0,34.29832733922585,42.2,mavic,NorthSea_Fri_DJI_0117.MP4,120,data/raw/seadronessee/odv2/images/train/7990.jpg,train
train:51437,train:7990,train,51437,7990,7990.jpg,3840,2160,1,swimmer,1855.0,861.0,31.0,35.0,1085.0,34.29832733922585,42.2,mavic,NorthSea_Fri_DJI_0117.MP4,120,data/raw/seadronessee/odv2/images/train/7990.jpg,train
train:51438,train:7990,train,51438,7990,7990.jpg,3840,2160,1,swimmer,3207.0,1469.0,78.0,44.0,3432.0,34.29832733922585,42.2,mavic,NorthSea_Fri_DJI_0117.MP4,120,data/raw/seadronessee/odv2/images/train/7990.jpg,train
train:51439,train:7990,train,51439,7990,7990.jpg,3840,2160,1,swimmer,3684.0,1447.0,64.0,54.0,3456.0,34.29832733922585,42.2,mavic,NorthSea_Fri_DJI_0117.MP4,120,data/raw/seadronessee/odv2/images/train/7990.jpg,train
train:51440,train:7990,train,51440,7990,7990.jpg,3840,2160,2,boat,72.0,1267.0,445.0,203.0,90335.0,34.29832733922585,42.2,mavic,NorthSea_Fri_DJI_0117.MP4,120,data/raw/seadronessee/odv2/images/train/7990.jpg,train
train:51441,train:7990,train,51441,7990,7990.jpg,3840,2160,5,buoy,2046.0,198.0,62.0,87.0,5394.0,34.29832733922585,42.2,mavic,NorthSea_Fri_DJI_0117.MP4,120,data/raw/seadronessee/odv2/images/train/7990.jpg,train
train:51442,train:7990,train,51442,7990,7990.jpg,3840,2160,1,swimmer,2492.0,693.0,28.0,28.0,784.0,34.29832733922585,42.2,mavic,NorthSea_Fri_DJI_0117.MP4,120,data/raw/seadronessee/odv2/images/train/7990.jpg,train
train:51443,train:7990,train,51443,7990,7990.jpg,3840,2160,1,swimmer,3347.0,1270.0,45.0,33.0,1485.0,34.29832733922585,42.2,mavic,NorthSea_Fri_DJI_0117.MP4,120,data/raw/seadronessee/odv2/images/train/7990.jpg,train
train:51444,train:7990,train,51444,7990,7990.jpg,3840,2160,1,swimmer,3271.0,1409.0,41.0,32.0,1312.0,34.29832733922585,42.2,mavic,NorthSea_Fri_DJI_0117.MP4,120,data/raw/seadronessee/odv2/images/train/7990.jpg,train
train:51456,train:7992,train,51456,7992,7992.jpg,3840,2160,1,swimmer,2307.0,649.0,74.0,30.0,2220.0,34.29832733922585,42.2,mavic,NorthSea_Fri_DJI_0117.MP4,150,data/raw/seadronessee/odv2/images/train/7992.jpg,train
train:51457,train:7992,train,51457,7992,7992.jpg,3840,2160,1,swimmer,2352.0,727.0,53.0,40.0,2120.0,34.29832733922585,42.2,mavic,NorthSea_Fri_DJI_0117.MP4,150,data/raw/seadronessee/odv2/images/train/7992.jpg,train
train:51458,train:7992,train,51458,7992,7992.jpg,3840,2160,1,swimmer,1961.0,861.0,50.0,33.0,1650.0,34.29832733922585,42.2,mavic,NorthSea_Fri_DJI_0117.MP4,150,data/raw/seadronessee/odv2/images/train/7992.jpg,train
train:51459,train:7992,train,51459,7992,7992.jpg,3840,2160,1,swimmer,1837.0,878.0,32.0,38.0,1216.0,34.29832733922585,42.2,mavic,NorthSea_Fri_DJI_0117.MP4,150,data/raw/seadronessee/odv2/images/train/7992.jpg,train
train:51460,train:7992,train,51460,7992,7992.jpg,3840,2160,1,swimmer,3156.0,1476.0,72.0,49.0,3528.0,34.29832733922585,42.2,mavic,NorthSea_Fri_DJI_0117.MP4,150,data/raw/seadronessee/odv2/images/train/7992.jpg,train
train:51461,train:7992,train,51461,7992,7992.jpg,3840,2160,1,swimmer,3641.0,1469.0,68.0,48.0,3264.0,34.29832733922585,42.2,mavic,NorthSea_Fri_DJI_0117.MP4,150,data/raw/seadronessee/odv2/images/train/7992.jpg,train
train:51462,train:7992,train,51462,7992,7992.jpg,3840,2160,2,boat,51.0,1279.0,477.0,229.0,109233.0,34.29832733922585,42.2,mavic,NorthSea_Fri_DJI_0117.MP4,150,data/raw/seadronessee/odv2/images/train/7992.jpg,train
train:51463,train:7992,train,51463,7992,7992.jpg,3840,2160,5,buoy,2024.0,209.0,62.0,87.0,5394.0,34.29832733922585,42.2,mavic,NorthSea_Fri_DJI_0117.MP4,150,data/raw/seadronessee/odv2/images/train/7992.jpg,train
train:51464,train:7992,train,51464,7992,7992.jpg,3840,2160,1,swimmer,2474.0,702.0,29.0,26.0,754.0,34.29832733922585,42.2,mavic,NorthSea_Fri_DJI_0117.MP4,150,data/raw/seadronessee/odv2/images/train/7992.jpg,train
train:51465,train:7992,train,51465,7992,7992.jpg,3840,2160,1,swimmer,3306.0,1276.0,38.0,31.0,1178.0,34.29832733922585,42.2,mavic,NorthSea_Fri_DJI_0117.MP4,150,data/raw/seadronessee/odv2/images/train/7992.jpg,train
train:51466,train:7992,train,51466,7992,7992.jpg,3840,2160,1,swimmer,3218.0,1422.0,38.0,29.0,1102.0,34.29832733922585,42.2,mavic,NorthSea_Fri_DJI_0117.MP4,150,data/raw/seadronessee/odv2/images/train/7992.jpg,train
train:51478,train:7994,train,51478,7994,7994.jpg,3840,2160,1,swimmer,2115.0,663.0,60.0,30.0,1800.0,34.29832733922585,42.2,mavic,NorthSea_Fri_DJI_0117.MP4,180,data/raw/seadronessee/odv2/images/train/7994.jpg,train
train:51479,train:7994,train,51479,7994,7994.jpg,3840,2160,1,swimmer,2149.0,741.0,52.0,38.0,1976.0,34.29832733922585,42.2,mavic,NorthSea_Fri_DJI_0117.MP4,180,data/raw/seadronessee/odv2/images/train/7994.jpg,train
train:51480,train:7994,train,51480,7994,7994.jpg,3840,2160,1,swimmer,1752.0,867.0,56.0,33.0,1848.0,34.29832733922585,42.2,mavic,NorthSea_Fri_DJI_0117.MP4,180,data/raw/seadronessee/odv2/images/train/7994.jpg,train
train:51481,train:7994,train,51481,7994,7994.jpg,3840,2160,1,swimmer,1623.0,894.0,37.0,36.0,1332.0,34.29832733922585,42.2,mavic,NorthSea_Fri_DJI_0117.MP4,180,data/raw/seadronessee/odv2/images/train/7994.jpg,train
train:51482,train:7994,train,51482,7994,7994.jpg,3840,2160,1,swimmer,2866.0,1493.0,65.0,46.0,2990.0,34.29832733922585,42.2,mavic,NorthSea_Fri_DJI_0117.MP4,180,data/raw/seadronessee/odv2/images/train/7994.jpg,train
train:51483,train:7994,train,51483,7994,7994.jpg,3840,2160,1,swimmer,3341.0,1473.0,64.0,51.0,3264.0,34.29832733922585,42.2,mavic,NorthSea_Fri_DJI_0117.MP4,180,data/raw/seadronessee/odv2/images/train/7994.jpg,train
train:51484,train:7994,train,51484,7994,7994.jpg,3840,2160,2,boat,0.0,1310.0,317.0,211.0,66887.0,34.29832733922585,42.2,mavic,NorthSea_Fri_DJI_0117.MP4,180,data/raw/seadronessee/odv2/images/train/7994.jpg,train
train:51485,train:7994,train,51485,7994,7994.jpg,3840,2160,5,buoy,1849.0,220.0,62.0,86.0,5332.0,34.29832733922585,42.2,mavic,NorthSea_Fri_DJI_0117.MP4,180,data/raw/seadronessee/odv2/images/train/7994.jpg,train
train:51486,train:7994,train,51486,7994,7994.jpg,3840,2160,1,swimmer,2272.0,720.0,28.0,26.0,728.0,34.29832733922585,42.2,mavic,NorthSea_Fri_DJI_0117.MP4,180,data/raw/seadronessee/odv2/images/train/7994.jpg,train
train:51487,train:7994,train,51487,7994,7994.jpg,3840,2160,1,swimmer,3053.0,1272.0,33.0,37.0,1221.0,34.29832733922585,42.2,mavic,NorthSea_Fri_DJI_0117.MP4,180,data/raw/seadronessee/odv2/images/train/7994.jpg,train
train:51488,train:7994,train,51488,7994,7994.jpg,3840,2160,1,swimmer,2941.0,1426.0,36.0,31.0,1116.0,34.29832733922585,42.2,mavic,NorthSea_Fri_DJI_0117.MP4,180,data/raw/seadronessee/odv2/images/train/7994.jpg,train
train:51500,train:7996,train,51500,7996,7996.jpg,3840,2160,1,swimmer,1784.0,672.0,67.0,27.0,1809.0,34.29832733922585,42.2,mavic,NorthSea_Fri_DJI_0117.MP4,210,data/raw/seadronessee/odv2/images/train/7996.jpg,train
train:51501,train:7996,train,51501,7996,7996.jpg,3840,2160,1,swimmer,1831.0,749.0,39.0,38.0,1482.0,34.29832733922585,42.2,mavic,NorthSea_Fri_DJI_0117.MP4,210,data/raw/seadronessee/odv2/images/train/7996.jpg,train
train:51502,train:7996,train,51502,7996,7996.jpg,3840,2160,1,swimmer,1420.0,867.0,59.0,29.0,1711.0,34.29832733922585,42.2,mavic,NorthSea_Fri_DJI_0117.MP4,210,data/raw/seadronessee/odv2/images/train/7996.jpg,train
train:51503,train:7996,train,51503,7996,7996.jpg,3840,2160,1,swimmer,1284.0,885.0,49.0,40.0,1960.0,34.29832733922585,42.2,mavic,NorthSea_Fri_DJI_0117.MP4,210,data/raw/seadronessee/odv2/images/train/7996.jpg,train
train:51504,train:7996,train,51504,7996,7996.jpg,3840,2160,1,swimmer,2433.0,1484.0,73.0,48.0,3504.0,34.29832733922585,42.2,mavic,NorthSea_Fri_DJI_0117.MP4,210,data/raw/seadronessee/odv2/images/train/7996.jpg,train
train:51505,train:7996,train,51505,7996,7996.jpg,3840,2160,1,swimmer,2921.0,1464.0,56.0,49.0,2744.0,34.29832733922585,42.2,mavic,NorthSea_Fri_DJI_0117.MP4,210,data/raw/seadronessee/odv2/images/train/7996.jpg,train
train:51506,train:7996,train,51506,7996,7996.jpg,3840,2160,5,buoy,1581.0,220.0,62.0,86.0,5332.0,34.29832733922585,42.2,mavic,NorthSea_Fri_DJI_0117.MP4,210,data/raw/seadronessee/odv2/images/train/7996.jpg,train
train:51507,train:7996,train,51507,7996,7996.jpg,3840,2160,1,swimmer,1947.0,737.0,26.0,24.0,624.0,34.29832733922585,42.2,mavic,NorthSea_Fri_DJI_0117.MP4,210,data/raw/seadronessee/odv2/images/train/7996.jpg,train
train:51508,train:7996,train,51508,7996,7996.jpg,3840,2160,1,swimmer,2660.0,1277.0,31.0,36.0,1116.0,34.29832733922585,42.2,mavic,NorthSea_Fri_DJI_0117.MP4,210,data/raw/seadronessee/odv2/images/train/7996.jpg,train
train:51509,train:7996,train,51509,7996,7996.jpg,3840,2160,1,swimmer,2530.0,1418.0,33.0,33.0,1089.0,34.29832733922585,42.2,mavic,NorthSea_Fri_DJI_0117.MP4,210,data/raw/seadronessee/odv2/images/train/7996.jpg,train
train:51520,train:7998,train,51520,7998,7998.jpg,3840,2160,1,swimmer,1613.0,662.0,60.0,29.0,1740.0,34.29832733922585,42.2,mavic,NorthSea_Fri_DJI_0117.MP4,240,data/raw/seadronessee/odv2/images/train/7998.jpg,train
train:51521,train:7998,train,51521,7998,7998.jpg,3840,2160,1,swimmer,1653.0,747.0,41.0,38.0,1558.0,34.29832733922585,42.2,mavic,NorthSea_Fri_DJI_0117.MP4,240,data/raw/seadronessee/odv2/images/train/7998.jpg,train
train:51522,train:7998,train,51522,7998,7998.jpg,3840,2160,1,swimmer,1238.0,852.0,42.0,28.0,1176.0,34.29832733922585,42.2,mavic,NorthSea_Fri_DJI_0117.MP4,240,data/raw/seadronessee/odv2/images/train/7998.jpg,train
train:51523,train:7998,train,51523,7998,7998.jpg,3840,2160,1,swimmer,1098.0,870.0,30.0,35.0,1050.0,34.29832733922585,42.2,mavic,NorthSea_Fri_DJI_0117.MP4,240,data/raw/seadronessee/odv2/images/train/7998.jpg,train
train:51524,train:7998,train,51524,7998,7998.jpg,3840,2160,1,swimmer,2228.0,1470.0,61.0,40.0,2440.0,34.29832733922585,42.2,mavic,NorthSea_Fri_DJI_0117.MP4,240,data/raw/seadronessee/odv2/images/train/7998.jpg,train
train:51525,train:7998,train,51525,7998,7998.jpg,3840,2160,1,swimmer,2685.0,1452.0,62.0,50.0,3100.0,34.29832733922585,42.2,mavic,NorthSea_Fri_DJI_0117.MP4,240,data/raw/seadronessee/odv2/images/train/7998.jpg,train
train:51526,train:7998,train,51526,7998,7998.jpg,3840,2160,5,buoy,1434.0,215.0,62.0,87.0,5394.0,34.29832733922585,42.2,mavic,NorthSea_Fri_DJI_0117.MP4,240,data/raw/seadronessee/odv2/images/train/7998.jpg,train
train:51527,train:7998,train,51527,7998,7998.jpg,3840,2160,1,swimmer,1766.0,735.0,27.0,25.0,675.0,34.29832733922585,42.2,mavic,NorthSea_Fri_DJI_0117.MP4,240,data/raw/seadronessee/odv2/images/train/7998.jpg,train
train:51528,train:7998,train,51528,7998,7998.jpg,3840,2160,1,swimmer,2449.0,1272.0,32.0,35.0,1120.0,34.29832733922585,42.2,mavic,NorthSea_Fri_DJI_0117.MP4,240,data/raw/seadronessee/odv2/images/train/7998.jpg,train
train:51529,train:7998,train,51529,7998,7998.jpg,3840,2160,1,swimmer,2317.0,1400.0,32.0,36.0,1152.0,34.29832733922585,42.2,mavic,NorthSea_Fri_DJI_0117.MP4,240,data/raw/seadronessee/odv2/images/train/7998.jpg,train
train:51540,train:8000,train,51540,8000,8000.jpg,3840,2160,1,swimmer,1553.0,653.0,73.0,28.0,2044.0,34.29832733922585,42.2,mavic,NorthSea_Fri_DJI_0117.MP4,270,data/raw/seadronessee/odv2/images/train/8000.jpg,train
train:51541,train:8000,train,51541,8000,8000.jpg,3840,2160,1,swimmer,1622.0,734.0,30.0,40.0,1200.0,34.29832733922585,42.2,mavic,NorthSea_Fri_DJI_0117.MP4,270,data/raw/seadronessee/odv2/images/train/8000.jpg,train
train:51542,train:8000,train,51542,8000,8000.jpg,3840,2160,1,swimmer,1191.0,834.0,53.0,32.0,1696.0,34.29832733922585,42.2,mavic,NorthSea_Fri_DJI_0117.MP4,270,data/raw/seadronessee/odv2/images/train/8000.jpg,train
train:51543,train:8000,train,51543,8000,8000.jpg,3840,2160,1,swimmer,1051.0,849.0,30.0,39.0,1170.0,34.29832733922585,42.2,mavic,NorthSea_Fri_DJI_0117.MP4,270,data/raw/seadronessee/odv2/images/train/8000.jpg,train
train:51544,train:8000,train,51544,8000,8000.jpg,3840,2160,1,swimmer,2195.0,1481.0,62.0,35.0,2170.0,34.29832733922585,42.2,mavic,NorthSea_Fri_DJI_0117.MP4,270,data/raw/seadronessee/odv2/images/train/8000.jpg,train
train:51545,train:8000,train,51545,8000,8000.jpg,3840,2160,1,swimmer,2654.0,1442.0,44.0,51.0,2244.0,34.29832733922585,42.2,mavic,NorthSea_Fri_DJI_0117.MP4,270,data/raw/seadronessee/odv2/images/train/8000.jpg,train
train:51546,train:8000,train,51546,8000,8000.jpg,3840,2160,5,buoy,1400.0,205.0,62.0,89.0,5518.0,34.29832733922585,42.2,mavic,NorthSea_Fri_DJI_0117.MP4,270,data/raw/seadronessee/odv2/images/train/8000.jpg,train
train:51547,train:8000,train,51547,8000,8000.jpg,3840,2160,1,swimmer,1722.0,721.0,25.0,23.0,575.0,34.29832733922585,42.2,mavic,NorthSea_Fri_DJI_0117.MP4,270,data/raw/seadronessee/odv2/images/train/8000.jpg,train
train:51548,train:8000,train,51548,8000,8000.jpg,3840,2160,1,swimmer,2426.0,1267.0,31.0,39.0,1209.0,34.29832733922585,42.2,mavic,NorthSea_Fri_DJI_0117.MP4,270,data/raw/seadronessee/odv2/images/train/8000.jpg,train
train:51549,train:8000,train,51549,8000,8000.jpg,3840,2160,1,swimmer,2293.0,1411.0,33.0,31.0,1023.0,34.29832733922585,42.2,mavic,NorthSea_Fri_DJI_0117.MP4,270,data/raw/seadronessee/odv2/images/train/8000.jpg,train
train:51562,train:8002,train,51562,8002,8002.jpg,3840,2160,1,swimmer,1554.0,649.0,50.0,28.0,1400.0,34.39832246266382,42.2,mavic,NorthSea_Fri_DJI_0117.MP4,300,data/raw/seadronessee/odv2/images/train/8002.jpg,train
train:51563,train:8002,train,51563,8002,8002.jpg,3840,2160,1,swimmer,1609.0,729.0,26.0,36.0,936.0,34.39832246266382,42.2,mavic,NorthSea_Fri_DJI_0117.MP4,300,data/raw/seadronessee/odv2/images/train/8002.jpg,train
train:51564,train:8002,train,51564,8002,8002.jpg,3840,2160,1,swimmer,1196.0,815.0,47.0,31.0,1457.0,34.39832246266382,42.2,mavic,NorthSea_Fri_DJI_0117.MP4,300,data/raw/seadronessee/odv2/images/train/8002.jpg,train
train:51565,train:8002,train,51565,8002,8002.jpg,3840,2160,1,swimmer,1052.0,832.0,35.0,38.0,1330.0,34.39832246266382,42.2,mavic,NorthSea_Fri_DJI_0117.MP4,300,data/raw/seadronessee/odv2/images/train/8002.jpg,train
train:51566,train:8002,train,51566,8002,8002.jpg,3840,2160,1,swimmer,2182.0,1491.0,101.0,31.0,3131.0,34.39832246266382,42.2,mavic,NorthSea_Fri_DJI_0117.MP4,300,data/raw/seadronessee/odv2/images/train/8002.jpg,train
train:51567,train:8002,train,51567,8002,8002.jpg,3840,2160,1,swimmer,2679.0,1441.0,42.0,46.0,1932.0,34.39832246266382,42.2,mavic,NorthSea_Fri_DJI_0117.MP4,300,data/raw/seadronessee/odv2/images/train/8002.jpg,train
train:51568,train:8002,train,51568,8002,8002.jpg,3840,2160,5,buoy,1405.0,196.0,61.0,90.0,5490.0,34.39832246266382,42.2,mavic,NorthSea_Fri_DJI_0117.MP4,300,data/raw/seadronessee/odv2/images/train/8002.jpg,train
train:51569,train:8002,train,51569,8002,8002.jpg,3840,2160,1,swimmer,1708.0,718.0,27.0,25.0,675.0,34.39832246266382,42.2,mavic,NorthSea_Fri_DJI_0117.MP4,300,data/raw/seadronessee/odv2/images/train/8002.jpg,train
train:51570,train:8002,train,51570,8002,8002.jpg,3840,2160,1,swimmer,2433.0,1265.0,32.0,40.0,1280.0,34.39832246266382,42.2,mavic,NorthSea_Fri_DJI_0117.MP4,300,data/raw/seadronessee/odv2/images/train/8002.jpg,train
train:51571,train:8002,train,51571,8002,8002.jpg,3840,2160,1,swimmer,2298.0,1410.0,32.0,29.0,928.0,34.39832246266382,42.2,mavic,NorthSea_Fri_DJI_0117.MP4,300,data/raw/seadronessee/odv2/images/train/8002.jpg,train
train:51584,train:8004,train,51584,8004,8004.jpg,3840,2160,1,swimmer,1534.0,633.0,57.0,30.0,1710.0,34.39832246266382,42.2,mavic,NorthSea_Fri_DJI_0117.MP4,330,data/raw/seadronessee/odv2/images/train/8004.jpg,train
train:51585,train:8004,train,51585,8004,8004.jpg,3840,2160,1,swimmer,1596.0,722.0,33.0,31.0,1023.0,34.39832246266382,42.2,mavic,NorthSea_Fri_DJI_0117.MP4,330,data/raw/seadronessee/odv2/images/train/8004.jpg,train
train:51586,train:8004,train,51586,8004,8004.jpg,3840,2160,1,swimmer,1197.0,809.0,50.0,36.0,1800.0,34.39832246266382,42.2,mavic,NorthSea_Fri_DJI_0117.MP4,330,data/raw/seadronessee/odv2/images/train/8004.jpg,train
train:51587,train:8004,train,51587,8004,8004.jpg,3840,2160,1,swimmer,1062.0,825.0,35.0,35.0,1225.0,34.39832246266382,42.2,mavic,NorthSea_Fri_DJI_0117.MP4,330,data/raw/seadronessee/odv2/images/train/8004.jpg,train
train:51588,train:8004,train,51588,8004,8004.jpg,3840,2160,1,swimmer,2199.0,1483.0,63.0,31.0,1953.0,34.39832246266382,42.2,mavic,NorthSea_Fri_DJI_0117.MP4,330,data/raw/seadronessee/odv2/images/train/8004.jpg,train
train:51589,train:8004,train,51589,8004,8004.jpg,3840,2160,1,swimmer,2690.0,1451.0,41.0,48.0,1968.0,34.39832246266382,42.2,mavic,NorthSea_Fri_DJI_0117.MP4,330,data/raw/seadronessee/odv2/images/train/8004.jpg,train
train:51590,train:8004,train,51590,8004,8004.jpg,3840,2160,5,buoy,1400.0,192.0,62.0,88.0,5456.0,34.39832246266382,42.2,mavic,NorthSea_Fri_DJI_0117.MP4,330,data/raw/seadronessee/odv2/images/train/8004.jpg,train
train:51591,train:8004,train,51591,8004,8004.jpg,3840,2160,1,swimmer,1699.0,716.0,28.0,25.0,700.0,34.39832246266382,42.2,mavic,NorthSea_Fri_DJI_0117.MP4,330,data/raw/seadronessee/odv2/images/train/8004.jpg,train
train:51592,train:8004,train,51592,8004,8004.jpg,3840,2160,1,swimmer,2428.0,1273.0,29.0,34.0,986.0,34.39832246266382,42.2,mavic,NorthSea_Fri_DJI_0117.MP4,330,data/raw/seadronessee/odv2/images/train/8004.jpg,train
train:51593,train:8004,train,51593,8004,8004.jpg,3840,2160,1,swimmer,2294.0,1402.0,33.0,32.0,1056.0,34.39832246266382,42.2,mavic,NorthSea_Fri_DJI_0117.MP4,330,data/raw/seadronessee/odv2/images/train/8004.jpg,train
train:51607,train:8006,train,51607,8006,8006.jpg,3840,2160,1,swimmer,1644.0,622.0,48.0,27.0,1296.0,34.4983175861018,42.2,mavic,NorthSea_Fri_DJI_0117.MP4,360,data/raw/seadronessee/odv2/images/train/8006.jpg,train
train:51608,train:8006,train,51608,8006,8006.jpg,3840,2160,1,swimmer,1678.0,710.0,45.0,32.0,1440.0,34.4983175861018,42.2,mavic,NorthSea_Fri_DJI_0117.MP4,360,data/raw/seadronessee/odv2/images/train/8006.jpg,train
train:51609,train:8006,train,51609,8006,8006.jpg,3840,2160,1,swimmer,1307.0,768.0,58.0,34.0,1972.0,34.4983175861018,42.2,mavic,NorthSea_Fri_DJI_0117.MP4,360,data/raw/seadronessee/odv2/images/train/8006.jpg,train
train:51610,train:8006,train,51610,8006,8006.jpg,3840,2160,1,swimmer,1171.0,777.0,52.0,48.0,2496.0,34.4983175861018,42.2,mavic,NorthSea_Fri_DJI_0117.MP4,360,data/raw/seadronessee/odv2/images/train/8006.jpg,train
train:51611,train:8006,train,51611,8006,8006.jpg,3840,2160,1,swimmer,2237.0,1499.0,98.0,35.0,3430.0,34.4983175861018,42.2,mavic,NorthSea_Fri_DJI_0117.MP4,360,data/raw/seadronessee/odv2/images/train/8006.jpg,train
train:51612,train:8006,train,51612,8006,8006.jpg,3840,2160,1,swimmer,2749.0,1490.0,46.0,39.0,1794.0,34.4983175861018,42.2,mavic,NorthSea_Fri_DJI_0117.MP4,360,data/raw/seadronessee/odv2/images/train/8006.jpg,train
train:51613,train:8006,train,51613,8006,8006.jpg,3840,2160,5,buoy,1515.0,185.0,62.0,90.0,5580.0,34.4983175861018,42.2,mavic,NorthSea_Fri_DJI_0117.MP4,360,data/raw/seadronessee/odv2/images/train/8006.jpg,train
train:51614,train:8006,train,51614,8006,8006.jpg,3840,2160,1,swimmer,1796.0,698.0,28.0,22.0,616.0,34.4983175861018,42.2,mavic,NorthSea_Fri_DJI_0117.MP4,360,data/raw/seadronessee/odv2/images/train/8006.jpg,train
train:51615,train:8006,train,51615,8006,8006.jpg,3840,2160,1,swimmer,2488.0,1286.0,32.0,32.0,1024.0,34.4983175861018,42.2,mavic,NorthSea_Fri_DJI_0117.MP4,360,data/raw/seadronessee/odv2/images/train/8006.jpg,train
train:51616,train:8006,train,51616,8006,8006.jpg,3840,2160,1,swimmer,2342.0,1424.0,31.0,29.0,899.0,34.4983175861018,42.2,mavic,NorthSea_Fri_DJI_0117.MP4,360,data/raw/seadronessee/odv2/images/train/8006.jpg,train
train:51631,train:8008,train,51631,8008,8008.jpg,3840,2160,1,swimmer,1635.0,614.0,64.0,33.0,2112.0,34.4983175861018,42.2,mavic,NorthSea_Fri_DJI_0117.MP4,390,data/raw/seadronessee/odv2/images/train/8008.jpg,train
train:51632,train:8008,train,51632,8008,8008.jpg,3840,2160,1,swimmer,1665.0,713.0,55.0,39.0,2145.0,34.4983175861018,42.2,mavic,NorthSea_Fri_DJI_0117.MP4,390,data/raw/seadronessee/odv2/images/train/8008.jpg,train
train:51633,train:8008,train,51633,8008,8008.jpg,3840,2160,1,swimmer,1323.0,777.0,53.0,32.0,1696.0,34.4983175861018,42.2,mavic,NorthSea_Fri_DJI_0117.MP4,390,data/raw/seadronessee/odv2/images/train/8008.jpg,train
train:51634,train:8008,train,51634,8008,8008.jpg,3840,2160,1,swimmer,1190.0,784.0,30.0,37.0,1110.0,34.4983175861018,42.2,mavic,NorthSea_Fri_DJI_0117.MP4,390,data/raw/seadronessee/odv2/images/train/8008.jpg,train
train:51635,train:8008,train,51635,8008,8008.jpg,3840,2160,1,swimmer,2217.0,1485.0,85.0,33.0,2805.0,34.4983175861018,42.2,mavic,NorthSea_Fri_DJI_0117.MP4,390,data/raw/seadronessee/odv2/images/train/8008.jpg,train
train:51636,train:8008,train,51636,8008,8008.jpg,3840,2160,1,swimmer,2730.0,1483.0,44.0,43.0,1892.0,34.4983175861018,42.2,mavic,NorthSea_Fri_DJI_0117.MP4,390,data/raw/seadronessee/odv2/images/train/8008.jpg,train
train:51637,train:8008,train,51637,8008,8008.jpg,3840,2160,5,buoy,1514.0,186.0,61.0,89.0,5429.0,34.4983175861018,42.2,mavic,NorthSea_Fri_DJI_0117.MP4,390,data/raw/seadronessee/odv2/images/train/8008.jpg,train
train:51638,train:8008,train,51638,8008,8008.jpg,3840,2160,1,swimmer,1803.0,693.0,26.0,20.0,520.0,34.4983175861018,42.2,mavic,NorthSea_Fri_DJI_0117.MP4,390,data/raw/seadronessee/odv2/images/train/8008.jpg,train
train:51639,train:8008,train,51639,8008,8008.jpg,3840,2160,1,swimmer,2467.0,1268.0,32.0,33.0,1056.0,34.4983175861018,42.2,mavic,NorthSea_Fri_DJI_0117.MP4,390,data/raw/seadronessee/odv2/images/train/8008.jpg,train
train:51640,train:8008,train,51640,8008,8008.jpg,3840,2160,1,swimmer,2318.0,1410.0,32.0,29.0,928.0,34.4983175861018,42.2,mavic,NorthSea_Fri_DJI_0117.MP4,390,data/raw/seadronessee/odv2/images/train/8008.jpg,train
train:51641,train:8008,train,51641,8008,8008.jpg,3840,2160,3,jetski,1145.0,1841.0,167.0,254.0,42418.0,34.4983175861018,42.2,mavic,NorthSea_Fri_DJI_0117.MP4,390,data/raw/seadronessee/odv2/images/train/8008.jpg,train
train:51655,train:8010,train,51655,8010,8010.jpg,3840,2160,1,swimmer,1646.0,613.0,34.0,28.0,952.0,34.598312709539776,42.2,mavic,NorthSea_Fri_DJI_0117.MP4,420,data/raw/seadronessee/odv2/images/train/8010.jpg,train
train:51656,train:8010,train,51656,8010,8010.jpg,3840,2160,1,swimmer,1669.0,717.0,50.0,35.0,1750.0,34.598312709539776,42.2,mavic,NorthSea_Fri_DJI_0117.MP4,420,data/raw/seadronessee/odv2/images/train/8010.jpg,train
train:51657,train:8010,train,51657,8010,8010.jpg,3840,2160,1,swimmer,1314.0,764.0,105.0,53.0,5565.0,34.598312709539776,42.2,mavic,NorthSea_Fri_DJI_0117.MP4,420,data/raw/seadronessee/odv2/images/train/8010.jpg,train
train:51658,train:8010,train,51658,8010,8010.jpg,3840,2160,1,swimmer,1216.0,783.0,32.0,32.0,1024.0,34.598312709539776,42.2,mavic,NorthSea_Fri_DJI_0117.MP4,420,data/raw/seadronessee/odv2/images/train/8010.jpg,train
train:51659,train:8010,train,51659,8010,8010.jpg,3840,2160,1,swimmer,2208.0,1478.0,98.0,33.0,3234.0,34.598312709539776,42.2,mavic,NorthSea_Fri_DJI_0117.MP4,420,data/raw/seadronessee/odv2/images/train/8010.jpg,train
train:51660,train:8010,train,51660,8010,8010.jpg,3840,2160,1,swimmer,2720.0,1462.0,43.0,44.0,1892.0,34.598312709539776,42.2,mavic,NorthSea_Fri_DJI_0117.MP4,420,data/raw/seadronessee/odv2/images/train/8010.jpg,train
train:51661,train:8010,train,51661,8010,8010.jpg,3840,2160,5,buoy,1519.0,188.0,62.0,91.0,5642.0,34.598312709539776,42.2,mavic,NorthSea_Fri_DJI_0117.MP4,420,data/raw/seadronessee/odv2/images/train/8010.jpg,train
train:51662,train:8010,train,51662,8010,8010.jpg,3840,2160,1,swimmer,1804.0,695.0,27.0,21.0,567.0,34.598312709539776,42.2,mavic,NorthSea_Fri_DJI_0117.MP4,420,data/raw/seadronessee/odv2/images/train/8010.jpg,train
train:51663,train:8010,train,51663,8010,8010.jpg,3840,2160,1,swimmer,2459.0,1261.0,36.0,31.0,1116.0,34.598312709539776,42.2,mavic,NorthSea_Fri_DJI_0117.MP4,420,data/raw/seadronessee/odv2/images/train/8010.jpg,train
train:51664,train:8010,train,51664,8010,8010.jpg,3840,2160,1,swimmer,2312.0,1398.0,33.0,30.0,990.0,34.598312709539776,42.2,mavic,NorthSea_Fri_DJI_0117.MP4,420,data/raw/seadronessee/odv2/images/train/8010.jpg,train
train:51665,train:8010,train,51665,8010,8010.jpg,3840,2160,3,jetski,1125.0,1785.0,153.0,245.0,37485.0,34.598312709539776,42.2,mavic,NorthSea_Fri_DJI_0117.MP4,420,data/raw/seadronessee/odv2/images/train/8010.jpg,train
train:51679,train:8012,train,51679,8012,8012.jpg,3840,2160,1,swimmer,1634.0,628.0,43.0,32.0,1376.0,34.4983175861018,42.2,mavic,NorthSea_Fri_DJI_0117.MP4,450,data/raw/seadronessee/odv2/images/train/8012.jpg,train
train:51680,train:8012,train,51680,8012,8012.jpg,3840,2160,1,swimmer,1667.0,707.0,65.0,50.0,3250.0,34.4983175861018,42.2,mavic,NorthSea_Fri_DJI_0117.MP4,450,data/raw/seadronessee/odv2/images/train/8012.jpg,train
train:51681,train:8012,train,51681,8012,8012.jpg,3840,2160,1,swimmer,1342.0,754.0,91.0,51.0,4641.0,34.4983175861018,42.2,mavic,NorthSea_Fri_DJI_0117.MP4,450,data/raw/seadronessee/odv2/images/train/8012.jpg,train
train:51682,train:8012,train,51682,8012,8012.jpg,3840,2160,1,swimmer,1234.0,760.0,28.0,40.0,1120.0,34.4983175861018,42.2,mavic,NorthSea_Fri_DJI_0117.MP4,450,data/raw/seadronessee/odv2/images/train/8012.jpg,train
train:51683,train:8012,train,51683,8012,8012.jpg,3840,2160,1,swimmer,2205.0,1466.0,76.0,36.0,2736.0,34.4983175861018,42.2,mavic,NorthSea_Fri_DJI_0117.MP4,450,data/raw/seadronessee/odv2/images/train/8012.jpg,train
train:51684,train:8012,train,51684,8012,8012.jpg,3840,2160,1,swimmer,2711.0,1450.0,47.0,40.0,1880.0,34.4983175861018,42.2,mavic,NorthSea_Fri_DJI_0117.MP4,450,data/raw/seadronessee/odv2/images/train/8012.jpg,train
train:51685,train:8012,train,51685,8012,8012.jpg,3840,2160,5,buoy,1516.0,198.0,60.0,88.0,5280.0,34.4983175861018,42.2,mavic,NorthSea_Fri_DJI_0117.MP4,450,data/raw/seadronessee/odv2/images/train/8012.jpg,train
train:51686,train:8012,train,51686,8012,8012.jpg,3840,2160,1,swimmer,1812.0,698.0,29.0,27.0,783.0,34.4983175861018,42.2,mavic,NorthSea_Fri_DJI_0117.MP4,450,data/raw/seadronessee/odv2/images/train/8012.jpg,train
train:51687,train:8012,train,51687,8012,8012.jpg,3840,2160,1,swimmer,2454.0,1262.0,34.0,27.0,918.0,34.4983175861018,42.2,mavic,NorthSea_Fri_DJI_0117.MP4,450,data/raw/seadronessee/odv2/images/train/8012.jpg,train
train:51688,train:8012,train,51688,8012,8012.jpg,3840,2160,1,swimmer,2297.0,1398.0,32.0,26.0,832.0,34.4983175861018,42.2,mavic,NorthSea_Fri_DJI_0117.MP4,450,data/raw/seadronessee/odv2/images/train/8012.jpg,train
train:51689,train:8012,train,51689,8012,8012.jpg,3840,2160,3,jetski,1109.0,1730.0,147.0,237.0,34839.0,34.4983175861018,42.2,mavic,NorthSea_Fri_DJI_0117.MP4,450,data/raw/seadronessee/odv2/images/train/8012.jpg,train
train:51703,train:8014,train,51703,8014,8014.jpg,3840,2160,1,swimmer,1644.0,634.0,33.0,31.0,1023.0,34.4983175861018,42.2,mavic,NorthSea_Fri_DJI_0117.MP4,480,data/raw/seadronessee/odv2/images/train/8014.jpg,train
train:51704,train:8014,train,51704,8014,8014.jpg,3840,2160,1,swimmer,1657.0,725.0,75.0,50.0,3750.0,34.4983175861018,42.2,mavic,NorthSea_Fri_DJI_0117.MP4,480,data/raw/seadronessee/odv2/images/train/8014.jpg,train
train:51705,train:8014,train,51705,8014,8014.jpg,3840,2160,1,swimmer,1341.0,756.0,107.0,53.0,5671.0,34.4983175861018,42.2,mavic,NorthSea_Fri_DJI_0117.MP4,480,data/raw/seadronessee/odv2/images/train/8014.jpg,train
train:51706,train:8014,train,51706,8014,8014.jpg,3840,2160,1,swimmer,1242.0,758.0,28.0,36.0,1008.0,34.4983175861018,42.2,mavic,NorthSea_Fri_DJI_0117.MP4,480,data/raw/seadronessee/odv2/images/train/8014.jpg,train
train:51707,train:8014,train,51707,8014,8014.jpg,3840,2160,1,swimmer,2214.0,1455.0,67.0,34.0,2278.0,34.4983175861018,42.2,mavic,NorthSea_Fri_DJI_0117.MP4,480,data/raw/seadronessee/odv2/images/train/8014.jpg,train
train:51708,train:8014,train,51708,8014,8014.jpg,3840,2160,1,swimmer,2708.0,1446.0,50.0,48.0,2400.0,34.4983175861018,42.2,mavic,NorthSea_Fri_DJI_0117.MP4,480,data/raw/seadronessee/odv2/images/train/8014.jpg,train
train:51709,train:8014,train,51709,8014,8014.jpg,3840,2160,5,buoy,1511.0,186.0,62.0,90.0,5580.0,34.4983175861018,42.2,mavic,NorthSea_Fri_DJI_0117.MP4,480,data/raw/seadronessee/odv2/images/train/8014.jpg,train
train:51710,train:8014,train,51710,8014,8014.jpg,3840,2160,1,swimmer,1819.0,710.0,31.0,26.0,806.0,34.4983175861018,42.2,mavic,NorthSea_Fri_DJI_0117.MP4,480,data/raw/seadronessee/odv2/images/train/8014.jpg,train
train:51711,train:8014,train,51711,8014,8014.jpg,3840,2160,1,swimmer,2450.0,1254.0,31.0,28.0,868.0,34.4983175861018,42.2,mavic,NorthSea_Fri_DJI_0117.MP4,480,data/raw/seadronessee/odv2/images/train/8014.jpg,train
train:51712,train:8014,train,51712,8014,8014.jpg,3840,2160,1,swimmer,2291.0,1385.0,34.0,29.0,986.0,34.4983175861018,42.2,mavic,NorthSea_Fri_DJI_0117.MP4,480,data/raw/seadronessee/odv2/images/train/8014.jpg,train
train:51713,train:8014,train,51713,8014,8014.jpg,3840,2160,3,jetski,1080.0,1682.0,163.0,206.0,33578.0,34.4983175861018,42.2,mavic,NorthSea_Fri_DJI_0117.MP4,480,data/raw/seadronessee/odv2/images/train/8014.jpg,train
train:51727,train:8016,train,51727,8016,8016.jpg,3840,2160,1,swimmer,1630.0,634.0,48.0,35.0,1680.0,34.4983175861018,42.2,mavic,NorthSea_Fri_DJI_0117.MP4,510,data/raw/seadronessee/odv2/images/train/8016.jpg,train
train:51728,train:8016,train,51728,8016,8016.jpg,3840,2160,1,swimmer,1647.0,742.0,66.0,41.0,2706.0,34.4983175861018,42.2,mavic,NorthSea_Fri_DJI_0117.MP4,510,data/raw/seadronessee/odv2/images/train/8016.jpg,train
train:51729,train:8016,train,51729,8016,8016.jpg,3840,2160,1,swimmer,1372.0,757.0,89.0,47.0,4183.0,34.4983175861018,42.2,mavic,NorthSea_Fri_DJI_0117.MP4,510,data/raw/seadronessee/odv2/images/train/8016.jpg,train
train:51730,train:8016,train,51730,8016,8016.jpg,3840,2160,1,swimmer,1258.0,760.0,29.0,37.0,1073.0,34.4983175861018,42.2,mavic,NorthSea_Fri_DJI_0117.MP4,510,data/raw/seadronessee/odv2/images/train/8016.jpg,train
train:51731,train:8016,train,51731,8016,8016.jpg,3840,2160,1,swimmer,2235.0,1445.0,71.0,42.0,2982.0,34.4983175861018,42.2,mavic,NorthSea_Fri_DJI_0117.MP4,510,data/raw/seadronessee/odv2/images/train/8016.jpg,train
train:51732,train:8016,train,51732,8016,8016.jpg,3840,2160,1,swimmer,2702.0,1434.0,49.0,46.0,2254.0,34.4983175861018,42.2,mavic,NorthSea_Fri_DJI_0117.MP4,510,data/raw/seadronessee/odv2/images/train/8016.jpg,train
train:51733,train:8016,train,51733,8016,8016.jpg,3840,2160,5,buoy,1512.0,191.0,61.0,90.0,5490.0,34.4983175861018,42.2,mavic,NorthSea_Fri_DJI_0117.MP4,510,data/raw/seadronessee/odv2/images/train/8016.jpg,train
train:51734,train:8016,train,51734,8016,8016.jpg,3840,2160,1,swimmer,1797.0,707.0,73.0,34.0,2482.0,34.4983175861018,42.2,mavic,NorthSea_Fri_DJI_0117.MP4,510,data/raw/seadronessee/odv2/images/train/8016.jpg,train
train:51735,train:8016,train,51735,8016,8016.jpg,3840,2160,1,swimmer,2471.0,1243.0,31.0,32.0,992.0,34.4983175861018,42.2,mavic,NorthSea_Fri_DJI_0117.MP4,510,data/raw/seadronessee/odv2/images/train/8016.jpg,train
train:51736,train:8016,train,51736,8016,8016.jpg,3840,2160,1,swimmer,2311.0,1377.0,36.0,31.0,1116.0,34.4983175861018,42.2,mavic,NorthSea_Fri_DJI_0117.MP4,510,data/raw/seadronessee/odv2/images/train/8016.jpg,train
train:51737,train:8016,train,51737,8016,8016.jpg,3840,2160,3,jetski,1042.0,1635.0,175.0,190.0,33250.0,34.4983175861018,42.2,mavic,NorthSea_Fri_DJI_0117.MP4,510,data/raw/seadronessee/odv2/images/train/8016.jpg,train
train:51751,train:8018,train,51751,8018,8018.jpg,3840,2160,1,swimmer,1627.0,633.0,32.0,26.0,832.0,34.4983175861018,42.2,mavic,NorthSea_Fri_DJI_0117.MP4,540,data/raw/seadronessee/odv2/images/train/8018.jpg,train
train:51752,train:8018,train,51752,8018,8018.jpg,3840,2160,1,swimmer,1614.0,752.0,91.0,34.0,3094.0,34.4983175861018,42.2,mavic,NorthSea_Fri_DJI_0117.MP4,540,data/raw/seadronessee/odv2/images/train/8018.jpg,train
train:51753,train:8018,train,51753,8018,8018.jpg,3840,2160,1,swimmer,1383.0,744.0,80.0,41.0,3280.0,34.4983175861018,42.2,mavic,NorthSea_Fri_DJI_0117.MP4,540,data/raw/seadronessee/odv2/images/train/8018.jpg,train
train:51754,train:8018,train,51754,8018,8018.jpg,3840,2160,1,swimmer,1263.0,738.0,34.0,44.0,1496.0,34.4983175861018,42.2,mavic,NorthSea_Fri_DJI_0117.MP4,540,data/raw/seadronessee/odv2/images/train/8018.jpg,train
train:51755,train:8018,train,51755,8018,8018.jpg,3840,2160,1,swimmer,2246.0,1448.0,74.0,39.0,2886.0,34.4983175861018,42.2,mavic,NorthSea_Fri_DJI_0117.MP4,540,data/raw/seadronessee/odv2/images/train/8018.jpg,train
train:51756,train:8018,train,51756,8018,8018.jpg,3840,2160,1,swimmer,2715.0,1430.0,53.0,40.0,2120.0,34.4983175861018,42.2,mavic,NorthSea_Fri_DJI_0117.MP4,540,data/raw/seadronessee/odv2/images/train/8018.jpg,train
train:51757,train:8018,train,51757,8018,8018.jpg,3840,2160,5,buoy,1517.0,189.0,60.0,88.0,5280.0,34.4983175861018,42.2,mavic,NorthSea_Fri_DJI_0117.MP4,540,data/raw/seadronessee/odv2/images/train/8018.jpg,train
train:51758,train:8018,train,51758,8018,8018.jpg,3840,2160,1,swimmer,1818.0,707.0,35.0,25.0,875.0,34.4983175861018,42.2,mavic,NorthSea_Fri_DJI_0117.MP4,540,data/raw/seadronessee/odv2/images/train/8018.jpg,train
train:51759,train:8018,train,51759,8018,8018.jpg,3840,2160,1,swimmer,2488.0,1255.0,32.0,30.0,960.0,34.4983175861018,42.2,mavic,NorthSea_Fri_DJI_0117.MP4,540,data/raw/seadronessee/odv2/images/train/8018.jpg,train
train:51760,train:8018,train,51760,8018,8018.jpg,3840,2160,1,swimmer,2326.0,1383.0,38.0,32.0,1216.0,34.4983175861018,42.2,mavic,NorthSea_Fri_DJI_0117.MP4,540,data/raw/seadronessee/odv2/images/train/8018.jpg,train
train:51761,train:8018,train,51761,8018,8018.jpg,3840,2160,3,jetski,988.0,1605.0,209.0,173.0,36157.0,34.4983175861018,42.2,mavic,NorthSea_Fri_DJI_0117.MP4,540,data/raw/seadronessee/odv2/images/train/8018.jpg,train
train:51775,train:8020,train,51775,8020,8020.jpg,3840,2160,1,swimmer,1616.0,639.0,24.0,26.0,624.0,34.4983175861018,42.2,mavic,NorthSea_Fri_DJI_0117.MP4,570,data/raw/seadronessee/odv2/images/train/8020.jpg,train
train:51776,train:8020,train,51776,8020,8020.jpg,3840,2160,1,swimmer,1583.0,743.0,90.0,37.0,3330.0,34.4983175861018,42.2,mavic,NorthSea_Fri_DJI_0117.MP4,570,data/raw/seadronessee/odv2/images/train/8020.jpg,train
train:51777,train:8020,train,51777,8020,8020.jpg,3840,2160,1,swimmer,1410.0,734.0,38.0,36.0,1368.0,34.4983175861018,42.2,mavic,NorthSea_Fri_DJI_0117.MP4,570,data/raw/seadronessee/odv2/images/train/8020.jpg,train
train:51778,train:8020,train,51778,8020,8020.jpg,3840,2160,1,swimmer,1269.0,718.0,52.0,45.0,2340.0,34.4983175861018,42.2,mavic,NorthSea_Fri_DJI_0117.MP4,570,data/raw/seadronessee/odv2/images/train/8020.jpg,train
train:51779,train:8020,train,51779,8020,8020.jpg,3840,2160,1,swimmer,2239.0,1457.0,72.0,37.0,2664.0,34.4983175861018,42.2,mavic,NorthSea_Fri_DJI_0117.MP4,570,data/raw/seadronessee/odv2/images/train/8020.jpg,train
train:51780,train:8020,train,51780,8020,8020.jpg,3840,2160,1,swimmer,2734.0,1447.0,62.0,42.0,2604.0,34.4983175861018,42.2,mavic,NorthSea_Fri_DJI_0117.MP4,570,data/raw/seadronessee/odv2/images/train/8020.jpg,train
train:51781,train:8020,train,51781,8020,8020.jpg,3840,2160,5,buoy,1518.0,187.0,61.0,88.0,5368.0,34.4983175861018,42.2,mavic,NorthSea_Fri_DJI_0117.MP4,570,data/raw/seadronessee/odv2/images/train/8020.jpg,train
train:51782,train:8020,train,51782,8020,8020.jpg,3840,2160,1,swimmer,1815.0,709.0,33.0,25.0,825.0,34.4983175861018,42.2,mavic,NorthSea_Fri_DJI_0117.MP4,570,data/raw/seadronessee/odv2/images/train/8020.jpg,train
train:51783,train:8020,train,51783,8020,8020.jpg,3840,2160,1,swimmer,2490.0,1271.0,32.0,32.0,1024.0,34.4983175861018,42.2,mavic,NorthSea_Fri_DJI_0117.MP4,570,data/raw/seadronessee/odv2/images/train/8020.jpg,train
train:51784,train:8020,train,51784,8020,8020.jpg,3840,2160,1,swimmer,2320.0,1398.0,37.0,30.0,1110.0,34.4983175861018,42.2,mavic,NorthSea_Fri_DJI_0117.MP4,570,data/raw/seadronessee/odv2/images/train/8020.jpg,train
train:51785,train:8020,train,51785,8020,8020.jpg,3840,2160,3,jetski,943.0,1559.0,203.0,164.0,33292.0,34.4983175861018,42.2,mavic,NorthSea_Fri_DJI_0117.MP4,570,data/raw/seadronessee/odv2/images/train/8020.jpg,train
train:51786,train:8020,train,51786,8020,8020.jpg,3840,2160,2,boat,7.0,905.0,233.0,285.0,66405.0,34.4983175861018,42.2,mavic,NorthSea_Fri_DJI_0117.MP4,570,data/raw/seadronessee/odv2/images/train/8020.jpg,train
train:51799,train:8022,train,51799,8022,8022.jpg,3840,2160,1,swimmer,1605.0,635.0,20.0,25.0,500.0,34.4983175861018,42.2,mavic,NorthSea_Fri_DJI_0117.MP4,600,data/raw/seadronessee/odv2/images/train/8022.jpg,train
train:51800,train:8022,train,51800,8022,8022.jpg,3840,2160,1,swimmer,1565.0,753.0,76.0,31.0,2356.0,34.4983175861018,42.2,mavic,NorthSea_Fri_DJI_0117.MP4,600,data/raw/seadronessee/odv2/images/train/8022.jpg,train
train:51801,train:8022,train,51801,8022,8022.jpg,3840,2160,1,swimmer,1411.0,726.0,41.0,29.0,1189.0,34.4983175861018,42.2,mavic,NorthSea_Fri_DJI_0117.MP4,600,data/raw/seadronessee/odv2/images/train/8022.jpg,train
train:51802,train:8022,train,51802,8022,8022.jpg,3840,2160,1,swimmer,1291.0,706.0,51.0,38.0,1938.0,34.4983175861018,42.2,mavic,NorthSea_Fri_DJI_0117.MP4,600,data/raw/seadronessee/odv2/images/train/8022.jpg,train
train:51803,train:8022,train,51803,8022,8022.jpg,3840,2160,1,swimmer,2240.0,1470.0,65.0,41.0,2665.0,34.4983175861018,42.2,mavic,NorthSea_Fri_DJI_0117.MP4,600,data/raw/seadronessee/odv2/images/train/8022.jpg,train
train:51804,train:8022,train,51804,8022,8022.jpg,3840,2160,1,swimmer,2725.0,1462.0,67.0,42.0,2814.0,34.4983175861018,42.2,mavic,NorthSea_Fri_DJI_0117.MP4,600,data/raw/seadronessee/odv2/images/train/8022.jpg,train
train:51805,train:8022,train,51805,8022,8022.jpg,3840,2160,5,buoy,1520.0,189.0,61.0,88.0,5368.0,34.4983175861018,42.2,mavic,NorthSea_Fri_DJI_0117.MP4,600,data/raw/seadronessee/odv2/images/train/8022.jpg,train
train:51806,train:8022,train,51806,8022,8022.jpg,3840,2160,1,swimmer,1807.0,706.0,33.0,25.0,825.0,34.4983175861018,42.2,mavic,NorthSea_Fri_DJI_0117.MP4,600,data/raw/seadronessee/odv2/images/train/8022.jpg,train
train:51807,train:8022,train,51807,8022,8022.jpg,3840,2160,1,swimmer,2490.0,1274.0,32.0,31.0,992.0,34.4983175861018,42.2,mavic,NorthSea_Fri_DJI_0117.MP4,600,data/raw/seadronessee/odv2/images/train/8022.jpg,train
train:51808,train:8022,train,51808,8022,8022.jpg,3840,2160,1,swimmer,2320.0,1410.0,38.0,31.0,1178.0,34.4983175861018,42.2,mavic,NorthSea_Fri_DJI_0117.MP4,600,data/raw/seadronessee/odv2/images/train/8022.jpg,train
train:51809,train:8022,train,51809,8022,8022.jpg,3840,2160,3,jetski,896.0,1511.0,205.0,168.0,34440.0,34.4983175861018,42.2,mavic,NorthSea_Fri_DJI_0117.MP4,600,data/raw/seadronessee/odv2/images/train/8022.jpg,train
train:51810,train:8022,train,51810,8022,8022.jpg,3840,2160,2,boat,13.0,863.0,237.0,299.0,70863.0,34.4983175861018,42.2,mavic,NorthSea_Fri_DJI_0117.MP4,600,data/raw/seadronessee/odv2/images/train/8022.jpg,train
train:51823,train:8024,train,51823,8024,8024.jpg,3840,2160,1,swimmer,1618.0,628.0,22.0,27.0,594.0,34.4983175861018,42.2,mavic,NorthSea_Fri_DJI_0117.MP4,630,data/raw/seadronessee/odv2/images/train/8024.jpg,train
train:51824,train:8024,train,51824,8024,8024.jpg,3840,2160,1,swimmer,1549.0,753.0,81.0,36.0,2916.0,34.4983175861018,42.2,mavic,NorthSea_Fri_DJI_0117.MP4,630,data/raw/seadronessee/odv2/images/train/8024.jpg,train
train:51825,train:8024,train,51825,8024,8024.jpg,3840,2160,1,swimmer,1432.0,731.0,46.0,27.0,1242.0,34.4983175861018,42.2,mavic,NorthSea_Fri_DJI_0117.MP4,630,data/raw/seadronessee/odv2/images/train/8024.jpg,train
train:51826,train:8024,train,51826,8024,8024.jpg,3840,2160,1,swimmer,1309.0,720.0,47.0,32.0,1504.0,34.4983175861018,42.2,mavic,NorthSea_Fri_DJI_0117.MP4,630,data/raw/seadronessee/odv2/images/train/8024.jpg,train
train:51827,train:8024,train,51827,8024,8024.jpg,3840,2160,1,swimmer,2232.0,1478.0,62.0,43.0,2666.0,34.4983175861018,42.2,mavic,NorthSea_Fri_DJI_0117.MP4,630,data/raw/seadronessee/odv2/images/train/8024.jpg,train
train:51828,train:8024,train,51828,8024,8024.jpg,3840,2160,1,swimmer,2721.0,1453.0,74.0,49.0,3626.0,34.4983175861018,42.2,mavic,NorthSea_Fri_DJI_0117.MP4,630,data/raw/seadronessee/odv2/images/train/8024.jpg,train
train:51829,train:8024,train,51829,8024,8024.jpg,3840,2160,5,buoy,1516.0,192.0,61.0,87.0,5307.0,34.4983175861018,42.2,mavic,NorthSea_Fri_DJI_0117.MP4,630,data/raw/seadronessee/odv2/images/train/8024.jpg,train
train:51830,train:8024,train,51830,8024,8024.jpg,3840,2160,1,swimmer,1807.0,708.0,30.0,24.0,720.0,34.4983175861018,42.2,mavic,NorthSea_Fri_DJI_0117.MP4,630,data/raw/seadronessee/odv2/images/train/8024.jpg,train
train:51831,train:8024,train,51831,8024,8024.jpg,3840,2160,1,swimmer,2491.0,1266.0,32.0,32.0,1024.0,34.4983175861018,42.2,mavic,NorthSea_Fri_DJI_0117.MP4,630,data/raw/seadronessee/odv2/images/train/8024.jpg,train
train:51832,train:8024,train,51832,8024,8024.jpg,3840,2160,1,swimmer,2316.0,1412.0,38.0,31.0,1178.0,34.4983175861018,42.2,mavic,NorthSea_Fri_DJI_0117.MP4,630,data/raw/seadronessee/odv2/images/train/8024.jpg,train
train:51833,train:8024,train,51833,8024,8024.jpg,3840,2160,3,jetski,855.0,1501.0,176.0,161.0,28336.0,34.4983175861018,42.2,mavic,NorthSea_Fri_DJI_0117.MP4,630,data/raw/seadronessee/odv2/images/train/8024.jpg,train
train:51834,train:8024,train,51834,8024,8024.jpg,3840,2160,2,boat,35.0,852.0,257.0,268.0,68876.0,34.4983175861018,42.2,mavic,NorthSea_Fri_DJI_0117.MP4,630,data/raw/seadronessee/odv2/images/train/8024.jpg,train
train:51847,train:8026,train,51847,8026,8026.jpg,3840,2160,1,swimmer,1628.0,646.0,24.0,28.0,672.0,34.4983175861018,42.2,mavic,NorthSea_Fri_DJI_0117.MP4,660,data/raw/seadronessee/odv2/images/train/8026.jpg,train
train:51848,train:8026,train,51848,8026,8026.jpg,3840,2160,1,swimmer,1555.0,767.0,78.0,34.0,2652.0,34.4983175861018,42.2,mavic,NorthSea_Fri_DJI_0117.MP4,660,data/raw/seadronessee/odv2/images/train/8026.jpg,train
train:51849,train:8026,train,51849,8026,8026.jpg,3840,2160,1,swimmer,1438.0,739.0,36.0,27.0,972.0,34.4983175861018,42.2,mavic,NorthSea_Fri_DJI_0117.MP4,660,data/raw/seadronessee/odv2/images/train/8026.jpg,train
train:51850,train:8026,train,51850,8026,8026.jpg,3840,2160,1,swimmer,1323.0,714.0,46.0,33.0,1518.0,34.4983175861018,42.2,mavic,NorthSea_Fri_DJI_0117.MP4,660,data/raw/seadronessee/odv2/images/train/8026.jpg,train
train:51851,train:8026,train,51851,8026,8026.jpg,3840,2160,1,swimmer,2220.0,1462.0,70.0,44.0,3080.0,34.4983175861018,42.2,mavic,NorthSea_Fri_DJI_0117.MP4,660,data/raw/seadronessee/odv2/images/train/8026.jpg,train
train:51852,train:8026,train,51852,8026,8026.jpg,3840,2160,1,swimmer,2742.0,1456.0,55.0,41.0,2255.0,34.4983175861018,42.2,mavic,NorthSea_Fri_DJI_0117.MP4,660,data/raw/seadronessee/odv2/images/train/8026.jpg,train
train:51853,train:8026,train,51853,8026,8026.jpg,3840,2160,5,buoy,1508.0,187.0,61.0,88.0,5368.0,34.4983175861018,42.2,mavic,NorthSea_Fri_DJI_0117.MP4,660,data/raw/seadronessee/odv2/images/train/8026.jpg,train
train:51854,train:8026,train,51854,8026,8026.jpg,3840,2160,1,swimmer,1822.0,693.0,32.0,26.0,832.0,34.4983175861018,42.2,mavic,NorthSea_Fri_DJI_0117.MP4,660,data/raw/seadronessee/odv2/images/train/8026.jpg,train
train:51855,train:8026,train,51855,8026,8026.jpg,3840,2160,1,swimmer,2481.0,1275.0,33.0,31.0,1023.0,34.4983175861018,42.2,mavic,NorthSea_Fri_DJI_0117.MP4,660,data/raw/seadronessee/odv2/images/train/8026.jpg,train
train:51856,train:8026,train,51856,8026,8026.jpg,3840,2160,1,swimmer,2309.0,1402.0,38.0,31.0,1178.0,34.4983175861018,42.2,mavic,NorthSea_Fri_DJI_0117.MP4,660,data/raw/seadronessee/odv2/images/train/8026.jpg,train
train:51857,train:8026,train,51857,8026,8026.jpg,3840,2160,3,jetski,823.0,1445.0,163.0,187.0,30481.0,34.4983175861018,42.2,mavic,NorthSea_Fri_DJI_0117.MP4,660,data/raw/seadronessee/odv2/images/train/8026.jpg,train
train:51858,train:8026,train,51858,8026,8026.jpg,3840,2160,2,boat,77.0,818.0,243.0,278.0,67554.0,34.4983175861018,42.2,mavic,NorthSea_Fri_DJI_0117.MP4,660,data/raw/seadronessee/odv2/images/train/8026.jpg,train
train:51871,train:8028,train,51871,8028,8028.jpg,3840,2160,1,swimmer,1620.0,650.0,23.0,28.0,644.0,34.4983175861018,42.2,mavic,NorthSea_Fri_DJI_0117.MP4,690,data/raw/seadronessee/odv2/images/train/8028.jpg,train
train:51872,train:8028,train,51872,8028,8028.jpg,3840,2160,1,swimmer,1540.0,781.0,77.0,34.0,2618.0,34.4983175861018,42.2,mavic,NorthSea_Fri_DJI_0117.MP4,690,data/raw/seadronessee/odv2/images/train/8028.jpg,train
train:51873,train:8028,train,51873,8028,8028.jpg,3840,2160,1,swimmer,1431.0,731.0,24.0,34.0,816.0,34.4983175861018,42.2,mavic,NorthSea_Fri_DJI_0117.MP4,690,data/raw/seadronessee/odv2/images/train/8028.jpg,train
train:51874,train:8028,train,51874,8028,8028.jpg,3840,2160,1,swimmer,1329.0,704.0,47.0,35.0,1645.0,34.4983175861018,42.2,mavic,NorthSea_Fri_DJI_0117.MP4,690,data/raw/seadronessee/odv2/images/train/8028.jpg,train
train:51875,train:8028,train,51875,8028,8028.jpg,3840,2160,1,swimmer,2230.0,1461.0,62.0,45.0,2790.0,34.4983175861018,42.2,mavic,NorthSea_Fri_DJI_0117.MP4,690,data/raw/seadronessee/odv2/images/train/8028.jpg,train
train:51876,train:8028,train,51876,8028,8028.jpg,3840,2160,1,swimmer,2716.0,1460.0,63.0,37.0,2331.0,34.4983175861018,42.2,mavic,NorthSea_Fri_DJI_0117.MP4,690,data/raw/seadronessee/odv2/images/train/8028.jpg,train
train:51877,train:8028,train,51877,8028,8028.jpg,3840,2160,5,buoy,1502.0,181.0,61.0,89.0,5429.0,34.4983175861018,42.2,mavic,NorthSea_Fri_DJI_0117.MP4,690,data/raw/seadronessee/odv2/images/train/8028.jpg,train
train:51878,train:8028,train,51878,8028,8028.jpg,3840,2160,1,swimmer,1834.0,712.0,34.0,25.0,850.0,34.4983175861018,42.2,mavic,NorthSea_Fri_DJI_0117.MP4,690,data/raw/seadronessee/odv2/images/train/8028.jpg,train
train:51879,train:8028,train,51879,8028,8028.jpg,3840,2160,1,swimmer,2475.0,1262.0,30.0,33.0,990.0,34.4983175861018,42.2,mavic,NorthSea_Fri_DJI_0117.MP4,690,data/raw/seadronessee/odv2/images/train/8028.jpg,train
train:51880,train:8028,train,51880,8028,8028.jpg,3840,2160,1,swimmer,2315.0,1403.0,37.0,30.0,1110.0,34.4983175861018,42.2,mavic,NorthSea_Fri_DJI_0117.MP4,690,data/raw/seadronessee/odv2/images/train/8028.jpg,train
train:51881,train:8028,train,51881,8028,8028.jpg,3840,2160,3,jetski,768.0,1426.0,192.0,146.0,28032.0,34.4983175861018,42.2,mavic,NorthSea_Fri_DJI_0117.MP4,690,data/raw/seadronessee/odv2/images/train/8028.jpg,train
train:51882,train:8028,train,51882,8028,8028.jpg,3840,2160,2,boat,113.0,795.0,234.0,268.0,62712.0,34.4983175861018,42.2,mavic,NorthSea_Fri_DJI_0117.MP4,690,data/raw/seadronessee/odv2/images/train/8028.jpg,train
train:51895,train:8030,train,51895,8030,8030.jpg,3840,2160,1,swimmer,1600.0,643.0,22.0,30.0,660.0,34.4983175861018,42.2,mavic,NorthSea_Fri_DJI_0117.MP4,720,data/raw/seadronessee/odv2/images/train/8030.jpg,train
train:51896,train:8030,train,51896,8030,8030.jpg,3840,2160,1,swimmer,1509.0,775.0,83.0,36.0,2988.0,34.4983175861018,42.2,mavic,NorthSea_Fri_DJI_0117.MP4,720,data/raw/seadronessee/odv2/images/train/8030.jpg,train
train:51897,train:8030,train,51897,8030,8030.jpg,3840,2160,1,swimmer,1412.0,725.0,28.0,29.0,812.0,34.4983175861018,42.2,mavic,NorthSea_Fri_DJI_0117.MP4,720,data/raw/seadronessee/odv2/images/train/8030.jpg,train
train:51898,train:8030,train,51898,8030,8030.jpg,3840,2160,1,swimmer,1342.0,691.0,51.0,32.0,1632.0,34.4983175861018,42.2,mavic,NorthSea_Fri_DJI_0117.MP4,720,data/raw/seadronessee/odv2/images/train/8030.jpg,train
train:51899,train:8030,train,51899,8030,8030.jpg,3840,2160,1,swimmer,2237.0,1462.0,57.0,43.0,2451.0,34.4983175861018,42.2,mavic,NorthSea_Fri_DJI_0117.MP4,720,data/raw/seadronessee/odv2/images/train/8030.jpg,train
train:51900,train:8030,train,51900,8030,8030.jpg,3840,2160,1,swimmer,2707.0,1453.0,67.0,43.0,2881.0,34.4983175861018,42.2,mavic,NorthSea_Fri_DJI_0117.MP4,720,data/raw/seadronessee/odv2/images/train/8030.jpg,train
train:51901,train:8030,train,51901,8030,8030.jpg,3840,2160,5,buoy,1506.0,182.0,61.0,87.0,5307.0,34.4983175861018,42.2,mavic,NorthSea_Fri_DJI_0117.MP4,720,data/raw/seadronessee/odv2/images/train/8030.jpg,train
train:51902,train:8030,train,51902,8030,8030.jpg,3840,2160,1,swimmer,1821.0,717.0,34.0,25.0,850.0,34.4983175861018,42.2,mavic,NorthSea_Fri_DJI_0117.MP4,720,data/raw/seadronessee/odv2/images/train/8030.jpg,train
train:51903,train:8030,train,51903,8030,8030.jpg,3840,2160,1,swimmer,2481.0,1254.0,30.0,36.0,1080.0,34.4983175861018,42.2,mavic,NorthSea_Fri_DJI_0117.MP4,720,data/raw/seadronessee/odv2/images/train/8030.jpg,train
train:51904,train:8030,train,51904,8030,8030.jpg,3840,2160,1,swimmer,2325.0,1397.0,36.0,30.0,1080.0,34.4983175861018,42.2,mavic,NorthSea_Fri_DJI_0117.MP4,720,data/raw/seadronessee/odv2/images/train/8030.jpg,train
train:51905,train:8030,train,51905,8030,8030.jpg,3840,2160,3,jetski,732.0,1406.0,181.0,149.0,26969.0,34.4983175861018,42.2,mavic,NorthSea_Fri_DJI_0117.MP4,720,data/raw/seadronessee/odv2/images/train/8030.jpg,train
train:51906,train:8030,train,51906,8030,8030.jpg,3840,2160,2,boat,147.0,769.0,228.0,265.0,60420.0,34.4983175861018,42.2,mavic,NorthSea_Fri_DJI_0117.MP4,720,data/raw/seadronessee/odv2/images/train/8030.jpg,train
train:51919,train:8032,train,51919,8032,8032.jpg,3840,2160,1,swimmer,1597.0,647.0,28.0,33.0,924.0,34.4983175861018,42.2,mavic,NorthSea_Fri_DJI_0117.MP4,750,data/raw/seadronessee/odv2/images/train/8032.jpg,train
train:51920,train:8032,train,51920,8032,8032.jpg,3840,2160,1,swimmer,1493.0,774.0,72.0,33.0,2376.0,34.4983175861018,42.2,mavic,NorthSea_Fri_DJI_0117.MP4,750,data/raw/seadronessee/odv2/images/train/8032.jpg,train
train:51921,train:8032,train,51921,8032,8032.jpg,3840,2160,1,swimmer,1406.0,730.0,35.0,25.0,875.0,34.4983175861018,42.2,mavic,NorthSea_Fri_DJI_0117.MP4,750,data/raw/seadronessee/odv2/images/train/8032.jpg,train
train:51922,train:8032,train,51922,8032,8032.jpg,3840,2160,1,swimmer,1361.0,688.0,41.0,29.0,1189.0,34.4983175861018,42.2,mavic,NorthSea_Fri_DJI_0117.MP4,750,data/raw/seadronessee/odv2/images/train/8032.jpg,train
train:51923,train:8032,train,51923,8032,8032.jpg,3840,2160,1,swimmer,2232.0,1458.0,53.0,40.0,2120.0,34.4983175861018,42.2,mavic,NorthSea_Fri_DJI_0117.MP4,750,data/raw/seadronessee/odv2/images/train/8032.jpg,train
train:51924,train:8032,train,51924,8032,8032.jpg,3840,2160,1,swimmer,2713.0,1440.0,71.0,48.0,3408.0,34.4983175861018,42.2,mavic,NorthSea_Fri_DJI_0117.MP4,750,data/raw/seadronessee/odv2/images/train/8032.jpg,train
train:51925,train:8032,train,51925,8032,8032.jpg,3840,2160,5,buoy,1511.0,198.0,62.0,86.0,5332.0,34.4983175861018,42.2,mavic,NorthSea_Fri_DJI_0117.MP4,750,data/raw/seadronessee/odv2/images/train/8032.jpg,train
train:51926,train:8032,train,51926,8032,8032.jpg,3840,2160,1,swimmer,1807.0,716.0,32.0,24.0,768.0,34.4983175861018,42.2,mavic,NorthSea_Fri_DJI_0117.MP4,750,data/raw/seadronessee/odv2/images/train/8032.jpg,train
train:51927,train:8032,train,51927,8032,8032.jpg,3840,2160,1,swimmer,2477.0,1267.0,29.0,35.0,1015.0,34.4983175861018,42.2,mavic,NorthSea_Fri_DJI_0117.MP4,750,data/raw/seadronessee/odv2/images/train/8032.jpg,train
train:51928,train:8032,train,51928,8032,8032.jpg,3840,2160,1,swimmer,2321.0,1401.0,40.0,33.0,1320.0,34.4983175861018,42.2,mavic,NorthSea_Fri_DJI_0117.MP4,750,data/raw/seadronessee/odv2/images/train/8032.jpg,train
train:51929,train:8032,train,51929,8032,8032.jpg,3840,2160,3,jetski,724.0,1368.0,137.0,172.0,23564.0,34.4983175861018,42.2,mavic,NorthSea_Fri_DJI_0117.MP4,750,data/raw/seadronessee/odv2/images/train/8032.jpg,train
train:51930,train:8032,train,51930,8032,8032.jpg,3840,2160,2,boat,181.0,743.0,215.0,259.0,55685.0,34.4983175861018,42.2,mavic,NorthSea_Fri_DJI_0117.MP4,750,data/raw/seadronessee/odv2/images/train/8032.jpg,train
train:51943,train:8034,train,51943,8034,8034.jpg,3840,2160,1,swimmer,1591.0,649.0,30.0,28.0,840.0,34.4983175861018,42.2,mavic,NorthSea_Fri_DJI_0117.MP4,780,data/raw/seadronessee/odv2/images/train/8034.jpg,train
train:51944,train:8034,train,51944,8034,8034.jpg,3840,2160,1,swimmer,1477.0,784.0,86.0,37.0,3182.0,34.4983175861018,42.2,mavic,NorthSea_Fri_DJI_0117.MP4,780,data/raw/seadronessee/odv2/images/train/8034.jpg,train
train:51945,train:8034,train,51945,8034,8034.jpg,3840,2160,1,swimmer,1408.0,732.0,43.0,26.0,1118.0,34.4983175861018,42.2,mavic,NorthSea_Fri_DJI_0117.MP4,780,data/raw/seadronessee/odv2/images/train/8034.jpg,train
train:51946,train:8034,train,51946,8034,8034.jpg,3840,2160,1,swimmer,1377.0,687.0,40.0,29.0,1160.0,34.4983175861018,42.2,mavic,NorthSea_Fri_DJI_0117.MP4,780,data/raw/seadronessee/odv2/images/train/8034.jpg,train
train:51947,train:8034,train,51947,8034,8034.jpg,3840,2160,1,swimmer,2219.0,1466.0,59.0,42.0,2478.0,34.4983175861018,42.2,mavic,NorthSea_Fri_DJI_0117.MP4,780,data/raw/seadronessee/odv2/images/train/8034.jpg,train
train:51948,train:8034,train,51948,8034,8034.jpg,3840,2160,1,swimmer,2715.0,1459.0,69.0,45.0,3105.0,34.4983175861018,42.2,mavic,NorthSea_Fri_DJI_0117.MP4,780,data/raw/seadronessee/odv2/images/train/8034.jpg,train
train:51949,train:8034,train,51949,8034,8034.jpg,3840,2160,5,buoy,1513.0,194.0,61.0,86.0,5246.0,34.4983175861018,42.2,mavic,NorthSea_Fri_DJI_0117.MP4,780,data/raw/seadronessee/odv2/images/train/8034.jpg,train
train:51950,train:8034,train,51950,8034,8034.jpg,3840,2160,1,swimmer,1803.0,717.0,30.0,23.0,690.0,34.4983175861018,42.2,mavic,NorthSea_Fri_DJI_0117.MP4,780,data/raw/seadronessee/odv2/images/train/8034.jpg,train
train:51951,train:8034,train,51951,8034,8034.jpg,3840,2160,1,swimmer,2472.0,1271.0,29.0,35.0,1015.0,34.4983175861018,42.2,mavic,NorthSea_Fri_DJI_0117.MP4,780,data/raw/seadronessee/odv2/images/train/8034.jpg,train
train:51952,train:8034,train,51952,8034,8034.jpg,3840,2160,1,swimmer,2316.0,1413.0,38.0,31.0,1178.0,34.4983175861018,42.2,mavic,NorthSea_Fri_DJI_0117.MP4,780,data/raw/seadronessee/odv2/images/train/8034.jpg,train
train:51953,train:8034,train,51953,8034,8034.jpg,3840,2160,3,jetski,711.0,1331.0,116.0,184.0,21344.0,34.4983175861018,42.2,mavic,NorthSea_Fri_DJI_0117.MP4,780,data/raw/seadronessee/odv2/images/train/8034.jpg,train
train:51954,train:8034,train,51954,8034,8034.jpg,3840,2160,2,boat,202.0,715.0,209.0,253.0,52877.0,34.4983175861018,42.2,mavic,NorthSea_Fri_DJI_0117.MP4,780,data/raw/seadronessee/odv2/images/train/8034.jpg,train
train:51967,train:8036,train,51967,8036,8036.jpg,3840,2160,1,swimmer,1586.0,652.0,42.0,36.0,1512.0,34.4983175861018,42.2,mavic,NorthSea_Fri_DJI_0117.MP4,810,data/raw/seadronessee/odv2/images/train/8036.jpg,train
train:51968,train:8036,train,51968,8036,8036.jpg,3840,2160,1,swimmer,1473.0,790.0,84.0,37.0,3108.0,34.4983175861018,42.2,mavic,NorthSea_Fri_DJI_0117.MP4,810,data/raw/seadronessee/odv2/images/train/8036.jpg,train
train:51969,train:8036,train,51969,8036,8036.jpg,3840,2160,1,swimmer,1414.0,737.0,34.0,30.0,1020.0,34.4983175861018,42.2,mavic,NorthSea_Fri_DJI_0117.MP4,810,data/raw/seadronessee/odv2/images/train/8036.jpg,train
train:51970,train:8036,train,51970,8036,8036.jpg,3840,2160,1,swimmer,1384.0,689.0,43.0,29.0,1247.0,34.4983175861018,42.2,mavic,NorthSea_Fri_DJI_0117.MP4,810,data/raw/seadronessee/odv2/images/train/8036.jpg,train
train:51971,train:8036,train,51971,8036,8036.jpg,3840,2160,1,swimmer,2206.0,1464.0,72.0,43.0,3096.0,34.4983175861018,42.2,mavic,NorthSea_Fri_DJI_0117.MP4,810,data/raw/seadronessee/odv2/images/train/8036.jpg,train
train:51972,train:8036,train,51972,8036,8036.jpg,3840,2160,1,swimmer,2708.0,1466.0,70.0,46.0,3220.0,34.4983175861018,42.2,mavic,NorthSea_Fri_DJI_0117.MP4,810,data/raw/seadronessee/odv2/images/train/8036.jpg,train
train:51973,train:8036,train,51973,8036,8036.jpg,3840,2160,5,buoy,1511.0,180.0,62.0,89.0,5518.0,34.4983175861018,42.2,mavic,NorthSea_Fri_DJI_0117.MP4,810,data/raw/seadronessee/odv2/images/train/8036.jpg,train
train:51974,train:8036,train,51974,8036,8036.jpg,3840,2160,1,swimmer,1811.0,721.0,30.0,23.0,690.0,34.4983175861018,42.2,mavic,NorthSea_Fri_DJI_0117.MP4,810,data/raw/seadronessee/odv2/images/train/8036.jpg,train
train:51975,train:8036,train,51975,8036,8036.jpg,3840,2160,1,swimmer,2465.0,1277.0,31.0,30.0,930.0,34.4983175861018,42.2,mavic,NorthSea_Fri_DJI_0117.MP4,810,data/raw/seadronessee/odv2/images/train/8036.jpg,train
train:51976,train:8036,train,51976,8036,8036.jpg,3840,2160,1,swimmer,2310.0,1412.0,42.0,32.0,1344.0,34.4983175861018,42.2,mavic,NorthSea_Fri_DJI_0117.MP4,810,data/raw/seadronessee/odv2/images/train/8036.jpg,train
train:51977,train:8036,train,51977,8036,8036.jpg,3840,2160,3,jetski,689.0,1280.0,111.0,195.0,21645.0,34.4983175861018,42.2,mavic,NorthSea_Fri_DJI_0117.MP4,810,data/raw/seadronessee/odv2/images/train/8036.jpg,train
train:51978,train:8036,train,51978,8036,8036.jpg,3840,2160,2,boat,230.0,680.0,207.0,258.0,53406.0,34.4983175861018,42.2,mavic,NorthSea_Fri_DJI_0117.MP4,810,data/raw/seadronessee/odv2/images/train/8036.jpg,train
train:51991,train:8038,train,51991,8038,8038.jpg,3840,2160,1,swimmer,1596.0,656.0,36.0,27.0,972.0,34.4983175861018,42.2,mavic,NorthSea_Fri_DJI_0117.MP4,840,data/raw/seadronessee/odv2/images/train/8038.jpg,train
train:51992,train:8038,train,51992,8038,8038.jpg,3840,2160,1,swimmer,1455.0,802.0,95.0,35.0,3325.0,34.4983175861018,42.2,mavic,NorthSea_Fri_DJI_0117.MP4,840,data/raw/seadronessee/odv2/images/train/8038.jpg,train
train:51993,train:8038,train,51993,8038,8038.jpg,3840,2160,1,swimmer,1394.0,745.0,53.0,36.0,1908.0,34.4983175861018,42.2,mavic,NorthSea_Fri_DJI_0117.MP4,840,data/raw/seadronessee/odv2/images/train/8038.jpg,train
train:51994,train:8038,train,51994,8038,8038.jpg,3840,2160,1,swimmer,1389.0,692.0,43.0,28.0,1204.0,34.4983175861018,42.2,mavic,NorthSea_Fri_DJI_0117.MP4,840,data/raw/seadronessee/odv2/images/train/8038.jpg,train
train:51995,train:8038,train,51995,8038,8038.jpg,3840,2160,1,swimmer,2186.0,1463.0,85.0,47.0,3995.0,34.4983175861018,42.2,mavic,NorthSea_Fri_DJI_0117.MP4,840,data/raw/seadronessee/odv2/images/train/8038.jpg,train
train:51996,train:8038,train,51996,8038,8038.jpg,3840,2160,1,swimmer,2727.0,1469.0,56.0,36.0,2016.0,34.4983175861018,42.2,mavic,NorthSea_Fri_DJI_0117.MP4,840,data/raw/seadronessee/odv2/images/train/8038.jpg,train
train:51997,train:8038,train,51997,8038,8038.jpg,3840,2160,5,buoy,1509.0,185.0,60.0,89.0,5340.0,34.4983175861018,42.2,mavic,NorthSea_Fri_DJI_0117.MP4,840,data/raw/seadronessee/odv2/images/train/8038.jpg,train
train:51998,train:8038,train,51998,8038,8038.jpg,3840,2160,1,swimmer,1822.0,717.0,29.0,23.0,667.0,34.4983175861018,42.2,mavic,NorthSea_Fri_DJI_0117.MP4,840,data/raw/seadronessee/odv2/images/train/8038.jpg,train
train:51999,train:8038,train,51999,8038,8038.jpg,3840,2160,1,swimmer,2461.0,1285.0,35.0,31.0,1085.0,34.4983175861018,42.2,mavic,NorthSea_Fri_DJI_0117.MP4,840,data/raw/seadronessee/odv2/images/train/8038.jpg,train
train:52000,train:8038,train,52000,8038,8038.jpg,3840,2160,1,swimmer,2307.0,1417.0,40.0,33.0,1320.0,34.4983175861018,42.2,mavic,NorthSea_Fri_DJI_0117.MP4,840,data/raw/seadronessee/odv2/images/train/8038.jpg,train
train:52001,train:8038,train,52001,8038,8038.jpg,3840,2160,3,jetski,679.0,1254.0,91.0,172.0,15652.0,34.4983175861018,42.2,mavic,NorthSea_Fri_DJI_0117.MP4,840,data/raw/seadronessee/odv2/images/train/8038.jpg,train
train:52002,train:8038,train,52002,8038,8038.jpg,3840,2160,2,boat,251.0,658.0,194.0,239.0,46366.0,34.4983175861018,42.2,mavic,NorthSea_Fri_DJI_0117.MP4,840,data/raw/seadronessee/odv2/images/train/8038.jpg,train
train:52015,train:8040,train,52015,8040,8040.jpg,3840,2160,1,swimmer,1605.0,666.0,19.0,27.0,513.0,34.4983175861018,42.2,mavic,NorthSea_Fri_DJI_0117.MP4,870,data/raw/seadronessee/odv2/images/train/8040.jpg,train
train:52016,train:8040,train,52016,8040,8040.jpg,3840,2160,1,swimmer,1443.0,809.0,94.0,32.0,3008.0,34.4983175861018,42.2,mavic,NorthSea_Fri_DJI_0117.MP4,870,data/raw/seadronessee/odv2/images/train/8040.jpg,train
train:52017,train:8040,train,52017,8040,8040.jpg,3840,2160,1,swimmer,1393.0,747.0,61.0,36.0,2196.0,34.4983175861018,42.2,mavic,NorthSea_Fri_DJI_0117.MP4,870,data/raw/seadronessee/odv2/images/train/8040.jpg,train
train:52018,train:8040,train,52018,8040,8040.jpg,3840,2160,1,swimmer,1398.0,692.0,39.0,28.0,1092.0,34.4983175861018,42.2,mavic,NorthSea_Fri_DJI_0117.MP4,870,data/raw/seadronessee/odv2/images/train/8040.jpg,train
train:52019,train:8040,train,52019,8040,8040.jpg,3840,2160,1,swimmer,2187.0,1459.0,64.0,49.0,3136.0,34.4983175861018,42.2,mavic,NorthSea_Fri_DJI_0117.MP4,870,data/raw/seadronessee/odv2/images/train/8040.jpg,train
train:52020,train:8040,train,52020,8040,8040.jpg,3840,2160,1,swimmer,2710.0,1477.0,75.0,52.0,3900.0,34.4983175861018,42.2,mavic,NorthSea_Fri_DJI_0117.MP4,870,data/raw/seadronessee/odv2/images/train/8040.jpg,train
train:52021,train:8040,train,52021,8040,8040.jpg,3840,2160,5,buoy,1501.0,177.0,62.0,90.0,5580.0,34.4983175861018,42.2,mavic,NorthSea_Fri_DJI_0117.MP4,870,data/raw/seadronessee/odv2/images/train/8040.jpg,train
train:52022,train:8040,train,52022,8040,8040.jpg,3840,2160,1,swimmer,1825.0,736.0,31.0,24.0,744.0,34.4983175861018,42.2,mavic,NorthSea_Fri_DJI_0117.MP4,870,data/raw/seadronessee/odv2/images/train/8040.jpg,train
train:52023,train:8040,train,52023,8040,8040.jpg,3840,2160,1,swimmer,2456.0,1288.0,38.0,28.0,1064.0,34.4983175861018,42.2,mavic,NorthSea_Fri_DJI_0117.MP4,870,data/raw/seadronessee/odv2/images/train/8040.jpg,train
train:52024,train:8040,train,52024,8040,8040.jpg,3840,2160,1,swimmer,2292.0,1421.0,37.0,30.0,1110.0,34.4983175861018,42.2,mavic,NorthSea_Fri_DJI_0117.MP4,870,data/raw/seadronessee/odv2/images/train/8040.jpg,train
train:52025,train:8040,train,52025,8040,8040.jpg,3840,2160,3,jetski,673.0,1221.0,81.0,173.0,14013.0,34.4983175861018,42.2,mavic,NorthSea_Fri_DJI_0117.MP4,870,data/raw/seadronessee/odv2/images/train/8040.jpg,train
train:52026,train:8040,train,52026,8040,8040.jpg,3840,2160,2,boat,280.0,653.0,188.0,225.0,42300.0,34.4983175861018,42.2,mavic,NorthSea_Fri_DJI_0117.MP4,870,data/raw/seadronessee/odv2/images/train/8040.jpg,train
train:52039,train:8042,train,52039,8042,8042.jpg,3840,2160,1,swimmer,1602.0,665.0,21.0,26.0,546.0,34.4983175861018,42.2,mavic,NorthSea_Fri_DJI_0117.MP4,900,data/raw/seadronessee/odv2/images/train/8042.jpg,train
train:52040,train:8042,train,52040,8042,8042.jpg,3840,2160,1,swimmer,1416.0,824.0,93.0,32.0,2976.0,34.4983175861018,42.2,mavic,NorthSea_Fri_DJI_0117.MP4,900,data/raw/seadronessee/odv2/images/train/8042.jpg,train
train:52041,train:8042,train,52041,8042,8042.jpg,3840,2160,1,swimmer,1383.0,754.0,65.0,37.0,2405.0,34.4983175861018,42.2,mavic,NorthSea_Fri_DJI_0117.MP4,900,data/raw/seadronessee/odv2/images/train/8042.jpg,train
train:52042,train:8042,train,52042,8042,8042.jpg,3840,2160,1,swimmer,1398.0,688.0,43.0,31.0,1333.0,34.4983175861018,42.2,mavic,NorthSea_Fri_DJI_0117.MP4,900,data/raw/seadronessee/odv2/images/train/8042.jpg,train
train:52043,train:8042,train,52043,8042,8042.jpg,3840,2160,1,swimmer,2194.0,1469.0,68.0,42.0,2856.0,34.4983175861018,42.2,mavic,NorthSea_Fri_DJI_0117.MP4,900,data/raw/seadronessee/odv2/images/train/8042.jpg,train
train:52044,train:8042,train,52044,8042,8042.jpg,3840,2160,1,swimmer,2698.0,1481.0,73.0,49.0,3577.0,34.4983175861018,42.2,mavic,NorthSea_Fri_DJI_0117.MP4,900,data/raw/seadronessee/odv2/images/train/8042.jpg,train
train:52045,train:8042,train,52045,8042,8042.jpg,3840,2160,5,buoy,1503.0,186.0,61.0,86.0,5246.0,34.4983175861018,42.2,mavic,NorthSea_Fri_DJI_0117.MP4,900,data/raw/seadronessee/odv2/images/train/8042.jpg,train
train:52046,train:8042,train,52046,8042,8042.jpg,3840,2160,1,swimmer,1818.0,743.0,32.0,25.0,800.0,34.4983175861018,42.2,mavic,NorthSea_Fri_DJI_0117.MP4,900,data/raw/seadronessee/odv2/images/train/8042.jpg,train
train:52047,train:8042,train,52047,8042,8042.jpg,3840,2160,1,swimmer,2465.0,1282.0,37.0,28.0,1036.0,34.4983175861018,42.2,mavic,NorthSea_Fri_DJI_0117.MP4,900,data/raw/seadronessee/odv2/images/train/8042.jpg,train
train:52048,train:8042,train,52048,8042,8042.jpg,3840,2160,1,swimmer,2293.0,1412.0,39.0,32.0,1248.0,34.4983175861018,42.2,mavic,NorthSea_Fri_DJI_0117.MP4,900,data/raw/seadronessee/odv2/images/train/8042.jpg,train
train:52049,train:8042,train,52049,8042,8042.jpg,3840,2160,3,jetski,662.0,1180.0,74.0,170.0,12580.0,34.4983175861018,42.2,mavic,NorthSea_Fri_DJI_0117.MP4,900,data/raw/seadronessee/odv2/images/train/8042.jpg,train
train:52050,train:8042,train,52050,8042,8042.jpg,3840,2160,2,boat,299.0,617.0,186.0,244.0,45384.0,34.4983175861018,42.2,mavic,NorthSea_Fri_DJI_0117.MP4,900,data/raw/seadronessee/odv2/images/train/8042.jpg,train
train:52063,train:8044,train,52063,8044,8044.jpg,3840,2160,1,swimmer,1579.0,650.0,38.0,39.0,1482.0,34.4983175861018,42.2,mavic,NorthSea_Fri_DJI_0117.MP4,930,data/raw/seadronessee/odv2/images/train/8044.jpg,train
train:52064,train:8044,train,52064,8044,8044.jpg,3840,2160,1,swimmer,1393.0,823.0,85.0,32.0,2720.0,34.4983175861018,42.2,mavic,NorthSea_Fri_DJI_0117.MP4,930,data/raw/seadronessee/odv2/images/train/8044.jpg,train
train:52065,train:8044,train,52065,8044,8044.jpg,3840,2160,1,swimmer,1387.0,749.0,60.0,30.0,1800.0,34.4983175861018,42.2,mavic,NorthSea_Fri_DJI_0117.MP4,930,data/raw/seadronessee/odv2/images/train/8044.jpg,train
train:52066,train:8044,train,52066,8044,8044.jpg,3840,2160,1,swimmer,1403.0,674.0,41.0,29.0,1189.0,34.4983175861018,42.2,mavic,NorthSea_Fri_DJI_0117.MP4,930,data/raw/seadronessee/odv2/images/train/8044.jpg,train
train:52067,train:8044,train,52067,8044,8044.jpg,3840,2160,1,swimmer,2192.0,1481.0,69.0,41.0,2829.0,34.4983175861018,42.2,mavic,NorthSea_Fri_DJI_0117.MP4,930,data/raw/seadronessee/odv2/images/train/8044.jpg,train
train:52068,train:8044,train,52068,8044,8044.jpg,3840,2160,1,swimmer,2694.0,1476.0,67.0,50.0,3350.0,34.4983175861018,42.2,mavic,NorthSea_Fri_DJI_0117.MP4,930,data/raw/seadronessee/odv2/images/train/8044.jpg,train
train:52069,train:8044,train,52069,8044,8044.jpg,3840,2160,5,buoy,1503.0,184.0,62.0,87.0,5394.0,34.4983175861018,42.2,mavic,NorthSea_Fri_DJI_0117.MP4,930,data/raw/seadronessee/odv2/images/train/8044.jpg,train
train:52070,train:8044,train,52070,8044,8044.jpg,3840,2160,1,swimmer,1810.0,739.0,33.0,26.0,858.0,34.4983175861018,42.2,mavic,NorthSea_Fri_DJI_0117.MP4,930,data/raw/seadronessee/odv2/images/train/8044.jpg,train
train:52071,train:8044,train,52071,8044,8044.jpg,3840,2160,1,swimmer,2480.0,1296.0,39.0,32.0,1248.0,34.4983175861018,42.2,mavic,NorthSea_Fri_DJI_0117.MP4,930,data/raw/seadronessee/odv2/images/train/8044.jpg,train
train:52072,train:8044,train,52072,8044,8044.jpg,3840,2160,1,swimmer,2282.0,1423.0,76.0,58.0,4408.0,34.4983175861018,42.2,mavic,NorthSea_Fri_DJI_0117.MP4,930,data/raw/seadronessee/odv2/images/train/8044.jpg,train
train:52073,train:8044,train,52073,8044,8044.jpg,3840,2160,3,jetski,666.0,1145.0,73.0,168.0,12264.0,34.4983175861018,42.2,mavic,NorthSea_Fri_DJI_0117.MP4,930,data/raw/seadronessee/odv2/images/train/8044.jpg,train
train:52074,train:8044,train,52074,8044,8044.jpg,3840,2160,2,boat,329.0,612.0,188.0,218.0,40984.0,34.4983175861018,42.2,mavic,NorthSea_Fri_DJI_0117.MP4,930,data/raw/seadronessee/odv2/images/train/8044.jpg,train
train:52087,train:8046,train,52087,8046,8046.jpg,3840,2160,1,swimmer,1579.0,654.0,37.0,37.0,1369.0,34.4983175861018,42.2,mavic,NorthSea_Fri_DJI_0117.MP4,960,data/raw/seadronessee/odv2/images/train/8046.jpg,train
train:52088,train:8046,train,52088,8046,8046.jpg,3840,2160,1,swimmer,1376.0,816.0,90.0,32.0,2880.0,34.4983175861018,42.2,mavic,NorthSea_Fri_DJI_0117.MP4,960,data/raw/seadronessee/odv2/images/train/8046.jpg,train
train:52089,train:8046,train,52089,8046,8046.jpg,3840,2160,1,swimmer,1384.0,742.0,42.0,28.0,1176.0,34.4983175861018,42.2,mavic,NorthSea_Fri_DJI_0117.MP4,960,data/raw/seadronessee/odv2/images/train/8046.jpg,train
train:52090,train:8046,train,52090,8046,8046.jpg,3840,2160,1,swimmer,1405.0,674.0,40.0,29.0,1160.0,34.4983175861018,42.2,mavic,NorthSea_Fri_DJI_0117.MP4,960,data/raw/seadronessee/odv2/images/train/8046.jpg,train
train:52091,train:8046,train,52091,8046,8046.jpg,3840,2160,1,swimmer,2172.0,1485.0,77.0,47.0,3619.0,34.4983175861018,42.2,mavic,NorthSea_Fri_DJI_0117.MP4,960,data/raw/seadronessee/odv2/images/train/8046.jpg,train
train:52092,train:8046,train,52092,8046,8046.jpg,3840,2160,1,swimmer,2709.0,1498.0,68.0,41.0,2788.0,34.4983175861018,42.2,mavic,NorthSea_Fri_DJI_0117.MP4,960,data/raw/seadronessee/odv2/images/train/8046.jpg,train
train:52093,train:8046,train,52093,8046,8046.jpg,3840,2160,5,buoy,1507.0,176.0,62.0,88.0,5456.0,34.4983175861018,42.2,mavic,NorthSea_Fri_DJI_0117.MP4,960,data/raw/seadronessee/odv2/images/train/8046.jpg,train
train:52094,train:8046,train,52094,8046,8046.jpg,3840,2160,1,swimmer,1808.0,742.0,33.0,25.0,825.0,34.4983175861018,42.2,mavic,NorthSea_Fri_DJI_0117.MP4,960,data/raw/seadronessee/odv2/images/train/8046.jpg,train
train:52095,train:8046,train,52095,8046,8046.jpg,3840,2160,1,swimmer,2469.0,1315.0,38.0,32.0,1216.0,34.4983175861018,42.2,mavic,NorthSea_Fri_DJI_0117.MP4,960,data/raw/seadronessee/odv2/images/train/8046.jpg,train
train:52096,train:8046,train,52096,8046,8046.jpg,3840,2160,1,swimmer,2267.0,1431.0,67.0,52.0,3484.0,34.4983175861018,42.2,mavic,NorthSea_Fri_DJI_0117.MP4,960,data/raw/seadronessee/odv2/images/train/8046.jpg,train
train:52097,train:8046,train,52097,8046,8046.jpg,3840,2160,3,jetski,673.0,1114.0,73.0,157.0,11461.0,34.4983175861018,42.2,mavic,NorthSea_Fri_DJI_0117.MP4,960,data/raw/seadronessee/odv2/images/train/8046.jpg,train
train:52098,train:8046,train,52098,8046,8046.jpg,3840,2160,2,boat,348.0,566.0,175.0,241.0,42175.0,34.4983175861018,42.2,mavic,NorthSea_Fri_DJI_0117.MP4,960,data/raw/seadronessee/odv2/images/train/8046.jpg,train
train:52111,train:8048,train,52111,8048,8048.jpg,3840,2160,1,swimmer,1583.0,667.0,25.0,30.0,750.0,34.4983175861018,42.2,mavic,NorthSea_Fri_DJI_0117.MP4,990,data/raw/seadronessee/odv2/images/train/8048.jpg,train
train:52112,train:8048,train,52112,8048,8048.jpg,3840,2160,1,swimmer,1358.0,826.0,85.0,27.0,2295.0,34.4983175861018,42.2,mavic,NorthSea_Fri_DJI_0117.MP4,990,data/raw/seadronessee/odv2/images/train/8048.jpg,train
train:52113,train:8048,train,52113,8048,8048.jpg,3840,2160,1,swimmer,1362.0,754.0,72.0,29.0,2088.0,34.4983175861018,42.2,mavic,NorthSea_Fri_DJI_0117.MP4,990,data/raw/seadronessee/odv2/images/train/8048.jpg,train
train:52114,train:8048,train,52114,8048,8048.jpg,3840,2160,1,swimmer,1416.0,683.0,38.0,28.0,1064.0,34.4983175861018,42.2,mavic,NorthSea_Fri_DJI_0117.MP4,990,data/raw/seadronessee/odv2/images/train/8048.jpg,train
train:52115,train:8048,train,52115,8048,8048.jpg,3840,2160,1,swimmer,2172.0,1480.0,65.0,46.0,2990.0,34.4983175861018,42.2,mavic,NorthSea_Fri_DJI_0117.MP4,990,data/raw/seadronessee/odv2/images/train/8048.jpg,train
train:52116,train:8048,train,52116,8048,8048.jpg,3840,2160,1,swimmer,2698.0,1519.0,72.0,47.0,3384.0,34.4983175861018,42.2,mavic,NorthSea_Fri_DJI_0117.MP4,990,data/raw/seadronessee/odv2/images/train/8048.jpg,train
train:52117,train:8048,train,52117,8048,8048.jpg,3840,2160,5,buoy,1513.0,184.0,61.0,88.0,5368.0,34.4983175861018,42.2,mavic,NorthSea_Fri_DJI_0117.MP4,990,data/raw/seadronessee/odv2/images/train/8048.jpg,train
train:52118,train:8048,train,52118,8048,8048.jpg,3840,2160,1,swimmer,1812.0,750.0,39.0,26.0,1014.0,34.4983175861018,42.2,mavic,NorthSea_Fri_DJI_0117.MP4,990,data/raw/seadronessee/odv2/images/train/8048.jpg,train
train:52119,train:8048,train,52119,8048,8048.jpg,3840,2160,1,swimmer,2467.0,1313.0,36.0,31.0,1116.0,34.4983175861018,42.2,mavic,NorthSea_Fri_DJI_0117.MP4,990,data/raw/seadronessee/odv2/images/train/8048.jpg,train
train:52120,train:8048,train,52120,8048,8048.jpg,3840,2160,1,swimmer,2253.0,1421.0,70.0,56.0,3920.0,34.4983175861018,42.2,mavic,NorthSea_Fri_DJI_0117.MP4,990,data/raw/seadronessee/odv2/images/train/8048.jpg,train
train:52121,train:8048,train,52121,8048,8048.jpg,3840,2160,3,jetski,686.0,1060.0,78.0,160.0,12480.0,34.4983175861018,42.2,mavic,NorthSea_Fri_DJI_0117.MP4,990,data/raw/seadronessee/odv2/images/train/8048.jpg,train
train:52122,train:8048,train,52122,8048,8048.jpg,3840,2160,2,boat,363.0,549.0,179.0,215.0,38485.0,34.4983175861018,42.2,mavic,NorthSea_Fri_DJI_0117.MP4,990,data/raw/seadronessee/odv2/images/train/8048.jpg,train
train:52135,train:8050,train,52135,8050,8050.jpg,3840,2160,1,swimmer,1585.0,663.0,29.0,34.0,986.0,34.4983175861018,42.2,mavic,NorthSea_Fri_DJI_0117.MP4,1020,data/raw/seadronessee/odv2/images/train/8050.jpg,train
train:52136,train:8050,train,52136,8050,8050.jpg,3840,2160,1,swimmer,1344.0,832.0,88.0,34.0,2992.0,34.4983175861018,42.2,mavic,NorthSea_Fri_DJI_0117.MP4,1020,data/raw/seadronessee/odv2/images/train/8050.jpg,train
train:52137,train:8050,train,52137,8050,8050.jpg,3840,2160,1,swimmer,1376.0,759.0,55.0,26.0,1430.0,34.4983175861018,42.2,mavic,NorthSea_Fri_DJI_0117.MP4,1020,data/raw/seadronessee/odv2/images/train/8050.jpg,train
train:52138,train:8050,train,52138,8050,8050.jpg,3840,2160,1,swimmer,1425.0,680.0,38.0,27.0,1026.0,34.4983175861018,42.2,mavic,NorthSea_Fri_DJI_0117.MP4,1020,data/raw/seadronessee/odv2/images/train/8050.jpg,train
train:52139,train:8050,train,52139,8050,8050.jpg,3840,2160,1,swimmer,2168.0,1493.0,70.0,47.0,3290.0,34.4983175861018,42.2,mavic,NorthSea_Fri_DJI_0117.MP4,1020,data/raw/seadronessee/odv2/images/train/8050.jpg,train
train:52140,train:8050,train,52140,8050,8050.jpg,3840,2160,1,swimmer,2703.0,1518.0,57.0,38.0,2166.0,34.4983175861018,42.2,mavic,NorthSea_Fri_DJI_0117.MP4,1020,data/raw/seadronessee/odv2/images/train/8050.jpg,train
train:52141,train:8050,train,52141,8050,8050.jpg,3840,2160,5,buoy,1515.0,195.0,62.0,86.0,5332.0,34.4983175861018,42.2,mavic,NorthSea_Fri_DJI_0117.MP4,1020,data/raw/seadronessee/odv2/images/train/8050.jpg,train
train:52142,train:8050,train,52142,8050,8050.jpg,3840,2160,1,swimmer,1823.0,753.0,33.0,26.0,858.0,34.4983175861018,42.2,mavic,NorthSea_Fri_DJI_0117.MP4,1020,data/raw/seadronessee/odv2/images/train/8050.jpg,train
train:52143,train:8050,train,52143,8050,8050.jpg,3840,2160,1,swimmer,2472.0,1314.0,36.0,30.0,1080.0,34.4983175861018,42.2,mavic,NorthSea_Fri_DJI_0117.MP4,1020,data/raw/seadronessee/odv2/images/train/8050.jpg,train
train:52144,train:8050,train,52144,8050,8050.jpg,3840,2160,1,swimmer,2249.0,1436.0,72.0,54.0,3888.0,34.4983175861018,42.2,mavic,NorthSea_Fri_DJI_0117.MP4,1020,data/raw/seadronessee/odv2/images/train/8050.jpg,train
train:52145,train:8050,train,52145,8050,8050.jpg,3840,2160,3,jetski,706.0,1032.0,83.0,145.0,12035.0,34.4983175861018,42.2,mavic,NorthSea_Fri_DJI_0117.MP4,1020,data/raw/seadronessee/odv2/images/train/8050.jpg,train
train:52146,train:8050,train,52146,8050,8050.jpg,3840,2160,2,boat,357.0,505.0,178.0,240.0,42720.0,34.4983175861018,42.2,mavic,NorthSea_Fri_DJI_0117.MP4,1020,data/raw/seadronessee/odv2/images/train/8050.jpg,train
train:52159,train:8052,train,52159,8052,8052.jpg,3840,2160,1,swimmer,1681.0,660.0,24.0,27.0,648.0,34.4983175861018,42.2,mavic,NorthSea_Fri_DJI_0117.MP4,1050,data/raw/seadronessee/odv2/images/train/8052.jpg,train
train:52160,train:8052,train,52160,8052,8052.jpg,3840,2160,1,swimmer,1410.0,823.0,93.0,33.0,3069.0,34.4983175861018,42.2,mavic,NorthSea_Fri_DJI_0117.MP4,1050,data/raw/seadronessee/odv2/images/train/8052.jpg,train
train:52161,train:8052,train,52161,8052,8052.jpg,3840,2160,1,swimmer,1453.0,746.0,59.0,28.0,1652.0,34.4983175861018,42.2,mavic,NorthSea_Fri_DJI_0117.MP4,1050,data/raw/seadronessee/odv2/images/train/8052.jpg,train
train:52162,train:8052,train,52162,8052,8052.jpg,3840,2160,1,swimmer,1524.0,676.0,35.0,23.0,805.0,34.4983175861018,42.2,mavic,NorthSea_Fri_DJI_0117.MP4,1050,data/raw/seadronessee/odv2/images/train/8052.jpg,train
train:52163,train:8052,train,52163,8052,8052.jpg,3840,2160,1,swimmer,2245.0,1503.0,64.0,38.0,2432.0,34.4983175861018,42.2,mavic,NorthSea_Fri_DJI_0117.MP4,1050,data/raw/seadronessee/odv2/images/train/8052.jpg,train
train:52164,train:8052,train,52164,8052,8052.jpg,3840,2160,1,swimmer,2780.0,1533.0,64.0,37.0,2368.0,34.4983175861018,42.2,mavic,NorthSea_Fri_DJI_0117.MP4,1050,data/raw/seadronessee/odv2/images/train/8052.jpg,train
train:52165,train:8052,train,52165,8052,8052.jpg,3840,2160,5,buoy,1596.0,190.0,61.0,84.0,5124.0,34.4983175861018,42.2,mavic,NorthSea_Fri_DJI_0117.MP4,1050,data/raw/seadronessee/odv2/images/train/8052.jpg,train
train:52166,train:8052,train,52166,8052,8052.jpg,3840,2160,1,swimmer,1911.0,748.0,32.0,23.0,736.0,34.4983175861018,42.2,mavic,NorthSea_Fri_DJI_0117.MP4,1050,data/raw/seadronessee/odv2/images/train/8052.jpg,train
train:52167,train:8052,train,52167,8052,8052.jpg,3840,2160,1,swimmer,2557.0,1329.0,36.0,35.0,1260.0,34.4983175861018,42.2,mavic,NorthSea_Fri_DJI_0117.MP4,1050,data/raw/seadronessee/odv2/images/train/8052.jpg,train
train:52168,train:8052,train,52168,8052,8052.jpg,3840,2160,1,swimmer,2292.0,1444.0,96.0,53.0,5088.0,34.4983175861018,42.2,mavic,NorthSea_Fri_DJI_0117.MP4,1050,data/raw/seadronessee/odv2/images/train/8052.jpg,train
train:52169,train:8052,train,52169,8052,8052.jpg,3840,2160,3,jetski,776.0,973.0,97.0,143.0,13871.0,34.4983175861018,42.2,mavic,NorthSea_Fri_DJI_0117.MP4,1050,data/raw/seadronessee/odv2/images/train/8052.jpg,train
train:52170,train:8052,train,52170,8052,8052.jpg,3840,2160,2,boat,452.0,499.0,215.0,189.0,40635.0,34.4983175861018,42.2,mavic,NorthSea_Fri_DJI_0117.MP4,1050,data/raw/seadronessee/odv2/images/train/8052.jpg,train
train:52183,train:8054,train,52183,8054,8054.jpg,3840,2160,1,swimmer,1686.0,793.0,71.0,30.0,2130.0,34.4983175861018,42.2,mavic,NorthSea_Fri_DJI_0117.MP4,1080,data/raw/seadronessee/odv2/images/train/8054.jpg,train
train:52184,train:8054,train,52184,8054,8054.jpg,3840,2160,1,swimmer,1739.0,736.0,45.0,27.0,1215.0,34.4983175861018,42.2,mavic,NorthSea_Fri_DJI_0117.MP4,1080,data/raw/seadronessee/odv2/images/train/8054.jpg,train
train:52185,train:8054,train,52185,8054,8054.jpg,3840,2160,1,swimmer,1812.0,660.0,35.0,28.0,980.0,34.4983175861018,42.2,mavic,NorthSea_Fri_DJI_0117.MP4,1080,data/raw/seadronessee/odv2/images/train/8054.jpg,train
train:52186,train:8054,train,52186,8054,8054.jpg,3840,2160,1,swimmer,2458.0,1534.0,72.0,39.0,2808.0,34.4983175861018,42.2,mavic,NorthSea_Fri_DJI_0117.MP4,1080,data/raw/seadronessee/odv2/images/train/8054.jpg,train
train:52187,train:8054,train,52187,8054,8054.jpg,3840,2160,1,swimmer,3022.0,1615.0,66.0,40.0,2640.0,34.4983175861018,42.2,mavic,NorthSea_Fri_DJI_0117.MP4,1080,data/raw/seadronessee/odv2/images/train/8054.jpg,train
train:52188,train:8054,train,52188,8054,8054.jpg,3840,2160,5,buoy,1912.0,166.0,59.0,88.0,5192.0,34.4983175861018,42.2,mavic,NorthSea_Fri_DJI_0117.MP4,1080,data/raw/seadronessee/odv2/images/train/8054.jpg,train
train:52189,train:8054,train,52189,8054,8054.jpg,3840,2160,1,swimmer,2185.0,758.0,32.0,24.0,768.0,34.4983175861018,42.2,mavic,NorthSea_Fri_DJI_0117.MP4,1080,data/raw/seadronessee/odv2/images/train/8054.jpg,train
train:52190,train:8054,train,52190,8054,8054.jpg,3840,2160,1,swimmer,2802.0,1384.0,36.0,36.0,1296.0,34.4983175861018,42.2,mavic,NorthSea_Fri_DJI_0117.MP4,1080,data/raw/seadronessee/odv2/images/train/8054.jpg,train
train:52191,train:8054,train,52191,8054,8054.jpg,3840,2160,1,swimmer,2526.0,1478.0,87.0,57.0,4959.0,34.4983175861018,42.2,mavic,NorthSea_Fri_DJI_0117.MP4,1080,data/raw/seadronessee/odv2/images/train/8054.jpg,train
train:52192,train:8054,train,52192,8054,8054.jpg,3840,2160,3,jetski,1038.0,878.0,88.0,139.0,12232.0,34.4983175861018,42.2,mavic,NorthSea_Fri_DJI_0117.MP4,1080,data/raw/seadronessee/odv2/images/train/8054.jpg,train
train:52193,train:8054,train,52193,8054,8054.jpg,3840,2160,2,boat,812.0,399.0,174.0,215.0,37410.0,34.4983175861018,42.2,mavic,NorthSea_Fri_DJI_0117.MP4,1080,data/raw/seadronessee/odv2/images/train/8054.jpg,train
train:52194,train:8054,train,52194,8054,8054.jpg,3840,2160,1,swimmer,1966.0,659.0,19.0,23.0,437.0,34.4983175861018,42.2,mavic,NorthSea_Fri_DJI_0117.MP4,1080,data/raw/seadronessee/odv2/images/train/8054.jpg,train
train:52207,train:8056,train,52207,8056,8056.jpg,3840,2160,1,swimmer,1706.0,789.0,81.0,45.0,3645.0,34.4983175861018,42.2,mavic,NorthSea_Fri_DJI_0117.MP4,1110,data/raw/seadronessee/odv2/images/train/8056.jpg,train
train:52208,train:8056,train,52208,8056,8056.jpg,3840,2160,1,swimmer,1748.0,739.0,61.0,30.0,1830.0,34.4983175861018,42.2,mavic,NorthSea_Fri_DJI_0117.MP4,1110,data/raw/seadronessee/odv2/images/train/8056.jpg,train
train:52209,train:8056,train,52209,8056,8056.jpg,3840,2160,1,swimmer,1834.0,663.0,32.0,30.0,960.0,34.4983175861018,42.2,mavic,NorthSea_Fri_DJI_0117.MP4,1110,data/raw/seadronessee/odv2/images/train/8056.jpg,train
train:52210,train:8056,train,52210,8056,8056.jpg,3840,2160,1,swimmer,2473.0,1533.0,75.0,49.0,3675.0,34.4983175861018,42.2,mavic,NorthSea_Fri_DJI_0117.MP4,1110,data/raw/seadronessee/odv2/images/train/8056.jpg,train
train:52211,train:8056,train,52211,8056,8056.jpg,3840,2160,1,swimmer,3035.0,1621.0,62.0,42.0,2604.0,34.4983175861018,42.2,mavic,NorthSea_Fri_DJI_0117.MP4,1110,data/raw/seadronessee/odv2/images/train/8056.jpg,train
train:52212,train:8056,train,52212,8056,8056.jpg,3840,2160,5,buoy,1939.0,165.0,60.0,88.0,5280.0,34.4983175861018,42.2,mavic,NorthSea_Fri_DJI_0117.MP4,1110,data/raw/seadronessee/odv2/images/train/8056.jpg,train
train:52213,train:8056,train,52213,8056,8056.jpg,3840,2160,1,swimmer,2210.0,774.0,34.0,26.0,884.0,34.4983175861018,42.2,mavic,NorthSea_Fri_DJI_0117.MP4,1110,data/raw/seadronessee/odv2/images/train/8056.jpg,train
train:52214,train:8056,train,52214,8056,8056.jpg,3840,2160,1,swimmer,2827.0,1388.0,34.0,41.0,1394.0,34.4983175861018,42.2,mavic,NorthSea_Fri_DJI_0117.MP4,1110,data/raw/seadronessee/odv2/images/train/8056.jpg,train
train:52215,train:8056,train,52215,8056,8056.jpg,3840,2160,1,swimmer,2539.0,1473.0,88.0,59.0,5192.0,34.4983175861018,42.2,mavic,NorthSea_Fri_DJI_0117.MP4,1110,data/raw/seadronessee/odv2/images/train/8056.jpg,train
train:52216,train:8056,train,52216,8056,8056.jpg,3840,2160,3,jetski,1063.0,846.0,72.0,133.0,9576.0,34.4983175861018,42.2,mavic,NorthSea_Fri_DJI_0117.MP4,1110,data/raw/seadronessee/odv2/images/train/8056.jpg,train
train:52217,train:8056,train,52217,8056,8056.jpg,3840,2160,2,boat,863.0,384.0,169.0,195.0,32955.0,34.4983175861018,42.2,mavic,NorthSea_Fri_DJI_0117.MP4,1110,data/raw/seadronessee/odv2/images/train/8056.jpg,train
train:52218,train:8056,train,52218,8056,8056.jpg,3840,2160,1,swimmer,1981.0,668.0,26.0,29.0,754.0,34.4983175861018,42.2,mavic,NorthSea_Fri_DJI_0117.MP4,1110,data/raw/seadronessee/odv2/images/train/8056.jpg,train
train:52231,train:8058,train,52231,8058,8058.jpg,3840,2160,1,swimmer,2073.0,788.0,94.0,43.0,4042.0,34.19833221578787,42.2,mavic,NorthSea_Fri_DJI_0117.MP4,1140,data/raw/seadronessee/odv2/images/train/8058.jpg,train
train:52232,train:8058,train,52232,8058,8058.jpg,3840,2160,1,swimmer,2816.0,1634.0,87.0,45.0,3915.0,34.19833221578787,42.2,mavic,NorthSea_Fri_DJI_0117.MP4,1140,data/raw/seadronessee/odv2/images/train/8058.jpg,train
train:52233,train:8058,train,52233,8058,8058.jpg,3840,2160,1,swimmer,3403.0,1804.0,75.0,41.0,3075.0,34.19833221578787,42.2,mavic,NorthSea_Fri_DJI_0117.MP4,1140,data/raw/seadronessee/odv2/images/train/8058.jpg,train
train:52234,train:8058,train,52234,8058,8058.jpg,3840,2160,5,buoy,2402.0,179.0,64.0,87.0,5568.0,34.19833221578787,42.2,mavic,NorthSea_Fri_DJI_0117.MP4,1140,data/raw/seadronessee/odv2/images/train/8058.jpg,train
train:52235,train:8058,train,52235,8058,8058.jpg,3840,2160,1,swimmer,2894.0,1571.0,78.0,63.0,4914.0,34.19833221578787,42.2,mavic,NorthSea_Fri_DJI_0117.MP4,1140,data/raw/seadronessee/odv2/images/train/8058.jpg,train
train:52236,train:8058,train,52236,8058,8058.jpg,3840,2160,3,jetski,1490.0,763.0,70.0,121.0,8470.0,34.19833221578787,42.2,mavic,NorthSea_Fri_DJI_0117.MP4,1140,data/raw/seadronessee/odv2/images/train/8058.jpg,train
train:52237,train:8058,train,52237,8058,8058.jpg,3840,2160,2,boat,1345.0,313.0,186.0,177.0,32922.0,34.19833221578787,42.2,mavic,NorthSea_Fri_DJI_0117.MP4,1140,data/raw/seadronessee/odv2/images/train/8058.jpg,train
train:52238,train:8058,train,52238,8058,8058.jpg,3840,2160,1,swimmer,2255.0,678.0,31.0,23.0,713.0,34.19833221578787,42.2,mavic,NorthSea_Fri_DJI_0117.MP4,1140,data/raw/seadronessee/odv2/images/train/8058.jpg,train
train:52239,train:8058,train,52239,8058,8058.jpg,3840,2160,1,swimmer,2404.0,693.0,21.0,27.0,567.0,34.19833221578787,42.2,mavic,NorthSea_Fri_DJI_0117.MP4,1140,data/raw/seadronessee/odv2/images/train/8058.jpg,train
train:52240,train:8058,train,52240,8058,8058.jpg,3840,2160,1,swimmer,2169.0,741.0,42.0,27.0,1134.0,34.19833221578787,42.2,mavic,NorthSea_Fri_DJI_0117.MP4,1140,data/raw/seadronessee/odv2/images/train/8058.jpg,train
train:52241,train:8058,train,52241,8058,8058.jpg,3840,2160,1,swimmer,2625.0,824.0,38.0,30.0,1140.0,34.19833221578787,42.2,mavic,NorthSea_Fri_DJI_0117.MP4,1140,data/raw/seadronessee/odv2/images/train/8058.jpg,train
train:52242,train:8058,train,52242,8058,8058.jpg,3840,2160,1,swimmer,3210.0,1537.0,41.0,42.0,1722.0,34.19833221578787,42.2,mavic,NorthSea_Fri_DJI_0117.MP4,1140,data/raw/seadronessee/odv2/images/train/8058.jpg,train
train:52255,train:8060,train,52255,8060,8060.jpg,3840,2160,1,swimmer,2159.0,794.0,73.0,40.0,2920.0,34.19833221578787,42.2,mavic,NorthSea_Fri_DJI_0117.MP4,1170,data/raw/seadronessee/odv2/images/train/8060.jpg,train
train:52256,train:8060,train,52256,8060,8060.jpg,3840,2160,1,swimmer,2891.0,1662.0,83.0,44.0,3652.0,34.19833221578787,42.2,mavic,NorthSea_Fri_DJI_0117.MP4,1170,data/raw/seadronessee/odv2/images/train/8060.jpg,train
train:52257,train:8060,train,52257,8060,8060.jpg,3840,2160,1,swimmer,3502.0,1848.0,72.0,53.0,3816.0,34.19833221578787,42.2,mavic,NorthSea_Fri_DJI_0117.MP4,1170,data/raw/seadronessee/odv2/images/train/8060.jpg,train
train:52258,train:8060,train,52258,8060,8060.jpg,3840,2160,5,buoy,2513.0,191.0,65.0,84.0,5460.0,34.19833221578787,42.2,mavic,NorthSea_Fri_DJI_0117.MP4,1170,data/raw/seadronessee/odv2/images/train/8060.jpg,train
train:52259,train:8060,train,52259,8060,8060.jpg,3840,2160,1,swimmer,2962.0,1594.0,89.0,67.0,5963.0,34.19833221578787,42.2,mavic,NorthSea_Fri_DJI_0117.MP4,1170,data/raw/seadronessee/odv2/images/train/8060.jpg,train
train:52260,train:8060,train,52260,8060,8060.jpg,3840,2160,3,jetski,1596.0,712.0,67.0,128.0,8576.0,34.19833221578787,42.2,mavic,NorthSea_Fri_DJI_0117.MP4,1170,data/raw/seadronessee/odv2/images/train/8060.jpg,train
train:52261,train:8060,train,52261,8060,8060.jpg,3840,2160,2,boat,1478.0,263.0,179.0,198.0,35442.0,34.19833221578787,42.2,mavic,NorthSea_Fri_DJI_0117.MP4,1170,data/raw/seadronessee/odv2/images/train/8060.jpg,train
train:52262,train:8060,train,52262,8060,8060.jpg,3840,2160,1,swimmer,2353.0,674.0,32.0,27.0,864.0,34.19833221578787,42.2,mavic,NorthSea_Fri_DJI_0117.MP4,1170,data/raw/seadronessee/odv2/images/train/8060.jpg,train
train:52263,train:8060,train,52263,8060,8060.jpg,3840,2160,1,swimmer,2249.0,750.0,60.0,28.0,1680.0,34.19833221578787,42.2,mavic,NorthSea_Fri_DJI_0117.MP4,1170,data/raw/seadronessee/odv2/images/train/8060.jpg,train
train:52264,train:8060,train,52264,8060,8060.jpg,3840,2160,1,swimmer,2715.0,834.0,36.0,28.0,1008.0,34.19833221578787,42.2,mavic,NorthSea_Fri_DJI_0117.MP4,1170,data/raw/seadronessee/odv2/images/train/8060.jpg,train
train:52265,train:8060,train,52265,8060,8060.jpg,3840,2160,1,swimmer,3302.0,1579.0,42.0,44.0,1848.0,34.19833221578787,42.2,mavic,NorthSea_Fri_DJI_0117.MP4,1170,data/raw/seadronessee/odv2/images/train/8060.jpg,train
train:52266,train:8060,train,52266,8060,8060.jpg,3840,2160,1,swimmer,2491.0,698.0,26.0,22.0,572.0,34.19833221578787,42.2,mavic,NorthSea_Fri_DJI_0117.MP4,1170,data/raw/seadronessee/odv2/images/train/8060.jpg,train
train:52279,train:8062,train,52279,8062,8062.jpg,3840,2160,1,swimmer,2243.0,790.0,79.0,29.0,2291.0,34.19833221578787,42.2,mavic,NorthSea_Fri_DJI_0117.MP4,1200,data/raw/seadronessee/odv2/images/train/8062.jpg,train
train:52280,train:8062,train,52280,8062,8062.jpg,3840,2160,1,swimmer,2977.0,1694.0,81.0,53.0,4293.0,34.19833221578787,42.2,mavic,NorthSea_Fri_DJI_0117.MP4,1200,data/raw/seadronessee/odv2/images/train/8062.jpg,train
train:52281,train:8062,train,52281,8062,8062.jpg,3840,2160,1,swimmer,3603.0,1903.0,75.0,59.0,4425.0,34.19833221578787,42.2,mavic,NorthSea_Fri_DJI_0117.MP4,1200,data/raw/seadronessee/odv2/images/train/8062.jpg,train
train:52282,train:8062,train,52282,8062,8062.jpg,3840,2160,5,buoy,2635.0,194.0,66.0,87.0,5742.0,34.19833221578787,42.2,mavic,NorthSea_Fri_DJI_0117.MP4,1200,data/raw/seadronessee/odv2/images/train/8062.jpg,train
train:52283,train:8062,train,52283,8062,8062.jpg,3840,2160,1,swimmer,3048.0,1633.0,79.0,56.0,4424.0,34.19833221578787,42.2,mavic,NorthSea_Fri_DJI_0117.MP4,1200,data/raw/seadronessee/odv2/images/train/8062.jpg,train
train:52284,train:8062,train,52284,8062,8062.jpg,3840,2160,3,jetski,1701.0,681.0,63.0,119.0,7497.0,34.19833221578787,42.2,mavic,NorthSea_Fri_DJI_0117.MP4,1200,data/raw/seadronessee/odv2/images/train/8062.jpg,train
train:52285,train:8062,train,52285,8062,8062.jpg,3840,2160,2,boat,1597.0,252.0,184.0,175.0,32200.0,34.19833221578787,42.2,mavic,NorthSea_Fri_DJI_0117.MP4,1200,data/raw/seadronessee/odv2/images/train/8062.jpg,train
train:52286,train:8062,train,52286,8062,8062.jpg,3840,2160,1,swimmer,2448.0,674.0,30.0,24.0,720.0,34.19833221578787,42.2,mavic,NorthSea_Fri_DJI_0117.MP4,1200,data/raw/seadronessee/odv2/images/train/8062.jpg,train
train:52287,train:8062,train,52287,8062,8062.jpg,3840,2160,1,swimmer,2348.0,743.0,56.0,28.0,1568.0,34.19833221578787,42.2,mavic,NorthSea_Fri_DJI_0117.MP4,1200,data/raw/seadronessee/odv2/images/train/8062.jpg,train
train:52288,train:8062,train,52288,8062,8062.jpg,3840,2160,1,swimmer,2798.0,855.0,38.0,28.0,1064.0,34.19833221578787,42.2,mavic,NorthSea_Fri_DJI_0117.MP4,1200,data/raw/seadronessee/odv2/images/train/8062.jpg,train
train:52289,train:8062,train,52289,8062,8062.jpg,3840,2160,1,swimmer,3409.0,1620.0,43.0,43.0,1849.0,34.19833221578787,42.2,mavic,NorthSea_Fri_DJI_0117.MP4,1200,data/raw/seadronessee/odv2/images/train/8062.jpg,train
train:52290,train:8062,train,52290,8062,8062.jpg,3840,2160,1,swimmer,2572.0,705.0,37.0,30.0,1110.0,34.19833221578787,42.2,mavic,NorthSea_Fri_DJI_0117.MP4,1200,data/raw/seadronessee/odv2/images/train/8062.jpg,train
train:52303,train:8064,train,52303,8064,8064.jpg,3840,2160,1,swimmer,2233.0,782.0,79.0,28.0,2212.0,34.19833221578787,42.2,mavic,NorthSea_Fri_DJI_0117.MP4,1230,data/raw/seadronessee/odv2/images/train/8064.jpg,train
train:52304,train:8064,train,52304,8064,8064.jpg,3840,2160,1,swimmer,2979.0,1710.0,69.0,43.0,2967.0,34.19833221578787,42.2,mavic,NorthSea_Fri_DJI_0117.MP4,1230,data/raw/seadronessee/odv2/images/train/8064.jpg,train
train:52305,train:8064,train,52305,8064,8064.jpg,3840,2160,1,swimmer,3628.0,1902.0,75.0,59.0,4425.0,34.19833221578787,42.2,mavic,NorthSea_Fri_DJI_0117.MP4,1230,data/raw/seadronessee/odv2/images/train/8064.jpg,train
train:52306,train:8064,train,52306,8064,8064.jpg,3840,2160,5,buoy,2640.0,202.0,65.0,85.0,5525.0,34.19833221578787,42.2,mavic,NorthSea_Fri_DJI_0117.MP4,1230,data/raw/seadronessee/odv2/images/train/8064.jpg,train
train:52307,train:8064,train,52307,8064,8064.jpg,3840,2160,1,swimmer,3045.0,1625.0,49.0,65.0,3185.0,34.19833221578787,42.2,mavic,NorthSea_Fri_DJI_0117.MP4,1230,data/raw/seadronessee/odv2/images/train/8064.jpg,train
train:52308,train:8064,train,52308,8064,8064.jpg,3840,2160,3,jetski,1715.0,649.0,64.0,120.0,7680.0,34.19833221578787,42.2,mavic,NorthSea_Fri_DJI_0117.MP4,1230,data/raw/seadronessee/odv2/images/train/8064.jpg,train
train:52309,train:8064,train,52309,8064,8064.jpg,3840,2160,2,boat,1630.0,248.0,174.0,168.0,29232.0,34.19833221578787,42.2,mavic,NorthSea_Fri_DJI_0117.MP4,1230,data/raw/seadronessee/odv2/images/train/8064.jpg,train
train:52310,train:8064,train,52310,8064,8064.jpg,3840,2160,1,swimmer,2461.0,679.0,30.0,21.0,630.0,34.19833221578787,42.2,mavic,NorthSea_Fri_DJI_0117.MP4,1230,data/raw/seadronessee/odv2/images/train/8064.jpg,train
train:52311,train:8064,train,52311,8064,8064.jpg,3840,2160,1,swimmer,2348.0,745.0,52.0,26.0,1352.0,34.19833221578787,42.2,mavic,NorthSea_Fri_DJI_0117.MP4,1230,data/raw/seadronessee/odv2/images/train/8064.jpg,train
train:52312,train:8064,train,52312,8064,8064.jpg,3840,2160,1,swimmer,2790.0,850.0,38.0,30.0,1140.0,34.19833221578787,42.2,mavic,NorthSea_Fri_DJI_0117.MP4,1230,data/raw/seadronessee/odv2/images/train/8064.jpg,train
train:52313,train:8064,train,52313,8064,8064.jpg,3840,2160,1,swimmer,3423.0,1630.0,54.0,44.0,2376.0,34.19833221578787,42.2,mavic,NorthSea_Fri_DJI_0117.MP4,1230,data/raw/seadronessee/odv2/images/train/8064.jpg,train
train:52314,train:8064,train,52314,8064,8064.jpg,3840,2160,1,swimmer,2581.0,701.0,31.0,34.0,1054.0,34.19833221578787,42.2,mavic,NorthSea_Fri_DJI_0117.MP4,1230,data/raw/seadronessee/odv2/images/train/8064.jpg,train
train:52327,train:8066,train,52327,8066,8066.jpg,3840,2160,1,swimmer,2213.0,784.0,81.0,32.0,2592.0,34.19833221578787,42.2,mavic,NorthSea_Fri_DJI_0117.MP4,1260,data/raw/seadronessee/odv2/images/train/8066.jpg,train
train:52328,train:8066,train,52328,8066,8066.jpg,3840,2160,1,swimmer,2958.0,1699.0,72.0,46.0,3312.0,34.19833221578787,42.2,mavic,NorthSea_Fri_DJI_0117.MP4,1260,data/raw/seadronessee/odv2/images/train/8066.jpg,train
train:52329,train:8066,train,52329,8066,8066.jpg,3840,2160,1,swimmer,3654.0,1913.0,72.0,68.0,4896.0,34.19833221578787,42.2,mavic,NorthSea_Fri_DJI_0117.MP4,1260,data/raw/seadronessee/odv2/images/train/8066.jpg,train
train:52330,train:8066,train,52330,8066,8066.jpg,3840,2160,5,buoy,2644.0,189.0,66.0,88.0,5808.0,34.19833221578787,42.2,mavic,NorthSea_Fri_DJI_0117.MP4,1260,data/raw/seadronessee/odv2/images/train/8066.jpg,train
train:52331,train:8066,train,52331,8066,8066.jpg,3840,2160,1,swimmer,3023.0,1610.0,50.0,77.0,3850.0,34.19833221578787,42.2,mavic,NorthSea_Fri_DJI_0117.MP4,1260,data/raw/seadronessee/odv2/images/train/8066.jpg,train
train:52332,train:8066,train,52332,8066,8066.jpg,3840,2160,3,jetski,1714.0,609.0,78.0,123.0,9594.0,34.19833221578787,42.2,mavic,NorthSea_Fri_DJI_0117.MP4,1260,data/raw/seadronessee/odv2/images/train/8066.jpg,train
train:52333,train:8066,train,52333,8066,8066.jpg,3840,2160,2,boat,1662.0,232.0,165.0,171.0,28215.0,34.19833221578787,42.2,mavic,NorthSea_Fri_DJI_0117.MP4,1260,data/raw/seadronessee/odv2/images/train/8066.jpg,train
train:52334,train:8066,train,52334,8066,8066.jpg,3840,2160,1,swimmer,2468.0,684.0,28.0,36.0,1008.0,34.19833221578787,42.2,mavic,NorthSea_Fri_DJI_0117.MP4,1260,data/raw/seadronessee/odv2/images/train/8066.jpg,train
train:52335,train:8066,train,52335,8066,8066.jpg,3840,2160,1,swimmer,2354.0,750.0,57.0,29.0,1653.0,34.19833221578787,42.2,mavic,NorthSea_Fri_DJI_0117.MP4,1260,data/raw/seadronessee/odv2/images/train/8066.jpg,train
train:52336,train:8066,train,52336,8066,8066.jpg,3840,2160,1,swimmer,2791.0,849.0,39.0,30.0,1170.0,34.19833221578787,42.2,mavic,NorthSea_Fri_DJI_0117.MP4,1260,data/raw/seadronessee/odv2/images/train/8066.jpg,train
train:52337,train:8066,train,52337,8066,8066.jpg,3840,2160,1,swimmer,3417.0,1646.0,61.0,40.0,2440.0,34.19833221578787,42.2,mavic,NorthSea_Fri_DJI_0117.MP4,1260,data/raw/seadronessee/odv2/images/train/8066.jpg,train
train:52338,train:8066,train,52338,8066,8066.jpg,3840,2160,1,swimmer,2585.0,706.0,28.0,28.0,784.0,34.19833221578787,42.2,mavic,NorthSea_Fri_DJI_0117.MP4,1260,data/raw/seadronessee/odv2/images/train/8066.jpg,train
train:52351,train:8068,train,52351,8068,8068.jpg,3840,2160,1,swimmer,2210.0,779.0,82.0,35.0,2870.0,34.19833221578787,42.2,mavic,NorthSea_Fri_DJI_0117.MP4,1290,data/raw/seadronessee/odv2/images/train/8068.jpg,train
train:52352,train:8068,train,52352,8068,8068.jpg,3840,2160,1,swimmer,2944.0,1682.0,78.0,39.0,3042.0,34.19833221578787,42.2,mavic,NorthSea_Fri_DJI_0117.MP4,1290,data/raw/seadronessee/odv2/images/train/8068.jpg,train
train:52353,train:8068,train,52353,8068,8068.jpg,3840,2160,1,swimmer,3588.0,1939.0,129.0,68.0,8772.0,34.19833221578787,42.2,mavic,NorthSea_Fri_DJI_0117.MP4,1290,data/raw/seadronessee/odv2/images/train/8068.jpg,train
train:52354,train:8068,train,52354,8068,8068.jpg,3840,2160,5,buoy,2654.0,184.0,66.0,87.0,5742.0,34.19833221578787,42.2,mavic,NorthSea_Fri_DJI_0117.MP4,1290,data/raw/seadronessee/odv2/images/train/8068.jpg,train
train:52355,train:8068,train,52355,8068,8068.jpg,3840,2160,1,swimmer,3025.0,1605.0,43.0,59.0,2537.0,34.19833221578787,42.2,mavic,NorthSea_Fri_DJI_0117.MP4,1290,data/raw/seadronessee/odv2/images/train/8068.jpg,train
train:52356,train:8068,train,52356,8068,8068.jpg,3840,2160,3,jetski,1699.0,599.0,105.0,108.0,11340.0,34.19833221578787,42.2,mavic,NorthSea_Fri_DJI_0117.MP4,1290,data/raw/seadronessee/odv2/images/train/8068.jpg,train
train:52357,train:8068,train,52357,8068,8068.jpg,3840,2160,2,boat,1692.0,211.0,160.0,179.0,28640.0,34.19833221578787,42.2,mavic,NorthSea_Fri_DJI_0117.MP4,1290,data/raw/seadronessee/odv2/images/train/8068.jpg,train
train:52358,train:8068,train,52358,8068,8068.jpg,3840,2160,1,swimmer,2479.0,688.0,30.0,37.0,1110.0,34.19833221578787,42.2,mavic,NorthSea_Fri_DJI_0117.MP4,1290,data/raw/seadronessee/odv2/images/train/8068.jpg,train
train:52359,train:8068,train,52359,8068,8068.jpg,3840,2160,1,swimmer,2358.0,750.0,56.0,27.0,1512.0,34.19833221578787,42.2,mavic,NorthSea_Fri_DJI_0117.MP4,1290,data/raw/seadronessee/odv2/images/train/8068.jpg,train
train:52360,train:8068,train,52360,8068,8068.jpg,3840,2160,1,swimmer,2798.0,853.0,40.0,32.0,1280.0,34.19833221578787,42.2,mavic,NorthSea_Fri_DJI_0117.MP4,1290,data/raw/seadronessee/odv2/images/train/8068.jpg,train
train:52361,train:8068,train,52361,8068,8068.jpg,3840,2160,1,swimmer,3396.0,1653.0,56.0,39.0,2184.0,34.19833221578787,42.2,mavic,NorthSea_Fri_DJI_0117.MP4,1290,data/raw/seadronessee/odv2/images/train/8068.jpg,train
train:52362,train:8068,train,52362,8068,8068.jpg,3840,2160,1,swimmer,2602.0,707.0,22.0,29.0,638.0,34.19833221578787,42.2,mavic,NorthSea_Fri_DJI_0117.MP4,1290,data/raw/seadronessee/odv2/images/train/8068.jpg,train
train:52375,train:8070,train,52375,8070,8070.jpg,3840,2160,1,swimmer,2202.0,787.0,83.0,33.0,2739.0,34.19833221578787,42.2,mavic,NorthSea_Fri_DJI_0117.MP4,1320,data/raw/seadronessee/odv2/images/train/8070.jpg,train
train:52376,train:8070,train,52376,8070,8070.jpg,3840,2160,1,swimmer,2933.0,1693.0,105.0,41.0,4305.0,34.19833221578787,42.2,mavic,NorthSea_Fri_DJI_0117.MP4,1320,data/raw/seadronessee/odv2/images/train/8070.jpg,train
train:52377,train:8070,train,52377,8070,8070.jpg,3840,2160,1,swimmer,3580.0,1928.0,112.0,76.0,8512.0,34.19833221578787,42.2,mavic,NorthSea_Fri_DJI_0117.MP4,1320,data/raw/seadronessee/odv2/images/train/8070.jpg,train
train:52378,train:8070,train,52378,8070,8070.jpg,3840,2160,5,buoy,2666.0,176.0,66.0,87.0,5742.0,34.19833221578787,42.2,mavic,NorthSea_Fri_DJI_0117.MP4,1320,data/raw/seadronessee/odv2/images/train/8070.jpg,train
train:52379,train:8070,train,52379,8070,8070.jpg,3840,2160,1,swimmer,3025.0,1614.0,49.0,56.0,2744.0,34.19833221578787,42.2,mavic,NorthSea_Fri_DJI_0117.MP4,1320,data/raw/seadronessee/odv2/images/train/8070.jpg,train
train:52380,train:8070,train,52380,8070,8070.jpg,3840,2160,3,jetski,1722.0,582.0,109.0,106.0,11554.0,34.19833221578787,42.2,mavic,NorthSea_Fri_DJI_0117.MP4,1320,data/raw/seadronessee/odv2/images/train/8070.jpg,train
train:52381,train:8070,train,52381,8070,8070.jpg,3840,2160,2,boat,1715.0,191.0,153.0,173.0,26469.0,34.19833221578787,42.2,mavic,NorthSea_Fri_DJI_0117.MP4,1320,data/raw/seadronessee/odv2/images/train/8070.jpg,train
train:52382,train:8070,train,52382,8070,8070.jpg,3840,2160,1,swimmer,2502.0,694.0,28.0,34.0,952.0,34.19833221578787,42.2,mavic,NorthSea_Fri_DJI_0117.MP4,1320,data/raw/seadronessee/odv2/images/train/8070.jpg,train
train:52383,train:8070,train,52383,8070,8070.jpg,3840,2160,1,swimmer,2378.0,759.0,56.0,29.0,1624.0,34.19833221578787,42.2,mavic,NorthSea_Fri_DJI_0117.MP4,1320,data/raw/seadronessee/odv2/images/train/8070.jpg,train
train:52384,train:8070,train,52384,8070,8070.jpg,3840,2160,1,swimmer,2801.0,857.0,41.0,32.0,1312.0,34.19833221578787,42.2,mavic,NorthSea_Fri_DJI_0117.MP4,1320,data/raw/seadronessee/odv2/images/train/8070.jpg,train
train:52385,train:8070,train,52385,8070,8070.jpg,3840,2160,1,swimmer,3405.0,1656.0,53.0,39.0,2067.0,34.19833221578787,42.2,mavic,NorthSea_Fri_DJI_0117.MP4,1320,data/raw/seadronessee/odv2/images/train/8070.jpg,train
train:52386,train:8070,train,52386,8070,8070.jpg,3840,2160,1,swimmer,2616.0,709.0,22.0,27.0,594.0,34.19833221578787,42.2,mavic,NorthSea_Fri_DJI_0117.MP4,1320,data/raw/seadronessee/odv2/images/train/8070.jpg,train
train:52399,train:8072,train,52399,8072,8072.jpg,3840,2160,1,swimmer,2200.0,798.0,83.0,36.0,2988.0,34.19833221578787,42.2,mavic,NorthSea_Fri_DJI_0117.MP4,1350,data/raw/seadronessee/odv2/images/train/8072.jpg,train
train:52400,train:8072,train,52400,8072,8072.jpg,3840,2160,1,swimmer,2948.0,1692.0,73.0,47.0,3431.0,34.19833221578787,42.2,mavic,NorthSea_Fri_DJI_0117.MP4,1350,data/raw/seadronessee/odv2/images/train/8072.jpg,train
train:52401,train:8072,train,52401,8072,8072.jpg,3840,2160,1,swimmer,3607.0,1920.0,98.0,87.0,8526.0,34.19833221578787,42.2,mavic,NorthSea_Fri_DJI_0117.MP4,1350,data/raw/seadronessee/odv2/images/train/8072.jpg,train
train:52402,train:8072,train,52402,8072,8072.jpg,3840,2160,5,buoy,2669.0,174.0,67.0,86.0,5762.0,34.19833221578787,42.2,mavic,NorthSea_Fri_DJI_0117.MP4,1350,data/raw/seadronessee/odv2/images/train/8072.jpg,train
train:52403,train:8072,train,52403,8072,8072.jpg,3840,2160,1,swimmer,3021.0,1627.0,69.0,40.0,2760.0,34.19833221578787,42.2,mavic,NorthSea_Fri_DJI_0117.MP4,1350,data/raw/seadronessee/odv2/images/train/8072.jpg,train
train:52404,train:8072,train,52404,8072,8072.jpg,3840,2160,3,jetski,1734.0,563.0,117.0,110.0,12870.0,34.19833221578787,42.2,mavic,NorthSea_Fri_DJI_0117.MP4,1350,data/raw/seadronessee/odv2/images/train/8072.jpg,train
train:52405,train:8072,train,52405,8072,8072.jpg,3840,2160,2,boat,1744.0,179.0,143.0,172.0,24596.0,34.19833221578787,42.2,mavic,NorthSea_Fri_DJI_0117.MP4,1350,data/raw/seadronessee/odv2/images/train/8072.jpg,train
train:52406,train:8072,train,52406,8072,8072.jpg,3840,2160,1,swimmer,2514.0,699.0,24.0,33.0,792.0,34.19833221578787,42.2,mavic,NorthSea_Fri_DJI_0117.MP4,1350,data/raw/seadronessee/odv2/images/train/8072.jpg,train
train:52407,train:8072,train,52407,8072,8072.jpg,3840,2160,1,swimmer,2386.0,766.0,58.0,26.0,1508.0,34.19833221578787,42.2,mavic,NorthSea_Fri_DJI_0117.MP4,1350,data/raw/seadronessee/odv2/images/train/8072.jpg,train
train:52408,train:8072,train,52408,8072,8072.jpg,3840,2160,1,swimmer,2806.0,855.0,39.0,31.0,1209.0,34.19833221578787,42.2,mavic,NorthSea_Fri_DJI_0117.MP4,1350,data/raw/seadronessee/odv2/images/train/8072.jpg,train
train:52409,train:8072,train,52409,8072,8072.jpg,3840,2160,1,swimmer,3427.0,1654.0,48.0,38.0,1824.0,34.19833221578787,42.2,mavic,NorthSea_Fri_DJI_0117.MP4,1350,data/raw/seadronessee/odv2/images/train/8072.jpg,train
train:52410,train:8072,train,52410,8072,8072.jpg,3840,2160,1,swimmer,2624.0,718.0,27.0,27.0,729.0,34.19833221578787,42.2,mavic,NorthSea_Fri_DJI_0117.MP4,1350,data/raw/seadronessee/odv2/images/train/8072.jpg,train
train:52423,train:8074,train,52423,8074,8074.jpg,3840,2160,1,swimmer,2198.0,790.0,83.0,34.0,2822.0,34.19833221578787,42.2,mavic,NorthSea_Fri_DJI_0117.MP4,1380,data/raw/seadronessee/odv2/images/train/8074.jpg,train
train:52424,train:8074,train,52424,8074,8074.jpg,3840,2160,1,swimmer,2949.0,1680.0,82.0,40.0,3280.0,34.19833221578787,42.2,mavic,NorthSea_Fri_DJI_0117.MP4,1380,data/raw/seadronessee/odv2/images/train/8074.jpg,train
train:52425,train:8074,train,52425,8074,8074.jpg,3840,2160,1,swimmer,3631.0,1930.0,107.0,87.0,9309.0,34.19833221578787,42.2,mavic,NorthSea_Fri_DJI_0117.MP4,1380,data/raw/seadronessee/odv2/images/train/8074.jpg,train
train:52426,train:8074,train,52426,8074,8074.jpg,3840,2160,5,buoy,2671.0,194.0,66.0,84.0,5544.0,34.19833221578787,42.2,mavic,NorthSea_Fri_DJI_0117.MP4,1380,data/raw/seadronessee/odv2/images/train/8074.jpg,train
train:52427,train:8074,train,52427,8074,8074.jpg,3840,2160,1,swimmer,3046.0,1614.0,55.0,44.0,2420.0,34.19833221578787,42.2,mavic,NorthSea_Fri_DJI_0117.MP4,1380,data/raw/seadronessee/odv2/images/train/8074.jpg,train
train:52428,train:8074,train,52428,8074,8074.jpg,3840,2160,3,jetski,1761.0,530.0,126.0,104.0,13104.0,34.19833221578787,42.2,mavic,NorthSea_Fri_DJI_0117.MP4,1380,data/raw/seadronessee/odv2/images/train/8074.jpg,train
train:52429,train:8074,train,52429,8074,8074.jpg,3840,2160,2,boat,1767.0,175.0,135.0,162.0,21870.0,34.19833221578787,42.2,mavic,NorthSea_Fri_DJI_0117.MP4,1380,data/raw/seadronessee/odv2/images/train/8074.jpg,train
train:52430,train:8074,train,52430,8074,8074.jpg,3840,2160,1,swimmer,2516.0,701.0,24.0,31.0,744.0,34.19833221578787,42.2,mavic,NorthSea_Fri_DJI_0117.MP4,1380,data/raw/seadronessee/odv2/images/train/8074.jpg,train
train:52431,train:8074,train,52431,8074,8074.jpg,3840,2160,1,swimmer,2397.0,760.0,52.0,26.0,1352.0,34.19833221578787,42.2,mavic,NorthSea_Fri_DJI_0117.MP4,1380,data/raw/seadronessee/odv2/images/train/8074.jpg,train
train:52432,train:8074,train,52432,8074,8074.jpg,3840,2160,1,swimmer,2807.0,867.0,43.0,30.0,1290.0,34.19833221578787,42.2,mavic,NorthSea_Fri_DJI_0117.MP4,1380,data/raw/seadronessee/odv2/images/train/8074.jpg,train
train:52433,train:8074,train,52433,8074,8074.jpg,3840,2160,1,swimmer,3451.0,1659.0,49.0,36.0,1764.0,34.19833221578787,42.2,mavic,NorthSea_Fri_DJI_0117.MP4,1380,data/raw/seadronessee/odv2/images/train/8074.jpg,train
train:52434,train:8074,train,52434,8074,8074.jpg,3840,2160,1,swimmer,2618.0,713.0,25.0,31.0,775.0,34.19833221578787,42.2,mavic,NorthSea_Fri_DJI_0117.MP4,1380,data/raw/seadronessee/odv2/images/train/8074.jpg,train
train:52447,train:8076,train,52447,8076,8076.jpg,3840,2160,1,swimmer,2191.0,786.0,77.0,37.0,2849.0,34.19833221578787,42.2,mavic,NorthSea_Fri_DJI_0117.MP4,1410,data/raw/seadronessee/odv2/images/train/8076.jpg,train
train:52448,train:8076,train,52448,8076,8076.jpg,3840,2160,1,swimmer,2942.0,1675.0,85.0,43.0,3655.0,34.19833221578787,42.2,mavic,NorthSea_Fri_DJI_0117.MP4,1410,data/raw/seadronessee/odv2/images/train/8076.jpg,train
train:52449,train:8076,train,52449,8076,8076.jpg,3840,2160,1,swimmer,3661.0,1915.0,95.0,99.0,9405.0,34.19833221578787,42.2,mavic,NorthSea_Fri_DJI_0117.MP4,1410,data/raw/seadronessee/odv2/images/train/8076.jpg,train
train:52450,train:8076,train,52450,8076,8076.jpg,3840,2160,5,buoy,2674.0,197.0,66.0,86.0,5676.0,34.19833221578787,42.2,mavic,NorthSea_Fri_DJI_0117.MP4,1410,data/raw/seadronessee/odv2/images/train/8076.jpg,train
train:52451,train:8076,train,52451,8076,8076.jpg,3840,2160,1,swimmer,3066.0,1632.0,37.0,37.0,1369.0,34.19833221578787,42.2,mavic,NorthSea_Fri_DJI_0117.MP4,1410,data/raw/seadronessee/odv2/images/train/8076.jpg,train
train:52452,train:8076,train,52452,8076,8076.jpg,3840,2160,3,jetski,1788.0,507.0,136.0,96.0,13056.0,34.19833221578787,42.2,mavic,NorthSea_Fri_DJI_0117.MP4,1410,data/raw/seadronessee/odv2/images/train/8076.jpg,train
train:52453,train:8076,train,52453,8076,8076.jpg,3840,2160,2,boat,1786.0,144.0,136.0,178.0,24208.0,34.19833221578787,42.2,mavic,NorthSea_Fri_DJI_0117.MP4,1410,data/raw/seadronessee/odv2/images/train/8076.jpg,train
train:52454,train:8076,train,52454,8076,8076.jpg,3840,2160,1,swimmer,2525.0,704.0,24.0,29.0,696.0,34.19833221578787,42.2,mavic,NorthSea_Fri_DJI_0117.MP4,1410,data/raw/seadronessee/odv2/images/train/8076.jpg,train
train:52455,train:8076,train,52455,8076,8076.jpg,3840,2160,1,swimmer,2400.0,757.0,47.0,36.0,1692.0,34.19833221578787,42.2,mavic,NorthSea_Fri_DJI_0117.MP4,1410,data/raw/seadronessee/odv2/images/train/8076.jpg,train
train:52456,train:8076,train,52456,8076,8076.jpg,3840,2160,1,swimmer,2801.0,868.0,39.0,30.0,1170.0,34.19833221578787,42.2,mavic,NorthSea_Fri_DJI_0117.MP4,1410,data/raw/seadronessee/odv2/images/train/8076.jpg,train
train:52457,train:8076,train,52457,8076,8076.jpg,3840,2160,1,swimmer,3468.0,1665.0,48.0,36.0,1728.0,34.19833221578787,42.2,mavic,NorthSea_Fri_DJI_0117.MP4,1410,data/raw/seadronessee/odv2/images/train/8076.jpg,train
train:52458,train:8076,train,52458,8076,8076.jpg,3840,2160,1,swimmer,2612.0,716.0,29.0,27.0,783.0,34.19833221578787,42.2,mavic,NorthSea_Fri_DJI_0117.MP4,1410,data/raw/seadronessee/odv2/images/train/8076.jpg,train
train:52471,train:8078,train,52471,8078,8078.jpg,3840,2160,1,swimmer,2186.0,770.0,72.0,29.0,2088.0,34.19833221578787,42.2,mavic,NorthSea_Fri_DJI_0117.MP4,1440,data/raw/seadronessee/odv2/images/train/8078.jpg,train
train:52472,train:8078,train,52472,8078,8078.jpg,3840,2160,1,swimmer,2931.0,1656.0,112.0,46.0,5152.0,34.19833221578787,42.2,mavic,NorthSea_Fri_DJI_0117.MP4,1440,data/raw/seadronessee/odv2/images/train/8078.jpg,train
train:52473,train:8078,train,52473,8078,8078.jpg,3840,2160,1,swimmer,3670.0,1901.0,99.0,92.0,9108.0,34.19833221578787,42.2,mavic,NorthSea_Fri_DJI_0117.MP4,1440,data/raw/seadronessee/odv2/images/train/8078.jpg,train
train:52474,train:8078,train,52474,8078,8078.jpg,3840,2160,5,buoy,2679.0,173.0,66.0,89.0,5874.0,34.19833221578787,42.2,mavic,NorthSea_Fri_DJI_0117.MP4,1440,data/raw/seadronessee/odv2/images/train/8078.jpg,train
train:52475,train:8078,train,52475,8078,8078.jpg,3840,2160,1,swimmer,3072.0,1610.0,38.0,36.0,1368.0,34.19833221578787,42.2,mavic,NorthSea_Fri_DJI_0117.MP4,1440,data/raw/seadronessee/odv2/images/train/8078.jpg,train
train:52476,train:8078,train,52476,8078,8078.jpg,3840,2160,3,jetski,1818.0,477.0,140.0,95.0,13300.0,34.19833221578787,42.2,mavic,NorthSea_Fri_DJI_0117.MP4,1440,data/raw/seadronessee/odv2/images/train/8078.jpg,train
train:52477,train:8078,train,52477,8078,8078.jpg,3840,2160,2,boat,1805.0,110.0,131.0,165.0,21615.0,34.19833221578787,42.2,mavic,NorthSea_Fri_DJI_0117.MP4,1440,data/raw/seadronessee/odv2/images/train/8078.jpg,train
train:52478,train:8078,train,52478,8078,8078.jpg,3840,2160,1,swimmer,2530.0,691.0,26.0,27.0,702.0,34.19833221578787,42.2,mavic,NorthSea_Fri_DJI_0117.MP4,1440,data/raw/seadronessee/odv2/images/train/8078.jpg,train
train:52479,train:8078,train,52479,8078,8078.jpg,3840,2160,1,swimmer,2405.0,734.0,35.0,46.0,1610.0,34.19833221578787,42.2,mavic,NorthSea_Fri_DJI_0117.MP4,1440,data/raw/seadronessee/odv2/images/train/8078.jpg,train
train:52480,train:8078,train,52480,8078,8078.jpg,3840,2160,1,swimmer,2798.0,850.0,37.0,27.0,999.0,34.19833221578787,42.2,mavic,NorthSea_Fri_DJI_0117.MP4,1440,data/raw/seadronessee/odv2/images/train/8078.jpg,train
train:52481,train:8078,train,52481,8078,8078.jpg,3840,2160,1,swimmer,3477.0,1644.0,49.0,35.0,1715.0,34.19833221578787,42.2,mavic,NorthSea_Fri_DJI_0117.MP4,1440,data/raw/seadronessee/odv2/images/train/8078.jpg,train
train:52482,train:8078,train,52482,8078,8078.jpg,3840,2160,1,swimmer,2619.0,698.0,27.0,28.0,756.0,34.19833221578787,42.2,mavic,NorthSea_Fri_DJI_0117.MP4,1440,data/raw/seadronessee/odv2/images/train/8078.jpg,train
train:52495,train:8080,train,52495,8080,8080.jpg,3840,2160,1,swimmer,2175.0,742.0,78.0,37.0,2886.0,34.19833221578787,42.2,mavic,NorthSea_Fri_DJI_0117.MP4,1470,data/raw/seadronessee/odv2/images/train/8080.jpg,train
train:52496,train:8080,train,52496,8080,8080.jpg,3840,2160,1,swimmer,2927.0,1596.0,83.0,50.0,4150.0,34.19833221578787,42.2,mavic,NorthSea_Fri_DJI_0117.MP4,1470,data/raw/seadronessee/odv2/images/train/8080.jpg,train
train:52497,train:8080,train,52497,8080,8080.jpg,3840,2160,1,swimmer,3650.0,1865.0,92.0,89.0,8188.0,34.19833221578787,42.2,mavic,NorthSea_Fri_DJI_0117.MP4,1470,data/raw/seadronessee/odv2/images/train/8080.jpg,train
train:52498,train:8080,train,52498,8080,8080.jpg,3840,2160,5,buoy,2669.0,173.0,66.0,86.0,5676.0,34.19833221578787,42.2,mavic,NorthSea_Fri_DJI_0117.MP4,1470,data/raw/seadronessee/odv2/images/train/8080.jpg,train
train:52499,train:8080,train,52499,8080,8080.jpg,3840,2160,1,swimmer,3055.0,1570.0,37.0,33.0,1221.0,34.19833221578787,42.2,mavic,NorthSea_Fri_DJI_0117.MP4,1470,data/raw/seadronessee/odv2/images/train/8080.jpg,train
train:52500,train:8080,train,52500,8080,8080.jpg,3840,2160,3,jetski,1851.0,440.0,137.0,91.0,12467.0,34.19833221578787,42.2,mavic,NorthSea_Fri_DJI_0117.MP4,1470,data/raw/seadronessee/odv2/images/train/8080.jpg,train
train:52501,train:8080,train,52501,8080,8080.jpg,3840,2160,2,boat,1821.0,94.0,133.0,160.0,21280.0,34.19833221578787,42.2,mavic,NorthSea_Fri_DJI_0117.MP4,1470,data/raw/seadronessee/odv2/images/train/8080.jpg,train
train:52502,train:8080,train,52502,8080,8080.jpg,3840,2160,1,swimmer,2523.0,678.0,28.0,35.0,980.0,34.19833221578787,42.2,mavic,NorthSea_Fri_DJI_0117.MP4,1470,data/raw/seadronessee/odv2/images/train/8080.jpg,train
train:52503,train:8080,train,52503,8080,8080.jpg,3840,2160,1,swimmer,2397.0,713.0,34.0,44.0,1496.0,34.19833221578787,42.2,mavic,NorthSea_Fri_DJI_0117.MP4,1470,data/raw/seadronessee/odv2/images/train/8080.jpg,train
train:52504,train:8080,train,52504,8080,8080.jpg,3840,2160,1,swimmer,2785.0,831.0,37.0,29.0,1073.0,34.19833221578787,42.2,mavic,NorthSea_Fri_DJI_0117.MP4,1470,data/raw/seadronessee/odv2/images/train/8080.jpg,train
train:52505,train:8080,train,52505,8080,8080.jpg,3840,2160,1,swimmer,3446.0,1609.0,48.0,36.0,1728.0,34.19833221578787,42.2,mavic,NorthSea_Fri_DJI_0117.MP4,1470,data/raw/seadronessee/odv2/images/train/8080.jpg,train
train:52506,train:8080,train,52506,8080,8080.jpg,3840,2160,1,swimmer,2611.0,685.0,30.0,27.0,810.0,34.19833221578787,42.2,mavic,NorthSea_Fri_DJI_0117.MP4,1470,data/raw/seadronessee/odv2/images/train/8080.jpg,train
train:52519,train:8082,train,52519,8082,8082.jpg,3840,2160,1,swimmer,2145.0,644.0,77.0,28.0,2156.0,34.19833221578787,42.2,mavic,NorthSea_Fri_DJI_0117.MP4,1500,data/raw/seadronessee/odv2/images/train/8082.jpg,train
train:52520,train:8082,train,52520,8082,8082.jpg,3840,2160,1,swimmer,2856.0,1394.0,81.0,45.0,3645.0,34.19833221578787,42.2,mavic,NorthSea_Fri_DJI_0117.MP4,1500,data/raw/seadronessee/odv2/images/train/8082.jpg,train
train:52521,train:8082,train,52521,8082,8082.jpg,3840,2160,1,swimmer,3525.0,1654.0,82.0,69.0,5658.0,34.19833221578787,42.2,mavic,NorthSea_Fri_DJI_0117.MP4,1500,data/raw/seadronessee/odv2/images/train/8082.jpg,train
train:52522,train:8082,train,52522,8082,8082.jpg,3840,2160,5,buoy,2647.0,100.0,63.0,84.0,5292.0,34.19833221578787,42.2,mavic,NorthSea_Fri_DJI_0117.MP4,1500,data/raw/seadronessee/odv2/images/train/8082.jpg,train
train:52523,train:8082,train,52523,8082,8082.jpg,3840,2160,1,swimmer,2979.0,1385.0,35.0,35.0,1225.0,34.19833221578787,42.2,mavic,NorthSea_Fri_DJI_0117.MP4,1500,data/raw/seadronessee/odv2/images/train/8082.jpg,train
train:52524,train:8082,train,52524,8082,8082.jpg,3840,2160,3,jetski,1883.0,331.0,133.0,86.0,11438.0,34.19833221578787,42.2,mavic,NorthSea_Fri_DJI_0117.MP4,1500,data/raw/seadronessee/odv2/images/train/8082.jpg,train
train:52525,train:8082,train,52525,8082,8082.jpg,3840,2160,2,boat,1841.0,30.0,130.0,150.0,19500.0,34.19833221578787,42.2,mavic,NorthSea_Fri_DJI_0117.MP4,1500,data/raw/seadronessee/odv2/images/train/8082.jpg,train
train:52526,train:8082,train,52526,8082,8082.jpg,3840,2160,1,swimmer,2491.0,581.0,28.0,25.0,700.0,34.19833221578787,42.2,mavic,NorthSea_Fri_DJI_0117.MP4,1500,data/raw/seadronessee/odv2/images/train/8082.jpg,train
train:52527,train:8082,train,52527,8082,8082.jpg,3840,2160,1,swimmer,2374.0,616.0,36.0,39.0,1404.0,34.19833221578787,42.2,mavic,NorthSea_Fri_DJI_0117.MP4,1500,data/raw/seadronessee/odv2/images/train/8082.jpg,train
train:52528,train:8082,train,52528,8082,8082.jpg,3840,2160,1,swimmer,2735.0,718.0,31.0,35.0,1085.0,34.19833221578787,42.2,mavic,NorthSea_Fri_DJI_0117.MP4,1500,data/raw/seadronessee/odv2/images/train/8082.jpg,train
train:52529,train:8082,train,52529,8082,8082.jpg,3840,2160,1,swimmer,3348.0,1417.0,44.0,35.0,1540.0,34.19833221578787,42.2,mavic,NorthSea_Fri_DJI_0117.MP4,1500,data/raw/seadronessee/odv2/images/train/8082.jpg,train
train:52530,train:8082,train,52530,8082,8082.jpg,3840,2160,1,swimmer,2575.0,582.0,24.0,27.0,648.0,34.19833221578787,42.2,mavic,NorthSea_Fri_DJI_0117.MP4,1500,data/raw/seadronessee/odv2/images/train/8082.jpg,train
train:52543,train:8084,train,52543,8084,8084.jpg,3840,2160,1,swimmer,2115.0,485.0,62.0,28.0,1736.0,34.19833221578787,42.2,mavic,NorthSea_Fri_DJI_0117.MP4,1530,data/raw/seadronessee/odv2/images/train/8084.jpg,train
train:52544,train:8084,train,52544,8084,8084.jpg,3840,2160,1,swimmer,2759.0,1122.0,73.0,36.0,2628.0,34.19833221578787,42.2,mavic,NorthSea_Fri_DJI_0117.MP4,1530,data/raw/seadronessee/odv2/images/train/8084.jpg,train
train:52545,train:8084,train,52545,8084,8084.jpg,3840,2160,1,swimmer,3363.0,1326.0,69.0,67.0,4623.0,34.19833221578787,42.2,mavic,NorthSea_Fri_DJI_0117.MP4,1530,data/raw/seadronessee/odv2/images/train/8084.jpg,train
train:52546,train:8084,train,52546,8084,8084.jpg,3840,2160,5,buoy,2613.0,2.0,59.0,79.0,4661.0,34.19833221578787,42.2,mavic,NorthSea_Fri_DJI_0117.MP4,1530,data/raw/seadronessee/odv2/images/train/8084.jpg,train
train:52547,train:8084,train,52547,8084,8084.jpg,3840,2160,1,swimmer,2879.0,1117.0,32.0,32.0,1024.0,34.19833221578787,42.2,mavic,NorthSea_Fri_DJI_0117.MP4,1530,data/raw/seadronessee/odv2/images/train/8084.jpg,train
train:52548,train:8084,train,52548,8084,8084.jpg,3840,2160,3,jetski,1920.0,203.0,125.0,82.0,10250.0,34.19833221578787,42.2,mavic,NorthSea_Fri_DJI_0117.MP4,1530,data/raw/seadronessee/odv2/images/train/8084.jpg,train
train:52549,train:8084,train,52549,8084,8084.jpg,3840,2160,2,boat,1856.0,0.0,135.0,81.0,10935.0,34.19833221578787,42.2,mavic,NorthSea_Fri_DJI_0117.MP4,1530,data/raw/seadronessee/odv2/images/train/8084.jpg,train
train:52550,train:8084,train,52550,8084,8084.jpg,3840,2160,1,swimmer,2451.0,439.0,23.0,24.0,552.0,34.19833221578787,42.2,mavic,NorthSea_Fri_DJI_0117.MP4,1530,data/raw/seadronessee/odv2/images/train/8084.jpg,train
train:52551,train:8084,train,52551,8084,8084.jpg,3840,2160,1,swimmer,2334.0,461.0,20.0,28.0,560.0,34.19833221578787,42.2,mavic,NorthSea_Fri_DJI_0117.MP4,1530,data/raw/seadronessee/odv2/images/train/8084.jpg,train
train:52552,train:8084,train,52552,8084,8084.jpg,3840,2160,1,swimmer,2667.0,555.0,32.0,33.0,1056.0,34.19833221578787,42.2,mavic,NorthSea_Fri_DJI_0117.MP4,1530,data/raw/seadronessee/odv2/images/train/8084.jpg,train
train:52553,train:8084,train,52553,8084,8084.jpg,3840,2160,1,swimmer,3216.0,1141.0,35.0,39.0,1365.0,34.19833221578787,42.2,mavic,NorthSea_Fri_DJI_0117.MP4,1530,data/raw/seadronessee/odv2/images/train/8084.jpg,train
train:52554,train:8084,train,52554,8084,8084.jpg,3840,2160,1,swimmer,2533.0,443.0,16.0,24.0,384.0,34.19833221578787,42.2,mavic,NorthSea_Fri_DJI_0117.MP4,1530,data/raw/seadronessee/odv2/images/train/8084.jpg,train
train:52567,train:8086,train,52567,8086,8086.jpg,3840,2160,1,swimmer,2083.0,364.0,64.0,29.0,1856.0,34.19833221578787,42.2,mavic,NorthSea_Fri_DJI_0117.MP4,1560,data/raw/seadronessee/odv2/images/train/8086.jpg,train
train:52568,train:8086,train,52568,8086,8086.jpg,3840,2160,1,swimmer,2683.0,930.0,76.0,29.0,2204.0,34.19833221578787,42.2,mavic,NorthSea_Fri_DJI_0117.MP4,1560,data/raw/seadronessee/odv2/images/train/8086.jpg,train
train:52569,train:8086,train,52569,8086,8086.jpg,3840,2160,1,swimmer,3243.0,1111.0,62.0,60.0,3720.0,34.19833221578787,42.2,mavic,NorthSea_Fri_DJI_0117.MP4,1560,data/raw/seadronessee/odv2/images/train/8086.jpg,train
train:52570,train:8086,train,52570,8086,8086.jpg,3840,2160,1,swimmer,2798.0,923.0,29.0,30.0,870.0,34.19833221578787,42.2,mavic,NorthSea_Fri_DJI_0117.MP4,1560,data/raw/seadronessee/odv2/images/train/8086.jpg,train
train:52571,train:8086,train,52571,8086,8086.jpg,3840,2160,3,jetski,1926.0,99.0,131.0,76.0,9956.0,34.19833221578787,42.2,mavic,NorthSea_Fri_DJI_0117.MP4,1560,data/raw/seadronessee/odv2/images/train/8086.jpg,train
train:52572,train:8086,train,52572,8086,8086.jpg,3840,2160,1,swimmer,2411.0,328.0,21.0,21.0,441.0,34.19833221578787,42.2,mavic,NorthSea_Fri_DJI_0117.MP4,1560,data/raw/seadronessee/odv2/images/train/8086.jpg,train
train:52573,train:8086,train,52573,8086,8086.jpg,3840,2160,1,swimmer,2296.0,355.0,21.0,23.0,483.0,34.19833221578787,42.2,mavic,NorthSea_Fri_DJI_0117.MP4,1560,data/raw/seadronessee/odv2/images/train/8086.jpg,train
train:52574,train:8086,train,52574,8086,8086.jpg,3840,2160,1,swimmer,2610.0,440.0,29.0,29.0,841.0,34.19833221578787,42.2,mavic,NorthSea_Fri_DJI_0117.MP4,1560,data/raw/seadronessee/odv2/images/train/8086.jpg,train
train:52575,train:8086,train,52575,8086,8086.jpg,3840,2160,1,swimmer,3113.0,940.0,30.0,40.0,1200.0,34.19833221578787,42.2,mavic,NorthSea_Fri_DJI_0117.MP4,1560,data/raw/seadronessee/odv2/images/train/8086.jpg,train
train:52576,train:8086,train,52576,8086,8086.jpg,3840,2160,1,swimmer,2487.0,324.0,16.0,24.0,384.0,34.19833221578787,42.2,mavic,NorthSea_Fri_DJI_0117.MP4,1560,data/raw/seadronessee/odv2/images/train/8086.jpg,train
train:52587,train:8088,train,52587,8088,8088.jpg,3840,2160,1,swimmer,2066.0,309.0,61.0,26.0,1586.0,34.19833221578787,42.2,mavic,NorthSea_Fri_DJI_0117.MP4,1590,data/raw/seadronessee/odv2/images/train/8088.jpg,train
train:52588,train:8088,train,52588,8088,8088.jpg,3840,2160,1,swimmer,2644.0,814.0,51.0,29.0,1479.0,34.19833221578787,42.2,mavic,NorthSea_Fri_DJI_0117.MP4,1590,data/raw/seadronessee/odv2/images/train/8088.jpg,train
train:52589,train:8088,train,52589,8088,8088.jpg,3840,2160,1,swimmer,3181.0,983.0,63.0,61.0,3843.0,34.19833221578787,42.2,mavic,NorthSea_Fri_DJI_0117.MP4,1590,data/raw/seadronessee/odv2/images/train/8088.jpg,train
train:52590,train:8088,train,52590,8088,8088.jpg,3840,2160,1,swimmer,2751.0,817.0,29.0,31.0,899.0,34.19833221578787,42.2,mavic,NorthSea_Fri_DJI_0117.MP4,1590,data/raw/seadronessee/odv2/images/train/8088.jpg,train
train:52591,train:8088,train,52591,8088,8088.jpg,3840,2160,3,jetski,1930.0,42.0,149.0,67.0,9983.0,34.19833221578787,42.2,mavic,NorthSea_Fri_DJI_0117.MP4,1590,data/raw/seadronessee/odv2/images/train/8088.jpg,train
train:52592,train:8088,train,52592,8088,8088.jpg,3840,2160,1,swimmer,2389.0,259.0,22.0,21.0,462.0,34.19833221578787,42.2,mavic,NorthSea_Fri_DJI_0117.MP4,1590,data/raw/seadronessee/odv2/images/train/8088.jpg,train
train:52593,train:8088,train,52593,8088,8088.jpg,3840,2160,1,swimmer,2279.0,281.0,25.0,24.0,600.0,34.19833221578787,42.2,mavic,NorthSea_Fri_DJI_0117.MP4,1590,data/raw/seadronessee/odv2/images/train/8088.jpg,train
train:52594,train:8088,train,52594,8088,8088.jpg,3840,2160,1,swimmer,2578.0,368.0,27.0,28.0,756.0,34.19833221578787,42.2,mavic,NorthSea_Fri_DJI_0117.MP4,1590,data/raw/seadronessee/odv2/images/train/8088.jpg,train
train:52595,train:8088,train,52595,8088,8088.jpg,3840,2160,1,swimmer,3060.0,829.0,28.0,38.0,1064.0,34.19833221578787,42.2,mavic,NorthSea_Fri_DJI_0117.MP4,1590,data/raw/seadronessee/odv2/images/train/8088.jpg,train
train:52596,train:8088,train,52596,8088,8088.jpg,3840,2160,1,swimmer,2459.0,260.0,19.0,23.0,437.0,34.19833221578787,42.2,mavic,NorthSea_Fri_DJI_0117.MP4,1590,data/raw/seadronessee/odv2/images/train/8088.jpg,train
train:52601,train:8090,train,52601,8090,8090.jpg,3840,2160,1,swimmer,3187.0,235.0,60.0,61.0,3660.0,34.19833221578787,42.2,mavic,NorthSea_Fri_DJI_0117.MP4,1620,data/raw/seadronessee/odv2/images/train/8090.jpg,train
train:52602,train:8090,train,52602,8090,8090.jpg,3840,2160,1,swimmer,3078.0,73.0,39.0,39.0,1521.0,34.19833221578787,42.2,mavic,NorthSea_Fri_DJI_0117.MP4,1620,data/raw/seadronessee/odv2/images/train/8090.jpg,train
train:52603,train:8090,train,52603,8090,8090.jpg,3840,2160,1,swimmer,2761.0,67.0,33.0,32.0,1056.0,34.19833221578787,42.2,mavic,NorthSea_Fri_DJI_0117.MP4,1620,data/raw/seadronessee/odv2/images/train/8090.jpg,train
train:52604,train:8090,train,52604,8090,8090.jpg,3840,2160,1,swimmer,2659.0,66.0,39.0,32.0,1248.0,34.19833221578787,42.2,mavic,NorthSea_Fri_DJI_0117.MP4,1620,data/raw/seadronessee/odv2/images/train/8090.jpg,train
train:52606,train:8092,train,52606,8092,8092.jpg,3840,2160,1,swimmer,3156.0,884.0,62.0,57.0,3534.0,34.19833221578787,42.2,mavic,NorthSea_Fri_DJI_0117.MP4,1665,data/raw/seadronessee/odv2/images/train/8092.jpg,train
train:52607,train:8092,train,52607,8092,8092.jpg,3840,2160,1,swimmer,3031.0,730.0,31.0,33.0,1023.0,34.19833221578787,42.2,mavic,NorthSea_Fri_DJI_0117.MP4,1665,data/raw/seadronessee/odv2/images/train/8092.jpg,train
train:52608,train:8092,train,52608,8092,8092.jpg,3840,2160,1,swimmer,2730.0,723.0,31.0,32.0,992.0,34.19833221578787,42.2,mavic,NorthSea_Fri_DJI_0117.MP4,1665,data/raw/seadronessee/odv2/images/train/8092.jpg,train
train:52609,train:8092,train,52609,8092,8092.jpg,3840,2160,1,swimmer,2626.0,715.0,48.0,29.0,1392.0,34.19833221578787,42.2,mavic,NorthSea_Fri_DJI_0117.MP4,1665,data/raw/seadronessee/odv2/images/train/8092.jpg,train
train:52610,train:8092,train,52610,8092,8092.jpg,3840,2160,1,swimmer,2559.0,274.0,30.0,26.0,780.0,34.19833221578787,42.2,mavic,NorthSea_Fri_DJI_0117.MP4,1665,data/raw/seadronessee/odv2/images/train/8092.jpg,train
train:52611,train:8092,train,52611,8092,8092.jpg,3840,2160,1,swimmer,2434.0,171.0,39.0,24.0,936.0,34.19833221578787,42.2,mavic,NorthSea_Fri_DJI_0117.MP4,1665,data/raw/seadronessee/odv2/images/train/8092.jpg,train
train:52612,train:8092,train,52612,8092,8092.jpg,3840,2160,1,swimmer,2378.0,177.0,33.0,25.0,825.0,34.19833221578787,42.2,mavic,NorthSea_Fri_DJI_0117.MP4,1665,data/raw/seadronessee/odv2/images/train/8092.jpg,train
train:52613,train:8092,train,52613,8092,8092.jpg,3840,2160,1,swimmer,2260.0,198.0,36.0,32.0,1152.0,34.19833221578787,42.2,mavic,NorthSea_Fri_DJI_0117.MP4,1665,data/raw/seadronessee/odv2/images/train/8092.jpg,train
train:52614,train:8092,train,52614,8092,8092.jpg,3840,2160,1,swimmer,2037.0,225.0,61.0,30.0,1830.0,34.19833221578787,42.2,mavic,NorthSea_Fri_DJI_0117.MP4,1665,data/raw/seadronessee/odv2/images/train/8092.jpg,train
train:52626,train:8094,train,52626,8094,8094.jpg,3840,2160,1,swimmer,3154.0,1064.0,72.0,59.0,4248.0,34.19833221578787,42.2,mavic,NorthSea_Fri_DJI_0117.MP4,1695,data/raw/seadronessee/odv2/images/train/8094.jpg,train
train:52627,train:8094,train,52627,8094,8094.jpg,3840,2160,1,swimmer,2363.0,366.0,29.0,24.0,696.0,34.19833221578787,42.2,mavic,NorthSea_Fri_DJI_0117.MP4,1695,data/raw/seadronessee/odv2/images/train/8094.jpg,train
train:52628,train:8094,train,52628,8094,8094.jpg,3840,2160,1,swimmer,2252.0,380.0,36.0,32.0,1152.0,34.19833221578787,42.2,mavic,NorthSea_Fri_DJI_0117.MP4,1695,data/raw/seadronessee/odv2/images/train/8094.jpg,train
train:52629,train:8094,train,52629,8094,8094.jpg,3840,2160,1,swimmer,2028.0,419.0,44.0,33.0,1452.0,34.19833221578787,42.2,mavic,NorthSea_Fri_DJI_0117.MP4,1695,data/raw/seadronessee/odv2/images/train/8094.jpg,train
train:52630,train:8094,train,52630,8094,8094.jpg,3840,2160,3,jetski,1994.0,138.0,101.0,54.0,5454.0,34.19833221578787,42.2,mavic,NorthSea_Fri_DJI_0117.MP4,1695,data/raw/seadronessee/odv2/images/train/8094.jpg,train
train:52631,train:8094,train,52631,8094,8094.jpg,3840,2160,5,buoy,2509.0,3.0,51.0,67.0,3417.0,34.19833221578787,42.2,mavic,NorthSea_Fri_DJI_0117.MP4,1695,data/raw/seadronessee/odv2/images/train/8094.jpg,train
train:52632,train:8094,train,52632,8094,8094.jpg,3840,2160,1,swimmer,3022.0,905.0,27.0,33.0,891.0,34.19833221578787,42.2,mavic,NorthSea_Fri_DJI_0117.MP4,1695,data/raw/seadronessee/odv2/images/train/8094.jpg,train
train:52633,train:8094,train,52633,8094,8094.jpg,3840,2160,1,swimmer,2724.0,898.0,27.0,32.0,864.0,34.19833221578787,42.2,mavic,NorthSea_Fri_DJI_0117.MP4,1695,data/raw/seadronessee/odv2/images/train/8094.jpg,train
train:52634,train:8094,train,52634,8094,8094.jpg,3840,2160,1,swimmer,2613.0,889.0,67.0,28.0,1876.0,34.19833221578787,42.2,mavic,NorthSea_Fri_DJI_0117.MP4,1695,data/raw/seadronessee/odv2/images/train/8094.jpg,train
train:52635,train:8094,train,52635,8094,8094.jpg,3840,2160,1,swimmer,2545.0,466.0,28.0,28.0,784.0,34.19833221578787,42.2,mavic,NorthSea_Fri_DJI_0117.MP4,1695,data/raw/seadronessee/odv2/images/train/8094.jpg,train
train:52636,train:8094,train,52636,8094,8094.jpg,3840,2160,1,swimmer,2425.0,363.0,35.0,19.0,665.0,34.19833221578787,42.2,mavic,NorthSea_Fri_DJI_0117.MP4,1695,data/raw/seadronessee/odv2/images/train/8094.jpg,train
train:52649,train:8096,train,52649,8096,8096.jpg,3840,2160,1,swimmer,3147.0,1299.0,80.0,65.0,5200.0,34.19833221578787,42.2,mavic,NorthSea_Fri_DJI_0117.MP4,1725,data/raw/seadronessee/odv2/images/train/8096.jpg,train
train:52650,train:8096,train,52650,8096,8096.jpg,3840,2160,3,jetski,2021.0,387.0,79.0,61.0,4819.0,34.19833221578787,42.2,mavic,NorthSea_Fri_DJI_0117.MP4,1725,data/raw/seadronessee/odv2/images/train/8096.jpg,train
train:52651,train:8096,train,52651,8096,8096.jpg,3840,2160,5,buoy,2496.0,259.0,44.0,72.0,3168.0,34.19833221578787,42.2,mavic,NorthSea_Fri_DJI_0117.MP4,1725,data/raw/seadronessee/odv2/images/train/8096.jpg,train
train:52652,train:8096,train,52652,8096,8096.jpg,3840,2160,2,boat,1904.0,146.0,143.0,109.0,15587.0,34.19833221578787,42.2,mavic,NorthSea_Fri_DJI_0117.MP4,1725,data/raw/seadronessee/odv2/images/train/8096.jpg,train
train:52653,train:8096,train,52653,8096,8096.jpg,3840,2160,1,swimmer,3012.0,1133.0,31.0,32.0,992.0,34.19833221578787,42.2,mavic,NorthSea_Fri_DJI_0117.MP4,1725,data/raw/seadronessee/odv2/images/train/8096.jpg,train
train:52654,train:8096,train,52654,8096,8096.jpg,3840,2160,1,swimmer,2719.0,1136.0,31.0,32.0,992.0,34.19833221578787,42.2,mavic,NorthSea_Fri_DJI_0117.MP4,1725,data/raw/seadronessee/odv2/images/train/8096.jpg,train
train:52655,train:8096,train,52655,8096,8096.jpg,3840,2160,1,swimmer,2611.0,1123.0,49.0,30.0,1470.0,34.19833221578787,42.2,mavic,NorthSea_Fri_DJI_0117.MP4,1725,data/raw/seadronessee/odv2/images/train/8096.jpg,train
train:52656,train:8096,train,52656,8096,8096.jpg,3840,2160,1,swimmer,2018.0,644.0,42.0,23.0,966.0,34.19833221578787,42.2,mavic,NorthSea_Fri_DJI_0117.MP4,1725,data/raw/seadronessee/odv2/images/train/8096.jpg,train
train:52657,train:8096,train,52657,8096,8096.jpg,3840,2160,1,swimmer,2413.0,607.0,37.0,26.0,962.0,34.19833221578787,42.2,mavic,NorthSea_Fri_DJI_0117.MP4,1725,data/raw/seadronessee/odv2/images/train/8096.jpg,train
train:52658,train:8096,train,52658,8096,8096.jpg,3840,2160,1,swimmer,2345.0,617.0,27.0,22.0,594.0,34.19833221578787,42.2,mavic,NorthSea_Fri_DJI_0117.MP4,1725,data/raw/seadronessee/odv2/images/train/8096.jpg,train
train:52659,train:8096,train,52659,8096,8096.jpg,3840,2160,1,swimmer,2232.0,631.0,35.0,27.0,945.0,34.19833221578787,42.2,mavic,NorthSea_Fri_DJI_0117.MP4,1725,data/raw/seadronessee/odv2/images/train/8096.jpg,train
train:52660,train:8096,train,52660,8096,8096.jpg,3840,2160,1,swimmer,2523.0,712.0,27.0,27.0,729.0,34.19833221578787,42.2,mavic,NorthSea_Fri_DJI_0117.MP4,1725,data/raw/seadronessee/odv2/images/train/8096.jpg,train
train:52672,train:8098,train,52672,8098,8098.jpg,3840,2160,1,swimmer,3138.0,1244.0,68.0,70.0,4760.0,34.19833221578787,42.2,mavic,NorthSea_Fri_DJI_0117.MP4,1755,data/raw/seadronessee/odv2/images/train/8098.jpg,train
train:52673,train:8098,train,52673,8098,8098.jpg,3840,2160,3,jetski,2058.0,327.0,44.0,65.0,2860.0,34.19833221578787,42.2,mavic,NorthSea_Fri_DJI_0117.MP4,1755,data/raw/seadronessee/odv2/images/train/8098.jpg,train
train:52674,train:8098,train,52674,8098,8098.jpg,3840,2160,5,buoy,2497.0,190.0,43.0,71.0,3053.0,34.19833221578787,42.2,mavic,NorthSea_Fri_DJI_0117.MP4,1755,data/raw/seadronessee/odv2/images/train/8098.jpg,train
train:52675,train:8098,train,52675,8098,8098.jpg,3840,2160,2,boat,1918.0,69.0,146.0,94.0,13724.0,34.19833221578787,42.2,mavic,NorthSea_Fri_DJI_0117.MP4,1755,data/raw/seadronessee/odv2/images/train/8098.jpg,train
train:52676,train:8098,train,52676,8098,8098.jpg,3840,2160,1,swimmer,1998.0,591.0,37.0,22.0,814.0,34.19833221578787,42.2,mavic,NorthSea_Fri_DJI_0117.MP4,1755,data/raw/seadronessee/odv2/images/train/8098.jpg,train
train:52677,train:8098,train,52677,8098,8098.jpg,3840,2160,1,swimmer,2327.0,565.0,43.0,25.0,1075.0,34.19833221578787,42.2,mavic,NorthSea_Fri_DJI_0117.MP4,1755,data/raw/seadronessee/odv2/images/train/8098.jpg,train
train:52678,train:8098,train,52678,8098,8098.jpg,3840,2160,1,swimmer,2510.0,664.0,32.0,26.0,832.0,34.19833221578787,42.2,mavic,NorthSea_Fri_DJI_0117.MP4,1755,data/raw/seadronessee/odv2/images/train/8098.jpg,train
train:52679,train:8098,train,52679,8098,8098.jpg,3840,2160,1,swimmer,2412.0,553.0,23.0,25.0,575.0,34.19833221578787,42.2,mavic,NorthSea_Fri_DJI_0117.MP4,1755,data/raw/seadronessee/odv2/images/train/8098.jpg,train
train:52680,train:8098,train,52680,8098,8098.jpg,3840,2160,1,swimmer,2218.0,586.0,32.0,27.0,864.0,34.19833221578787,42.2,mavic,NorthSea_Fri_DJI_0117.MP4,1755,data/raw/seadronessee/odv2/images/train/8098.jpg,train
train:52681,train:8098,train,52681,8098,8098.jpg,3840,2160,1,swimmer,3012.0,1093.0,34.0,38.0,1292.0,34.19833221578787,42.2,mavic,NorthSea_Fri_DJI_0117.MP4,1755,data/raw/seadronessee/odv2/images/train/8098.jpg,train
train:52682,train:8098,train,52682,8098,8098.jpg,3840,2160,1,swimmer,2710.0,1095.0,33.0,31.0,1023.0,34.19833221578787,42.2,mavic,NorthSea_Fri_DJI_0117.MP4,1755,data/raw/seadronessee/odv2/images/train/8098.jpg,train
train:52683,train:8098,train,52683,8098,8098.jpg,3840,2160,1,swimmer,2606.0,1082.0,44.0,35.0,1540.0,34.19833221578787,42.2,mavic,NorthSea_Fri_DJI_0117.MP4,1755,data/raw/seadronessee/odv2/images/train/8098.jpg,train
train:52691,train:8100,train,52691,8100,8100.jpg,3840,2160,2,boat,1960.0,2110.0,114.0,49.0,5586.0,34.098337092349894,42.2,mavic,NorthSea_Fri_DJI_0117.MP4,1785,data/raw/seadronessee/odv2/images/train/8100.jpg,train
train:52692,train:8100,train,52692,8100,8100.jpg,3840,2160,2,boat,498.0,1235.0,38.0,53.0,2014.0,34.098337092349894,42.2,mavic,NorthSea_Fri_DJI_0117.MP4,1785,data/raw/seadronessee/odv2/images/train/8100.jpg,train
train:52693,train:8100,train,52693,8100,8100.jpg,3840,2160,5,buoy,1291.0,1511.0,17.0,28.0,476.0,34.098337092349894,42.2,mavic,NorthSea_Fri_DJI_0117.MP4,1785,data/raw/seadronessee/odv2/images/train/8100.jpg,train
train:52694,train:8100,train,52694,8100,8100.jpg,3840,2160,5,buoy,879.0,1402.0,17.0,20.0,340.0,34.098337092349894,42.2,mavic,NorthSea_Fri_DJI_0117.MP4,1785,data/raw/seadronessee/odv2/images/train/8100.jpg,train
train:52703,train:8102,train,52703,8102,8102.jpg,3840,2160,2,boat,1937.0,2110.0,147.0,50.0,7350.0,33.89834684547394,42.2,mavic,NorthSea_Fri_DJI_0117.MP4,1815,data/raw/seadronessee/odv2/images/train/8102.jpg,train
train:52704,train:8102,train,52704,8102,8102.jpg,3840,2160,5,buoy,1290.0,1505.0,17.0,27.0,459.0,33.89834684547394,42.2,mavic,NorthSea_Fri_DJI_0117.MP4,1815,data/raw/seadronessee/odv2/images/train/8102.jpg,train
train:52705,train:8102,train,52705,8102,8102.jpg,3840,2160,5,buoy,879.0,1399.0,17.0,19.0,323.0,33.89834684547394,42.2,mavic,NorthSea_Fri_DJI_0117.MP4,1815,data/raw/seadronessee/odv2/images/train/8102.jpg,train
train:52706,train:8102,train,52706,8102,8102.jpg,3840,2160,2,boat,488.0,1228.0,37.0,49.0,1813.0,33.89834684547394,42.2,mavic,NorthSea_Fri_DJI_0117.MP4,1815,data/raw/seadronessee/odv2/images/train/8102.jpg,train
train:52715,train:8104,train,52715,8104,8104.jpg,3840,2160,2,boat,1940.0,2099.0,167.0,60.0,10020.0,33.89834684547394,42.2,mavic,NorthSea_Fri_DJI_0117.MP4,1845,data/raw/seadronessee/odv2/images/train/8104.jpg,train
train:52716,train:8104,train,52716,8104,8104.jpg,3840,2160,5,buoy,1288.0,1500.0,17.0,27.0,459.0,33.89834684547394,42.2,mavic,NorthSea_Fri_DJI_0117.MP4,1845,data/raw/seadronessee/odv2/images/train/8104.jpg,train
train:52717,train:8104,train,52717,8104,8104.jpg,3840,2160,5,buoy,879.0,1393.0,17.0,19.0,323.0,33.89834684547394,42.2,mavic,NorthSea_Fri_DJI_0117.MP4,1845,data/raw/seadronessee/odv2/images/train/8104.jpg,train
train:52718,train:8104,train,52718,8104,8104.jpg,3840,2160,2,boat,480.0,1223.0,36.0,47.0,1692.0,33.89834684547394,42.2,mavic,NorthSea_Fri_DJI_0117.MP4,1845,data/raw/seadronessee/odv2/images/train/8104.jpg,train
train:52727,train:8106,train,52727,8106,8106.jpg,3840,2160,2,boat,1964.0,2084.0,169.0,76.0,12844.0,33.89834684547394,42.2,mavic,NorthSea_Fri_DJI_0117.MP4,1875,data/raw/seadronessee/odv2/images/train/8106.jpg,train
train:52728,train:8106,train,52728,8106,8106.jpg,3840,2160,5,buoy,1287.0,1501.0,16.0,24.0,384.0,33.89834684547394,42.2,mavic,NorthSea_Fri_DJI_0117.MP4,1875,data/raw/seadronessee/odv2/images/train/8106.jpg,train
train:52729,train:8106,train,52729,8106,8106.jpg,3840,2160,5,buoy,878.0,1385.0,18.0,21.0,378.0,33.89834684547394,42.2,mavic,NorthSea_Fri_DJI_0117.MP4,1875,data/raw/seadronessee/odv2/images/train/8106.jpg,train
train:52730,train:8106,train,52730,8106,8106.jpg,3840,2160,2,boat,474.0,1221.0,34.0,45.0,1530.0,33.89834684547394,42.2,mavic,NorthSea_Fri_DJI_0117.MP4,1875,data/raw/seadronessee/odv2/images/train/8106.jpg,train
train:52739,train:8108,train,52739,8108,8108.jpg,3840,2160,2,boat,1985.0,2065.0,172.0,82.0,14104.0,34.19833221578787,42.2,mavic,NorthSea_Fri_DJI_0117.MP4,1905,data/raw/seadronessee/odv2/images/train/8108.jpg,train
train:52740,train:8108,train,52740,8108,8108.jpg,3840,2160,5,buoy,1284.0,1480.0,15.0,24.0,360.0,34.19833221578787,42.2,mavic,NorthSea_Fri_DJI_0117.MP4,1905,data/raw/seadronessee/odv2/images/train/8108.jpg,train
train:52741,train:8108,train,52741,8108,8108.jpg,3840,2160,5,buoy,879.0,1374.0,17.0,18.0,306.0,34.19833221578787,42.2,mavic,NorthSea_Fri_DJI_0117.MP4,1905,data/raw/seadronessee/odv2/images/train/8108.jpg,train
train:52742,train:8108,train,52742,8108,8108.jpg,3840,2160,2,boat,468.0,1205.0,35.0,47.0,1645.0,34.19833221578787,42.2,mavic,NorthSea_Fri_DJI_0117.MP4,1905,data/raw/seadronessee/odv2/images/train/8108.jpg,train
train:52753,train:8110,train,52753,8110,8110.jpg,3840,2160,2,boat,2003.0,1810.0,181.0,86.0,15566.0,34.29832733922585,56.2,mavic,NorthSea_Fri_DJI_0117.MP4,1935,data/raw/seadronessee/odv2/images/train/8110.jpg,train
train:52754,train:8110,train,52754,8110,8110.jpg,3840,2160,2,boat,463.0,972.0,30.0,51.0,1530.0,34.29832733922585,56.2,mavic,NorthSea_Fri_DJI_0117.MP4,1935,data/raw/seadronessee/odv2/images/train/8110.jpg,train
train:52757,train:8110,train,52757,8110,8110.jpg,3840,2160,5,buoy,882.0,1146.0,17.0,18.0,306.0,34.29832733922585,56.2,mavic,NorthSea_Fri_DJI_0117.MP4,1935,data/raw/seadronessee/odv2/images/train/8110.jpg,train
train:52758,train:8110,train,52758,8110,8110.jpg,3840,2160,5,buoy,1288.0,1255.0,17.0,20.0,340.0,34.29832733922585,56.2,mavic,NorthSea_Fri_DJI_0117.MP4,1935,data/raw/seadronessee/odv2/images/train/8110.jpg,train
train:52759,train:8110,train,52759,8110,8110.jpg,3840,2160,5,buoy,2466.0,1967.0,47.0,78.0,3666.0,34.29832733922585,56.2,mavic,NorthSea_Fri_DJI_0117.MP4,1935,data/raw/seadronessee/odv2/images/train/8110.jpg,train
train:52770,train:8112,train,52770,8112,8112.jpg,3840,2160,2,boat,2024.0,1351.0,180.0,80.0,14400.0,34.19833221578787,56.2,mavic,NorthSea_Fri_DJI_0117.MP4,1965,data/raw/seadronessee/odv2/images/train/8112.jpg,train
train:52771,train:8112,train,52771,8112,8112.jpg,3840,2160,2,boat,436.0,532.0,30.0,52.0,1560.0,34.19833221578787,56.2,mavic,NorthSea_Fri_DJI_0117.MP4,1965,data/raw/seadronessee/odv2/images/train/8112.jpg,train
train:52774,train:8112,train,52774,8112,8112.jpg,3840,2160,5,buoy,877.0,701.0,15.0,21.0,315.0,34.19833221578787,56.2,mavic,NorthSea_Fri_DJI_0117.MP4,1965,data/raw/seadronessee/odv2/images/train/8112.jpg,train
train:52775,train:8112,train,52775,8112,8112.jpg,3840,2160,5,buoy,1290.0,814.0,16.0,27.0,432.0,34.19833221578787,56.2,mavic,NorthSea_Fri_DJI_0117.MP4,1965,data/raw/seadronessee/odv2/images/train/8112.jpg,train
train:52776,train:8112,train,52776,8112,8112.jpg,3840,2160,5,buoy,2446.0,1497.0,50.0,69.0,3450.0,34.19833221578787,56.2,mavic,NorthSea_Fri_DJI_0117.MP4,1965,data/raw/seadronessee/odv2/images/train/8112.jpg,train
train:52777,train:8112,train,52777,8112,8112.jpg,3840,2160,3,jetski,1969.0,1679.0,133.0,54.0,7182.0,34.19833221578787,56.2,mavic,NorthSea_Fri_DJI_0117.MP4,1965,data/raw/seadronessee/odv2/images/train/8112.jpg,train
train:52778,train:8112,train,52778,8112,8112.jpg,3840,2160,1,swimmer,2380.0,1859.0,21.0,24.0,504.0,34.19833221578787,56.2,mavic,NorthSea_Fri_DJI_0117.MP4,1965,data/raw/seadronessee/odv2/images/train/8112.jpg,train
train:52779,train:8112,train,52779,8112,8112.jpg,3840,2160,1,swimmer,2298.0,1866.0,27.0,27.0,729.0,34.19833221578787,56.2,mavic,NorthSea_Fri_DJI_0117.MP4,1965,data/raw/seadronessee/odv2/images/train/8112.jpg,train
train:52780,train:8112,train,52780,8112,8112.jpg,3840,2160,1,swimmer,2205.0,1865.0,22.0,25.0,550.0,34.19833221578787,56.2,mavic,NorthSea_Fri_DJI_0117.MP4,1965,data/raw/seadronessee/odv2/images/train/8112.jpg,train
train:52781,train:8112,train,52781,8112,8112.jpg,3840,2160,1,swimmer,2477.0,1976.0,27.0,30.0,810.0,34.19833221578787,56.2,mavic,NorthSea_Fri_DJI_0117.MP4,1965,data/raw/seadronessee/odv2/images/train/8112.jpg,train
train:52782,train:8112,train,52782,8112,8112.jpg,3840,2160,1,swimmer,1977.0,1888.0,55.0,34.0,1870.0,34.19833221578787,56.2,mavic,NorthSea_Fri_DJI_0117.MP4,1965,data/raw/seadronessee/odv2/images/train/8112.jpg,train
train:52798,train:8114,train,52798,8114,8114.jpg,3840,2160,1,swimmer,2046.0,493.0,185.0,78.0,14430.0,34.29832733922585,39.7,mavic,NorthSea_Fri_DJI_0117.MP4,1995,data/raw/seadronessee/odv2/images/train/8114.jpg,train
train:52799,train:8114,train,52799,8114,8114.jpg,3840,2160,5,buoy,2457.0,634.0,47.0,65.0,3055.0,34.29832733922585,39.7,mavic,NorthSea_Fri_DJI_0117.MP4,1995,data/raw/seadronessee/odv2/images/train/8114.jpg,train
train:52800,train:8114,train,52800,8114,8114.jpg,3840,2160,3,jetski,1955.0,831.0,126.0,50.0,6300.0,34.29832733922585,39.7,mavic,NorthSea_Fri_DJI_0117.MP4,1995,data/raw/seadronessee/odv2/images/train/8114.jpg,train
train:52801,train:8114,train,52801,8114,8114.jpg,3840,2160,1,swimmer,2373.0,985.0,23.0,24.0,552.0,34.29832733922585,39.7,mavic,NorthSea_Fri_DJI_0117.MP4,1995,data/raw/seadronessee/odv2/images/train/8114.jpg,train
train:52802,train:8114,train,52802,8114,8114.jpg,3840,2160,1,swimmer,2452.0,1090.0,28.0,28.0,784.0,34.29832733922585,39.7,mavic,NorthSea_Fri_DJI_0117.MP4,1995,data/raw/seadronessee/odv2/images/train/8114.jpg,train
train:52803,train:8114,train,52803,8114,8114.jpg,3840,2160,1,swimmer,1982.0,1016.0,56.0,35.0,1960.0,34.29832733922585,39.7,mavic,NorthSea_Fri_DJI_0117.MP4,1995,data/raw/seadronessee/odv2/images/train/8114.jpg,train
train:52804,train:8114,train,52804,8114,8114.jpg,3840,2160,1,swimmer,2289.0,992.0,25.0,26.0,650.0,34.29832733922585,39.7,mavic,NorthSea_Fri_DJI_0117.MP4,1995,data/raw/seadronessee/odv2/images/train/8114.jpg,train
train:52805,train:8114,train,52805,8114,8114.jpg,3840,2160,1,swimmer,2193.0,989.0,28.0,29.0,812.0,34.29832733922585,39.7,mavic,NorthSea_Fri_DJI_0117.MP4,1995,data/raw/seadronessee/odv2/images/train/8114.jpg,train
train:52806,train:8114,train,52806,8114,8114.jpg,3840,2160,1,swimmer,2981.0,1476.0,55.0,64.0,3520.0,34.29832733922585,39.7,mavic,NorthSea_Fri_DJI_0117.MP4,1995,data/raw/seadronessee/odv2/images/train/8114.jpg,train
train:52807,train:8114,train,52807,8114,8114.jpg,3840,2160,1,swimmer,2570.0,1478.0,48.0,37.0,1776.0,34.29832733922585,39.7,mavic,NorthSea_Fri_DJI_0117.MP4,1995,data/raw/seadronessee/odv2/images/train/8114.jpg,train
train:52808,train:8114,train,52808,8114,8114.jpg,3840,2160,1,swimmer,2678.0,1503.0,32.0,37.0,1184.0,34.29832733922585,39.7,mavic,NorthSea_Fri_DJI_0117.MP4,1995,data/raw/seadronessee/odv2/images/train/8114.jpg,train
train:52809,train:8114,train,52809,8114,8114.jpg,3840,2160,1,swimmer,3135.0,1653.0,107.0,82.0,8774.0,34.29832733922585,39.7,mavic,NorthSea_Fri_DJI_0117.MP4,1995,data/raw/seadronessee/odv2/images/train/8114.jpg,train
train:53012,train:8257,train,53012,8257,8257.jpg,3840,2160,2,boat,1618.0,1182.0,16.0,40.0,640.0,29.89854190795489,-0.0,mavic,NorthSea_Sat_DJI_0129.MP4,0,data/raw/seadronessee/odv2/images/train/8257.jpg,val
train:53013,train:8257,train,53013,8257,8257.jpg,3840,2160,2,boat,2210.0,1192.0,29.0,46.0,1334.0,29.89854190795489,-0.0,mavic,NorthSea_Sat_DJI_0129.MP4,0,data/raw/seadronessee/odv2/images/train/8257.jpg,val
train:53014,train:8257,train,53014,8257,8257.jpg,3840,2160,2,boat,2303.0,1179.0,36.0,56.0,2016.0,29.89854190795489,-0.0,mavic,NorthSea_Sat_DJI_0129.MP4,0,data/raw/seadronessee/odv2/images/train/8257.jpg,val
train:53015,train:8257,train,53015,8257,8257.jpg,3840,2160,2,boat,2095.0,1237.0,20.0,14.0,280.0,29.89854190795489,-0.0,mavic,NorthSea_Sat_DJI_0129.MP4,0,data/raw/seadronessee/odv2/images/train/8257.jpg,val
train:53016,train:8257,train,53016,8257,8257.jpg,3840,2160,2,boat,2134.0,1235.0,21.0,10.0,210.0,29.89854190795489,-0.0,mavic,NorthSea_Sat_DJI_0129.MP4,0,data/raw/seadronessee/odv2/images/train/8257.jpg,val
train:53024,train:8259,train,53024,8259,8259.jpg,3840,2160,2,boat,1585.0,1191.0,15.0,37.0,555.0,29.89854190795489,-0.0,mavic,NorthSea_Sat_DJI_0129.MP4,30,data/raw/seadronessee/odv2/images/train/8259.jpg,val
train:53025,train:8259,train,53025,8259,8259.jpg,3840,2160,2,boat,2174.0,1202.0,29.0,50.0,1450.0,29.89854190795489,-0.0,mavic,NorthSea_Sat_DJI_0129.MP4,30,data/raw/seadronessee/odv2/images/train/8259.jpg,val
train:53026,train:8259,train,53026,8259,8259.jpg,3840,2160,2,boat,2268.0,1193.0,36.0,53.0,1908.0,29.89854190795489,-0.0,mavic,NorthSea_Sat_DJI_0129.MP4,30,data/raw/seadronessee/odv2/images/train/8259.jpg,val
train:53027,train:8259,train,53027,8259,8259.jpg,3840,2160,2,boat,2066.0,1249.0,19.0,12.0,228.0,29.89854190795489,-0.0,mavic,NorthSea_Sat_DJI_0129.MP4,30,data/raw/seadronessee/odv2/images/train/8259.jpg,val
train:53028,train:8259,train,53028,8259,8259.jpg,3840,2160,2,boat,2096.0,1245.0,28.0,10.0,280.0,29.89854190795489,-0.0,mavic,NorthSea_Sat_DJI_0129.MP4,30,data/raw/seadronessee/odv2/images/train/8259.jpg,val
train:53036,train:8261,train,53036,8261,8261.jpg,3840,2160,2,boat,1555.0,1195.0,14.0,36.0,504.0,32.498415117342276,-0.0,mavic,NorthSea_Sat_DJI_0129.MP4,60,data/raw/seadronessee/odv2/images/train/8261.jpg,val
train:53037,train:8261,train,53037,8261,8261.jpg,3840,2160,2,boat,2139.0,1209.0,28.0,48.0,1344.0,32.498415117342276,-0.0,mavic,NorthSea_Sat_DJI_0129.MP4,60,data/raw/seadronessee/odv2/images/train/8261.jpg,val
train:53038,train:8261,train,53038,8261,8261.jpg,3840,2160,2,boat,2233.0,1199.0,36.0,53.0,1908.0,32.498415117342276,-0.0,mavic,NorthSea_Sat_DJI_0129.MP4,60,data/raw/seadronessee/odv2/images/train/8261.jpg,val
train:53039,train:8261,train,53039,8261,8261.jpg,3840,2160,2,boat,2037.0,1257.0,19.0,13.0,247.0,32.498415117342276,-0.0,mavic,NorthSea_Sat_DJI_0129.MP4,60,data/raw/seadronessee/odv2/images/train/8261.jpg,val
train:53040,train:8261,train,53040,8261,8261.jpg,3840,2160,2,boat,2064.0,1252.0,30.0,10.0,300.0,32.498415117342276,-0.0,mavic,NorthSea_Sat_DJI_0129.MP4,60,data/raw/seadronessee/odv2/images/train/8261.jpg,val
train:54006,train:8388,train,54006,8388,8388.jpg,3840,2160,2,boat,2171.0,795.0,95.0,53.0,5035.0,33.29837610484608,16.4,mavic,NorthSea_Sat_DJI_0129.MP4,1965,data/raw/seadronessee/odv2/images/train/8388.jpg,val
train:54007,train:8388,train,54007,8388,8388.jpg,3840,2160,2,boat,1278.0,449.0,67.0,115.0,7705.0,33.29837610484608,16.4,mavic,NorthSea_Sat_DJI_0129.MP4,1965,data/raw/seadronessee/odv2/images/train/8388.jpg,val
train:54008,train:8388,train,54008,8388,8388.jpg,3840,2160,2,boat,1515.0,402.0,76.0,126.0,9576.0,33.29837610484608,16.4,mavic,NorthSea_Sat_DJI_0129.MP4,1965,data/raw/seadronessee/odv2/images/train/8388.jpg,val
train:54010,train:8388,train,54010,8388,8388.jpg,3840,2160,5,buoy,941.0,1149.0,49.0,69.0,3381.0,33.29837610484608,16.4,mavic,NorthSea_Sat_DJI_0129.MP4,1965,data/raw/seadronessee/odv2/images/train/8388.jpg,val
train:54011,train:8388,train,54011,8388,8388.jpg,3840,2160,2,boat,1760.0,767.0,76.0,20.0,1520.0,33.29837610484608,16.4,mavic,NorthSea_Sat_DJI_0129.MP4,1965,data/raw/seadronessee/odv2/images/train/8388.jpg,val
train:54012,train:8388,train,54012,8388,8388.jpg,3840,2160,3,jetski,2221.0,709.0,27.0,12.0,324.0,33.29837610484608,16.4,mavic,NorthSea_Sat_DJI_0129.MP4,1965,data/raw/seadronessee/odv2/images/train/8388.jpg,val
train:54013,train:8388,train,54013,8388,8388.jpg,3840,2160,2,boat,450.0,364.0,24.0,67.0,1608.0,33.29837610484608,16.4,mavic,NorthSea_Sat_DJI_0129.MP4,1965,data/raw/seadronessee/odv2/images/train/8388.jpg,val
train:54014,train:8388,train,54014,8388,8388.jpg,3840,2160,5,buoy,2880.0,593.0,17.0,27.0,459.0,33.29837610484608,16.4,mavic,NorthSea_Sat_DJI_0129.MP4,1965,data/raw/seadronessee/odv2/images/train/8388.jpg,val
train:54026,train:8390,train,54026,8390,8390.jpg,3840,2160,2,boat,2193.0,814.0,95.0,53.0,5035.0,32.29842487046632,16.4,mavic,NorthSea_Sat_DJI_0129.MP4,1995,data/raw/seadronessee/odv2/images/train/8390.jpg,val
train:54027,train:8390,train,54027,8390,8390.jpg,3840,2160,2,boat,1257.0,454.0,68.0,117.0,7956.0,32.29842487046632,16.4,mavic,NorthSea_Sat_DJI_0129.MP4,1995,data/raw/seadronessee/odv2/images/train/8390.jpg,val
train:54028,train:8390,train,54028,8390,8390.jpg,3840,2160,2,boat,1499.0,401.0,77.0,131.0,10087.0,32.29842487046632,16.4,mavic,NorthSea_Sat_DJI_0129.MP4,1995,data/raw/seadronessee/odv2/images/train/8390.jpg,val
train:54030,train:8390,train,54030,8390,8390.jpg,3840,2160,5,buoy,893.0,1214.0,51.0,71.0,3621.0,32.29842487046632,16.4,mavic,NorthSea_Sat_DJI_0129.MP4,1995,data/raw/seadronessee/odv2/images/train/8390.jpg,val
train:54031,train:8390,train,54031,8390,8390.jpg,3840,2160,2,boat,1757.0,784.0,79.0,21.0,1659.0,32.29842487046632,16.4,mavic,NorthSea_Sat_DJI_0129.MP4,1995,data/raw/seadronessee/odv2/images/train/8390.jpg,val
train:54032,train:8390,train,54032,8390,8390.jpg,3840,2160,3,jetski,2250.0,715.0,17.0,17.0,289.0,32.29842487046632,16.4,mavic,NorthSea_Sat_DJI_0129.MP4,1995,data/raw/seadronessee/odv2/images/train/8390.jpg,val
train:54033,train:8390,train,54033,8390,8390.jpg,3840,2160,2,boat,429.0,370.0,24.0,67.0,1608.0,32.29842487046632,16.4,mavic,NorthSea_Sat_DJI_0129.MP4,1995,data/raw/seadronessee/odv2/images/train/8390.jpg,val
train:54034,train:8390,train,54034,8390,8390.jpg,3840,2160,5,buoy,2912.0,595.0,17.0,27.0,459.0,32.29842487046632,16.4,mavic,NorthSea_Sat_DJI_0129.MP4,1995,data/raw/seadronessee/odv2/images/train/8390.jpg,val
train:54045,train:8392,train,54045,8392,8392.jpg,3840,2160,2,boat,1228.0,278.0,69.0,133.0,9177.0,32.3984199939043,17.2,mavic,NorthSea_Sat_DJI_0129.MP4,2025,data/raw/seadronessee/odv2/images/train/8392.jpg,val
train:54046,train:8392,train,54046,8392,8392.jpg,3840,2160,2,boat,1475.0,233.0,78.0,129.0,10062.0,32.3984199939043,17.2,mavic,NorthSea_Sat_DJI_0129.MP4,2025,data/raw/seadronessee/odv2/images/train/8392.jpg,val
train:54047,train:8392,train,54047,8392,8392.jpg,3840,2160,2,boat,2218.0,680.0,100.0,52.0,5200.0,32.3984199939043,17.2,mavic,NorthSea_Sat_DJI_0129.MP4,2025,data/raw/seadronessee/odv2/images/train/8392.jpg,val
train:54049,train:8392,train,54049,8392,8392.jpg,3840,2160,5,buoy,813.0,1129.0,53.0,76.0,4028.0,32.3984199939043,17.2,mavic,NorthSea_Sat_DJI_0129.MP4,2025,data/raw/seadronessee/odv2/images/train/8392.jpg,val
train:54050,train:8392,train,54050,8392,8392.jpg,3840,2160,2,boat,1750.0,641.0,82.0,23.0,1886.0,32.3984199939043,17.2,mavic,NorthSea_Sat_DJI_0129.MP4,2025,data/raw/seadronessee/odv2/images/train/8392.jpg,val
train:54051,train:8392,train,54051,8392,8392.jpg,3840,2160,3,jetski,2278.0,571.0,16.0,14.0,224.0,32.3984199939043,17.2,mavic,NorthSea_Sat_DJI_0129.MP4,2025,data/raw/seadronessee/odv2/images/train/8392.jpg,val
train:54052,train:8392,train,54052,8392,8392.jpg,3840,2160,2,boat,391.0,194.0,24.0,72.0,1728.0,32.3984199939043,17.2,mavic,NorthSea_Sat_DJI_0129.MP4,2025,data/raw/seadronessee/odv2/images/train/8392.jpg,val
train:54053,train:8392,train,54053,8392,8392.jpg,3840,2160,5,buoy,2962.0,436.0,20.0,27.0,540.0,32.3984199939043,17.2,mavic,NorthSea_Sat_DJI_0129.MP4,2025,data/raw/seadronessee/odv2/images/train/8392.jpg,val
train:54065,train:8394,train,54065,8394,8394.jpg,3840,2160,2,boat,1204.0,286.0,68.0,134.0,9112.0,32.29842487046632,19.4,mavic,NorthSea_Sat_DJI_0129.MP4,2055,data/raw/seadronessee/odv2/images/train/8394.jpg,val
train:54066,train:8394,train,54066,8394,8394.jpg,3840,2160,2,boat,1454.0,233.0,81.0,134.0,10854.0,32.29842487046632,19.4,mavic,NorthSea_Sat_DJI_0129.MP4,2055,data/raw/seadronessee/odv2/images/train/8394.jpg,val
train:54067,train:8394,train,54067,8394,8394.jpg,3840,2160,2,boat,2251.0,717.0,105.0,56.0,5880.0,32.29842487046632,19.4,mavic,NorthSea_Sat_DJI_0129.MP4,2055,data/raw/seadronessee/odv2/images/train/8394.jpg,val
train:54069,train:8394,train,54069,8394,8394.jpg,3840,2160,5,buoy,712.0,1242.0,58.0,84.0,4872.0,32.29842487046632,19.4,mavic,NorthSea_Sat_DJI_0129.MP4,2055,data/raw/seadronessee/odv2/images/train/8394.jpg,val
train:54070,train:8394,train,54070,8394,8394.jpg,3840,2160,2,boat,1749.0,674.0,87.0,24.0,2088.0,32.29842487046632,19.4,mavic,NorthSea_Sat_DJI_0129.MP4,2055,data/raw/seadronessee/odv2/images/train/8394.jpg,val
train:54071,train:8394,train,54071,8394,8394.jpg,3840,2160,3,jetski,2308.0,596.0,18.0,15.0,270.0,32.29842487046632,19.4,mavic,NorthSea_Sat_DJI_0129.MP4,2055,data/raw/seadronessee/odv2/images/train/8394.jpg,val
train:54072,train:8394,train,54072,8394,8394.jpg,3840,2160,2,boat,369.0,194.0,24.0,75.0,1800.0,32.29842487046632,19.4,mavic,NorthSea_Sat_DJI_0129.MP4,2055,data/raw/seadronessee/odv2/images/train/8394.jpg,val
train:54073,train:8394,train,54073,8394,8394.jpg,3840,2160,5,buoy,3011.0,450.0,20.0,28.0,560.0,32.29842487046632,19.4,mavic,NorthSea_Sat_DJI_0129.MP4,2055,data/raw/seadronessee/odv2/images/train/8394.jpg,val
train:54085,train:8396,train,54085,8396,8396.jpg,3840,2160,2,boat,1189.0,201.0,68.0,141.0,9588.0,32.19842974702834,19.4,mavic,NorthSea_Sat_DJI_0129.MP4,2085,data/raw/seadronessee/odv2/images/train/8396.jpg,val
train:54086,train:8396,train,54086,8396,8396.jpg,3840,2160,2,boat,1449.0,146.0,82.0,139.0,11398.0,32.19842974702834,19.4,mavic,NorthSea_Sat_DJI_0129.MP4,2085,data/raw/seadronessee/odv2/images/train/8396.jpg,val
train:54087,train:8396,train,54087,8396,8396.jpg,3840,2160,2,boat,2297.0,662.0,108.0,59.0,6372.0,32.19842974702834,19.4,mavic,NorthSea_Sat_DJI_0129.MP4,2085,data/raw/seadronessee/odv2/images/train/8396.jpg,val
train:54089,train:8396,train,54089,8396,8396.jpg,3840,2160,5,buoy,640.0,1263.0,67.0,92.0,6164.0,32.19842974702834,19.4,mavic,NorthSea_Sat_DJI_0129.MP4,2085,data/raw/seadronessee/odv2/images/train/8396.jpg,val
train:54090,train:8396,train,54090,8396,8396.jpg,3840,2160,2,boat,1765.0,619.0,90.0,24.0,2160.0,32.19842974702834,19.4,mavic,NorthSea_Sat_DJI_0129.MP4,2085,data/raw/seadronessee/odv2/images/train/8396.jpg,val
train:54091,train:8396,train,54091,8396,8396.jpg,3840,2160,3,jetski,2348.0,537.0,18.0,14.0,252.0,32.19842974702834,19.4,mavic,NorthSea_Sat_DJI_0129.MP4,2085,data/raw/seadronessee/odv2/images/train/8396.jpg,val
train:54092,train:8396,train,54092,8396,8396.jpg,3840,2160,2,boat,348.0,106.0,25.0,76.0,1900.0,32.19842974702834,19.4,mavic,NorthSea_Sat_DJI_0129.MP4,2085,data/raw/seadronessee/odv2/images/train/8396.jpg,val
train:54093,train:8396,train,54093,8396,8396.jpg,3840,2160,5,buoy,3073.0,376.0,20.0,28.0,560.0,32.19842974702834,19.4,mavic,NorthSea_Sat_DJI_0129.MP4,2085,data/raw/seadronessee/odv2/images/train/8396.jpg,val
train:54105,train:8398,train,54105,8398,8398.jpg,3840,2160,2,boat,1160.0,0.0,63.0,120.0,7560.0,32.19842974702834,20.3,mavic,NorthSea_Sat_DJI_0129.MP4,2115,data/raw/seadronessee/odv2/images/train/8398.jpg,val
train:54106,train:8398,train,54106,8398,8398.jpg,3840,2160,2,boat,1431.0,0.0,83.0,53.0,4399.0,32.19842974702834,20.3,mavic,NorthSea_Sat_DJI_0129.MP4,2115,data/raw/seadronessee/odv2/images/train/8398.jpg,val
train:54107,train:8398,train,54107,8398,8398.jpg,3840,2160,2,boat,2318.0,441.0,114.0,62.0,7068.0,32.19842974702834,20.3,mavic,NorthSea_Sat_DJI_0129.MP4,2115,data/raw/seadronessee/odv2/images/train/8398.jpg,val
train:54109,train:8398,train,54109,8398,8398.jpg,3840,2160,5,buoy,608.0,1093.0,71.0,95.0,6745.0,32.19842974702834,20.3,mavic,NorthSea_Sat_DJI_0129.MP4,2115,data/raw/seadronessee/odv2/images/train/8398.jpg,val
train:54110,train:8398,train,54110,8398,8398.jpg,3840,2160,2,boat,1765.0,396.0,94.0,24.0,2256.0,32.19842974702834,20.3,mavic,NorthSea_Sat_DJI_0129.MP4,2115,data/raw/seadronessee/odv2/images/train/8398.jpg,val
train:54111,train:8398,train,54111,8398,8398.jpg,3840,2160,3,jetski,2370.0,314.0,27.0,13.0,351.0,32.19842974702834,20.3,mavic,NorthSea_Sat_DJI_0129.MP4,2115,data/raw/seadronessee/odv2/images/train/8398.jpg,val
train:54112,train:8398,train,54112,8398,8398.jpg,3840,2160,5,buoy,3119.0,135.0,22.0,29.0,638.0,32.19842974702834,20.3,mavic,NorthSea_Sat_DJI_0129.MP4,2115,data/raw/seadronessee/odv2/images/train/8398.jpg,val
train:54118,train:8400,train,54118,8400,8400.jpg,3840,2160,2,boat,2328.0,256.0,117.0,62.0,7254.0,32.3984199939043,25.4,mavic,NorthSea_Sat_DJI_0129.MP4,2145,data/raw/seadronessee/odv2/images/train/8400.jpg,val
train:54119,train:8400,train,54119,8400,8400.jpg,3840,2160,1,swimmer,1547.0,602.0,20.0,20.0,400.0,32.3984199939043,25.4,mavic,NorthSea_Sat_DJI_0129.MP4,2145,data/raw/seadronessee/odv2/images/train/8400.jpg,val
train:54120,train:8400,train,54120,8400,8400.jpg,3840,2160,1,swimmer,1259.0,897.0,41.0,26.0,1066.0,32.3984199939043,25.4,mavic,NorthSea_Sat_DJI_0129.MP4,2145,data/raw/seadronessee/odv2/images/train/8400.jpg,val
train:54121,train:8400,train,54121,8400,8400.jpg,3840,2160,1,swimmer,1915.0,487.0,19.0,21.0,399.0,32.3984199939043,25.4,mavic,NorthSea_Sat_DJI_0129.MP4,2145,data/raw/seadronessee/odv2/images/train/8400.jpg,val
train:54122,train:8400,train,54122,8400,8400.jpg,3840,2160,1,swimmer,1154.0,758.0,57.0,18.0,1026.0,32.3984199939043,25.4,mavic,NorthSea_Sat_DJI_0129.MP4,2145,data/raw/seadronessee/odv2/images/train/8400.jpg,val
train:54123,train:8400,train,54123,8400,8400.jpg,3840,2160,1,swimmer,1554.0,531.0,33.0,21.0,693.0,32.3984199939043,25.4,mavic,NorthSea_Sat_DJI_0129.MP4,2145,data/raw/seadronessee/odv2/images/train/8400.jpg,val
train:54124,train:8400,train,54124,8400,8400.jpg,3840,2160,1,swimmer,1676.0,470.0,21.0,13.0,273.0,32.3984199939043,25.4,mavic,NorthSea_Sat_DJI_0129.MP4,2145,data/raw/seadronessee/odv2/images/train/8400.jpg,val
train:54125,train:8400,train,54125,8400,8400.jpg,3840,2160,1,swimmer,1128.0,738.0,21.0,23.0,483.0,32.3984199939043,25.4,mavic,NorthSea_Sat_DJI_0129.MP4,2145,data/raw/seadronessee/odv2/images/train/8400.jpg,val
train:54126,train:8400,train,54126,8400,8400.jpg,3840,2160,1,swimmer,1318.0,662.0,19.0,18.0,342.0,32.3984199939043,25.4,mavic,NorthSea_Sat_DJI_0129.MP4,2145,data/raw/seadronessee/odv2/images/train/8400.jpg,val
train:54127,train:8400,train,54127,8400,8400.jpg,3840,2160,5,buoy,605.0,919.0,73.0,97.0,7081.0,32.3984199939043,25.4,mavic,NorthSea_Sat_DJI_0129.MP4,2145,data/raw/seadronessee/odv2/images/train/8400.jpg,val
train:54128,train:8400,train,54128,8400,8400.jpg,3840,2160,2,boat,1762.0,204.0,97.0,27.0,2619.0,32.3984199939043,25.4,mavic,NorthSea_Sat_DJI_0129.MP4,2145,data/raw/seadronessee/odv2/images/train/8400.jpg,val
train:54129,train:8400,train,54129,8400,8400.jpg,3840,2160,3,jetski,2377.0,123.0,32.0,16.0,512.0,32.3984199939043,25.4,mavic,NorthSea_Sat_DJI_0129.MP4,2145,data/raw/seadronessee/odv2/images/train/8400.jpg,val
train:54147,train:8402,train,54147,8402,8402.jpg,3840,2160,2,boat,2330.0,258.0,117.0,61.0,7137.0,32.3984199939043,28.8,mavic,NorthSea_Sat_DJI_0129.MP4,2175,data/raw/seadronessee/odv2/images/train/8402.jpg,val
train:54148,train:8402,train,54148,8402,8402.jpg,3840,2160,1,swimmer,1536.0,612.0,20.0,20.0,400.0,32.3984199939043,28.8,mavic,NorthSea_Sat_DJI_0129.MP4,2175,data/raw/seadronessee/odv2/images/train/8402.jpg,val
train:54149,train:8402,train,54149,8402,8402.jpg,3840,2160,1,swimmer,1241.0,922.0,29.0,23.0,667.0,32.3984199939043,28.8,mavic,NorthSea_Sat_DJI_0129.MP4,2175,data/raw/seadronessee/odv2/images/train/8402.jpg,val
train:54150,train:8402,train,54150,8402,8402.jpg,3840,2160,1,swimmer,1888.0,494.0,42.0,27.0,1134.0,32.3984199939043,28.8,mavic,NorthSea_Sat_DJI_0129.MP4,2175,data/raw/seadronessee/odv2/images/train/8402.jpg,val
train:54151,train:8402,train,54151,8402,8402.jpg,3840,2160,1,swimmer,1119.0,771.0,73.0,29.0,2117.0,32.3984199939043,28.8,mavic,NorthSea_Sat_DJI_0129.MP4,2175,data/raw/seadronessee/odv2/images/train/8402.jpg,val
train:54152,train:8402,train,54152,8402,8402.jpg,3840,2160,1,swimmer,1549.0,533.0,31.0,26.0,806.0,32.3984199939043,28.8,mavic,NorthSea_Sat_DJI_0129.MP4,2175,data/raw/seadronessee/odv2/images/train/8402.jpg,val
train:54153,train:8402,train,54153,8402,8402.jpg,3840,2160,1,swimmer,1664.0,478.0,23.0,15.0,345.0,32.3984199939043,28.8,mavic,NorthSea_Sat_DJI_0129.MP4,2175,data/raw/seadronessee/odv2/images/train/8402.jpg,val
train:54154,train:8402,train,54154,8402,8402.jpg,3840,2160,1,swimmer,1095.0,759.0,32.0,21.0,672.0,32.3984199939043,28.8,mavic,NorthSea_Sat_DJI_0129.MP4,2175,data/raw/seadronessee/odv2/images/train/8402.jpg,val
train:54155,train:8402,train,54155,8402,8402.jpg,3840,2160,1,swimmer,1297.0,680.0,14.0,16.0,224.0,32.3984199939043,28.8,mavic,NorthSea_Sat_DJI_0129.MP4,2175,data/raw/seadronessee/odv2/images/train/8402.jpg,val
train:54156,train:8402,train,54156,8402,8402.jpg,3840,2160,5,buoy,566.0,944.0,73.0,96.0,7008.0,32.3984199939043,28.8,mavic,NorthSea_Sat_DJI_0129.MP4,2175,data/raw/seadronessee/odv2/images/train/8402.jpg,val
train:54157,train:8402,train,54157,8402,8402.jpg,3840,2160,2,boat,1750.0,202.0,97.0,28.0,2716.0,32.3984199939043,28.8,mavic,NorthSea_Sat_DJI_0129.MP4,2175,data/raw/seadronessee/odv2/images/train/8402.jpg,val
train:54158,train:8402,train,54158,8402,8402.jpg,3840,2160,3,jetski,2374.0,123.0,32.0,16.0,512.0,32.3984199939043,28.8,mavic,NorthSea_Sat_DJI_0129.MP4,2175,data/raw/seadronessee/odv2/images/train/8402.jpg,val
train:54177,train:8404,train,54177,8404,8404.jpg,3840,2160,2,boat,2338.0,281.0,124.0,66.0,8184.0,32.59841024078025,28.8,mavic,NorthSea_Sat_DJI_0129.MP4,2205,data/raw/seadronessee/odv2/images/train/8404.jpg,val
train:54178,train:8404,train,54178,8404,8404.jpg,3840,2160,1,swimmer,1504.0,657.0,20.0,20.0,400.0,32.59841024078025,28.8,mavic,NorthSea_Sat_DJI_0129.MP4,2205,data/raw/seadronessee/odv2/images/train/8404.jpg,val
train:54179,train:8404,train,54179,8404,8404.jpg,3840,2160,1,swimmer,1179.0,1002.0,41.0,26.0,1066.0,32.59841024078025,28.8,mavic,NorthSea_Sat_DJI_0129.MP4,2205,data/raw/seadronessee/odv2/images/train/8404.jpg,val
train:54180,train:8404,train,54180,8404,8404.jpg,3840,2160,1,swimmer,1876.0,534.0,42.0,27.0,1134.0,32.59841024078025,28.8,mavic,NorthSea_Sat_DJI_0129.MP4,2205,data/raw/seadronessee/odv2/images/train/8404.jpg,val
train:54181,train:8404,train,54181,8404,8404.jpg,3840,2160,1,swimmer,1072.0,848.0,64.0,24.0,1536.0,32.59841024078025,28.8,mavic,NorthSea_Sat_DJI_0129.MP4,2205,data/raw/seadronessee/odv2/images/train/8404.jpg,val
train:54182,train:8404,train,54182,8404,8404.jpg,3840,2160,1,swimmer,1027.0,812.0,56.0,32.0,1792.0,32.59841024078025,28.8,mavic,NorthSea_Sat_DJI_0129.MP4,2205,data/raw/seadronessee/odv2/images/train/8404.jpg,val
train:54183,train:8404,train,54183,8404,8404.jpg,3840,2160,1,swimmer,1520.0,577.0,31.0,26.0,806.0,32.59841024078025,28.8,mavic,NorthSea_Sat_DJI_0129.MP4,2205,data/raw/seadronessee/odv2/images/train/8404.jpg,val
train:54184,train:8404,train,54184,8404,8404.jpg,3840,2160,1,swimmer,1637.0,511.0,24.0,17.0,408.0,32.59841024078025,28.8,mavic,NorthSea_Sat_DJI_0129.MP4,2205,data/raw/seadronessee/odv2/images/train/8404.jpg,val
train:54185,train:8404,train,54185,8404,8404.jpg,3840,2160,1,swimmer,1248.0,740.0,17.0,18.0,306.0,32.59841024078025,28.8,mavic,NorthSea_Sat_DJI_0129.MP4,2205,data/raw/seadronessee/odv2/images/train/8404.jpg,val
train:54186,train:8404,train,54186,8404,8404.jpg,3840,2160,5,buoy,455.0,1029.0,78.0,101.0,7878.0,32.59841024078025,28.8,mavic,NorthSea_Sat_DJI_0129.MP4,2205,data/raw/seadronessee/odv2/images/train/8404.jpg,val
train:54187,train:8404,train,54187,8404,8404.jpg,3840,2160,2,boat,1730.0,219.0,101.0,29.0,2929.0,32.59841024078025,28.8,mavic,NorthSea_Sat_DJI_0129.MP4,2205,data/raw/seadronessee/odv2/images/train/8404.jpg,val
train:54188,train:8404,train,54188,8404,8404.jpg,3840,2160,3,jetski,2376.0,139.0,33.0,15.0,495.0,32.59841024078025,28.8,mavic,NorthSea_Sat_DJI_0129.MP4,2205,data/raw/seadronessee/odv2/images/train/8404.jpg,val
train:54207,train:8406,train,54207,8406,8406.jpg,3840,2160,2,boat,2355.0,318.0,132.0,71.0,9372.0,32.498415117342276,28.8,mavic,NorthSea_Sat_DJI_0129.MP4,2235,data/raw/seadronessee/odv2/images/train/8406.jpg,val
train:54208,train:8406,train,54208,8406,8406.jpg,3840,2160,1,swimmer,1446.0,751.0,20.0,20.0,400.0,32.498415117342276,28.8,mavic,NorthSea_Sat_DJI_0129.MP4,2235,data/raw/seadronessee/odv2/images/train/8406.jpg,val
train:54209,train:8406,train,54209,8406,8406.jpg,3840,2160,1,swimmer,1085.0,1152.0,33.0,29.0,957.0,32.498415117342276,28.8,mavic,NorthSea_Sat_DJI_0129.MP4,2235,data/raw/seadronessee/odv2/images/train/8406.jpg,val
train:54210,train:8406,train,54210,8406,8406.jpg,3840,2160,1,swimmer,1863.0,606.0,42.0,27.0,1134.0,32.498415117342276,28.8,mavic,NorthSea_Sat_DJI_0129.MP4,2235,data/raw/seadronessee/odv2/images/train/8406.jpg,val
train:54211,train:8406,train,54211,8406,8406.jpg,3840,2160,1,swimmer,988.0,964.0,64.0,24.0,1536.0,32.498415117342276,28.8,mavic,NorthSea_Sat_DJI_0129.MP4,2235,data/raw/seadronessee/odv2/images/train/8406.jpg,val
train:54212,train:8406,train,54212,8406,8406.jpg,3840,2160,1,swimmer,936.0,936.0,56.0,32.0,1792.0,32.498415117342276,28.8,mavic,NorthSea_Sat_DJI_0129.MP4,2235,data/raw/seadronessee/odv2/images/train/8406.jpg,val
train:54213,train:8406,train,54213,8406,8406.jpg,3840,2160,1,swimmer,1466.0,663.0,37.0,22.0,814.0,32.498415117342276,28.8,mavic,NorthSea_Sat_DJI_0129.MP4,2235,data/raw/seadronessee/odv2/images/train/8406.jpg,val
train:54214,train:8406,train,54214,8406,8406.jpg,3840,2160,1,swimmer,1599.0,582.0,25.0,18.0,450.0,32.498415117342276,28.8,mavic,NorthSea_Sat_DJI_0129.MP4,2235,data/raw/seadronessee/odv2/images/train/8406.jpg,val
train:54215,train:8406,train,54215,8406,8406.jpg,3840,2160,1,swimmer,1171.0,849.0,23.0,17.0,391.0,32.498415117342276,28.8,mavic,NorthSea_Sat_DJI_0129.MP4,2235,data/raw/seadronessee/odv2/images/train/8406.jpg,val
train:54216,train:8406,train,54216,8406,8406.jpg,3840,2160,5,buoy,264.0,1199.0,88.0,113.0,9944.0,32.498415117342276,28.8,mavic,NorthSea_Sat_DJI_0129.MP4,2235,data/raw/seadronessee/odv2/images/train/8406.jpg,val
train:54217,train:8406,train,54217,8406,8406.jpg,3840,2160,2,boat,1704.0,257.0,105.0,29.0,3045.0,32.498415117342276,28.8,mavic,NorthSea_Sat_DJI_0129.MP4,2235,data/raw/seadronessee/odv2/images/train/8406.jpg,val
train:54218,train:8406,train,54218,8406,8406.jpg,3840,2160,3,jetski,2387.0,170.0,35.0,15.0,525.0,32.498415117342276,28.8,mavic,NorthSea_Sat_DJI_0129.MP4,2235,data/raw/seadronessee/odv2/images/train/8406.jpg,val
train:54237,train:8408,train,54237,8408,8408.jpg,3840,2160,2,boat,2371.0,384.0,140.0,75.0,10500.0,32.29842487046632,28.8,mavic,NorthSea_Sat_DJI_0129.MP4,2265,data/raw/seadronessee/odv2/images/train/8408.jpg,val
train:54238,train:8408,train,54238,8408,8408.jpg,3840,2160,1,swimmer,930.0,1399.0,51.0,32.0,1632.0,32.29842487046632,28.8,mavic,NorthSea_Sat_DJI_0129.MP4,2265,data/raw/seadronessee/odv2/images/train/8408.jpg,val
train:54239,train:8408,train,54239,8408,8408.jpg,3840,2160,1,swimmer,1376.0,908.0,26.0,26.0,676.0,32.29842487046632,28.8,mavic,NorthSea_Sat_DJI_0129.MP4,2265,data/raw/seadronessee/odv2/images/train/8408.jpg,val
train:54240,train:8408,train,54240,8408,8408.jpg,3840,2160,1,swimmer,847.0,1163.0,64.0,24.0,1536.0,32.29842487046632,28.8,mavic,NorthSea_Sat_DJI_0129.MP4,2265,data/raw/seadronessee/odv2/images/train/8408.jpg,val
train:54241,train:8408,train,54241,8408,8408.jpg,3840,2160,1,swimmer,798.0,1126.0,61.0,27.0,1647.0,32.29842487046632,28.8,mavic,NorthSea_Sat_DJI_0129.MP4,2265,data/raw/seadronessee/odv2/images/train/8408.jpg,val
train:54242,train:8408,train,54242,8408,8408.jpg,3840,2160,1,swimmer,1843.0,730.0,31.0,23.0,713.0,32.29842487046632,28.8,mavic,NorthSea_Sat_DJI_0129.MP4,2265,data/raw/seadronessee/odv2/images/train/8408.jpg,val
train:54243,train:8408,train,54243,8408,8408.jpg,3840,2160,1,swimmer,1409.0,790.0,48.0,26.0,1248.0,32.29842487046632,28.8,mavic,NorthSea_Sat_DJI_0129.MP4,2265,data/raw/seadronessee/odv2/images/train/8408.jpg,val
train:54244,train:8408,train,54244,8408,8408.jpg,3840,2160,1,swimmer,1543.0,691.0,31.0,22.0,682.0,32.29842487046632,28.8,mavic,NorthSea_Sat_DJI_0129.MP4,2265,data/raw/seadronessee/odv2/images/train/8408.jpg,val
train:54245,train:8408,train,54245,8408,8408.jpg,3840,2160,1,swimmer,1042.0,1014.0,31.0,21.0,651.0,32.29842487046632,28.8,mavic,NorthSea_Sat_DJI_0129.MP4,2265,data/raw/seadronessee/odv2/images/train/8408.jpg,val
train:54246,train:8408,train,54246,8408,8408.jpg,3840,2160,2,boat,1666.0,314.0,111.0,32.0,3552.0,32.29842487046632,28.8,mavic,NorthSea_Sat_DJI_0129.MP4,2265,data/raw/seadronessee/odv2/images/train/8408.jpg,val
train:54247,train:8408,train,54247,8408,8408.jpg,3840,2160,3,jetski,2397.0,217.0,44.0,20.0,880.0,32.29842487046632,28.8,mavic,NorthSea_Sat_DJI_0129.MP4,2265,data/raw/seadronessee/odv2/images/train/8408.jpg,val
train:54251,train:8408,train,54251,8408,8408.jpg,3840,2160,5,buoy,0.0,1485.0,87.0,128.0,11136.0,32.29842487046632,28.8,mavic,NorthSea_Sat_DJI_0129.MP4,2265,data/raw/seadronessee/odv2/images/train/8408.jpg,val
train:54266,train:8410,train,54266,8410,8410.jpg,3840,2160,2,boat,2395.0,278.0,150.0,81.0,12150.0,32.19842974702834,28.8,mavic,NorthSea_Sat_DJI_0129.MP4,2295,data/raw/seadronessee/odv2/images/train/8410.jpg,val
train:54267,train:8410,train,54267,8410,8410.jpg,3840,2160,1,swimmer,754.0,1522.0,60.0,38.0,2280.0,32.19842974702834,28.8,mavic,NorthSea_Sat_DJI_0129.MP4,2295,data/raw/seadronessee/odv2/images/train/8410.jpg,val
train:54268,train:8410,train,54268,8410,8410.jpg,3840,2160,1,swimmer,1294.0,893.0,31.0,35.0,1085.0,32.19842974702834,28.8,mavic,NorthSea_Sat_DJI_0129.MP4,2295,data/raw/seadronessee/odv2/images/train/8410.jpg,val
train:54269,train:8410,train,54269,8410,8410.jpg,3840,2160,1,swimmer,690.0,1211.0,71.0,32.0,2272.0,32.19842974702834,28.8,mavic,NorthSea_Sat_DJI_0129.MP4,2295,data/raw/seadronessee/odv2/images/train/8410.jpg,val
train:54270,train:8410,train,54270,8410,8410.jpg,3840,2160,1,swimmer,634.0,1168.0,66.0,31.0,2046.0,32.19842974702834,28.8,mavic,NorthSea_Sat_DJI_0129.MP4,2295,data/raw/seadronessee/odv2/images/train/8410.jpg,val
train:54271,train:8410,train,54271,8410,8410.jpg,3840,2160,1,swimmer,1821.0,682.0,31.0,30.0,930.0,32.19842974702834,28.8,mavic,NorthSea_Sat_DJI_0129.MP4,2295,data/raw/seadronessee/odv2/images/train/8410.jpg,val
train:54272,train:8410,train,54272,8410,8410.jpg,3840,2160,1,swimmer,1353.0,755.0,33.0,23.0,759.0,32.19842974702834,28.8,mavic,NorthSea_Sat_DJI_0129.MP4,2295,data/raw/seadronessee/odv2/images/train/8410.jpg,val
train:54273,train:8410,train,54273,8410,8410.jpg,3840,2160,1,swimmer,1480.0,635.0,35.0,20.0,700.0,32.19842974702834,28.8,mavic,NorthSea_Sat_DJI_0129.MP4,2295,data/raw/seadronessee/odv2/images/train/8410.jpg,val
train:54274,train:8410,train,54274,8410,8410.jpg,3840,2160,1,swimmer,911.0,1047.0,31.0,22.0,682.0,32.19842974702834,28.8,mavic,NorthSea_Sat_DJI_0129.MP4,2295,data/raw/seadronessee/odv2/images/train/8410.jpg,val
train:54275,train:8410,train,54275,8410,8410.jpg,3840,2160,2,boat,1619.0,186.0,122.0,38.0,4636.0,32.19842974702834,28.8,mavic,NorthSea_Sat_DJI_0129.MP4,2295,data/raw/seadronessee/odv2/images/train/8410.jpg,val
train:54276,train:8410,train,54276,8410,8410.jpg,3840,2160,3,jetski,2412.0,75.0,48.0,22.0,1056.0,32.19842974702834,28.8,mavic,NorthSea_Sat_DJI_0129.MP4,2295,data/raw/seadronessee/odv2/images/train/8410.jpg,val
train:54294,train:8412,train,54294,8412,8412.jpg,3840,2160,2,boat,2429.0,337.0,156.0,85.0,13260.0,32.19842974702834,32.3,mavic,NorthSea_Sat_DJI_0129.MP4,2325,data/raw/seadronessee/odv2/images/train/8412.jpg,val
train:54295,train:8412,train,54295,8412,8412.jpg,3840,2160,1,swimmer,656.0,1768.0,69.0,61.0,4209.0,32.19842974702834,32.3,mavic,NorthSea_Sat_DJI_0129.MP4,2325,data/raw/seadronessee/odv2/images/train/8412.jpg,val
train:54296,train:8412,train,54296,8412,8412.jpg,3840,2160,1,swimmer,589.0,1397.0,85.0,35.0,2975.0,32.19842974702834,32.3,mavic,NorthSea_Sat_DJI_0129.MP4,2325,data/raw/seadronessee/odv2/images/train/8412.jpg,val
train:54297,train:8412,train,54297,8412,8412.jpg,3840,2160,1,swimmer,534.0,1341.0,79.0,38.0,3002.0,32.19842974702834,32.3,mavic,NorthSea_Sat_DJI_0129.MP4,2325,data/raw/seadronessee/odv2/images/train/8412.jpg,val
train:54298,train:8412,train,54298,8412,8412.jpg,3840,2160,1,swimmer,1805.0,783.0,42.0,30.0,1260.0,32.19842974702834,32.3,mavic,NorthSea_Sat_DJI_0129.MP4,2325,data/raw/seadronessee/odv2/images/train/8412.jpg,val
train:54299,train:8412,train,54299,8412,8412.jpg,3840,2160,1,swimmer,1318.0,857.0,42.0,33.0,1386.0,32.19842974702834,32.3,mavic,NorthSea_Sat_DJI_0129.MP4,2325,data/raw/seadronessee/odv2/images/train/8412.jpg,val
train:54300,train:8412,train,54300,8412,8412.jpg,3840,2160,1,swimmer,1457.0,732.0,38.0,22.0,836.0,32.19842974702834,32.3,mavic,NorthSea_Sat_DJI_0129.MP4,2325,data/raw/seadronessee/odv2/images/train/8412.jpg,val
train:54301,train:8412,train,54301,8412,8412.jpg,3840,2160,1,swimmer,844.0,1206.0,33.0,21.0,693.0,32.19842974702834,32.3,mavic,NorthSea_Sat_DJI_0129.MP4,2325,data/raw/seadronessee/odv2/images/train/8412.jpg,val
train:54302,train:8412,train,54302,8412,8412.jpg,3840,2160,2,boat,1596.0,231.0,124.0,40.0,4960.0,32.19842974702834,32.3,mavic,NorthSea_Sat_DJI_0129.MP4,2325,data/raw/seadronessee/odv2/images/train/8412.jpg,val
train:54303,train:8412,train,54303,8412,8412.jpg,3840,2160,3,jetski,2424.0,117.0,52.0,23.0,1196.0,32.19842974702834,32.3,mavic,NorthSea_Sat_DJI_0129.MP4,2325,data/raw/seadronessee/odv2/images/train/8412.jpg,val
train:54306,train:8412,train,54306,8412,8412.jpg,3840,2160,1,swimmer,1275.0,1018.0,46.0,33.0,1518.0,32.19842974702834,32.3,mavic,NorthSea_Sat_DJI_0129.MP4,2325,data/raw/seadronessee/odv2/images/train/8412.jpg,val
train:54322,train:8414,train,54322,8414,8414.jpg,3840,2160,2,boat,2465.0,354.0,159.0,88.0,13992.0,32.498415117342276,32.3,mavic,NorthSea_Sat_DJI_0129.MP4,2355,data/raw/seadronessee/odv2/images/train/8414.jpg,val
train:54323,train:8414,train,54323,8414,8414.jpg,3840,2160,1,swimmer,658.0,1881.0,100.0,65.0,6500.0,32.498415117342276,32.3,mavic,NorthSea_Sat_DJI_0129.MP4,2355,data/raw/seadronessee/odv2/images/train/8414.jpg,val
train:54324,train:8414,train,54324,8414,8414.jpg,3840,2160,1,swimmer,592.0,1474.0,86.0,43.0,3698.0,32.498415117342276,32.3,mavic,NorthSea_Sat_DJI_0129.MP4,2355,data/raw/seadronessee/odv2/images/train/8414.jpg,val
train:54325,train:8414,train,54325,8414,8414.jpg,3840,2160,1,swimmer,540.0,1428.0,79.0,38.0,3002.0,32.498415117342276,32.3,mavic,NorthSea_Sat_DJI_0129.MP4,2355,data/raw/seadronessee/odv2/images/train/8414.jpg,val
train:54326,train:8414,train,54326,8414,8414.jpg,3840,2160,1,swimmer,1843.0,828.0,40.0,31.0,1240.0,32.498415117342276,32.3,mavic,NorthSea_Sat_DJI_0129.MP4,2355,data/raw/seadronessee/odv2/images/train/8414.jpg,val
train:54327,train:8414,train,54327,8414,8414.jpg,3840,2160,1,swimmer,1341.0,907.0,38.0,27.0,1026.0,32.498415117342276,32.3,mavic,NorthSea_Sat_DJI_0129.MP4,2355,data/raw/seadronessee/odv2/images/train/8414.jpg,val
train:54328,train:8414,train,54328,8414,8414.jpg,3840,2160,1,swimmer,1459.0,776.0,49.0,27.0,1323.0,32.498415117342276,32.3,mavic,NorthSea_Sat_DJI_0129.MP4,2355,data/raw/seadronessee/odv2/images/train/8414.jpg,val
train:54329,train:8414,train,54329,8414,8414.jpg,3840,2160,1,swimmer,852.0,1273.0,33.0,27.0,891.0,32.498415117342276,32.3,mavic,NorthSea_Sat_DJI_0129.MP4,2355,data/raw/seadronessee/odv2/images/train/8414.jpg,val
train:54330,train:8414,train,54330,8414,8414.jpg,3840,2160,2,boat,1589.0,248.0,123.0,43.0,5289.0,32.498415117342276,32.3,mavic,NorthSea_Sat_DJI_0129.MP4,2355,data/raw/seadronessee/odv2/images/train/8414.jpg,val
train:54331,train:8414,train,54331,8414,8414.jpg,3840,2160,3,jetski,2436.0,135.0,55.0,22.0,1210.0,32.498415117342276,32.3,mavic,NorthSea_Sat_DJI_0129.MP4,2355,data/raw/seadronessee/odv2/images/train/8414.jpg,val
train:54334,train:8414,train,54334,8414,8414.jpg,3840,2160,1,swimmer,1281.0,1076.0,31.0,31.0,961.0,32.498415117342276,32.3,mavic,NorthSea_Sat_DJI_0129.MP4,2355,data/raw/seadronessee/odv2/images/train/8414.jpg,val
train:54350,train:8416,train,54350,8416,8416.jpg,3840,2160,2,boat,2550.0,334.0,158.0,86.0,13588.0,32.498415117342276,32.3,mavic,NorthSea_Sat_DJI_0129.MP4,2385,data/raw/seadronessee/odv2/images/train/8416.jpg,val
train:54351,train:8416,train,54351,8416,8416.jpg,3840,2160,1,swimmer,835.0,1856.0,100.0,65.0,6500.0,32.498415117342276,32.3,mavic,NorthSea_Sat_DJI_0129.MP4,2385,data/raw/seadronessee/odv2/images/train/8416.jpg,val
train:54352,train:8416,train,54352,8416,8416.jpg,3840,2160,1,swimmer,745.0,1457.0,96.0,43.0,4128.0,32.498415117342276,32.3,mavic,NorthSea_Sat_DJI_0129.MP4,2385,data/raw/seadronessee/odv2/images/train/8416.jpg,val
train:54353,train:8416,train,54353,8416,8416.jpg,3840,2160,1,swimmer,717.0,1406.0,58.0,43.0,2494.0,32.498415117342276,32.3,mavic,NorthSea_Sat_DJI_0129.MP4,2385,data/raw/seadronessee/odv2/images/train/8416.jpg,val
train:54354,train:8416,train,54354,8416,8416.jpg,3840,2160,1,swimmer,1950.0,810.0,34.0,30.0,1020.0,32.498415117342276,32.3,mavic,NorthSea_Sat_DJI_0129.MP4,2385,data/raw/seadronessee/odv2/images/train/8416.jpg,val
train:54355,train:8416,train,54355,8416,8416.jpg,3840,2160,1,swimmer,1442.0,900.0,38.0,26.0,988.0,32.498415117342276,32.3,mavic,NorthSea_Sat_DJI_0129.MP4,2385,data/raw/seadronessee/odv2/images/train/8416.jpg,val
train:54356,train:8416,train,54356,8416,8416.jpg,3840,2160,1,swimmer,1568.0,760.0,38.0,23.0,874.0,32.498415117342276,32.3,mavic,NorthSea_Sat_DJI_0129.MP4,2385,data/raw/seadronessee/odv2/images/train/8416.jpg,val
train:54357,train:8416,train,54357,8416,8416.jpg,3840,2160,1,swimmer,978.0,1249.0,32.0,27.0,864.0,32.498415117342276,32.3,mavic,NorthSea_Sat_DJI_0129.MP4,2385,data/raw/seadronessee/odv2/images/train/8416.jpg,val
train:54358,train:8416,train,54358,8416,8416.jpg,3840,2160,2,boat,1648.0,233.0,118.0,44.0,5192.0,32.498415117342276,32.3,mavic,NorthSea_Sat_DJI_0129.MP4,2385,data/raw/seadronessee/odv2/images/train/8416.jpg,val
train:54359,train:8416,train,54359,8416,8416.jpg,3840,2160,3,jetski,2497.0,122.0,57.0,23.0,1311.0,32.498415117342276,32.3,mavic,NorthSea_Sat_DJI_0129.MP4,2385,data/raw/seadronessee/odv2/images/train/8416.jpg,val
train:54362,train:8416,train,54362,8416,8416.jpg,3840,2160,1,swimmer,1384.0,1059.0,37.0,41.0,1517.0,32.498415117342276,32.3,mavic,NorthSea_Sat_DJI_0129.MP4,2385,data/raw/seadronessee/odv2/images/train/8416.jpg,val
train:54376,train:8418,train,54376,8418,8418.jpg,3840,2160,2,boat,2573.0,188.0,163.0,89.0,14507.0,32.498415117342276,34.2,mavic,NorthSea_Sat_DJI_0129.MP4,2415,data/raw/seadronessee/odv2/images/train/8418.jpg,val
train:54377,train:8418,train,54377,8418,8418.jpg,3840,2160,1,swimmer,897.0,1707.0,100.0,65.0,6500.0,32.498415117342276,34.2,mavic,NorthSea_Sat_DJI_0129.MP4,2415,data/raw/seadronessee/odv2/images/train/8418.jpg,val
train:54378,train:8418,train,54378,8418,8418.jpg,3840,2160,1,swimmer,802.0,1312.0,86.0,43.0,3698.0,32.498415117342276,34.2,mavic,NorthSea_Sat_DJI_0129.MP4,2415,data/raw/seadronessee/odv2/images/train/8418.jpg,val
train:54379,train:8418,train,54379,8418,8418.jpg,3840,2160,1,swimmer,768.0,1264.0,49.0,37.0,1813.0,32.498415117342276,34.2,mavic,NorthSea_Sat_DJI_0129.MP4,2415,data/raw/seadronessee/odv2/images/train/8418.jpg,val
train:54380,train:8418,train,54380,8418,8418.jpg,3840,2160,1,swimmer,1981.0,678.0,35.0,29.0,1015.0,32.498415117342276,34.2,mavic,NorthSea_Sat_DJI_0129.MP4,2415,data/raw/seadronessee/odv2/images/train/8418.jpg,val
train:54381,train:8418,train,54381,8418,8418.jpg,3840,2160,1,swimmer,1480.0,771.0,36.0,25.0,900.0,32.498415117342276,34.2,mavic,NorthSea_Sat_DJI_0129.MP4,2415,data/raw/seadronessee/odv2/images/train/8418.jpg,val
train:54382,train:8418,train,54382,8418,8418.jpg,3840,2160,1,swimmer,1586.0,625.0,40.0,26.0,1040.0,32.498415117342276,34.2,mavic,NorthSea_Sat_DJI_0129.MP4,2415,data/raw/seadronessee/odv2/images/train/8418.jpg,val
train:54383,train:8418,train,54383,8418,8418.jpg,3840,2160,1,swimmer,1021.0,1124.0,24.0,26.0,624.0,32.498415117342276,34.2,mavic,NorthSea_Sat_DJI_0129.MP4,2415,data/raw/seadronessee/odv2/images/train/8418.jpg,val
train:54384,train:8418,train,54384,8418,8418.jpg,3840,2160,2,boat,1649.0,99.0,113.0,47.0,5311.0,32.498415117342276,34.2,mavic,NorthSea_Sat_DJI_0129.MP4,2415,data/raw/seadronessee/odv2/images/train/8418.jpg,val
train:54385,train:8418,train,54385,8418,8418.jpg,3840,2160,1,swimmer,1424.0,939.0,43.0,28.0,1204.0,32.498415117342276,34.2,mavic,NorthSea_Sat_DJI_0129.MP4,2415,data/raw/seadronessee/odv2/images/train/8418.jpg,val
train:54400,train:8420,train,54400,8420,8420.jpg,3840,2160,2,boat,2788.0,202.0,163.0,87.0,14181.0,32.3984199939043,34.9,mavic,NorthSea_Sat_DJI_0129.MP4,2445,data/raw/seadronessee/odv2/images/train/8420.jpg,val
train:54401,train:8420,train,54401,8420,8420.jpg,3840,2160,1,swimmer,1022.0,1631.0,100.0,65.0,6500.0,32.3984199939043,34.9,mavic,NorthSea_Sat_DJI_0129.MP4,2445,data/raw/seadronessee/odv2/images/train/8420.jpg,val
train:54402,train:8420,train,54402,8420,8420.jpg,3840,2160,1,swimmer,931.0,1194.0,49.0,45.0,2205.0,32.3984199939043,34.9,mavic,NorthSea_Sat_DJI_0129.MP4,2445,data/raw/seadronessee/odv2/images/train/8420.jpg,val
train:54403,train:8420,train,54403,8420,8420.jpg,3840,2160,1,swimmer,2135.0,671.0,35.0,31.0,1085.0,32.3984199939043,34.9,mavic,NorthSea_Sat_DJI_0129.MP4,2445,data/raw/seadronessee/odv2/images/train/8420.jpg,val
train:54404,train:8420,train,54404,8420,8420.jpg,3840,2160,1,swimmer,965.0,1256.0,87.0,29.0,2523.0,32.3984199939043,34.9,mavic,NorthSea_Sat_DJI_0129.MP4,2445,data/raw/seadronessee/odv2/images/train/8420.jpg,val
train:54405,train:8420,train,54405,8420,8420.jpg,3840,2160,1,swimmer,1657.0,750.0,35.0,24.0,840.0,32.3984199939043,34.9,mavic,NorthSea_Sat_DJI_0129.MP4,2445,data/raw/seadronessee/odv2/images/train/8420.jpg,val
train:54406,train:8420,train,54406,8420,8420.jpg,3840,2160,1,swimmer,1765.0,614.0,40.0,24.0,960.0,32.3984199939043,34.9,mavic,NorthSea_Sat_DJI_0129.MP4,2445,data/raw/seadronessee/odv2/images/train/8420.jpg,val
train:54407,train:8420,train,54407,8420,8420.jpg,3840,2160,1,swimmer,1176.0,1078.0,24.0,29.0,696.0,32.3984199939043,34.9,mavic,NorthSea_Sat_DJI_0129.MP4,2445,data/raw/seadronessee/odv2/images/train/8420.jpg,val
train:54408,train:8420,train,54408,8420,8420.jpg,3840,2160,2,boat,1860.0,100.0,108.0,46.0,4968.0,32.3984199939043,34.9,mavic,NorthSea_Sat_DJI_0129.MP4,2445,data/raw/seadronessee/odv2/images/train/8420.jpg,val
train:54409,train:8420,train,54409,8420,8420.jpg,3840,2160,1,swimmer,1578.0,909.0,65.0,34.0,2210.0,32.3984199939043,34.9,mavic,NorthSea_Sat_DJI_0129.MP4,2445,data/raw/seadronessee/odv2/images/train/8420.jpg,val
train:54412,train:8420,train,54412,8420,8420.jpg,3840,2160,3,jetski,2733.0,0.0,71.0,26.0,1846.0,32.3984199939043,34.9,mavic,NorthSea_Sat_DJI_0129.MP4,2445,data/raw/seadronessee/odv2/images/train/8420.jpg,val
train:54427,train:8422,train,54427,8422,8422.jpg,3840,2160,2,boat,3271.0,250.0,195.0,91.0,17745.0,32.498415117342276,34.9,mavic,NorthSea_Sat_DJI_0129.MP4,2475,data/raw/seadronessee/odv2/images/train/8422.jpg,val
train:54428,train:8422,train,54428,8422,8422.jpg,3840,2160,1,swimmer,1238.0,1468.0,100.0,65.0,6500.0,32.498415117342276,34.9,mavic,NorthSea_Sat_DJI_0129.MP4,2475,data/raw/seadronessee/odv2/images/train/8422.jpg,val
train:54429,train:8422,train,54429,8422,8422.jpg,3840,2160,1,swimmer,2476.0,688.0,38.0,32.0,1216.0,32.498415117342276,34.9,mavic,NorthSea_Sat_DJI_0129.MP4,2475,data/raw/seadronessee/odv2/images/train/8422.jpg,val
train:54430,train:8422,train,54430,8422,8422.jpg,3840,2160,1,swimmer,1270.0,1132.0,69.0,32.0,2208.0,32.498415117342276,34.9,mavic,NorthSea_Sat_DJI_0129.MP4,2475,data/raw/seadronessee/odv2/images/train/8422.jpg,val
train:54431,train:8422,train,54431,8422,8422.jpg,3840,2160,1,swimmer,1980.0,706.0,49.0,32.0,1568.0,32.498415117342276,34.9,mavic,NorthSea_Sat_DJI_0129.MP4,2475,data/raw/seadronessee/odv2/images/train/8422.jpg,val
train:54432,train:8422,train,54432,8422,8422.jpg,3840,2160,1,swimmer,2125.0,594.0,47.0,23.0,1081.0,32.498415117342276,34.9,mavic,NorthSea_Sat_DJI_0129.MP4,2475,data/raw/seadronessee/odv2/images/train/8422.jpg,val
train:54433,train:8422,train,54433,8422,8422.jpg,3840,2160,1,swimmer,1243.0,1076.0,43.0,36.0,1548.0,32.498415117342276,34.9,mavic,NorthSea_Sat_DJI_0129.MP4,2475,data/raw/seadronessee/odv2/images/train/8422.jpg,val
train:54434,train:8422,train,54434,8422,8422.jpg,3840,2160,1,swimmer,1474.0,987.0,26.0,25.0,650.0,32.498415117342276,34.9,mavic,NorthSea_Sat_DJI_0129.MP4,2475,data/raw/seadronessee/odv2/images/train/8422.jpg,val
train:54435,train:8422,train,54435,8422,8422.jpg,3840,2160,2,boat,2318.0,98.0,104.0,45.0,4680.0,32.498415117342276,34.9,mavic,NorthSea_Sat_DJI_0129.MP4,2475,data/raw/seadronessee/odv2/images/train/8422.jpg,val
train:54436,train:8422,train,54436,8422,8422.jpg,3840,2160,5,buoy,263.0,1460.0,99.0,136.0,13464.0,32.498415117342276,34.9,mavic,NorthSea_Sat_DJI_0129.MP4,2475,data/raw/seadronessee/odv2/images/train/8422.jpg,val
train:54437,train:8422,train,54437,8422,8422.jpg,3840,2160,1,swimmer,1892.0,855.0,65.0,35.0,2275.0,32.498415117342276,34.9,mavic,NorthSea_Sat_DJI_0129.MP4,2475,data/raw/seadronessee/odv2/images/train/8422.jpg,val
train:54439,train:8422,train,54439,8422,8422.jpg,3840,2160,3,jetski,3258.0,29.0,78.0,33.0,2574.0,32.498415117342276,34.9,mavic,NorthSea_Sat_DJI_0129.MP4,2475,data/raw/seadronessee/odv2/images/train/8422.jpg,val
train:54457,train:8424,train,54457,8424,8424.jpg,3840,2160,2,boat,3445.0,269.0,220.0,101.0,22220.0,32.3984199939043,34.9,mavic,NorthSea_Sat_DJI_0129.MP4,2505,data/raw/seadronessee/odv2/images/train/8424.jpg,val
train:54458,train:8424,train,54458,8424,8424.jpg,3840,2160,1,swimmer,1145.0,1343.0,100.0,59.0,5900.0,32.3984199939043,34.9,mavic,NorthSea_Sat_DJI_0129.MP4,2505,data/raw/seadronessee/odv2/images/train/8424.jpg,val
train:54459,train:8424,train,54459,8424,8424.jpg,3840,2160,1,swimmer,1244.0,973.0,32.0,45.0,1440.0,32.3984199939043,34.9,mavic,NorthSea_Sat_DJI_0129.MP4,2505,data/raw/seadronessee/odv2/images/train/8424.jpg,val
train:54460,train:8424,train,54460,8424,8424.jpg,3840,2160,1,swimmer,1263.0,1028.0,59.0,33.0,1947.0,32.3984199939043,34.9,mavic,NorthSea_Sat_DJI_0129.MP4,2505,data/raw/seadronessee/odv2/images/train/8424.jpg,val
train:54461,train:8424,train,54461,8424,8424.jpg,3840,2160,1,swimmer,2027.0,673.0,36.0,26.0,936.0,32.3984199939043,34.9,mavic,NorthSea_Sat_DJI_0129.MP4,2505,data/raw/seadronessee/odv2/images/train/8424.jpg,val
train:54462,train:8424,train,54462,8424,8424.jpg,3840,2160,1,swimmer,2184.0,568.0,46.0,23.0,1058.0,32.3984199939043,34.9,mavic,NorthSea_Sat_DJI_0129.MP4,2505,data/raw/seadronessee/odv2/images/train/8424.jpg,val
train:54463,train:8424,train,54463,8424,8424.jpg,3840,2160,1,swimmer,1481.0,903.0,22.0,25.0,550.0,32.3984199939043,34.9,mavic,NorthSea_Sat_DJI_0129.MP4,2505,data/raw/seadronessee/odv2/images/train/8424.jpg,val
train:54464,train:8424,train,54464,8424,8424.jpg,3840,2160,2,boat,2490.0,87.0,107.0,45.0,4815.0,32.3984199939043,34.9,mavic,NorthSea_Sat_DJI_0129.MP4,2505,data/raw/seadronessee/odv2/images/train/8424.jpg,val
train:54465,train:8424,train,54465,8424,8424.jpg,3840,2160,5,buoy,281.0,1260.0,90.0,131.0,11790.0,32.3984199939043,34.9,mavic,NorthSea_Sat_DJI_0129.MP4,2505,data/raw/seadronessee/odv2/images/train/8424.jpg,val
train:54466,train:8424,train,54466,8424,8424.jpg,3840,2160,1,swimmer,1911.0,803.0,64.0,33.0,2112.0,32.3984199939043,34.9,mavic,NorthSea_Sat_DJI_0129.MP4,2505,data/raw/seadronessee/odv2/images/train/8424.jpg,val
train:54468,train:8424,train,54468,8424,8424.jpg,3840,2160,3,jetski,3490.0,49.0,91.0,33.0,3003.0,32.3984199939043,34.9,mavic,NorthSea_Sat_DJI_0129.MP4,2505,data/raw/seadronessee/odv2/images/train/8424.jpg,val
train:54486,train:8426,train,54486,8426,8426.jpg,3840,2160,1,swimmer,1097.0,1285.0,89.0,53.0,4717.0,32.498415117342276,34.9,mavic,NorthSea_Sat_DJI_0129.MP4,2535,data/raw/seadronessee/odv2/images/train/8426.jpg,val
train:54487,train:8426,train,54487,8426,8426.jpg,3840,2160,1,swimmer,2548.0,706.0,43.0,32.0,1376.0,32.498415117342276,34.9,mavic,NorthSea_Sat_DJI_0129.MP4,2535,data/raw/seadronessee/odv2/images/train/8426.jpg,val
train:54488,train:8426,train,54488,8426,8426.jpg,3840,2160,1,swimmer,1269.0,983.0,45.0,33.0,1485.0,32.498415117342276,34.9,mavic,NorthSea_Sat_DJI_0129.MP4,2535,data/raw/seadronessee/odv2/images/train/8426.jpg,val
train:54489,train:8426,train,54489,8426,8426.jpg,3840,2160,2,boat,3605.0,322.0,230.0,100.0,23000.0,32.498415117342276,34.9,mavic,NorthSea_Sat_DJI_0129.MP4,2535,data/raw/seadronessee/odv2/images/train/8426.jpg,val
train:54490,train:8426,train,54490,8426,8426.jpg,3840,2160,1,swimmer,2052.0,682.0,44.0,29.0,1276.0,32.498415117342276,34.9,mavic,NorthSea_Sat_DJI_0129.MP4,2535,data/raw/seadronessee/odv2/images/train/8426.jpg,val
train:54491,train:8426,train,54491,8426,8426.jpg,3840,2160,1,swimmer,2239.0,576.0,50.0,26.0,1300.0,32.498415117342276,34.9,mavic,NorthSea_Sat_DJI_0129.MP4,2535,data/raw/seadronessee/odv2/images/train/8426.jpg,val
train:54492,train:8426,train,54492,8426,8426.jpg,3840,2160,1,swimmer,1259.0,931.0,41.0,30.0,1230.0,32.498415117342276,34.9,mavic,NorthSea_Sat_DJI_0129.MP4,2535,data/raw/seadronessee/odv2/images/train/8426.jpg,val
train:54493,train:8426,train,54493,8426,8426.jpg,3840,2160,1,swimmer,1486.0,873.0,29.0,22.0,638.0,32.498415117342276,34.9,mavic,NorthSea_Sat_DJI_0129.MP4,2535,data/raw/seadronessee/odv2/images/train/8426.jpg,val
train:54494,train:8426,train,54494,8426,8426.jpg,3840,2160,2,boat,2621.0,95.0,101.0,48.0,4848.0,32.498415117342276,34.9,mavic,NorthSea_Sat_DJI_0129.MP4,2535,data/raw/seadronessee/odv2/images/train/8426.jpg,val
train:54495,train:8426,train,54495,8426,8426.jpg,3840,2160,5,buoy,291.0,1148.0,86.0,118.0,10148.0,32.498415117342276,34.9,mavic,NorthSea_Sat_DJI_0129.MP4,2535,data/raw/seadronessee/odv2/images/train/8426.jpg,val
train:54496,train:8426,train,54496,8426,8426.jpg,3840,2160,1,swimmer,1915.0,799.0,73.0,33.0,2409.0,32.498415117342276,34.9,mavic,NorthSea_Sat_DJI_0129.MP4,2535,data/raw/seadronessee/odv2/images/train/8426.jpg,val
train:54498,train:8426,train,54498,8426,8426.jpg,3840,2160,3,jetski,3680.0,90.0,101.0,37.0,3737.0,32.498415117342276,34.9,mavic,NorthSea_Sat_DJI_0129.MP4,2535,data/raw/seadronessee/odv2/images/train/8426.jpg,val
train:54514,train:8428,train,54514,8428,8428.jpg,3840,2160,1,swimmer,1108.0,1268.0,89.0,53.0,4717.0,32.498415117342276,34.9,mavic,NorthSea_Sat_DJI_0129.MP4,2565,data/raw/seadronessee/odv2/images/train/8428.jpg,val
train:54515,train:8428,train,54515,8428,8428.jpg,3840,2160,1,swimmer,2002.0,816.0,72.0,35.0,2520.0,32.498415117342276,34.9,mavic,NorthSea_Sat_DJI_0129.MP4,2565,data/raw/seadronessee/odv2/images/train/8428.jpg,val
train:54516,train:8428,train,54516,8428,8428.jpg,3840,2160,1,swimmer,1322.0,961.0,50.0,44.0,2200.0,32.498415117342276,34.9,mavic,NorthSea_Sat_DJI_0129.MP4,2565,data/raw/seadronessee/odv2/images/train/8428.jpg,val
train:54517,train:8428,train,54517,8428,8428.jpg,3840,2160,1,swimmer,1325.0,914.0,42.0,33.0,1386.0,32.498415117342276,34.9,mavic,NorthSea_Sat_DJI_0129.MP4,2565,data/raw/seadronessee/odv2/images/train/8428.jpg,val
train:54518,train:8428,train,54518,8428,8428.jpg,3840,2160,1,swimmer,2658.0,744.0,46.0,29.0,1334.0,32.498415117342276,34.9,mavic,NorthSea_Sat_DJI_0129.MP4,2565,data/raw/seadronessee/odv2/images/train/8428.jpg,val
train:54519,train:8428,train,54519,8428,8428.jpg,3840,2160,1,swimmer,2176.0,699.0,31.0,31.0,961.0,32.498415117342276,34.9,mavic,NorthSea_Sat_DJI_0129.MP4,2565,data/raw/seadronessee/odv2/images/train/8428.jpg,val
train:54520,train:8428,train,54520,8428,8428.jpg,3840,2160,1,swimmer,2360.0,600.0,58.0,26.0,1508.0,32.498415117342276,34.9,mavic,NorthSea_Sat_DJI_0129.MP4,2565,data/raw/seadronessee/odv2/images/train/8428.jpg,val
train:54521,train:8428,train,54521,8428,8428.jpg,3840,2160,1,swimmer,1556.0,866.0,30.0,23.0,690.0,32.498415117342276,34.9,mavic,NorthSea_Sat_DJI_0129.MP4,2565,data/raw/seadronessee/odv2/images/train/8428.jpg,val
train:54522,train:8428,train,54522,8428,8428.jpg,3840,2160,2,boat,2816.0,119.0,110.0,46.0,5060.0,32.498415117342276,34.9,mavic,NorthSea_Sat_DJI_0129.MP4,2565,data/raw/seadronessee/odv2/images/train/8428.jpg,val
train:54523,train:8428,train,54523,8428,8428.jpg,3840,2160,5,buoy,355.0,1079.0,81.0,122.0,9882.0,32.498415117342276,34.9,mavic,NorthSea_Sat_DJI_0129.MP4,2565,data/raw/seadronessee/odv2/images/train/8428.jpg,val
train:54540,train:8430,train,54540,8430,8430.jpg,3840,2160,1,swimmer,991.0,1394.0,63.0,48.0,3024.0,32.698405364218225,34.9,mavic,NorthSea_Sat_DJI_0129.MP4,2595,data/raw/seadronessee/odv2/images/train/8430.jpg,val
train:54541,train:8430,train,54541,8430,8430.jpg,3840,2160,1,swimmer,1951.0,910.0,72.0,35.0,2520.0,32.698405364218225,34.9,mavic,NorthSea_Sat_DJI_0129.MP4,2595,data/raw/seadronessee/odv2/images/train/8430.jpg,val
train:54542,train:8430,train,54542,8430,8430.jpg,3840,2160,1,swimmer,1231.0,1063.0,42.0,38.0,1596.0,32.698405364218225,34.9,mavic,NorthSea_Sat_DJI_0129.MP4,2595,data/raw/seadronessee/odv2/images/train/8430.jpg,val
train:54543,train:8430,train,54543,8430,8430.jpg,3840,2160,1,swimmer,1230.0,1006.0,42.0,33.0,1386.0,32.698405364218225,34.9,mavic,NorthSea_Sat_DJI_0129.MP4,2595,data/raw/seadronessee/odv2/images/train/8430.jpg,val
train:54544,train:8430,train,54544,8430,8430.jpg,3840,2160,1,swimmer,2626.0,813.0,42.0,34.0,1428.0,32.698405364218225,34.9,mavic,NorthSea_Sat_DJI_0129.MP4,2595,data/raw/seadronessee/odv2/images/train/8430.jpg,val
train:54545,train:8430,train,54545,8430,8430.jpg,3840,2160,1,swimmer,2124.0,780.0,45.0,30.0,1350.0,32.698405364218225,34.9,mavic,NorthSea_Sat_DJI_0129.MP4,2595,data/raw/seadronessee/odv2/images/train/8430.jpg,val
train:54546,train:8430,train,54546,8430,8430.jpg,3840,2160,1,swimmer,2344.0,665.0,43.0,24.0,1032.0,32.698405364218225,34.9,mavic,NorthSea_Sat_DJI_0129.MP4,2595,data/raw/seadronessee/odv2/images/train/8430.jpg,val
train:54547,train:8430,train,54547,8430,8430.jpg,3840,2160,1,swimmer,1466.0,957.0,28.0,21.0,588.0,32.698405364218225,34.9,mavic,NorthSea_Sat_DJI_0129.MP4,2595,data/raw/seadronessee/odv2/images/train/8430.jpg,val
train:54548,train:8430,train,54548,8430,8430.jpg,3840,2160,2,boat,2824.0,156.0,114.0,50.0,5700.0,32.698405364218225,34.9,mavic,NorthSea_Sat_DJI_0129.MP4,2595,data/raw/seadronessee/odv2/images/train/8430.jpg,val
train:54549,train:8430,train,54549,8430,8430.jpg,3840,2160,5,buoy,188.0,1183.0,89.0,125.0,11125.0,32.698405364218225,34.9,mavic,NorthSea_Sat_DJI_0129.MP4,2595,data/raw/seadronessee/odv2/images/train/8430.jpg,val
train:54566,train:8432,train,54566,8432,8432.jpg,3840,2160,1,swimmer,878.0,1494.0,68.0,54.0,3672.0,32.698405364218225,34.9,mavic,NorthSea_Sat_DJI_0129.MP4,2625,data/raw/seadronessee/odv2/images/train/8432.jpg,val
train:54567,train:8432,train,54567,8432,8432.jpg,3840,2160,1,swimmer,1895.0,974.0,72.0,40.0,2880.0,32.698405364218225,34.9,mavic,NorthSea_Sat_DJI_0129.MP4,2625,data/raw/seadronessee/odv2/images/train/8432.jpg,val
train:54568,train:8432,train,54568,8432,8432.jpg,3840,2160,1,swimmer,2560.0,882.0,49.0,36.0,1764.0,32.698405364218225,34.9,mavic,NorthSea_Sat_DJI_0129.MP4,2625,data/raw/seadronessee/odv2/images/train/8432.jpg,val
train:54569,train:8432,train,54569,8432,8432.jpg,3840,2160,1,swimmer,1138.0,1077.0,48.0,37.0,1776.0,32.698405364218225,34.9,mavic,NorthSea_Sat_DJI_0129.MP4,2625,data/raw/seadronessee/odv2/images/train/8432.jpg,val
train:54570,train:8432,train,54570,8432,8432.jpg,3840,2160,1,swimmer,1136.0,1140.0,39.0,40.0,1560.0,32.698405364218225,34.9,mavic,NorthSea_Sat_DJI_0129.MP4,2625,data/raw/seadronessee/odv2/images/train/8432.jpg,val
train:54571,train:8432,train,54571,8432,8432.jpg,3840,2160,1,swimmer,2079.0,823.0,34.0,37.0,1258.0,32.698405364218225,34.9,mavic,NorthSea_Sat_DJI_0129.MP4,2625,data/raw/seadronessee/odv2/images/train/8432.jpg,val
train:54572,train:8432,train,54572,8432,8432.jpg,3840,2160,1,swimmer,2278.0,711.0,56.0,24.0,1344.0,32.698405364218225,34.9,mavic,NorthSea_Sat_DJI_0129.MP4,2625,data/raw/seadronessee/odv2/images/train/8432.jpg,val
train:54573,train:8432,train,54573,8432,8432.jpg,3840,2160,1,swimmer,1371.0,1031.0,36.0,19.0,684.0,32.698405364218225,34.9,mavic,NorthSea_Sat_DJI_0129.MP4,2625,data/raw/seadronessee/odv2/images/train/8432.jpg,val
train:54574,train:8432,train,54574,8432,8432.jpg,3840,2160,2,boat,2788.0,183.0,116.0,49.0,5684.0,32.698405364218225,34.9,mavic,NorthSea_Sat_DJI_0129.MP4,2625,data/raw/seadronessee/odv2/images/train/8432.jpg,val
train:54575,train:8432,train,54575,8432,8432.jpg,3840,2160,5,buoy,42.0,1275.0,91.0,135.0,12285.0,32.698405364218225,34.9,mavic,NorthSea_Sat_DJI_0129.MP4,2625,data/raw/seadronessee/odv2/images/train/8432.jpg,val
train:54592,train:8434,train,54592,8434,8434.jpg,3840,2160,1,swimmer,811.0,1612.0,68.0,54.0,3672.0,32.59841024078025,34.9,mavic,NorthSea_Sat_DJI_0129.MP4,2655,data/raw/seadronessee/odv2/images/train/8434.jpg,val
train:54593,train:8434,train,54593,8434,8434.jpg,3840,2160,1,swimmer,1885.0,1040.0,72.0,40.0,2880.0,32.59841024078025,34.9,mavic,NorthSea_Sat_DJI_0129.MP4,2655,data/raw/seadronessee/odv2/images/train/8434.jpg,val
train:54594,train:8434,train,54594,8434,8434.jpg,3840,2160,1,swimmer,2564.0,959.0,49.0,36.0,1764.0,32.59841024078025,34.9,mavic,NorthSea_Sat_DJI_0129.MP4,2655,data/raw/seadronessee/odv2/images/train/8434.jpg,val
train:54595,train:8434,train,54595,8434,8434.jpg,3840,2160,1,swimmer,1099.0,1167.0,48.0,37.0,1776.0,32.59841024078025,34.9,mavic,NorthSea_Sat_DJI_0129.MP4,2655,data/raw/seadronessee/odv2/images/train/8434.jpg,val
train:54596,train:8434,train,54596,8434,8434.jpg,3840,2160,1,swimmer,1090.0,1234.0,39.0,40.0,1560.0,32.59841024078025,34.9,mavic,NorthSea_Sat_DJI_0129.MP4,2655,data/raw/seadronessee/odv2/images/train/8434.jpg,val
train:54597,train:8434,train,54597,8434,8434.jpg,3840,2160,1,swimmer,2059.0,882.0,35.0,36.0,1260.0,32.59841024078025,34.9,mavic,NorthSea_Sat_DJI_0129.MP4,2655,data/raw/seadronessee/odv2/images/train/8434.jpg,val
train:54598,train:8434,train,54598,8434,8434.jpg,3840,2160,1,swimmer,2276.0,767.0,47.0,28.0,1316.0,32.59841024078025,34.9,mavic,NorthSea_Sat_DJI_0129.MP4,2655,data/raw/seadronessee/odv2/images/train/8434.jpg,val
train:54599,train:8434,train,54599,8434,8434.jpg,3840,2160,1,swimmer,1335.0,1117.0,31.0,22.0,682.0,32.59841024078025,34.9,mavic,NorthSea_Sat_DJI_0129.MP4,2655,data/raw/seadronessee/odv2/images/train/8434.jpg,val
train:54600,train:8434,train,54600,8434,8434.jpg,3840,2160,2,boat,2792.0,209.0,117.0,51.0,5967.0,32.59841024078025,34.9,mavic,NorthSea_Sat_DJI_0129.MP4,2655,data/raw/seadronessee/odv2/images/train/8434.jpg,val
train:54603,train:8434,train,54603,8434,8434.jpg,3840,2160,5,buoy,0.0,1451.0,43.0,56.0,2408.0,32.59841024078025,34.9,mavic,NorthSea_Sat_DJI_0129.MP4,2655,data/raw/seadronessee/odv2/images/train/8434.jpg,val
train:54617,train:8436,train,54617,8436,8436.jpg,3840,2160,1,swimmer,1862.0,1131.0,72.0,40.0,2880.0,32.698405364218225,34.9,mavic,NorthSea_Sat_DJI_0129.MP4,2685,data/raw/seadronessee/odv2/images/train/8436.jpg,val
train:54618,train:8436,train,54618,8436,8436.jpg,3840,2160,1,swimmer,2574.0,1049.0,49.0,36.0,1764.0,32.698405364218225,34.9,mavic,NorthSea_Sat_DJI_0129.MP4,2685,data/raw/seadronessee/odv2/images/train/8436.jpg,val
train:54619,train:8436,train,54619,8436,8436.jpg,3840,2160,1,swimmer,1058.0,1270.0,48.0,37.0,1776.0,32.698405364218225,34.9,mavic,NorthSea_Sat_DJI_0129.MP4,2685,data/raw/seadronessee/odv2/images/train/8436.jpg,val
train:54620,train:8436,train,54620,8436,8436.jpg,3840,2160,1,swimmer,1049.0,1357.0,36.0,35.0,1260.0,32.698405364218225,34.9,mavic,NorthSea_Sat_DJI_0129.MP4,2685,data/raw/seadronessee/odv2/images/train/8436.jpg,val
train:54621,train:8436,train,54621,8436,8436.jpg,3840,2160,1,swimmer,2042.0,974.0,33.0,28.0,924.0,32.698405364218225,34.9,mavic,NorthSea_Sat_DJI_0129.MP4,2685,data/raw/seadronessee/odv2/images/train/8436.jpg,val
train:54622,train:8436,train,54622,8436,8436.jpg,3840,2160,1,swimmer,726.0,1754.0,59.0,63.0,3717.0,32.698405364218225,34.9,mavic,NorthSea_Sat_DJI_0129.MP4,2685,data/raw/seadronessee/odv2/images/train/8436.jpg,val
train:54623,train:8436,train,54623,8436,8436.jpg,3840,2160,1,swimmer,2253.0,848.0,68.0,29.0,1972.0,32.698405364218225,34.9,mavic,NorthSea_Sat_DJI_0129.MP4,2685,data/raw/seadronessee/odv2/images/train/8436.jpg,val
train:54624,train:8436,train,54624,8436,8436.jpg,3840,2160,1,swimmer,1299.0,1212.0,29.0,21.0,609.0,32.698405364218225,34.9,mavic,NorthSea_Sat_DJI_0129.MP4,2685,data/raw/seadronessee/odv2/images/train/8436.jpg,val
train:54625,train:8436,train,54625,8436,8436.jpg,3840,2160,2,boat,2796.0,250.0,121.0,55.0,6655.0,32.698405364218225,34.9,mavic,NorthSea_Sat_DJI_0129.MP4,2685,data/raw/seadronessee/odv2/images/train/8436.jpg,val
train:54641,train:8438,train,54641,8438,8438.jpg,3840,2160,1,swimmer,703.0,1910.0,64.0,59.0,3776.0,32.698405364218225,34.9,mavic,NorthSea_Sat_DJI_0129.MP4,2715,data/raw/seadronessee/odv2/images/train/8438.jpg,val
train:54642,train:8438,train,54642,8438,8438.jpg,3840,2160,1,swimmer,2554.0,1175.0,63.0,35.0,2205.0,32.698405364218225,34.9,mavic,NorthSea_Sat_DJI_0129.MP4,2715,data/raw/seadronessee/odv2/images/train/8438.jpg,val
train:54643,train:8438,train,54643,8438,8438.jpg,3840,2160,1,swimmer,1049.0,1454.0,33.0,52.0,1716.0,32.698405364218225,34.9,mavic,NorthSea_Sat_DJI_0129.MP4,2715,data/raw/seadronessee/odv2/images/train/8438.jpg,val
train:54644,train:8438,train,54644,8438,8438.jpg,3840,2160,1,swimmer,1055.0,1389.0,51.0,35.0,1785.0,32.698405364218225,34.9,mavic,NorthSea_Sat_DJI_0129.MP4,2715,data/raw/seadronessee/odv2/images/train/8438.jpg,val
train:54645,train:8438,train,54645,8438,8438.jpg,3840,2160,1,swimmer,2037.0,1103.0,33.0,23.0,759.0,32.698405364218225,34.9,mavic,NorthSea_Sat_DJI_0129.MP4,2715,data/raw/seadronessee/odv2/images/train/8438.jpg,val
train:54646,train:8438,train,54646,8438,8438.jpg,3840,2160,1,swimmer,2274.0,970.0,48.0,23.0,1104.0,32.698405364218225,34.9,mavic,NorthSea_Sat_DJI_0129.MP4,2715,data/raw/seadronessee/odv2/images/train/8438.jpg,val
train:54647,train:8438,train,54647,8438,8438.jpg,3840,2160,1,swimmer,1284.0,1325.0,32.0,25.0,800.0,32.698405364218225,34.9,mavic,NorthSea_Sat_DJI_0129.MP4,2715,data/raw/seadronessee/odv2/images/train/8438.jpg,val
train:54648,train:8438,train,54648,8438,8438.jpg,3840,2160,2,boat,2782.0,343.0,117.0,62.0,7254.0,32.698405364218225,34.9,mavic,NorthSea_Sat_DJI_0129.MP4,2715,data/raw/seadronessee/odv2/images/train/8438.jpg,val
train:54649,train:8438,train,54649,8438,8438.jpg,3840,2160,1,swimmer,1847.0,1250.0,87.0,35.0,3045.0,32.698405364218225,34.9,mavic,NorthSea_Sat_DJI_0129.MP4,2715,data/raw/seadronessee/odv2/images/train/8438.jpg,val
train:54664,train:8440,train,54664,8440,8440.jpg,3840,2160,1,swimmer,1849.0,1192.0,88.0,47.0,4136.0,32.698405364218225,29.2,mavic,NorthSea_Sat_DJI_0129.MP4,2745,data/raw/seadronessee/odv2/images/train/8440.jpg,val
train:54665,train:8440,train,54665,8440,8440.jpg,3840,2160,1,swimmer,736.0,1799.0,63.0,57.0,3591.0,32.698405364218225,29.2,mavic,NorthSea_Sat_DJI_0129.MP4,2745,data/raw/seadronessee/odv2/images/train/8440.jpg,val
train:54666,train:8440,train,54666,8440,8440.jpg,3840,2160,1,swimmer,2551.0,1105.0,52.0,36.0,1872.0,32.698405364218225,29.2,mavic,NorthSea_Sat_DJI_0129.MP4,2745,data/raw/seadronessee/odv2/images/train/8440.jpg,val
train:54667,train:8440,train,54667,8440,8440.jpg,3840,2160,1,swimmer,1050.0,1372.0,44.0,50.0,2200.0,32.698405364218225,29.2,mavic,NorthSea_Sat_DJI_0129.MP4,2745,data/raw/seadronessee/odv2/images/train/8440.jpg,val
train:54668,train:8440,train,54668,8440,8440.jpg,3840,2160,1,swimmer,1049.0,1299.0,53.0,39.0,2067.0,32.698405364218225,29.2,mavic,NorthSea_Sat_DJI_0129.MP4,2745,data/raw/seadronessee/odv2/images/train/8440.jpg,val
train:54669,train:8440,train,54669,8440,8440.jpg,3840,2160,1,swimmer,2028.0,1031.0,43.0,30.0,1290.0,32.698405364218225,29.2,mavic,NorthSea_Sat_DJI_0129.MP4,2745,data/raw/seadronessee/odv2/images/train/8440.jpg,val
train:54670,train:8440,train,54670,8440,8440.jpg,3840,2160,1,swimmer,2260.0,903.0,58.0,26.0,1508.0,32.698405364218225,29.2,mavic,NorthSea_Sat_DJI_0129.MP4,2745,data/raw/seadronessee/odv2/images/train/8440.jpg,val
train:54671,train:8440,train,54671,8440,8440.jpg,3840,2160,1,swimmer,1267.0,1251.0,39.0,28.0,1092.0,32.698405364218225,29.2,mavic,NorthSea_Sat_DJI_0129.MP4,2745,data/raw/seadronessee/odv2/images/train/8440.jpg,val
train:54672,train:8440,train,54672,8440,8440.jpg,3840,2160,2,boat,2776.0,317.0,118.0,48.0,5664.0,32.698405364218225,29.2,mavic,NorthSea_Sat_DJI_0129.MP4,2745,data/raw/seadronessee/odv2/images/train/8440.jpg,val
train:54688,train:8442,train,54688,8442,8442.jpg,3840,2160,1,swimmer,1050.0,1135.0,43.0,42.0,1806.0,32.698405364218225,33.8,mavic,NorthSea_Sat_DJI_0129.MP4,2775,data/raw/seadronessee/odv2/images/train/8442.jpg,val
train:54689,train:8442,train,54689,8442,8442.jpg,3840,2160,1,swimmer,770.0,1539.0,63.0,50.0,3150.0,32.698405364218225,33.8,mavic,NorthSea_Sat_DJI_0129.MP4,2775,data/raw/seadronessee/odv2/images/train/8442.jpg,val
train:54690,train:8442,train,54690,8442,8442.jpg,3840,2160,1,swimmer,2543.0,853.0,47.0,40.0,1880.0,32.698405364218225,33.8,mavic,NorthSea_Sat_DJI_0129.MP4,2775,data/raw/seadronessee/odv2/images/train/8442.jpg,val
train:54691,train:8442,train,54691,8442,8442.jpg,3840,2160,1,swimmer,1063.0,1054.0,36.0,49.0,1764.0,32.698405364218225,33.8,mavic,NorthSea_Sat_DJI_0129.MP4,2775,data/raw/seadronessee/odv2/images/train/8442.jpg,val
train:54692,train:8442,train,54692,8442,8442.jpg,3840,2160,1,swimmer,2043.0,780.0,63.0,31.0,1953.0,32.698405364218225,33.8,mavic,NorthSea_Sat_DJI_0129.MP4,2775,data/raw/seadronessee/odv2/images/train/8442.jpg,val
train:54693,train:8442,train,54693,8442,8442.jpg,3840,2160,1,swimmer,2269.0,645.0,48.0,24.0,1152.0,32.698405364218225,33.8,mavic,NorthSea_Sat_DJI_0129.MP4,2775,data/raw/seadronessee/odv2/images/train/8442.jpg,val
train:54694,train:8442,train,54694,8442,8442.jpg,3840,2160,1,swimmer,1271.0,1022.0,40.0,23.0,920.0,32.698405364218225,33.8,mavic,NorthSea_Sat_DJI_0129.MP4,2775,data/raw/seadronessee/odv2/images/train/8442.jpg,val
train:54695,train:8442,train,54695,8442,8442.jpg,3840,2160,2,boat,2787.0,47.0,121.0,51.0,6171.0,32.698405364218225,33.8,mavic,NorthSea_Sat_DJI_0129.MP4,2775,data/raw/seadronessee/odv2/images/train/8442.jpg,val
train:54696,train:8442,train,54696,8442,8442.jpg,3840,2160,1,swimmer,1866.0,940.0,82.0,47.0,3854.0,32.698405364218225,33.8,mavic,NorthSea_Sat_DJI_0129.MP4,2775,data/raw/seadronessee/odv2/images/train/8442.jpg,val
train:54711,train:8444,train,54711,8444,8444.jpg,3840,2160,1,swimmer,1865.0,579.0,88.0,48.0,4224.0,32.59841024078025,38.2,mavic,NorthSea_Sat_DJI_0129.MP4,2805,data/raw/seadronessee/odv2/images/train/8444.jpg,val
train:54712,train:8444,train,54712,8444,8444.jpg,3840,2160,1,swimmer,2540.0,488.0,69.0,38.0,2622.0,32.59841024078025,38.2,mavic,NorthSea_Sat_DJI_0129.MP4,2805,data/raw/seadronessee/odv2/images/train/8444.jpg,val
train:54713,train:8444,train,54713,8444,8444.jpg,3840,2160,1,swimmer,1055.0,785.0,57.0,52.0,2964.0,32.59841024078025,38.2,mavic,NorthSea_Sat_DJI_0129.MP4,2805,data/raw/seadronessee/odv2/images/train/8444.jpg,val
train:54714,train:8444,train,54714,8444,8444.jpg,3840,2160,1,swimmer,1053.0,716.0,60.0,42.0,2520.0,32.59841024078025,38.2,mavic,NorthSea_Sat_DJI_0129.MP4,2805,data/raw/seadronessee/odv2/images/train/8444.jpg,val
train:54715,train:8444,train,54715,8444,8444.jpg,3840,2160,1,swimmer,2029.0,409.0,51.0,43.0,2193.0,32.59841024078025,38.2,mavic,NorthSea_Sat_DJI_0129.MP4,2805,data/raw/seadronessee/odv2/images/train/8444.jpg,val
train:54716,train:8444,train,54716,8444,8444.jpg,3840,2160,1,swimmer,2266.0,278.0,52.0,26.0,1352.0,32.59841024078025,38.2,mavic,NorthSea_Sat_DJI_0129.MP4,2805,data/raw/seadronessee/odv2/images/train/8444.jpg,val
train:54717,train:8444,train,54717,8444,8444.jpg,3840,2160,1,swimmer,1267.0,680.0,42.0,21.0,882.0,32.59841024078025,38.2,mavic,NorthSea_Sat_DJI_0129.MP4,2805,data/raw/seadronessee/odv2/images/train/8444.jpg,val
train:54718,train:8444,train,54718,8444,8444.jpg,3840,2160,1,swimmer,792.0,1172.0,71.0,59.0,4189.0,32.59841024078025,38.2,mavic,NorthSea_Sat_DJI_0129.MP4,2805,data/raw/seadronessee/odv2/images/train/8444.jpg,val
train:54733,train:8446,train,54733,8446,8446.jpg,3840,2160,1,swimmer,1871.0,592.0,88.0,48.0,4224.0,32.7984004876562,44.8,mavic,NorthSea_Sat_DJI_0129.MP4,2835,data/raw/seadronessee/odv2/images/train/8446.jpg,val
train:54734,train:8446,train,54734,8446,8446.jpg,3840,2160,1,swimmer,2522.0,501.0,69.0,38.0,2622.0,32.7984004876562,44.8,mavic,NorthSea_Sat_DJI_0129.MP4,2835,data/raw/seadronessee/odv2/images/train/8446.jpg,val
train:54735,train:8446,train,54735,8446,8446.jpg,3840,2160,1,swimmer,1069.0,803.0,59.0,48.0,2832.0,32.7984004876562,44.8,mavic,NorthSea_Sat_DJI_0129.MP4,2835,data/raw/seadronessee/odv2/images/train/8446.jpg,val
train:54736,train:8446,train,54736,8446,8446.jpg,3840,2160,1,swimmer,1078.0,744.0,44.0,31.0,1364.0,32.7984004876562,44.8,mavic,NorthSea_Sat_DJI_0129.MP4,2835,data/raw/seadronessee/odv2/images/train/8446.jpg,val
train:54737,train:8446,train,54737,8446,8446.jpg,3840,2160,1,swimmer,2036.0,421.0,38.0,41.0,1558.0,32.7984004876562,44.8,mavic,NorthSea_Sat_DJI_0129.MP4,2835,data/raw/seadronessee/odv2/images/train/8446.jpg,val
train:54738,train:8446,train,54738,8446,8446.jpg,3840,2160,1,swimmer,2249.0,305.0,60.0,26.0,1560.0,32.7984004876562,44.8,mavic,NorthSea_Sat_DJI_0129.MP4,2835,data/raw/seadronessee/odv2/images/train/8446.jpg,val
train:54739,train:8446,train,54739,8446,8446.jpg,3840,2160,1,swimmer,1270.0,699.0,49.0,26.0,1274.0,32.7984004876562,44.8,mavic,NorthSea_Sat_DJI_0129.MP4,2835,data/raw/seadronessee/odv2/images/train/8446.jpg,val
train:54740,train:8446,train,54740,8446,8446.jpg,3840,2160,1,swimmer,805.0,1197.0,58.0,41.0,2378.0,32.7984004876562,44.8,mavic,NorthSea_Sat_DJI_0129.MP4,2835,data/raw/seadronessee/odv2/images/train/8446.jpg,val
train:54755,train:8448,train,54755,8448,8448.jpg,3840,2160,1,swimmer,1881.0,600.0,68.0,61.0,4148.0,33.398371228284056,44.8,mavic,NorthSea_Sat_DJI_0129.MP4,2865,data/raw/seadronessee/odv2/images/train/8448.jpg,val
train:54756,train:8448,train,54756,8448,8448.jpg,3840,2160,1,swimmer,2498.0,529.0,69.0,38.0,2622.0,33.398371228284056,44.8,mavic,NorthSea_Sat_DJI_0129.MP4,2865,data/raw/seadronessee/odv2/images/train/8448.jpg,val
train:54757,train:8448,train,54757,8448,8448.jpg,3840,2160,1,swimmer,1082.0,819.0,49.0,49.0,2401.0,33.398371228284056,44.8,mavic,NorthSea_Sat_DJI_0129.MP4,2865,data/raw/seadronessee/odv2/images/train/8448.jpg,val
train:54758,train:8448,train,54758,8448,8448.jpg,3840,2160,1,swimmer,1090.0,743.0,30.0,54.0,1620.0,33.398371228284056,44.8,mavic,NorthSea_Sat_DJI_0129.MP4,2865,data/raw/seadronessee/odv2/images/train/8448.jpg,val
train:54759,train:8448,train,54759,8448,8448.jpg,3840,2160,1,swimmer,2035.0,444.0,34.0,40.0,1360.0,33.398371228284056,44.8,mavic,NorthSea_Sat_DJI_0129.MP4,2865,data/raw/seadronessee/odv2/images/train/8448.jpg,val
train:54760,train:8448,train,54760,8448,8448.jpg,3840,2160,1,swimmer,2249.0,329.0,50.0,24.0,1200.0,33.398371228284056,44.8,mavic,NorthSea_Sat_DJI_0129.MP4,2865,data/raw/seadronessee/odv2/images/train/8448.jpg,val
train:54761,train:8448,train,54761,8448,8448.jpg,3840,2160,1,swimmer,1270.0,711.0,45.0,26.0,1170.0,33.398371228284056,44.8,mavic,NorthSea_Sat_DJI_0129.MP4,2865,data/raw/seadronessee/odv2/images/train/8448.jpg,val
train:54762,train:8448,train,54762,8448,8448.jpg,3840,2160,1,swimmer,807.0,1204.0,75.0,52.0,3900.0,33.398371228284056,44.8,mavic,NorthSea_Sat_DJI_0129.MP4,2865,data/raw/seadronessee/odv2/images/train/8448.jpg,val
train:54777,train:8450,train,54777,8450,8450.jpg,3840,2160,1,swimmer,1879.0,626.0,68.0,61.0,4148.0,33.89834684547394,44.8,mavic,NorthSea_Sat_DJI_0129.MP4,2895,data/raw/seadronessee/odv2/images/train/8450.jpg,val
train:54778,train:8450,train,54778,8450,8450.jpg,3840,2160,1,swimmer,2480.0,565.0,69.0,38.0,2622.0,33.89834684547394,44.8,mavic,NorthSea_Sat_DJI_0129.MP4,2895,data/raw/seadronessee/odv2/images/train/8450.jpg,val
train:54779,train:8450,train,54779,8450,8450.jpg,3840,2160,1,swimmer,1077.0,844.0,48.0,45.0,2160.0,33.89834684547394,44.8,mavic,NorthSea_Sat_DJI_0129.MP4,2895,data/raw/seadronessee/odv2/images/train/8450.jpg,val
train:54780,train:8450,train,54780,8450,8450.jpg,3840,2160,1,swimmer,1096.0,764.0,51.0,42.0,2142.0,33.89834684547394,44.8,mavic,NorthSea_Sat_DJI_0129.MP4,2895,data/raw/seadronessee/odv2/images/train/8450.jpg,val
train:54781,train:8450,train,54781,8450,8450.jpg,3840,2160,1,swimmer,2035.0,468.0,34.0,40.0,1360.0,33.89834684547394,44.8,mavic,NorthSea_Sat_DJI_0129.MP4,2895,data/raw/seadronessee/odv2/images/train/8450.jpg,val
train:54782,train:8450,train,54782,8450,8450.jpg,3840,2160,1,swimmer,2224.0,352.0,63.0,27.0,1701.0,33.89834684547394,44.8,mavic,NorthSea_Sat_DJI_0129.MP4,2895,data/raw/seadronessee/odv2/images/train/8450.jpg,val
train:54783,train:8450,train,54783,8450,8450.jpg,3840,2160,1,swimmer,1267.0,733.0,43.0,25.0,1075.0,33.89834684547394,44.8,mavic,NorthSea_Sat_DJI_0129.MP4,2895,data/raw/seadronessee/odv2/images/train/8450.jpg,val
train:54784,train:8450,train,54784,8450,8450.jpg,3840,2160,1,swimmer,814.0,1222.0,79.0,59.0,4661.0,33.89834684547394,44.8,mavic,NorthSea_Sat_DJI_0129.MP4,2895,data/raw/seadronessee/odv2/images/train/8450.jpg,val
train:54799,train:8452,train,54799,8452,8452.jpg,3840,2160,1,swimmer,1874.0,664.0,68.0,61.0,4148.0,34.598312709539776,44.8,mavic,NorthSea_Sat_DJI_0129.MP4,2925,data/raw/seadronessee/odv2/images/train/8452.jpg,val
train:54800,train:8452,train,54800,8452,8452.jpg,3840,2160,1,swimmer,2464.0,596.0,69.0,38.0,2622.0,34.598312709539776,44.8,mavic,NorthSea_Sat_DJI_0129.MP4,2925,data/raw/seadronessee/odv2/images/train/8452.jpg,val
train:54801,train:8452,train,54801,8452,8452.jpg,3840,2160,1,swimmer,1089.0,859.0,49.0,49.0,2401.0,34.598312709539776,44.8,mavic,NorthSea_Sat_DJI_0129.MP4,2925,data/raw/seadronessee/odv2/images/train/8452.jpg,val
train:54802,train:8452,train,54802,8452,8452.jpg,3840,2160,1,swimmer,1098.0,790.0,42.0,37.0,1554.0,34.598312709539776,44.8,mavic,NorthSea_Sat_DJI_0129.MP4,2925,data/raw/seadronessee/odv2/images/train/8452.jpg,val
train:54803,train:8452,train,54803,8452,8452.jpg,3840,2160,1,swimmer,2021.0,499.0,41.0,35.0,1435.0,34.598312709539776,44.8,mavic,NorthSea_Sat_DJI_0129.MP4,2925,data/raw/seadronessee/odv2/images/train/8452.jpg,val
train:54804,train:8452,train,54804,8452,8452.jpg,3840,2160,1,swimmer,2227.0,377.0,49.0,26.0,1274.0,34.598312709539776,44.8,mavic,NorthSea_Sat_DJI_0129.MP4,2925,data/raw/seadronessee/odv2/images/train/8452.jpg,val
train:54805,train:8452,train,54805,8452,8452.jpg,3840,2160,1,swimmer,1262.0,763.0,39.0,25.0,975.0,34.598312709539776,44.8,mavic,NorthSea_Sat_DJI_0129.MP4,2925,data/raw/seadronessee/odv2/images/train/8452.jpg,val
train:54806,train:8452,train,54806,8452,8452.jpg,3840,2160,1,swimmer,842.0,1248.0,63.0,57.0,3591.0,34.598312709539776,44.8,mavic,NorthSea_Sat_DJI_0129.MP4,2925,data/raw/seadronessee/odv2/images/train/8452.jpg,val
train:61133,train:9108,train,61133,9108,9108.jpg,3840,2160,5,buoy,1747.0,500.0,40.0,56.0,2240.0,34.598312709539776,27.7,mavic,NorthSea_Sat_DJI_0131.MP4,3735,data/raw/seadronessee/odv2/images/train/9108.jpg,val
train:61134,train:9108,train,61134,9108,9108.jpg,3840,2160,1,swimmer,1523.0,1742.0,58.0,42.0,2436.0,34.598312709539776,27.7,mavic,NorthSea_Sat_DJI_0131.MP4,3735,data/raw/seadronessee/odv2/images/train/9108.jpg,val
train:61135,train:9108,train,61135,9108,9108.jpg,3840,2160,2,boat,1202.0,1788.0,266.0,206.0,54796.0,34.598312709539776,27.7,mavic,NorthSea_Sat_DJI_0131.MP4,3735,data/raw/seadronessee/odv2/images/train/9108.jpg,val
train:61136,train:9108,train,61136,9108,9108.jpg,3840,2160,1,swimmer,1842.0,1170.0,65.0,30.0,1950.0,34.598312709539776,27.7,mavic,NorthSea_Sat_DJI_0131.MP4,3735,data/raw/seadronessee/odv2/images/train/9108.jpg,val
train:61138,train:9108,train,61138,9108,9108.jpg,3840,2160,2,boat,3200.0,1316.0,304.0,158.0,48032.0,34.598312709539776,27.7,mavic,NorthSea_Sat_DJI_0131.MP4,3735,data/raw/seadronessee/odv2/images/train/9108.jpg,val
train:61139,train:9108,train,61139,9108,9108.jpg,3840,2160,1,swimmer,1484.0,1516.0,60.0,42.0,2520.0,34.598312709539776,27.7,mavic,NorthSea_Sat_DJI_0131.MP4,3735,data/raw/seadronessee/odv2/images/train/9108.jpg,val
train:61140,train:9108,train,61140,9108,9108.jpg,3840,2160,3,jetski,1961.0,1157.0,159.0,38.0,6042.0,34.598312709539776,27.7,mavic,NorthSea_Sat_DJI_0131.MP4,3735,data/raw/seadronessee/odv2/images/train/9108.jpg,val
train:61141,train:9108,train,61141,9108,9108.jpg,3840,2160,1,swimmer,2758.0,1454.0,30.0,34.0,1020.0,34.598312709539776,27.7,mavic,NorthSea_Sat_DJI_0131.MP4,3735,data/raw/seadronessee/odv2/images/train/9108.jpg,val
train:61142,train:9108,train,61142,9108,9108.jpg,3840,2160,1,swimmer,2325.0,1519.0,56.0,36.0,2016.0,34.598312709539776,27.7,mavic,NorthSea_Sat_DJI_0131.MP4,3735,data/raw/seadronessee/odv2/images/train/9108.jpg,val
train:61153,train:9110,train,61153,9110,9110.jpg,3840,2160,5,buoy,1736.0,479.0,39.0,57.0,2223.0,33.19838098140811,27.7,mavic,NorthSea_Sat_DJI_0131.MP4,3765,data/raw/seadronessee/odv2/images/train/9110.jpg,val
train:61154,train:9110,train,61154,9110,9110.jpg,3840,2160,3,jetski,1976.0,1110.0,152.0,46.0,6992.0,33.19838098140811,27.7,mavic,NorthSea_Sat_DJI_0131.MP4,3765,data/raw/seadronessee/odv2/images/train/9110.jpg,val
train:61155,train:9110,train,61155,9110,9110.jpg,3840,2160,1,swimmer,1512.0,1688.0,44.0,35.0,1540.0,33.19838098140811,27.7,mavic,NorthSea_Sat_DJI_0131.MP4,3765,data/raw/seadronessee/odv2/images/train/9110.jpg,val
train:61156,train:9110,train,61156,9110,9110.jpg,3840,2160,2,boat,1172.0,1739.0,278.0,212.0,58936.0,33.19838098140811,27.7,mavic,NorthSea_Sat_DJI_0131.MP4,3765,data/raw/seadronessee/odv2/images/train/9110.jpg,val
train:61157,train:9110,train,61157,9110,9110.jpg,3840,2160,1,swimmer,1852.0,1141.0,55.0,28.0,1540.0,33.19838098140811,27.7,mavic,NorthSea_Sat_DJI_0131.MP4,3765,data/raw/seadronessee/odv2/images/train/9110.jpg,val
train:61158,train:9110,train,61158,9110,9110.jpg,3840,2160,2,boat,3204.0,1281.0,308.0,160.0,49280.0,33.19838098140811,27.7,mavic,NorthSea_Sat_DJI_0131.MP4,3765,data/raw/seadronessee/odv2/images/train/9110.jpg,val
train:61159,train:9110,train,61159,9110,9110.jpg,3840,2160,1,swimmer,1474.0,1481.0,49.0,41.0,2009.0,33.19838098140811,27.7,mavic,NorthSea_Sat_DJI_0131.MP4,3765,data/raw/seadronessee/odv2/images/train/9110.jpg,val
train:61160,train:9110,train,61160,9110,9110.jpg,3840,2160,1,swimmer,1829.0,1220.0,28.0,32.0,896.0,33.19838098140811,27.7,mavic,NorthSea_Sat_DJI_0131.MP4,3765,data/raw/seadronessee/odv2/images/train/9110.jpg,val
train:61162,train:9110,train,61162,9110,9110.jpg,3840,2160,1,swimmer,2734.0,1425.0,27.0,33.0,891.0,33.19838098140811,27.7,mavic,NorthSea_Sat_DJI_0131.MP4,3765,data/raw/seadronessee/odv2/images/train/9110.jpg,val
train:61163,train:9110,train,61163,9110,9110.jpg,3840,2160,1,swimmer,2289.0,1484.0,55.0,35.0,1925.0,33.19838098140811,27.7,mavic,NorthSea_Sat_DJI_0131.MP4,3765,data/raw/seadronessee/odv2/images/train/9110.jpg,val
train:61175,train:9112,train,61175,9112,9112.jpg,3840,2160,5,buoy,1731.0,442.0,39.0,59.0,2301.0,32.3984199939043,27.7,mavic,NorthSea_Sat_DJI_0131.MP4,3795,data/raw/seadronessee/odv2/images/train/9112.jpg,val
train:61176,train:9112,train,61176,9112,9112.jpg,3840,2160,3,jetski,2003.0,1065.0,144.0,52.0,7488.0,32.3984199939043,27.7,mavic,NorthSea_Sat_DJI_0131.MP4,3795,data/raw/seadronessee/odv2/images/train/9112.jpg,val
train:61177,train:9112,train,61177,9112,9112.jpg,3840,2160,1,swimmer,1506.0,1628.0,62.0,42.0,2604.0,32.3984199939043,27.7,mavic,NorthSea_Sat_DJI_0131.MP4,3795,data/raw/seadronessee/odv2/images/train/9112.jpg,val
train:61178,train:9112,train,61178,9112,9112.jpg,3840,2160,2,boat,1160.0,1695.0,280.0,209.0,58520.0,32.3984199939043,27.7,mavic,NorthSea_Sat_DJI_0131.MP4,3795,data/raw/seadronessee/odv2/images/train/9112.jpg,val
train:61179,train:9112,train,61179,9112,9112.jpg,3840,2160,1,swimmer,1846.0,1095.0,63.0,29.0,1827.0,32.3984199939043,27.7,mavic,NorthSea_Sat_DJI_0131.MP4,3795,data/raw/seadronessee/odv2/images/train/9112.jpg,val
train:61180,train:9112,train,61180,9112,9112.jpg,3840,2160,2,boat,3224.0,1238.0,306.0,161.0,49266.0,32.3984199939043,27.7,mavic,NorthSea_Sat_DJI_0131.MP4,3795,data/raw/seadronessee/odv2/images/train/9112.jpg,val
train:61181,train:9112,train,61181,9112,9112.jpg,3840,2160,1,swimmer,1467.0,1430.0,50.0,33.0,1650.0,32.3984199939043,27.7,mavic,NorthSea_Sat_DJI_0131.MP4,3795,data/raw/seadronessee/odv2/images/train/9112.jpg,val
train:61182,train:9112,train,61182,9112,9112.jpg,3840,2160,1,swimmer,1835.0,1180.0,42.0,29.0,1218.0,32.3984199939043,27.7,mavic,NorthSea_Sat_DJI_0131.MP4,3795,data/raw/seadronessee/odv2/images/train/9112.jpg,val
train:61184,train:9112,train,61184,9112,9112.jpg,3840,2160,1,swimmer,2714.0,1373.0,28.0,34.0,952.0,32.3984199939043,27.7,mavic,NorthSea_Sat_DJI_0131.MP4,3795,data/raw/seadronessee/odv2/images/train/9112.jpg,val
train:61185,train:9112,train,61185,9112,9112.jpg,3840,2160,1,swimmer,2271.0,1439.0,46.0,30.0,1380.0,32.3984199939043,27.7,mavic,NorthSea_Sat_DJI_0131.MP4,3795,data/raw/seadronessee/odv2/images/train/9112.jpg,val
train:61197,train:9114,train,61197,9114,9114.jpg,3840,2160,5,buoy,1714.0,401.0,39.0,58.0,2262.0,30.698502895458702,27.7,mavic,NorthSea_Sat_DJI_0131.MP4,3825,data/raw/seadronessee/odv2/images/train/9114.jpg,val
train:61198,train:9114,train,61198,9114,9114.jpg,3840,2160,3,jetski,2005.0,1011.0,137.0,53.0,7261.0,30.698502895458702,27.7,mavic,NorthSea_Sat_DJI_0131.MP4,3825,data/raw/seadronessee/odv2/images/train/9114.jpg,val
train:61199,train:9114,train,61199,9114,9114.jpg,3840,2160,1,swimmer,1475.0,1564.0,46.0,35.0,1610.0,30.698502895458702,27.7,mavic,NorthSea_Sat_DJI_0131.MP4,3825,data/raw/seadronessee/odv2/images/train/9114.jpg,val
train:61200,train:9114,train,61200,9114,9114.jpg,3840,2160,2,boat,1109.0,1635.0,289.0,201.0,58089.0,30.698502895458702,27.7,mavic,NorthSea_Sat_DJI_0131.MP4,3825,data/raw/seadronessee/odv2/images/train/9114.jpg,val
train:61201,train:9114,train,61201,9114,9114.jpg,3840,2160,1,swimmer,1832.0,1041.0,57.0,27.0,1539.0,30.698502895458702,27.7,mavic,NorthSea_Sat_DJI_0131.MP4,3825,data/raw/seadronessee/odv2/images/train/9114.jpg,val
train:61202,train:9114,train,61202,9114,9114.jpg,3840,2160,2,boat,3219.0,1180.0,303.0,161.0,48783.0,30.698502895458702,27.7,mavic,NorthSea_Sat_DJI_0131.MP4,3825,data/raw/seadronessee/odv2/images/train/9114.jpg,val
train:61203,train:9114,train,61203,9114,9114.jpg,3840,2160,1,swimmer,1430.0,1374.0,54.0,33.0,1782.0,30.698502895458702,27.7,mavic,NorthSea_Sat_DJI_0131.MP4,3825,data/raw/seadronessee/odv2/images/train/9114.jpg,val
train:61204,train:9114,train,61204,9114,9114.jpg,3840,2160,1,swimmer,1822.0,1122.0,29.0,27.0,783.0,30.698502895458702,27.7,mavic,NorthSea_Sat_DJI_0131.MP4,3825,data/raw/seadronessee/odv2/images/train/9114.jpg,val
train:61206,train:9114,train,61206,9114,9114.jpg,3840,2160,1,swimmer,2684.0,1302.0,32.0,36.0,1152.0,30.698502895458702,27.7,mavic,NorthSea_Sat_DJI_0131.MP4,3825,data/raw/seadronessee/odv2/images/train/9114.jpg,val
train:61207,train:9114,train,61207,9114,9114.jpg,3840,2160,1,swimmer,2209.0,1378.0,57.0,34.0,1938.0,30.698502895458702,27.7,mavic,NorthSea_Sat_DJI_0131.MP4,3825,data/raw/seadronessee/odv2/images/train/9114.jpg,val
train:61219,train:9116,train,61219,9116,9116.jpg,3840,2160,5,buoy,1696.0,378.0,40.0,58.0,2320.0,29.09858092045108,27.7,mavic,NorthSea_Sat_DJI_0131.MP4,3855,data/raw/seadronessee/odv2/images/train/9116.jpg,val
train:61220,train:9116,train,61220,9116,9116.jpg,3840,2160,1,swimmer,1444.0,1517.0,56.0,34.0,1904.0,29.09858092045108,27.7,mavic,NorthSea_Sat_DJI_0131.MP4,3855,data/raw/seadronessee/odv2/images/train/9116.jpg,val
train:61221,train:9116,train,61221,9116,9116.jpg,3840,2160,2,boat,1059.0,1599.0,293.0,199.0,58307.0,29.09858092045108,27.7,mavic,NorthSea_Sat_DJI_0131.MP4,3855,data/raw/seadronessee/odv2/images/train/9116.jpg,val
train:61222,train:9116,train,61222,9116,9116.jpg,3840,2160,1,swimmer,1823.0,1016.0,44.0,21.0,924.0,29.09858092045108,27.7,mavic,NorthSea_Sat_DJI_0131.MP4,3855,data/raw/seadronessee/odv2/images/train/9116.jpg,val
train:61223,train:9116,train,61223,9116,9116.jpg,3840,2160,2,boat,3189.0,1133.0,315.0,156.0,49140.0,29.09858092045108,27.7,mavic,NorthSea_Sat_DJI_0131.MP4,3855,data/raw/seadronessee/odv2/images/train/9116.jpg,val
train:61224,train:9116,train,61224,9116,9116.jpg,3840,2160,1,swimmer,1390.0,1337.0,40.0,33.0,1320.0,29.09858092045108,27.7,mavic,NorthSea_Sat_DJI_0131.MP4,3855,data/raw/seadronessee/odv2/images/train/9116.jpg,val
train:61225,train:9116,train,61225,9116,9116.jpg,3840,2160,1,swimmer,1808.0,1091.0,37.0,29.0,1073.0,29.09858092045108,27.7,mavic,NorthSea_Sat_DJI_0131.MP4,3855,data/raw/seadronessee/odv2/images/train/9116.jpg,val
train:61227,train:9116,train,61227,9116,9116.jpg,3840,2160,1,swimmer,2645.0,1262.0,41.0,33.0,1353.0,29.09858092045108,27.7,mavic,NorthSea_Sat_DJI_0131.MP4,3855,data/raw/seadronessee/odv2/images/train/9116.jpg,val
train:61228,train:9116,train,61228,9116,9116.jpg,3840,2160,1,swimmer,2160.0,1348.0,45.0,32.0,1440.0,29.09858092045108,27.7,mavic,NorthSea_Sat_DJI_0131.MP4,3855,data/raw/seadronessee/odv2/images/train/9116.jpg,val
train:61229,train:9116,train,61229,9116,9116.jpg,3840,2160,3,jetski,2012.0,982.0,129.0,60.0,7740.0,29.09858092045108,27.7,mavic,NorthSea_Sat_DJI_0131.MP4,3855,data/raw/seadronessee/odv2/images/train/9116.jpg,val
train:61241,train:9118,train,61241,9118,9118.jpg,3840,2160,5,buoy,1692.0,379.0,40.0,59.0,2360.0,27.99863456263334,27.7,mavic,NorthSea_Sat_DJI_0131.MP4,3885,data/raw/seadronessee/odv2/images/train/9118.jpg,val
train:61242,train:9118,train,61242,9118,9118.jpg,3840,2160,1,swimmer,1436.0,1514.0,58.0,31.0,1798.0,27.99863456263334,27.7,mavic,NorthSea_Sat_DJI_0131.MP4,3885,data/raw/seadronessee/odv2/images/train/9118.jpg,val
train:61243,train:9118,train,61243,9118,9118.jpg,3840,2160,2,boat,1052.0,1601.0,297.0,204.0,60588.0,27.99863456263334,27.7,mavic,NorthSea_Sat_DJI_0131.MP4,3885,data/raw/seadronessee/odv2/images/train/9118.jpg,val
train:61244,train:9118,train,61244,9118,9118.jpg,3840,2160,1,swimmer,1818.0,1024.0,49.0,22.0,1078.0,27.99863456263334,27.7,mavic,NorthSea_Sat_DJI_0131.MP4,3885,data/raw/seadronessee/odv2/images/train/9118.jpg,val
train:61245,train:9118,train,61245,9118,9118.jpg,3840,2160,2,boat,3198.0,1122.0,316.0,158.0,49928.0,27.99863456263334,27.7,mavic,NorthSea_Sat_DJI_0131.MP4,3885,data/raw/seadronessee/odv2/images/train/9118.jpg,val
train:61246,train:9118,train,61246,9118,9118.jpg,3840,2160,1,swimmer,1383.0,1351.0,56.0,38.0,2128.0,27.99863456263334,27.7,mavic,NorthSea_Sat_DJI_0131.MP4,3885,data/raw/seadronessee/odv2/images/train/9118.jpg,val
train:61247,train:9118,train,61247,9118,9118.jpg,3840,2160,1,swimmer,1775.0,1094.0,76.0,37.0,2812.0,27.99863456263334,27.7,mavic,NorthSea_Sat_DJI_0131.MP4,3885,data/raw/seadronessee/odv2/images/train/9118.jpg,val
train:61249,train:9118,train,61249,9118,9118.jpg,3840,2160,1,swimmer,2630.0,1266.0,43.0,36.0,1548.0,27.99863456263334,27.7,mavic,NorthSea_Sat_DJI_0131.MP4,3885,data/raw/seadronessee/odv2/images/train/9118.jpg,val
train:61250,train:9118,train,61250,9118,9118.jpg,3840,2160,1,swimmer,2133.0,1360.0,34.0,26.0,884.0,27.99863456263334,27.7,mavic,NorthSea_Sat_DJI_0131.MP4,3885,data/raw/seadronessee/odv2/images/train/9118.jpg,val
train:61251,train:9118,train,61251,9118,9118.jpg,3840,2160,3,jetski,2036.0,995.0,124.0,62.0,7688.0,27.99863456263334,27.7,mavic,NorthSea_Sat_DJI_0131.MP4,3885,data/raw/seadronessee/odv2/images/train/9118.jpg,val
train:61263,train:9120,train,61263,9120,9120.jpg,3840,2160,5,buoy,1694.0,377.0,41.0,58.0,2378.0,27.79864431575739,27.7,mavic,NorthSea_Sat_DJI_0131.MP4,3915,data/raw/seadronessee/odv2/images/train/9120.jpg,val
train:61264,train:9120,train,61264,9120,9120.jpg,3840,2160,1,swimmer,1438.0,1511.0,70.0,37.0,2590.0,27.79864431575739,27.7,mavic,NorthSea_Sat_DJI_0131.MP4,3915,data/raw/seadronessee/odv2/images/train/9120.jpg,val
train:61265,train:9120,train,61265,9120,9120.jpg,3840,2160,1,swimmer,1837.0,1029.0,34.0,21.0,714.0,27.79864431575739,27.7,mavic,NorthSea_Sat_DJI_0131.MP4,3915,data/raw/seadronessee/odv2/images/train/9120.jpg,val
train:61266,train:9120,train,61266,9120,9120.jpg,3840,2160,2,boat,1064.0,1606.0,302.0,200.0,60400.0,27.79864431575739,27.7,mavic,NorthSea_Sat_DJI_0131.MP4,3915,data/raw/seadronessee/odv2/images/train/9120.jpg,val
train:61267,train:9120,train,61267,9120,9120.jpg,3840,2160,2,boat,3218.0,1122.0,319.0,162.0,51678.0,27.79864431575739,27.7,mavic,NorthSea_Sat_DJI_0131.MP4,3915,data/raw/seadronessee/odv2/images/train/9120.jpg,val
train:61268,train:9120,train,61268,9120,9120.jpg,3840,2160,1,swimmer,1388.0,1342.0,44.0,31.0,1364.0,27.79864431575739,27.7,mavic,NorthSea_Sat_DJI_0131.MP4,3915,data/raw/seadronessee/odv2/images/train/9120.jpg,val
train:61269,train:9120,train,61269,9120,9120.jpg,3840,2160,1,swimmer,1788.0,1101.0,95.0,34.0,3230.0,27.79864431575739,27.7,mavic,NorthSea_Sat_DJI_0131.MP4,3915,data/raw/seadronessee/odv2/images/train/9120.jpg,val
train:61271,train:9120,train,61271,9120,9120.jpg,3840,2160,1,swimmer,2620.0,1285.0,44.0,36.0,1584.0,27.79864431575739,27.7,mavic,NorthSea_Sat_DJI_0131.MP4,3915,data/raw/seadronessee/odv2/images/train/9120.jpg,val
train:61272,train:9120,train,61272,9120,9120.jpg,3840,2160,1,swimmer,2108.0,1370.0,41.0,28.0,1148.0,27.79864431575739,27.7,mavic,NorthSea_Sat_DJI_0131.MP4,3915,data/raw/seadronessee/odv2/images/train/9120.jpg,val
train:61273,train:9120,train,61273,9120,9120.jpg,3840,2160,3,jetski,2062.0,1003.0,124.0,63.0,7812.0,27.79864431575739,27.7,mavic,NorthSea_Sat_DJI_0131.MP4,3915,data/raw/seadronessee/odv2/images/train/9120.jpg,val
train:61285,train:9122,train,61285,9122,9122.jpg,3840,2160,5,buoy,1645.0,376.0,41.0,58.0,2378.0,27.99863456263334,27.7,mavic,NorthSea_Sat_DJI_0131.MP4,3945,data/raw/seadronessee/odv2/images/train/9122.jpg,val
train:61286,train:9122,train,61286,9122,9122.jpg,3840,2160,1,swimmer,1324.0,1479.0,103.0,53.0,5459.0,27.99863456263334,27.7,mavic,NorthSea_Sat_DJI_0131.MP4,3945,data/raw/seadronessee/odv2/images/train/9122.jpg,val
train:61287,train:9122,train,61287,9122,9122.jpg,3840,2160,1,swimmer,1744.0,1025.0,44.0,21.0,924.0,27.99863456263334,27.7,mavic,NorthSea_Sat_DJI_0131.MP4,3945,data/raw/seadronessee/odv2/images/train/9122.jpg,val
train:61288,train:9122,train,61288,9122,9122.jpg,3840,2160,2,boat,936.0,1591.0,310.0,206.0,63860.0,27.99863456263334,27.7,mavic,NorthSea_Sat_DJI_0131.MP4,3945,data/raw/seadronessee/odv2/images/train/9122.jpg,val
train:61289,train:9122,train,61289,9122,9122.jpg,3840,2160,2,boat,3129.0,1119.0,321.0,163.0,52323.0,27.99863456263334,27.7,mavic,NorthSea_Sat_DJI_0131.MP4,3945,data/raw/seadronessee/odv2/images/train/9122.jpg,val
train:61290,train:9122,train,61290,9122,9122.jpg,3840,2160,1,swimmer,1285.0,1328.0,53.0,45.0,2385.0,27.99863456263334,27.7,mavic,NorthSea_Sat_DJI_0131.MP4,3945,data/raw/seadronessee/odv2/images/train/9122.jpg,val
train:61291,train:9122,train,61291,9122,9122.jpg,3840,2160,1,swimmer,1709.0,1099.0,79.0,32.0,2528.0,27.99863456263334,27.7,mavic,NorthSea_Sat_DJI_0131.MP4,3945,data/raw/seadronessee/odv2/images/train/9122.jpg,val
train:61293,train:9122,train,61293,9122,9122.jpg,3840,2160,1,swimmer,2508.0,1285.0,52.0,33.0,1716.0,27.99863456263334,27.7,mavic,NorthSea_Sat_DJI_0131.MP4,3945,data/raw/seadronessee/odv2/images/train/9122.jpg,val
train:61294,train:9122,train,61294,9122,9122.jpg,3840,2160,1,swimmer,1956.0,1370.0,48.0,32.0,1536.0,27.99863456263334,27.7,mavic,NorthSea_Sat_DJI_0131.MP4,3945,data/raw/seadronessee/odv2/images/train/9122.jpg,val
train:61295,train:9122,train,61295,9122,9122.jpg,3840,2160,3,jetski,1996.0,1009.0,117.0,67.0,7839.0,27.99863456263334,27.7,mavic,NorthSea_Sat_DJI_0131.MP4,3945,data/raw/seadronessee/odv2/images/train/9122.jpg,val
train:61307,train:9124,train,61307,9124,9124.jpg,3840,2160,5,buoy,1548.0,364.0,41.0,58.0,2378.0,27.59865406888144,27.7,mavic,NorthSea_Sat_DJI_0131.MP4,3975,data/raw/seadronessee/odv2/images/train/9124.jpg,val
train:61308,train:9124,train,61308,9124,9124.jpg,3840,2160,1,swimmer,1138.0,1453.0,99.0,51.0,5049.0,27.59865406888144,27.7,mavic,NorthSea_Sat_DJI_0131.MP4,3975,data/raw/seadronessee/odv2/images/train/9124.jpg,val
train:61309,train:9124,train,61309,9124,9124.jpg,3840,2160,1,swimmer,1590.0,1004.0,44.0,21.0,924.0,27.59865406888144,27.7,mavic,NorthSea_Sat_DJI_0131.MP4,3975,data/raw/seadronessee/odv2/images/train/9124.jpg,val
train:61311,train:9124,train,61311,9124,9124.jpg,3840,2160,2,boat,703.0,1568.0,319.0,204.0,65076.0,27.59865406888144,27.7,mavic,NorthSea_Sat_DJI_0131.MP4,3975,data/raw/seadronessee/odv2/images/train/9124.jpg,val
train:61312,train:9124,train,61312,9124,9124.jpg,3840,2160,2,boat,2960.0,1102.0,320.0,165.0,52800.0,27.59865406888144,27.7,mavic,NorthSea_Sat_DJI_0131.MP4,3975,data/raw/seadronessee/odv2/images/train/9124.jpg,val
train:61313,train:9124,train,61313,9124,9124.jpg,3840,2160,1,swimmer,1102.0,1310.0,47.0,32.0,1504.0,27.59865406888144,27.7,mavic,NorthSea_Sat_DJI_0131.MP4,3975,data/raw/seadronessee/odv2/images/train/9124.jpg,val
train:61314,train:9124,train,61314,9124,9124.jpg,3840,2160,1,swimmer,2315.0,1272.0,38.0,34.0,1292.0,27.59865406888144,27.7,mavic,NorthSea_Sat_DJI_0131.MP4,3975,data/raw/seadronessee/odv2/images/train/9124.jpg,val
train:61315,train:9124,train,61315,9124,9124.jpg,3840,2160,1,swimmer,1734.0,1355.0,40.0,29.0,1160.0,27.59865406888144,27.7,mavic,NorthSea_Sat_DJI_0131.MP4,3975,data/raw/seadronessee/odv2/images/train/9124.jpg,val
train:61316,train:9124,train,61316,9124,9124.jpg,3840,2160,3,jetski,1846.0,1004.0,119.0,67.0,7973.0,27.59865406888144,27.7,mavic,NorthSea_Sat_DJI_0131.MP4,3975,data/raw/seadronessee/odv2/images/train/9124.jpg,val
train:61327,train:9126,train,61327,9126,9126.jpg,3840,2160,1,swimmer,1149.0,1438.0,118.0,54.0,6372.0,26.998683328253588,27.7,mavic,NorthSea_Sat_DJI_0131.MP4,4005,data/raw/seadronessee/odv2/images/train/9126.jpg,val
train:61328,train:9126,train,61328,9126,9126.jpg,3840,2160,1,swimmer,1592.0,998.0,42.0,25.0,1050.0,26.998683328253588,27.7,mavic,NorthSea_Sat_DJI_0131.MP4,4005,data/raw/seadronessee/odv2/images/train/9126.jpg,val
train:61329,train:9126,train,61329,9126,9126.jpg,3840,2160,5,buoy,1537.0,356.0,40.0,59.0,2360.0,26.998683328253588,27.7,mavic,NorthSea_Sat_DJI_0131.MP4,4005,data/raw/seadronessee/odv2/images/train/9126.jpg,val
train:61330,train:9126,train,61330,9126,9126.jpg,3840,2160,1,swimmer,1092.0,1315.0,52.0,29.0,1508.0,26.998683328253588,27.7,mavic,NorthSea_Sat_DJI_0131.MP4,4005,data/raw/seadronessee/odv2/images/train/9126.jpg,val
train:61331,train:9126,train,61331,9126,9126.jpg,3840,2160,1,swimmer,2275.0,1290.0,45.0,30.0,1350.0,26.998683328253588,27.7,mavic,NorthSea_Sat_DJI_0131.MP4,4005,data/raw/seadronessee/odv2/images/train/9126.jpg,val
train:61333,train:9126,train,61333,9126,9126.jpg,3840,2160,2,boat,686.0,1582.0,323.0,205.0,66215.0,26.998683328253588,27.7,mavic,NorthSea_Sat_DJI_0131.MP4,4005,data/raw/seadronessee/odv2/images/train/9126.jpg,val
train:61334,train:9126,train,61334,9126,9126.jpg,3840,2160,2,boat,2962.0,1107.0,323.0,162.0,52326.0,26.998683328253588,27.7,mavic,NorthSea_Sat_DJI_0131.MP4,4005,data/raw/seadronessee/odv2/images/train/9126.jpg,val
train:61335,train:9126,train,61335,9126,9126.jpg,3840,2160,1,swimmer,1693.0,1353.0,42.0,29.0,1218.0,26.998683328253588,27.7,mavic,NorthSea_Sat_DJI_0131.MP4,4005,data/raw/seadronessee/odv2/images/train/9126.jpg,val
train:61336,train:9126,train,61336,9126,9126.jpg,3840,2160,3,jetski,1848.0,1018.0,125.0,71.0,8875.0,26.998683328253588,27.7,mavic,NorthSea_Sat_DJI_0131.MP4,4005,data/raw/seadronessee/odv2/images/train/9126.jpg,val
train:61347,train:9128,train,61347,9128,9128.jpg,3840,2160,1,swimmer,1648.0,1002.0,58.0,29.0,1682.0,26.898688204815596,27.7,mavic,NorthSea_Sat_DJI_0131.MP4,4035,data/raw/seadronessee/odv2/images/train/9128.jpg,val
train:61348,train:9128,train,61348,9128,9128.jpg,3840,2160,5,buoy,1569.0,352.0,42.0,58.0,2436.0,26.898688204815596,27.7,mavic,NorthSea_Sat_DJI_0131.MP4,4035,data/raw/seadronessee/odv2/images/train/9128.jpg,val
train:61349,train:9128,train,61349,9128,9128.jpg,3840,2160,1,swimmer,1249.0,1439.0,99.0,55.0,5445.0,26.898688204815596,27.7,mavic,NorthSea_Sat_DJI_0131.MP4,4035,data/raw/seadronessee/odv2/images/train/9128.jpg,val
train:61350,train:9128,train,61350,9128,9128.jpg,3840,2160,1,swimmer,1146.0,1318.0,55.0,31.0,1705.0,26.898688204815596,27.7,mavic,NorthSea_Sat_DJI_0131.MP4,4035,data/raw/seadronessee/odv2/images/train/9128.jpg,val
train:61351,train:9128,train,61351,9128,9128.jpg,3840,2160,1,swimmer,2349.0,1285.0,27.0,34.0,918.0,26.898688204815596,27.7,mavic,NorthSea_Sat_DJI_0131.MP4,4035,data/raw/seadronessee/odv2/images/train/9128.jpg,val
train:61353,train:9128,train,61353,9128,9128.jpg,3840,2160,2,boat,3042.0,1107.0,326.0,164.0,53464.0,26.898688204815596,27.7,mavic,NorthSea_Sat_DJI_0131.MP4,4035,data/raw/seadronessee/odv2/images/train/9128.jpg,val
train:61354,train:9128,train,61354,9128,9128.jpg,3840,2160,2,boat,749.0,1593.0,326.0,206.0,67156.0,26.898688204815596,27.7,mavic,NorthSea_Sat_DJI_0131.MP4,4035,data/raw/seadronessee/odv2/images/train/9128.jpg,val
train:61355,train:9128,train,61355,9128,9128.jpg,3840,2160,1,swimmer,1741.0,1360.0,44.0,30.0,1320.0,26.898688204815596,27.7,mavic,NorthSea_Sat_DJI_0131.MP4,4035,data/raw/seadronessee/odv2/images/train/9128.jpg,val
train:61356,train:9128,train,61356,9128,9128.jpg,3840,2160,3,jetski,1926.0,1029.0,136.0,67.0,9112.0,26.898688204815596,27.7,mavic,NorthSea_Sat_DJI_0131.MP4,4035,data/raw/seadronessee/odv2/images/train/9128.jpg,val
train:61367,train:9130,train,61367,9130,9130.jpg,3840,2160,1,swimmer,1665.0,1042.0,84.0,27.0,2268.0,26.898688204815596,27.7,mavic,NorthSea_Sat_DJI_0131.MP4,4065,data/raw/seadronessee/odv2/images/train/9130.jpg,val
train:61368,train:9130,train,61368,9130,9130.jpg,3840,2160,5,buoy,1574.0,355.0,42.0,59.0,2478.0,26.898688204815596,27.7,mavic,NorthSea_Sat_DJI_0131.MP4,4065,data/raw/seadronessee/odv2/images/train/9130.jpg,val
train:61369,train:9130,train,61369,9130,9130.jpg,3840,2160,1,swimmer,1239.0,1491.0,120.0,74.0,8880.0,26.898688204815596,27.7,mavic,NorthSea_Sat_DJI_0131.MP4,4065,data/raw/seadronessee/odv2/images/train/9130.jpg,val
train:61370,train:9130,train,61370,9130,9130.jpg,3840,2160,1,swimmer,1134.0,1376.0,49.0,32.0,1568.0,26.898688204815596,27.7,mavic,NorthSea_Sat_DJI_0131.MP4,4065,data/raw/seadronessee/odv2/images/train/9130.jpg,val
train:61371,train:9130,train,61371,9130,9130.jpg,3840,2160,1,swimmer,2396.0,1337.0,25.0,34.0,850.0,26.898688204815596,27.7,mavic,NorthSea_Sat_DJI_0131.MP4,4065,data/raw/seadronessee/odv2/images/train/9130.jpg,val
train:61373,train:9130,train,61373,9130,9130.jpg,3840,2160,2,boat,3130.0,1146.0,343.0,173.0,59339.0,26.898688204815596,27.7,mavic,NorthSea_Sat_DJI_0131.MP4,4065,data/raw/seadronessee/odv2/images/train/9130.jpg,val
train:61374,train:9130,train,61374,9130,9130.jpg,3840,2160,2,boat,706.0,1680.0,353.0,225.0,79425.0,26.898688204815596,27.7,mavic,NorthSea_Sat_DJI_0131.MP4,4065,data/raw/seadronessee/odv2/images/train/9130.jpg,val
train:61375,train:9130,train,61375,9130,9130.jpg,3840,2160,1,swimmer,1732.0,1436.0,50.0,48.0,2400.0,26.898688204815596,27.7,mavic,NorthSea_Sat_DJI_0131.MP4,4065,data/raw/seadronessee/odv2/images/train/9130.jpg,val
train:61376,train:9130,train,61376,9130,9130.jpg,3840,2160,3,jetski,1988.0,1075.0,144.0,75.0,10800.0,26.898688204815596,27.7,mavic,NorthSea_Sat_DJI_0131.MP4,4065,data/raw/seadronessee/odv2/images/train/9130.jpg,val
train:61387,train:9132,train,61387,9132,9132.jpg,3840,2160,1,swimmer,1671.0,1066.0,68.0,30.0,2040.0,26.198722340749764,27.7,mavic,NorthSea_Sat_DJI_0131.MP4,4095,data/raw/seadronessee/odv2/images/train/9132.jpg,val
train:61388,train:9132,train,61388,9132,9132.jpg,3840,2160,5,buoy,1561.0,340.0,42.0,62.0,2604.0,26.198722340749764,27.7,mavic,NorthSea_Sat_DJI_0131.MP4,4095,data/raw/seadronessee/odv2/images/train/9132.jpg,val
train:61389,train:9132,train,61389,9132,9132.jpg,3840,2160,1,swimmer,1216.0,1563.0,118.0,65.0,7670.0,26.198722340749764,27.7,mavic,NorthSea_Sat_DJI_0131.MP4,4095,data/raw/seadronessee/odv2/images/train/9132.jpg,val
train:61390,train:9132,train,61390,9132,9132.jpg,3840,2160,1,swimmer,1077.0,1434.0,59.0,38.0,2242.0,26.198722340749764,27.7,mavic,NorthSea_Sat_DJI_0131.MP4,4095,data/raw/seadronessee/odv2/images/train/9132.jpg,val
train:61391,train:9132,train,61391,9132,9132.jpg,3840,2160,1,swimmer,2447.0,1406.0,29.0,38.0,1102.0,26.198722340749764,27.7,mavic,NorthSea_Sat_DJI_0131.MP4,4095,data/raw/seadronessee/odv2/images/train/9132.jpg,val
train:61393,train:9132,train,61393,9132,9132.jpg,3840,2160,2,boat,3263.0,1188.0,376.0,190.0,71440.0,26.198722340749764,27.7,mavic,NorthSea_Sat_DJI_0131.MP4,4095,data/raw/seadronessee/odv2/images/train/9132.jpg,val
train:61394,train:9132,train,61394,9132,9132.jpg,3840,2160,2,boat,559.0,1789.0,407.0,261.0,106227.0,26.198722340749764,27.7,mavic,NorthSea_Sat_DJI_0131.MP4,4095,data/raw/seadronessee/odv2/images/train/9132.jpg,val
train:61395,train:9132,train,61395,9132,9132.jpg,3840,2160,1,swimmer,1687.0,1524.0,49.0,47.0,2303.0,26.198722340749764,27.7,mavic,NorthSea_Sat_DJI_0131.MP4,4095,data/raw/seadronessee/odv2/images/train/9132.jpg,val
train:61396,train:9132,train,61396,9132,9132.jpg,3840,2160,3,jetski,2044.0,1125.0,161.0,84.0,13524.0,26.198722340749764,27.7,mavic,NorthSea_Sat_DJI_0131.MP4,4095,data/raw/seadronessee/odv2/images/train/9132.jpg,val
train:62039,train:9208,train,62039,9208,9208.jpg,3840,2160,2,boat,1618.0,260.0,162.0,99.0,16038.0,25.398761353245963,35.7,mavic,NorthSea_Sat_DJI_0131.MP4,5235,data/raw/seadronessee/odv2/images/train/9208.jpg,val
train:62040,train:9208,train,62040,9208,9208.jpg,3840,2160,3,jetski,1724.0,586.0,152.0,96.0,14592.0,25.398761353245963,35.7,mavic,NorthSea_Sat_DJI_0131.MP4,5235,data/raw/seadronessee/odv2/images/train/9208.jpg,val
train:62041,train:9208,train,62041,9208,9208.jpg,3840,2160,1,swimmer,1899.0,512.0,24.0,24.0,576.0,25.398761353245963,35.7,mavic,NorthSea_Sat_DJI_0131.MP4,5235,data/raw/seadronessee/odv2/images/train/9208.jpg,val
train:62043,train:9208,train,62043,9208,9208.jpg,3840,2160,1,swimmer,1962.0,525.0,41.0,35.0,1435.0,25.398761353245963,35.7,mavic,NorthSea_Sat_DJI_0131.MP4,5235,data/raw/seadronessee/odv2/images/train/9208.jpg,val
train:62044,train:9208,train,62044,9208,9208.jpg,3840,2160,1,swimmer,1990.0,462.0,36.0,27.0,972.0,25.398761353245963,35.7,mavic,NorthSea_Sat_DJI_0131.MP4,5235,data/raw/seadronessee/odv2/images/train/9208.jpg,val
train:62046,train:9208,train,62046,9208,9208.jpg,3840,2160,2,boat,1774.0,1355.0,283.0,364.0,103012.0,25.398761353245963,35.7,mavic,NorthSea_Sat_DJI_0131.MP4,5235,data/raw/seadronessee/odv2/images/train/9208.jpg,val
train:62057,train:9210,train,62057,9210,9210.jpg,3840,2160,2,boat,1618.0,321.0,170.0,98.0,16660.0,25.298766229807985,35.7,mavic,NorthSea_Sat_DJI_0131.MP4,5265,data/raw/seadronessee/odv2/images/train/9210.jpg,val
train:62058,train:9210,train,62058,9210,9210.jpg,3840,2160,3,jetski,1717.0,646.0,154.0,97.0,14938.0,25.298766229807985,35.7,mavic,NorthSea_Sat_DJI_0131.MP4,5265,data/raw/seadronessee/odv2/images/train/9210.jpg,val
train:62059,train:9210,train,62059,9210,9210.jpg,3840,2160,1,swimmer,1892.0,575.0,32.0,24.0,768.0,25.298766229807985,35.7,mavic,NorthSea_Sat_DJI_0131.MP4,5265,data/raw/seadronessee/odv2/images/train/9210.jpg,val
train:62061,train:9210,train,62061,9210,9210.jpg,3840,2160,1,swimmer,1967.0,582.0,37.0,34.0,1258.0,25.298766229807985,35.7,mavic,NorthSea_Sat_DJI_0131.MP4,5265,data/raw/seadronessee/odv2/images/train/9210.jpg,val
train:62062,train:9210,train,62062,9210,9210.jpg,3840,2160,1,swimmer,1989.0,527.0,35.0,27.0,945.0,25.298766229807985,35.7,mavic,NorthSea_Sat_DJI_0131.MP4,5265,data/raw/seadronessee/odv2/images/train/9210.jpg,val
train:62064,train:9210,train,62064,9210,9210.jpg,3840,2160,2,boat,1787.0,1477.0,295.0,387.0,114165.0,25.298766229807985,35.7,mavic,NorthSea_Sat_DJI_0131.MP4,5265,data/raw/seadronessee/odv2/images/train/9210.jpg,val
train:62075,train:9212,train,62075,9212,9212.jpg,3840,2160,2,boat,1615.0,338.0,167.0,101.0,16867.0,25.598751600121922,35.7,mavic,NorthSea_Sat_DJI_0131.MP4,5295,data/raw/seadronessee/odv2/images/train/9212.jpg,val
train:62076,train:9212,train,62076,9212,9212.jpg,3840,2160,3,jetski,1710.0,667.0,153.0,97.0,14841.0,25.598751600121922,35.7,mavic,NorthSea_Sat_DJI_0131.MP4,5295,data/raw/seadronessee/odv2/images/train/9212.jpg,val
train:62077,train:9212,train,62077,9212,9212.jpg,3840,2160,1,swimmer,1886.0,597.0,30.0,24.0,720.0,25.598751600121922,35.7,mavic,NorthSea_Sat_DJI_0131.MP4,5295,data/raw/seadronessee/odv2/images/train/9212.jpg,val
train:62079,train:9212,train,62079,9212,9212.jpg,3840,2160,1,swimmer,1970.0,603.0,34.0,34.0,1156.0,25.598751600121922,35.7,mavic,NorthSea_Sat_DJI_0131.MP4,5295,data/raw/seadronessee/odv2/images/train/9212.jpg,val
train:62080,train:9212,train,62080,9212,9212.jpg,3840,2160,1,swimmer,1975.0,547.0,71.0,35.0,2485.0,25.598751600121922,35.7,mavic,NorthSea_Sat_DJI_0131.MP4,5295,data/raw/seadronessee/odv2/images/train/9212.jpg,val
train:62082,train:9212,train,62082,9212,9212.jpg,3840,2160,2,boat,1802.0,1531.0,300.0,385.0,115500.0,25.598751600121922,35.7,mavic,NorthSea_Sat_DJI_0131.MP4,5295,data/raw/seadronessee/odv2/images/train/9212.jpg,val
train:62093,train:9214,train,62093,9214,9214.jpg,3840,2160,2,boat,1609.0,382.0,167.0,105.0,17535.0,26.098727217311794,35.7,mavic,NorthSea_Sat_DJI_0131.MP4,5325,data/raw/seadronessee/odv2/images/train/9214.jpg,val
train:62094,train:9214,train,62094,9214,9214.jpg,3840,2160,3,jetski,1716.0,731.0,148.0,96.0,14208.0,26.098727217311794,35.7,mavic,NorthSea_Sat_DJI_0131.MP4,5325,data/raw/seadronessee/odv2/images/train/9214.jpg,val
train:62095,train:9214,train,62095,9214,9214.jpg,3840,2160,1,swimmer,1879.0,652.0,38.0,28.0,1064.0,26.098727217311794,35.7,mavic,NorthSea_Sat_DJI_0131.MP4,5325,data/raw/seadronessee/odv2/images/train/9214.jpg,val
train:62096,train:9214,train,62096,9214,9214.jpg,3840,2160,1,swimmer,1960.0,657.0,39.0,27.0,1053.0,26.098727217311794,35.7,mavic,NorthSea_Sat_DJI_0131.MP4,5325,data/raw/seadronessee/odv2/images/train/9214.jpg,val
train:62098,train:9214,train,62098,9214,9214.jpg,3840,2160,1,swimmer,1951.0,604.0,94.0,43.0,4042.0,26.098727217311794,35.7,mavic,NorthSea_Sat_DJI_0131.MP4,5325,data/raw/seadronessee/odv2/images/train/9214.jpg,val
train:62100,train:9214,train,62100,9214,9214.jpg,3840,2160,2,boat,1802.0,1612.0,301.0,402.0,121002.0,26.098727217311794,35.7,mavic,NorthSea_Sat_DJI_0131.MP4,5325,data/raw/seadronessee/odv2/images/train/9214.jpg,val
train:72060,train:10392,train,72060,10392,10392.jpg,3840,2160,1,swimmer,1925.0,880.0,21.0,34.0,714.0,26.69869795793965,49.8,mavic,NorthSea_Sat_DJI_0126.MP4,5655,data/raw/seadronessee/odv2/images/train/10392.jpg,train
train:72061,train:10392,train,72061,10392,10392.jpg,3840,2160,1,swimmer,2015.0,929.0,34.0,34.0,1156.0,26.69869795793965,49.8,mavic,NorthSea_Sat_DJI_0126.MP4,5655,data/raw/seadronessee/odv2/images/train/10392.jpg,train
train:72062,train:10392,train,72062,10392,10392.jpg,3840,2160,1,swimmer,2020.0,832.0,39.0,34.0,1326.0,26.69869795793965,49.8,mavic,NorthSea_Sat_DJI_0126.MP4,5655,data/raw/seadronessee/odv2/images/train/10392.jpg,train
train:72063,train:10392,train,72063,10392,10392.jpg,3840,2160,1,swimmer,2243.0,1131.0,33.0,29.0,957.0,26.69869795793965,49.8,mavic,NorthSea_Sat_DJI_0126.MP4,5655,data/raw/seadronessee/odv2/images/train/10392.jpg,train
train:72064,train:10392,train,72064,10392,10392.jpg,3840,2160,1,swimmer,2433.0,1047.0,32.0,32.0,1024.0,26.69869795793965,49.8,mavic,NorthSea_Sat_DJI_0126.MP4,5655,data/raw/seadronessee/odv2/images/train/10392.jpg,train
train:72065,train:10392,train,72065,10392,10392.jpg,3840,2160,2,boat,1055.0,1568.0,195.0,373.0,72735.0,26.69869795793965,49.8,mavic,NorthSea_Sat_DJI_0126.MP4,5655,data/raw/seadronessee/odv2/images/train/10392.jpg,train
train:72066,train:10392,train,72066,10392,10392.jpg,3840,2160,1,swimmer,1308.0,810.0,51.0,38.0,1938.0,26.69869795793965,49.8,mavic,NorthSea_Sat_DJI_0126.MP4,5655,data/raw/seadronessee/odv2/images/train/10392.jpg,train
train:72067,train:10392,train,72067,10392,10392.jpg,3840,2160,1,swimmer,2547.0,1032.0,26.0,32.0,832.0,26.69869795793965,49.8,mavic,NorthSea_Sat_DJI_0126.MP4,5655,data/raw/seadronessee/odv2/images/train/10392.jpg,train
train:72068,train:10392,train,72068,10392,10392.jpg,3840,2160,1,swimmer,1957.0,724.0,41.0,33.0,1353.0,26.69869795793965,49.8,mavic,NorthSea_Sat_DJI_0126.MP4,5655,data/raw/seadronessee/odv2/images/train/10392.jpg,train
train:72069,train:10392,train,72069,10392,10392.jpg,3840,2160,1,swimmer,1499.0,1314.0,41.0,45.0,1845.0,26.69869795793965,49.8,mavic,NorthSea_Sat_DJI_0126.MP4,5655,data/raw/seadronessee/odv2/images/train/10392.jpg,train
train:72070,train:10392,train,72070,10392,10392.jpg,3840,2160,1,swimmer,2118.0,855.0,29.0,34.0,986.0,26.69869795793965,49.8,mavic,NorthSea_Sat_DJI_0126.MP4,5655,data/raw/seadronessee/odv2/images/train/10392.jpg,train
train:72071,train:10392,train,72071,10392,10392.jpg,3840,2160,3,jetski,1198.0,1718.0,142.0,319.0,45298.0,26.69869795793965,49.8,mavic,NorthSea_Sat_DJI_0126.MP4,5655,data/raw/seadronessee/odv2/images/train/10392.jpg,train
train:72073,train:10392,train,72073,10392,10392.jpg,3840,2160,1,swimmer,1682.0,1403.0,47.0,45.0,2115.0,26.69869795793965,49.8,mavic,NorthSea_Sat_DJI_0126.MP4,5655,data/raw/seadronessee/odv2/images/train/10392.jpg,train
train:72074,train:10392,train,72074,10392,10392.jpg,3840,2160,5,buoy,544.0,0.0,88.0,69.0,6072.0,26.69869795793965,49.8,mavic,NorthSea_Sat_DJI_0126.MP4,5655,data/raw/seadronessee/odv2/images/train/10392.jpg,train
train:72090,train:10394,train,72090,10394,10394.jpg,3840,2160,1,swimmer,2033.0,970.0,24.0,34.0,816.0,30.19852727826882,53.1,mavic,NorthSea_Sat_DJI_0126.MP4,5685,data/raw/seadronessee/odv2/images/train/10394.jpg,train
train:72091,train:10394,train,72091,10394,10394.jpg,3840,2160,1,swimmer,2110.0,1025.0,26.0,33.0,858.0,30.19852727826882,53.1,mavic,NorthSea_Sat_DJI_0126.MP4,5685,data/raw/seadronessee/odv2/images/train/10394.jpg,train
train:72092,train:10394,train,72092,10394,10394.jpg,3840,2160,1,swimmer,2128.0,928.0,30.0,29.0,870.0,30.19852727826882,53.1,mavic,NorthSea_Sat_DJI_0126.MP4,5685,data/raw/seadronessee/odv2/images/train/10394.jpg,train
train:72093,train:10394,train,72093,10394,10394.jpg,3840,2160,1,swimmer,2315.0,1231.0,31.0,30.0,930.0,30.19852727826882,53.1,mavic,NorthSea_Sat_DJI_0126.MP4,5685,data/raw/seadronessee/odv2/images/train/10394.jpg,train
train:72094,train:10394,train,72094,10394,10394.jpg,3840,2160,1,swimmer,2506.0,1166.0,32.0,33.0,1056.0,30.19852727826882,53.1,mavic,NorthSea_Sat_DJI_0126.MP4,5685,data/raw/seadronessee/odv2/images/train/10394.jpg,train
train:72095,train:10394,train,72095,10394,10394.jpg,3840,2160,2,boat,1160.0,1597.0,182.0,359.0,65338.0,30.19852727826882,53.1,mavic,NorthSea_Sat_DJI_0126.MP4,5685,data/raw/seadronessee/odv2/images/train/10394.jpg,train
train:72096,train:10394,train,72096,10394,10394.jpg,3840,2160,1,swimmer,1455.0,869.0,51.0,41.0,2091.0,30.19852727826882,53.1,mavic,NorthSea_Sat_DJI_0126.MP4,5685,data/raw/seadronessee/odv2/images/train/10394.jpg,train
train:72097,train:10394,train,72097,10394,10394.jpg,3840,2160,1,swimmer,2621.0,1160.0,30.0,30.0,900.0,30.19852727826882,53.1,mavic,NorthSea_Sat_DJI_0126.MP4,5685,data/raw/seadronessee/odv2/images/train/10394.jpg,train
train:72098,train:10394,train,72098,10394,10394.jpg,3840,2160,1,swimmer,2065.0,812.0,36.0,35.0,1260.0,30.19852727826882,53.1,mavic,NorthSea_Sat_DJI_0126.MP4,5685,data/raw/seadronessee/odv2/images/train/10394.jpg,train
train:72099,train:10394,train,72099,10394,10394.jpg,3840,2160,1,swimmer,1602.0,1384.0,29.0,50.0,1450.0,30.19852727826882,53.1,mavic,NorthSea_Sat_DJI_0126.MP4,5685,data/raw/seadronessee/odv2/images/train/10394.jpg,train
train:72100,train:10394,train,72100,10394,10394.jpg,3840,2160,1,swimmer,2205.0,947.0,27.0,40.0,1080.0,30.19852727826882,53.1,mavic,NorthSea_Sat_DJI_0126.MP4,5685,data/raw/seadronessee/odv2/images/train/10394.jpg,train
train:72101,train:10394,train,72101,10394,10394.jpg,3840,2160,3,jetski,1285.0,1742.0,136.0,311.0,42296.0,30.19852727826882,53.1,mavic,NorthSea_Sat_DJI_0126.MP4,5685,data/raw/seadronessee/odv2/images/train/10394.jpg,train
train:72103,train:10394,train,72103,10394,10394.jpg,3840,2160,1,swimmer,1772.0,1483.0,42.0,40.0,1680.0,30.19852727826882,53.1,mavic,NorthSea_Sat_DJI_0126.MP4,5685,data/raw/seadronessee/odv2/images/train/10394.jpg,train
train:72104,train:10394,train,72104,10394,10394.jpg,3840,2160,5,buoy,744.0,0.0,87.0,111.0,9657.0,30.19852727826882,53.1,mavic,NorthSea_Sat_DJI_0126.MP4,5685,data/raw/seadronessee/odv2/images/train/10394.jpg,train
train:72120,train:10396,train,72120,10396,10396.jpg,3840,2160,1,swimmer,1966.0,971.0,27.0,33.0,891.0,34.098337092349894,54.6,mavic,NorthSea_Sat_DJI_0126.MP4,5715,data/raw/seadronessee/odv2/images/train/10396.jpg,train
train:72121,train:10396,train,72121,10396,10396.jpg,3840,2160,1,swimmer,2041.0,1031.0,31.0,30.0,930.0,34.098337092349894,54.6,mavic,NorthSea_Sat_DJI_0126.MP4,5715,data/raw/seadronessee/odv2/images/train/10396.jpg,train
train:72122,train:10396,train,72122,10396,10396.jpg,3840,2160,1,swimmer,2070.0,934.0,35.0,29.0,1015.0,34.098337092349894,54.6,mavic,NorthSea_Sat_DJI_0126.MP4,5715,data/raw/seadronessee/odv2/images/train/10396.jpg,train
train:72123,train:10396,train,72123,10396,10396.jpg,3840,2160,1,swimmer,2239.0,1230.0,34.0,35.0,1190.0,34.098337092349894,54.6,mavic,NorthSea_Sat_DJI_0126.MP4,5715,data/raw/seadronessee/odv2/images/train/10396.jpg,train
train:72124,train:10396,train,72124,10396,10396.jpg,3840,2160,1,swimmer,2430.0,1178.0,33.0,33.0,1089.0,34.098337092349894,54.6,mavic,NorthSea_Sat_DJI_0126.MP4,5715,data/raw/seadronessee/odv2/images/train/10396.jpg,train
train:72125,train:10396,train,72125,10396,10396.jpg,3840,2160,1,swimmer,2139.0,953.0,33.0,32.0,1056.0,34.098337092349894,54.6,mavic,NorthSea_Sat_DJI_0126.MP4,5715,data/raw/seadronessee/odv2/images/train/10396.jpg,train
train:72126,train:10396,train,72126,10396,10396.jpg,3840,2160,2,boat,1045.0,1549.0,185.0,357.0,66045.0,34.098337092349894,54.6,mavic,NorthSea_Sat_DJI_0126.MP4,5715,data/raw/seadronessee/odv2/images/train/10396.jpg,train
train:72127,train:10396,train,72127,10396,10396.jpg,3840,2160,1,swimmer,1405.0,863.0,46.0,37.0,1702.0,34.098337092349894,54.6,mavic,NorthSea_Sat_DJI_0126.MP4,5715,data/raw/seadronessee/odv2/images/train/10396.jpg,train
train:72128,train:10396,train,72128,10396,10396.jpg,3840,2160,1,swimmer,2549.0,1173.0,29.0,36.0,1044.0,34.098337092349894,54.6,mavic,NorthSea_Sat_DJI_0126.MP4,5715,data/raw/seadronessee/odv2/images/train/10396.jpg,train
train:72129,train:10396,train,72129,10396,10396.jpg,3840,2160,1,swimmer,1508.0,1350.0,36.0,50.0,1800.0,34.098337092349894,54.6,mavic,NorthSea_Sat_DJI_0126.MP4,5715,data/raw/seadronessee/odv2/images/train/10396.jpg,train
train:72130,train:10396,train,72130,10396,10396.jpg,3840,2160,1,swimmer,1672.0,1468.0,33.0,35.0,1155.0,34.098337092349894,54.6,mavic,NorthSea_Sat_DJI_0126.MP4,5715,data/raw/seadronessee/odv2/images/train/10396.jpg,train
train:72131,train:10396,train,72131,10396,10396.jpg,3840,2160,1,swimmer,2008.0,813.0,44.0,37.0,1628.0,34.098337092349894,54.6,mavic,NorthSea_Sat_DJI_0126.MP4,5715,data/raw/seadronessee/odv2/images/train/10396.jpg,train
train:72132,train:10396,train,72132,10396,10396.jpg,3840,2160,3,jetski,1152.0,1696.0,148.0,308.0,45584.0,34.098337092349894,54.6,mavic,NorthSea_Sat_DJI_0126.MP4,5715,data/raw/seadronessee/odv2/images/train/10396.jpg,train
train:72134,train:10396,train,72134,10396,10396.jpg,3840,2160,5,buoy,750.0,0.0,87.0,111.0,9657.0,34.098337092349894,54.6,mavic,NorthSea_Sat_DJI_0126.MP4,5715,data/raw/seadronessee/odv2/images/train/10396.jpg,train
train:79131,train:11213,train,79131,11213,11213.jpg,3840,2160,2,boat,2222.0,632.0,607.0,1319.0,800633.0,26.098727217311794,61.4,mavic,NorthSea_Thu_DJI_0106.MP4,1575,data/raw/seadronessee/odv2/images/train/11213.jpg,train
train:79133,train:11215,train,79133,11215,11215.jpg,3840,2160,2,boat,2221.0,804.0,574.0,1211.0,695114.0,28.598605303261202,61.4,mavic,NorthSea_Thu_DJI_0106.MP4,1605,data/raw/seadronessee/odv2/images/train/11215.jpg,train
train:79135,train:11217,train,79135,11217,11217.jpg,3840,2160,2,boat,2245.0,872.0,520.0,1242.0,645840.0,30.398517525144772,61.4,mavic,NorthSea_Thu_DJI_0106.MP4,1635,data/raw/seadronessee/odv2/images/train/11217.jpg,train
train:79144,train:11226,train,79144,11226,11226.jpg,3840,2160,2,boat,3271.0,339.0,380.0,1033.0,392540.0,33.498366351722034,61.4,mavic,NorthSea_Thu_DJI_0106.MP4,1830,data/raw/seadronessee/odv2/images/train/11226.jpg,train
train:79146,train:11228,train,79146,11228,11228.jpg,3840,2160,2,boat,2697.0,46.0,571.0,944.0,539024.0,33.498366351722034,61.5,mavic,NorthSea_Thu_DJI_0106.MP4,1860,data/raw/seadronessee/odv2/images/train/11228.jpg,train
train:79148,train:11230,train,79148,11230,11230.jpg,3840,2160,2,boat,2813.0,105.0,670.0,957.0,641190.0,33.398371228284056,61.4,mavic,NorthSea_Thu_DJI_0106.MP4,1890,data/raw/seadronessee/odv2/images/train/11230.jpg,train
train:79150,train:11232,train,79150,11232,11232.jpg,3840,2160,2,boat,3072.0,126.0,759.0,973.0,738507.0,33.398371228284056,61.4,mavic,NorthSea_Thu_DJI_0106.MP4,1920,data/raw/seadronessee/odv2/images/train/11232.jpg,train
train:81795,train:12268,train,81795,12268,12268.jpg,3840,2160,3,jetski,3758.0,1144.0,66.0,33.0,2178.0,32.7984004876562,11.7,mavic,NorthSea_Thu_DJI_0107.MP4,1125,data/raw/seadronessee/odv2/images/train/12268.jpg,train
train:81801,train:12270,train,81801,12270,12270.jpg,3840,2160,3,jetski,3237.0,1102.0,87.0,34.0,2958.0,32.7984004876562,11.7,mavic,NorthSea_Thu_DJI_0107.MP4,1155,data/raw/seadronessee/odv2/images/train/12270.jpg,train
train:81807,train:12272,train,81807,12272,12272.jpg,3840,2160,3,jetski,3252.0,1108.0,61.0,28.0,1708.0,32.7984004876562,11.7,mavic,NorthSea_Thu_DJI_0107.MP4,1185,data/raw/seadronessee/odv2/images/train/12272.jpg,train
train:81813,train:12274,train,81813,12274,12274.jpg,3840,2160,3,jetski,3273.0,1112.0,59.0,29.0,1711.0,33.19838098140811,11.7,mavic,NorthSea_Thu_DJI_0107.MP4,1215,data/raw/seadronessee/odv2/images/train/12274.jpg,train
train:81819,train:12276,train,81819,12276,12276.jpg,3840,2160,3,jetski,3306.0,1129.0,93.0,32.0,2976.0,33.19838098140811,11.7,mavic,NorthSea_Thu_DJI_0107.MP4,1245,data/raw/seadronessee/odv2/images/train/12276.jpg,train
train:81825,train:12278,train,81825,12278,12278.jpg,3840,2160,3,jetski,3363.0,1148.0,96.0,32.0,3072.0,33.29837610484608,11.7,mavic,NorthSea_Thu_DJI_0107.MP4,1275,data/raw/seadronessee/odv2/images/train/12278.jpg,train
train:81831,train:12280,train,81831,12280,12280.jpg,3840,2160,3,jetski,3450.0,1163.0,103.0,36.0,3708.0,33.09838585797013,11.7,mavic,NorthSea_Thu_DJI_0107.MP4,1305,data/raw/seadronessee/odv2/images/train/12280.jpg,train
train:81837,train:12282,train,81837,12282,12282.jpg,3840,2160,3,jetski,3582.0,1189.0,114.0,38.0,4332.0,32.09843462359037,11.7,mavic,NorthSea_Thu_DJI_0107.MP4,1335,data/raw/seadronessee/odv2/images/train/12282.jpg,train
train:81843,train:12284,train,81843,12284,12284.jpg,3840,2160,3,jetski,3741.0,1237.0,99.0,42.0,4158.0,30.398517525144772,11.7,mavic,NorthSea_Thu_DJI_0107.MP4,1365,data/raw/seadronessee/odv2/images/train/12284.jpg,train
train:81847,train:12286,train,81847,12286,12286.jpg,3840,2160,1,swimmer,1991.0,1327.0,56.0,19.0,1064.0,29.09858092045108,11.7,mavic,NorthSea_Thu_DJI_0107.MP4,1395,data/raw/seadronessee/odv2/images/train/12286.jpg,train
train:81848,train:12286,train,81848,12286,12286.jpg,3840,2160,1,swimmer,1984.0,1323.0,16.0,21.0,336.0,29.09858092045108,11.7,mavic,NorthSea_Thu_DJI_0107.MP4,1395,data/raw/seadronessee/odv2/images/train/12286.jpg,train
train:81853,train:12288,train,81853,12288,12288.jpg,3840,2160,1,swimmer,1994.0,1384.0,51.0,18.0,918.0,28.998585797013106,11.7,mavic,NorthSea_Thu_DJI_0107.MP4,1425,data/raw/seadronessee/odv2/images/train/12288.jpg,train
train:81854,train:12288,train,81854,12288,12288.jpg,3840,2160,1,swimmer,1981.0,1376.0,21.0,22.0,462.0,28.998585797013106,11.7,mavic,NorthSea_Thu_DJI_0107.MP4,1425,data/raw/seadronessee/odv2/images/train/12288.jpg,train
train:81859,train:12290,train,81859,12290,12290.jpg,3840,2160,1,swimmer,1997.0,1384.0,52.0,23.0,1196.0,28.598605303261202,11.7,mavic,NorthSea_Thu_DJI_0107.MP4,1455,data/raw/seadronessee/odv2/images/train/12290.jpg,train
train:81860,train:12290,train,81860,12290,12290.jpg,3840,2160,1,swimmer,1978.0,1379.0,26.0,22.0,572.0,28.598605303261202,11.7,mavic,NorthSea_Thu_DJI_0107.MP4,1455,data/raw/seadronessee/odv2/images/train/12290.jpg,train
train:81865,train:12292,train,81865,12292,12292.jpg,3840,2160,1,swimmer,1988.0,1379.0,53.0,19.0,1007.0,27.198673575129533,11.7,mavic,NorthSea_Thu_DJI_0107.MP4,1485,data/raw/seadronessee/odv2/images/train/12292.jpg,train
train:81866,train:12292,train,81866,12292,12292.jpg,3840,2160,1,swimmer,1963.0,1373.0,26.0,20.0,520.0,27.198673575129533,11.7,mavic,NorthSea_Thu_DJI_0107.MP4,1485,data/raw/seadronessee/odv2/images/train/12292.jpg,train
train:81871,train:12294,train,81871,12294,12294.jpg,3840,2160,1,swimmer,1966.0,1362.0,56.0,17.0,952.0,25.998732093873816,11.7,mavic,NorthSea_Thu_DJI_0107.MP4,1515,data/raw/seadronessee/odv2/images/train/12294.jpg,train
train:81872,train:12294,train,81872,12294,12294.jpg,3840,2160,1,swimmer,1944.0,1355.0,28.0,17.0,476.0,25.998732093873816,11.7,mavic,NorthSea_Thu_DJI_0107.MP4,1515,data/raw/seadronessee/odv2/images/train/12294.jpg,train
train:81942,train:12320,train,81942,12320,12320.jpg,3840,2160,1,swimmer,2008.0,697.0,31.0,24.0,744.0,27.498658945443463,28.1,mavic,NorthSea_Thu_DJI_0107.MP4,1905,data/raw/seadronessee/odv2/images/train/12320.jpg,train
train:81943,train:12320,train,81943,12320,12320.jpg,3840,2160,1,swimmer,1943.0,672.0,53.0,25.0,1325.0,27.498658945443463,28.1,mavic,NorthSea_Thu_DJI_0107.MP4,1905,data/raw/seadronessee/odv2/images/train/12320.jpg,train
train:81946,train:12322,train,81946,12322,12322.jpg,3840,2160,1,swimmer,2019.0,741.0,37.0,25.0,925.0,30.89849314233465,28.1,mavic,NorthSea_Thu_DJI_0107.MP4,1935,data/raw/seadronessee/odv2/images/train/12322.jpg,train
train:81947,train:12322,train,81947,12322,12322.jpg,3840,2160,1,swimmer,1955.0,722.0,53.0,21.0,1113.0,30.89849314233465,28.1,mavic,NorthSea_Thu_DJI_0107.MP4,1935,data/raw/seadronessee/odv2/images/train/12322.jpg,train
train:81950,train:12324,train,81950,12324,12324.jpg,3840,2160,1,swimmer,2034.0,772.0,36.0,25.0,900.0,32.7984004876562,28.1,mavic,NorthSea_Thu_DJI_0107.MP4,1965,data/raw/seadronessee/odv2/images/train/12324.jpg,train
train:81951,train:12324,train,81951,12324,12324.jpg,3840,2160,1,swimmer,1958.0,757.0,56.0,23.0,1288.0,32.7984004876562,28.1,mavic,NorthSea_Thu_DJI_0107.MP4,1965,data/raw/seadronessee/odv2/images/train/12324.jpg,train
train:81954,train:12326,train,81954,12326,12326.jpg,3840,2160,1,swimmer,2049.0,858.0,33.0,27.0,891.0,32.89839561109417,28.1,mavic,NorthSea_Thu_DJI_0107.MP4,1995,data/raw/seadronessee/odv2/images/train/12326.jpg,train
train:81955,train:12326,train,81955,12326,12326.jpg,3840,2160,1,swimmer,1952.0,838.0,59.0,29.0,1711.0,32.89839561109417,28.1,mavic,NorthSea_Thu_DJI_0107.MP4,1995,data/raw/seadronessee/odv2/images/train/12326.jpg,train
train:81959,train:12328,train,81959,12328,12328.jpg,3840,2160,1,swimmer,1925.0,1883.0,67.0,37.0,2479.0,32.89839561109417,28.1,mavic,NorthSea_Thu_DJI_0107.MP4,2025,data/raw/seadronessee/odv2/images/train/12328.jpg,train
train:81960,train:12328,train,81960,12328,12328.jpg,3840,2160,1,swimmer,2021.0,1928.0,66.0,35.0,2310.0,32.89839561109417,28.1,mavic,NorthSea_Thu_DJI_0107.MP4,2025,data/raw/seadronessee/odv2/images/train/12328.jpg,train
train:81965,train:12330,train,81965,12330,12330.jpg,3840,2160,1,swimmer,1931.0,1287.0,76.0,43.0,3268.0,32.59841024078025,11.8,mavic,NorthSea_Thu_DJI_0107.MP4,2055,data/raw/seadronessee/odv2/images/train/12330.jpg,train
train:81966,train:12330,train,81966,12330,12330.jpg,3840,2160,1,swimmer,2067.0,1326.0,43.0,34.0,1462.0,32.59841024078025,11.8,mavic,NorthSea_Thu_DJI_0107.MP4,2055,data/raw/seadronessee/odv2/images/train/12330.jpg,train
train:81969,train:12332,train,81969,12332,12332.jpg,3840,2160,1,swimmer,1937.0,1013.0,83.0,38.0,3154.0,32.29842487046632,27.5,mavic,NorthSea_Thu_DJI_0107.MP4,2085,data/raw/seadronessee/odv2/images/train/12332.jpg,train
train:81970,train:12332,train,81970,12332,12332.jpg,3840,2160,1,swimmer,2083.0,1063.0,84.0,39.0,3276.0,32.29842487046632,27.5,mavic,NorthSea_Thu_DJI_0107.MP4,2085,data/raw/seadronessee/odv2/images/train/12332.jpg,train
train:81973,train:12334,train,81973,12334,12334.jpg,3840,2160,1,swimmer,1944.0,938.0,91.0,54.0,4914.0,32.3984199939043,38.4,mavic,NorthSea_Thu_DJI_0107.MP4,2115,data/raw/seadronessee/odv2/images/train/12334.jpg,train
train:81974,train:12334,train,81974,12334,12334.jpg,3840,2160,1,swimmer,2105.0,1012.0,96.0,58.0,5568.0,32.3984199939043,38.4,mavic,NorthSea_Thu_DJI_0107.MP4,2115,data/raw/seadronessee/odv2/images/train/12334.jpg,train
train:81977,train:12336,train,81977,12336,12336.jpg,3840,2160,1,swimmer,1926.0,1026.0,98.0,56.0,5488.0,32.698405364218225,43.4,mavic,NorthSea_Thu_DJI_0107.MP4,2145,data/raw/seadronessee/odv2/images/train/12336.jpg,train
train:81978,train:12336,train,81978,12336,12336.jpg,3840,2160,1,swimmer,2099.0,1108.0,115.0,57.0,6555.0,32.698405364218225,43.4,mavic,NorthSea_Thu_DJI_0107.MP4,2145,data/raw/seadronessee/odv2/images/train/12336.jpg,train
train:81981,train:12338,train,81981,12338,12338.jpg,3840,2160,1,swimmer,1925.0,690.0,101.0,57.0,5757.0,32.7984004876562,45.1,mavic,NorthSea_Thu_DJI_0107.MP4,2175,data/raw/seadronessee/odv2/images/train/12338.jpg,train
train:81982,train:12338,train,81982,12338,12338.jpg,3840,2160,1,swimmer,2117.0,773.0,120.0,59.0,7080.0,32.7984004876562,45.1,mavic,NorthSea_Thu_DJI_0107.MP4,2175,data/raw/seadronessee/odv2/images/train/12338.jpg,train
train:81985,train:12340,train,81985,12340,12340.jpg,3840,2160,1,swimmer,1900.0,735.0,107.0,55.0,5885.0,32.59841024078025,52.7,mavic,NorthSea_Thu_DJI_0107.MP4,2205,data/raw/seadronessee/odv2/images/train/12340.jpg,train
train:81986,train:12340,train,81986,12340,12340.jpg,3840,2160,1,swimmer,2106.0,839.0,124.0,60.0,7440.0,32.59841024078025,52.7,mavic,NorthSea_Thu_DJI_0107.MP4,2205,data/raw/seadronessee/odv2/images/train/12340.jpg,train
train:81989,train:12342,train,81989,12342,12342.jpg,3840,2160,1,swimmer,1909.0,762.0,108.0,53.0,5724.0,32.19842974702834,52.7,mavic,NorthSea_Thu_DJI_0107.MP4,2235,data/raw/seadronessee/odv2/images/train/12342.jpg,train
train:81990,train:12342,train,81990,12342,12342.jpg,3840,2160,1,swimmer,2103.0,855.0,124.0,67.0,8308.0,32.19842974702834,52.7,mavic,NorthSea_Thu_DJI_0107.MP4,2235,data/raw/seadronessee/odv2/images/train/12342.jpg,train
train:81993,train:12344,train,81993,12344,12344.jpg,3840,2160,1,swimmer,1922.0,763.0,107.0,50.0,5350.0,31.498463882962508,52.7,mavic,NorthSea_Thu_DJI_0107.MP4,2265,data/raw/seadronessee/odv2/images/train/12344.jpg,train
train:81994,train:12344,train,81994,12344,12344.jpg,3840,2160,1,swimmer,2137.0,847.0,126.0,64.0,8064.0,31.498463882962508,52.7,mavic,NorthSea_Thu_DJI_0107.MP4,2265,data/raw/seadronessee/odv2/images/train/12344.jpg,train
train:81997,train:12346,train,81997,12346,12346.jpg,3840,2160,1,swimmer,1933.0,619.0,111.0,57.0,6327.0,30.398517525144772,52.7,mavic,NorthSea_Thu_DJI_0107.MP4,2295,data/raw/seadronessee/odv2/images/train/12346.jpg,train
train:81998,train:12346,train,81998,12346,12346.jpg,3840,2160,1,swimmer,2177.0,728.0,124.0,69.0,8556.0,30.398517525144772,52.7,mavic,NorthSea_Thu_DJI_0107.MP4,2295,data/raw/seadronessee/odv2/images/train/12346.jpg,train
train:82001,train:12348,train,82001,12348,12348.jpg,3840,2160,1,swimmer,1988.0,500.0,106.0,54.0,5724.0,27.69864919231941,52.7,mavic,NorthSea_Thu_DJI_0107.MP4,2325,data/raw/seadronessee/odv2/images/train/12348.jpg,train
train:82002,train:12348,train,82002,12348,12348.jpg,3840,2160,1,swimmer,2193.0,592.0,118.0,83.0,9794.0,27.69864919231941,52.7,mavic,NorthSea_Thu_DJI_0107.MP4,2325,data/raw/seadronessee/odv2/images/train/12348.jpg,train
train:82005,train:12350,train,82005,12350,12350.jpg,3840,2160,1,swimmer,2026.0,1106.0,91.0,64.0,5824.0,25.69874672355989,52.5,mavic,NorthSea_Thu_DJI_0107.MP4,2355,data/raw/seadronessee/odv2/images/train/12350.jpg,train
train:82006,train:12350,train,82006,12350,12350.jpg,3840,2160,1,swimmer,2225.0,1180.0,113.0,91.0,10283.0,25.69874672355989,52.5,mavic,NorthSea_Thu_DJI_0107.MP4,2355,data/raw/seadronessee/odv2/images/train/12350.jpg,train
train:82162,train:12429,train,82162,12429,12429.jpg,3840,2160,1,swimmer,2420.0,870.0,81.0,152.0,12312.0,25.098775982932025,68.5,mavic,NorthSea_Thu_DJI_0107.MP4,3555,data/raw/seadronessee/odv2/images/train/12429.jpg,train
train:82163,train:12429,train,82163,12429,12429.jpg,3840,2160,1,swimmer,2196.0,916.0,90.0,66.0,5940.0,25.098775982932025,68.5,mavic,NorthSea_Thu_DJI_0107.MP4,3555,data/raw/seadronessee/odv2/images/train/12429.jpg,train
train:82166,train:12431,train,82166,12431,12431.jpg,3840,2160,1,swimmer,2384.0,986.0,79.0,134.0,10586.0,28.79859555013715,68.5,mavic,NorthSea_Thu_DJI_0107.MP4,3585,data/raw/seadronessee/odv2/images/train/12431.jpg,train
train:82167,train:12431,train,82167,12431,12431.jpg,3840,2160,1,swimmer,2174.0,1035.0,82.0,57.0,4674.0,28.79859555013715,68.5,mavic,NorthSea_Thu_DJI_0107.MP4,3585,data/raw/seadronessee/odv2/images/train/12431.jpg,train
train:82170,train:12433,train,82170,12433,12433.jpg,3840,2160,1,swimmer,2368.0,1082.0,85.0,130.0,11050.0,33.29837610484608,68.5,mavic,NorthSea_Thu_DJI_0107.MP4,3615,data/raw/seadronessee/odv2/images/train/12433.jpg,train
train:82171,train:12433,train,82171,12433,12433.jpg,3840,2160,1,swimmer,2181.0,1121.0,71.0,60.0,4260.0,33.29837610484608,68.5,mavic,NorthSea_Thu_DJI_0107.MP4,3615,data/raw/seadronessee/odv2/images/train/12433.jpg,train
train:106583,train:15808,train,106583,15808,15808.jpg,3840,2160,2,boat,821.0,761.0,337.0,121.0,40777.0,30.19852727826882,47.2,m210,DJI_0001.mov,1485,data/raw/seadronessee/odv2/images/train/15808.jpg,train
train:106584,train:15808,train,106584,15808,15808.jpg,3840,2160,1,swimmer,1270.0,520.0,43.0,30.0,1290.0,30.19852727826882,47.2,m210,DJI_0001.mov,1485,data/raw/seadronessee/odv2/images/train/15808.jpg,train
train:106585,train:15808,train,106585,15808,15808.jpg,3840,2160,2,boat,990.0,132.0,260.0,83.0,21580.0,30.19852727826882,47.2,m210,DJI_0001.mov,1485,data/raw/seadronessee/odv2/images/train/15808.jpg,train
train:106598,train:15810,train,106598,15810,15810.jpg,3840,2160,2,boat,2735.0,263.0,148.0,115.0,17020.0,30.19852727826882,45.0,m210,DJI_0001.mov,1515,data/raw/seadronessee/odv2/images/train/15810.jpg,train
train:106599,train:15811,train,106599,15811,15811.jpg,3840,2160,2,boat,6.0,18.0,67.0,50.0,3350.0,30.098532154830842,30.1,m210,DJI_0001.mov,5835,data/raw/seadronessee/odv2/images/train/15811.jpg,train
train:106600,train:15812,train,106600,15812,15812.jpg,3840,2160,2,boat,0.0,789.0,194.0,173.0,33562.0,29.89854190795489,34.0,m210,DJI_0001.mov,7560,data/raw/seadronessee/odv2/images/train/15812.jpg,train
train:106604,train:15814,train,106604,15814,15814.jpg,3840,2160,2,boat,1417.0,201.0,295.0,237.0,69915.0,29.89854190795489,37.3,m210,DJI_0001.mov,7590,data/raw/seadronessee/odv2/images/train/15814.jpg,train
train:106608,train:15816,train,106608,15816,15816.jpg,3840,2160,2,boat,3008.0,91.0,270.0,292.0,78840.0,29.998537031392868,41.1,m210,DJI_0001.mov,7620,data/raw/seadronessee/odv2/images/train/15816.jpg,train
train:106610,train:15817,train,106610,15817,15817.jpg,3840,2160,2,boat,361.0,127.0,383.0,149.0,57067.0,29.998537031392868,47.2,m210,DJI_0001.mov,8400,data/raw/seadronessee/odv2/images/train/15817.jpg,train
train:106612,train:15818,train,106612,15818,15818.jpg,3840,2160,2,boat,3494.0,41.0,151.0,260.0,39260.0,29.89854190795489,50.2,m210,DJI_0001.mov,8460,data/raw/seadronessee/odv2/images/train/15818.jpg,train
train:106614,train:15819,train,106614,15819,15819.jpg,3840,2160,2,boat,546.0,0.0,282.0,117.0,32994.0,30.098532154830842,58.4,m210,DJI_0001.mov,9030,data/raw/seadronessee/odv2/images/train/15819.jpg,train
train:106617,train:15821,train,106617,15821,15821.jpg,3840,2160,2,boat,174.0,187.0,288.0,217.0,62496.0,30.098532154830842,54.1,m210,DJI_0001.mov,9060,data/raw/seadronessee/odv2/images/train/15821.jpg,train
train:107670,train:16024,train,107670,16024,16024.jpg,3840,2160,2,boat,194.0,1117.0,115.0,62.0,7130.0,29.798546784516912,17.0,m210,DJI_0003.mov,0,data/raw/seadronessee/odv2/images/train/16024.jpg,train
train:107671,train:16024,train,107671,16024,16024.jpg,3840,2160,2,boat,3425.0,1138.0,159.0,44.0,6996.0,29.798546784516912,17.0,m210,DJI_0003.mov,0,data/raw/seadronessee/odv2/images/train/16024.jpg,train
train:107672,train:16024,train,107672,16024,16024.jpg,3840,2160,2,boat,1726.0,1156.0,165.0,63.0,10395.0,29.798546784516912,17.0,m210,DJI_0003.mov,0,data/raw/seadronessee/odv2/images/train/16024.jpg,train
train:107673,train:16024,train,107673,16024,16024.jpg,3840,2160,2,boat,1121.0,915.0,131.0,36.0,4716.0,29.798546784516912,17.0,m210,DJI_0003.mov,0,data/raw/seadronessee/odv2/images/train/16024.jpg,train
train:107678,train:16026,train,107678,16026,16026.jpg,3840,2160,2,boat,90.0,1196.0,117.0,65.0,7605.0,29.798546784516912,17.0,m210,DJI_0003.mov,30,data/raw/seadronessee/odv2/images/train/16026.jpg,train
train:107679,train:16026,train,107679,16026,16026.jpg,3840,2160,2,boat,3595.0,1196.0,166.0,59.0,9794.0,29.798546784516912,17.0,m210,DJI_0003.mov,30,data/raw/seadronessee/odv2/images/train/16026.jpg,train
train:107680,train:16026,train,107680,16026,16026.jpg,3840,2160,2,boat,1754.0,1247.0,183.0,68.0,12444.0,29.798546784516912,17.0,m210,DJI_0003.mov,30,data/raw/seadronessee/odv2/images/train/16026.jpg,train
train:107681,train:16026,train,107681,16026,16026.jpg,3840,2160,2,boat,1104.0,953.0,142.0,41.0,5822.0,29.798546784516912,17.0,m210,DJI_0003.mov,30,data/raw/seadronessee/odv2/images/train/16026.jpg,train
train:107686,train:16028,train,107686,16028,16028.jpg,3840,2160,2,boat,1779.0,1361.0,201.0,81.0,16281.0,29.798546784516912,17.0,m210,DJI_0003.mov,60,data/raw/seadronessee/odv2/images/train/16028.jpg,train
train:107687,train:16028,train,107687,16028,16028.jpg,3840,2160,2,boat,1073.0,1017.0,154.0,40.0,6160.0,29.798546784516912,17.0,m210,DJI_0003.mov,60,data/raw/seadronessee/odv2/images/train/16028.jpg,train
train:107690,train:16030,train,107690,16030,16030.jpg,3840,2160,2,boat,1798.0,1515.0,223.0,86.0,19178.0,29.798546784516912,17.0,m210,DJI_0003.mov,90,data/raw/seadronessee/odv2/images/train/16030.jpg,train
train:107691,train:16030,train,107691,16030,16030.jpg,3840,2160,2,boat,1034.0,1095.0,167.0,47.0,7849.0,29.798546784516912,17.0,m210,DJI_0003.mov,90,data/raw/seadronessee/odv2/images/train/16030.jpg,train
train:107694,train:16032,train,107694,16032,16032.jpg,3840,2160,2,boat,1823.0,1140.0,248.0,110.0,27280.0,29.798546784516912,17.0,m210,DJI_0003.mov,120,data/raw/seadronessee/odv2/images/train/16032.jpg,train
train:107695,train:16032,train,107695,16032,16032.jpg,3840,2160,2,boat,992.0,649.0,177.0,52.0,9204.0,29.798546784516912,17.0,m210,DJI_0003.mov,120,data/raw/seadronessee/odv2/images/train/16032.jpg,train
train:107698,train:16034,train,107698,16034,16034.jpg,3840,2160,2,boat,1833.0,888.0,277.0,125.0,34625.0,29.69855166107894,17.0,m210,DJI_0003.mov,150,data/raw/seadronessee/odv2/images/train/16034.jpg,train
train:107699,train:16034,train,107699,16034,16034.jpg,3840,2160,2,boat,931.0,298.0,183.0,64.0,11712.0,29.69855166107894,17.0,m210,DJI_0003.mov,150,data/raw/seadronessee/odv2/images/train/16034.jpg,train
train:107702,train:16036,train,107702,16036,16036.jpg,3840,2160,2,boat,1838.0,721.0,309.0,151.0,46659.0,29.69855166107894,17.1,m210,DJI_0003.mov,180,data/raw/seadronessee/odv2/images/train/16036.jpg,train
train:107703,train:16036,train,107703,16036,16036.jpg,3840,2160,2,boat,861.0,21.0,186.0,77.0,14322.0,29.69855166107894,17.1,m210,DJI_0003.mov,180,data/raw/seadronessee/odv2/images/train/16036.jpg,train
train:107706,train:16038,train,107706,16038,16038.jpg,3840,2160,2,boat,1846.0,968.0,343.0,177.0,60711.0,29.69855166107894,25.1,m210,DJI_0003.mov,210,data/raw/seadronessee/odv2/images/train/16038.jpg,train
train:107707,train:16038,train,107707,16038,16038.jpg,3840,2160,2,boat,790.0,120.0,186.0,90.0,16740.0,29.69855166107894,25.1,m210,DJI_0003.mov,210,data/raw/seadronessee/odv2/images/train/16038.jpg,train
train:107712,train:16040,train,107712,16040,16040.jpg,3840,2160,2,boat,1858.0,1249.0,380.0,214.0,81320.0,29.798546784516912,33.1,m210,DJI_0003.mov,240,data/raw/seadronessee/odv2/images/train/16040.jpg,train
train:107713,train:16040,train,107713,16040,16040.jpg,3840,2160,2,boat,718.0,229.0,180.0,107.0,19260.0,29.798546784516912,33.1,m210,DJI_0003.mov,240,data/raw/seadronessee/odv2/images/train/16040.jpg,train
train:107718,train:16042,train,107718,16042,16042.jpg,3840,2160,2,boat,1870.0,1574.0,421.0,247.0,103987.0,29.798546784516912,36.0,m210,DJI_0003.mov,270,data/raw/seadronessee/odv2/images/train/16042.jpg,train
train:107719,train:16042,train,107719,16042,16042.jpg,3840,2160,2,boat,644.0,348.0,165.0,132.0,21780.0,29.798546784516912,36.0,m210,DJI_0003.mov,270,data/raw/seadronessee/odv2/images/train/16042.jpg,train
train:107724,train:16044,train,107724,16044,16044.jpg,3840,2160,2,boat,2068.0,1586.0,446.0,294.0,131124.0,29.89854190795489,36.0,m210,DJI_0003.mov,300,data/raw/seadronessee/odv2/images/train/16044.jpg,train
train:107725,train:16044,train,107725,16044,16044.jpg,3840,2160,2,boat,808.0,142.0,155.0,129.0,19995.0,29.89854190795489,36.0,m210,DJI_0003.mov,300,data/raw/seadronessee/odv2/images/train/16044.jpg,train
train:107729,train:16046,train,107729,16046,16046.jpg,3840,2160,2,boat,2210.0,1434.0,468.0,355.0,166140.0,29.89854190795489,36.0,m210,DJI_0003.mov,330,data/raw/seadronessee/odv2/images/train/16046.jpg,train
train:107733,train:16048,train,107733,16048,16048.jpg,3840,2160,2,boat,2238.0,1798.0,489.0,362.0,177018.0,29.89854190795489,36.0,m210,DJI_0003.mov,360,data/raw/seadronessee/odv2/images/train/16048.jpg,train
train:107735,train:16049,train,107735,16049,16049.jpg,3840,2160,2,boat,2497.0,1835.0,403.0,325.0,130975.0,29.998537031392868,48.8,m210,DJI_0003.mov,420,data/raw/seadronessee/odv2/images/train/16049.jpg,train
train:107739,train:16051,train,107739,16051,16051.jpg,3840,2160,2,boat,2391.0,1234.0,452.0,589.0,266228.0,29.998537031392868,48.8,m210,DJI_0003.mov,450,data/raw/seadronessee/odv2/images/train/16051.jpg,train
train:107745,train:16053,train,107745,16053,16053.jpg,3840,2160,2,boat,2285.0,1236.0,461.0,609.0,280749.0,30.098532154830842,48.8,m210,DJI_0003.mov,480,data/raw/seadronessee/odv2/images/train/16053.jpg,train
train:107751,train:16055,train,107751,16055,16055.jpg,3840,2160,2,boat,2203.0,845.0,462.0,623.0,287826.0,30.19852727826882,65.7,m210,DJI_0003.mov,510,data/raw/seadronessee/odv2/images/train/16055.jpg,train
train:107757,train:16057,train,107757,16057,16057.jpg,3840,2160,2,boat,2147.0,1002.0,470.0,621.0,291870.0,30.19852727826882,72.2,m210,DJI_0003.mov,540,data/raw/seadronessee/odv2/images/train/16057.jpg,train
train:107763,train:16059,train,107763,16059,16059.jpg,3840,2160,2,boat,2127.0,1094.0,467.0,625.0,291875.0,30.19852727826882,75.6,m210,DJI_0003.mov,570,data/raw/seadronessee/odv2/images/train/16059.jpg,train
train:107769,train:16061,train,107769,16061,16061.jpg,3840,2160,2,boat,2117.0,1139.0,471.0,624.0,293904.0,30.19852727826882,83.4,m210,DJI_0003.mov,600,data/raw/seadronessee/odv2/images/train/16061.jpg,train
train:107775,train:16063,train,107775,16063,16063.jpg,3840,2160,2,boat,2129.0,1153.0,468.0,628.0,293904.0,30.298522401706794,83.4,m210,DJI_0003.mov,630,data/raw/seadronessee/odv2/images/train/16063.jpg,train
train:107781,train:16065,train,107781,16065,16065.jpg,3840,2160,2,boat,2151.0,1159.0,472.0,622.0,293584.0,30.298522401706794,83.4,m210,DJI_0003.mov,660,data/raw/seadronessee/odv2/images/train/16065.jpg,train
train:107787,train:16067,train,107787,16067,16067.jpg,3840,2160,2,boat,2160.0,1160.0,465.0,623.0,289695.0,30.398517525144772,83.4,m210,DJI_0003.mov,690,data/raw/seadronessee/odv2/images/train/16067.jpg,train
train:107793,train:16069,train,107793,16069,16069.jpg,3840,2160,2,boat,2178.0,1164.0,471.0,622.0,292962.0,30.398517525144772,83.4,m210,DJI_0003.mov,720,data/raw/seadronessee/odv2/images/train/16069.jpg,train
train:107799,train:16071,train,107799,16071,16071.jpg,3840,2160,2,boat,2191.0,1176.0,467.0,620.0,289540.0,30.398517525144772,83.4,m210,DJI_0003.mov,750,data/raw/seadronessee/odv2/images/train/16071.jpg,train
train:107805,train:16073,train,107805,16073,16073.jpg,3840,2160,2,boat,2195.0,1199.0,471.0,621.0,292491.0,30.398517525144772,83.4,m210,DJI_0003.mov,780,data/raw/seadronessee/odv2/images/train/16073.jpg,train
train:109613,train:16270,train,109613,16270,16270.jpg,3840,2160,2,boat,2120.0,902.0,182.0,45.0,8190.0,30.19852727826882,-7.5,m210,DJI_0010_d3.mov,345,data/raw/seadronessee/odv2/images/train/16270.jpg,train
train:109614,train:16270,train,109614,16270,16270.jpg,3840,2160,1,swimmer,2698.0,1060.0,27.0,28.0,756.0,30.19852727826882,-7.5,m210,DJI_0010_d3.mov,345,data/raw/seadronessee/odv2/images/train/16270.jpg,train
train:109617,train:16270,train,109617,16270,16270.jpg,3840,2160,1,swimmer,2160.0,955.0,17.0,19.0,323.0,30.19852727826882,-7.5,m210,DJI_0010_d3.mov,345,data/raw/seadronessee/odv2/images/train/16270.jpg,train
train:109621,train:16270,train,109621,16270,16270.jpg,3840,2160,2,boat,3226.0,1032.0,111.0,63.0,6993.0,30.19852727826882,-7.5,m210,DJI_0010_d3.mov,345,data/raw/seadronessee/odv2/images/train/16270.jpg,train
train:109622,train:16270,train,109622,16270,16270.jpg,3840,2160,1,swimmer,2690.0,1100.0,27.0,24.0,648.0,30.19852727826882,-7.5,m210,DJI_0010_d3.mov,345,data/raw/seadronessee/odv2/images/train/16270.jpg,train
train:109623,train:16270,train,109623,16270,16270.jpg,3840,2160,2,boat,3169.0,1144.0,135.0,70.0,9450.0,30.19852727826882,-7.5,m210,DJI_0010_d3.mov,345,data/raw/seadronessee/odv2/images/train/16270.jpg,train
train:109636,train:16272,train,109636,16272,16272.jpg,3840,2160,2,boat,1384.0,925.0,185.0,50.0,9250.0,29.998537031392868,17.0,m210,DJI_0010_d3.mov,375,data/raw/seadronessee/odv2/images/train/16272.jpg,train
train:109637,train:16272,train,109637,16272,16272.jpg,3840,2160,1,swimmer,1972.0,1044.0,25.0,29.0,725.0,29.998537031392868,17.0,m210,DJI_0010_d3.mov,375,data/raw/seadronessee/odv2/images/train/16272.jpg,train
train:109640,train:16272,train,109640,16272,16272.jpg,3840,2160,1,swimmer,1442.0,988.0,23.0,22.0,506.0,29.998537031392868,17.0,m210,DJI_0010_d3.mov,375,data/raw/seadronessee/odv2/images/train/16272.jpg,train
train:109644,train:16272,train,109644,16272,16272.jpg,3840,2160,2,boat,2536.0,961.0,112.0,76.0,8512.0,29.998537031392868,17.0,m210,DJI_0010_d3.mov,375,data/raw/seadronessee/odv2/images/train/16272.jpg,train
train:109645,train:16272,train,109645,16272,16272.jpg,3840,2160,1,swimmer,1991.0,1091.0,25.0,25.0,625.0,29.998537031392868,17.0,m210,DJI_0010_d3.mov,375,data/raw/seadronessee/odv2/images/train/16272.jpg,train
train:109646,train:16272,train,109646,16272,16272.jpg,3840,2160,2,boat,2499.0,1089.0,138.0,77.0,10626.0,29.998537031392868,17.0,m210,DJI_0010_d3.mov,375,data/raw/seadronessee/odv2/images/train/16272.jpg,train
train:109660,train:16274,train,109660,16274,16274.jpg,3840,2160,2,boat,1113.0,1044.0,193.0,51.0,9843.0,30.098532154830842,21.0,m210,DJI_0010_d3.mov,405,data/raw/seadronessee/odv2/images/train/16274.jpg,train
train:109661,train:16274,train,109661,16274,16274.jpg,3840,2160,1,swimmer,1700.0,1148.0,27.0,30.0,810.0,30.098532154830842,21.0,m210,DJI_0010_d3.mov,405,data/raw/seadronessee/odv2/images/train/16274.jpg,train
train:109664,train:16274,train,109664,16274,16274.jpg,3840,2160,1,swimmer,1201.0,1110.0,24.0,23.0,552.0,30.098532154830842,21.0,m210,DJI_0010_d3.mov,405,data/raw/seadronessee/odv2/images/train/16274.jpg,train
train:109669,train:16274,train,109669,16274,16274.jpg,3840,2160,2,boat,2291.0,1052.0,113.0,74.0,8362.0,30.098532154830842,21.0,m210,DJI_0010_d3.mov,405,data/raw/seadronessee/odv2/images/train/16274.jpg,train
train:109670,train:16274,train,109670,16274,16274.jpg,3840,2160,1,swimmer,1742.0,1199.0,27.0,26.0,702.0,30.098532154830842,21.0,m210,DJI_0010_d3.mov,405,data/raw/seadronessee/odv2/images/train/16274.jpg,train
train:109671,train:16274,train,109671,16274,16274.jpg,3840,2160,2,boat,2268.0,1181.0,133.0,83.0,11039.0,30.098532154830842,21.0,m210,DJI_0010_d3.mov,405,data/raw/seadronessee/odv2/images/train/16274.jpg,train
train:109672,train:16274,train,109672,16274,16274.jpg,3840,2160,2,boat,3600.0,1177.0,182.0,71.0,12922.0,30.098532154830842,21.0,m210,DJI_0010_d3.mov,405,data/raw/seadronessee/odv2/images/train/16274.jpg,train
train:109686,train:16276,train,109686,16276,16276.jpg,3840,2160,2,boat,975.0,1055.0,194.0,54.0,10476.0,29.998537031392868,20.2,m210,DJI_0010_d3.mov,435,data/raw/seadronessee/odv2/images/train/16276.jpg,train
train:109687,train:16276,train,109687,16276,16276.jpg,3840,2160,1,swimmer,1555.0,1154.0,28.0,31.0,868.0,29.998537031392868,20.2,m210,DJI_0010_d3.mov,435,data/raw/seadronessee/odv2/images/train/16276.jpg,train
train:109690,train:16276,train,109690,16276,16276.jpg,3840,2160,1,swimmer,1082.0,1126.0,23.0,22.0,506.0,29.998537031392868,20.2,m210,DJI_0010_d3.mov,435,data/raw/seadronessee/odv2/images/train/16276.jpg,train
train:109695,train:16276,train,109695,16276,16276.jpg,3840,2160,2,boat,2170.0,1053.0,109.0,78.0,8502.0,29.998537031392868,20.2,m210,DJI_0010_d3.mov,435,data/raw/seadronessee/odv2/images/train/16276.jpg,train
train:109696,train:16276,train,109696,16276,16276.jpg,3840,2160,1,swimmer,1624.0,1211.0,26.0,25.0,650.0,29.998537031392868,20.2,m210,DJI_0010_d3.mov,435,data/raw/seadronessee/odv2/images/train/16276.jpg,train
train:109697,train:16276,train,109697,16276,16276.jpg,3840,2160,2,boat,2157.0,1187.0,132.0,80.0,10560.0,29.998537031392868,20.2,m210,DJI_0010_d3.mov,435,data/raw/seadronessee/odv2/images/train/16276.jpg,train
train:109698,train:16276,train,109698,16276,16276.jpg,3840,2160,2,boat,3498.0,1160.0,184.0,72.0,13248.0,29.998537031392868,20.2,m210,DJI_0010_d3.mov,435,data/raw/seadronessee/odv2/images/train/16276.jpg,train
train:109712,train:16278,train,109712,16278,16278.jpg,3840,2160,2,boat,880.0,1070.0,197.0,57.0,11229.0,29.998537031392868,20.5,m210,DJI_0010_d3.mov,465,data/raw/seadronessee/odv2/images/train/16278.jpg,train
train:109713,train:16278,train,109713,16278,16278.jpg,3840,2160,1,swimmer,1455.0,1165.0,28.0,29.0,812.0,29.998537031392868,20.5,m210,DJI_0010_d3.mov,465,data/raw/seadronessee/odv2/images/train/16278.jpg,train
train:109716,train:16278,train,109716,16278,16278.jpg,3840,2160,1,swimmer,1008.0,1148.0,24.0,22.0,528.0,29.998537031392868,20.5,m210,DJI_0010_d3.mov,465,data/raw/seadronessee/odv2/images/train/16278.jpg,train
train:109721,train:16278,train,109721,16278,16278.jpg,3840,2160,2,boat,2093.0,1056.0,110.0,80.0,8800.0,29.998537031392868,20.5,m210,DJI_0010_d3.mov,465,data/raw/seadronessee/odv2/images/train/16278.jpg,train
train:109722,train:16278,train,109722,16278,16278.jpg,3840,2160,1,swimmer,1536.0,1224.0,26.0,29.0,754.0,29.998537031392868,20.5,m210,DJI_0010_d3.mov,465,data/raw/seadronessee/odv2/images/train/16278.jpg,train
train:109723,train:16278,train,109723,16278,16278.jpg,3840,2160,2,boat,2097.0,1186.0,128.0,84.0,10752.0,29.998537031392868,20.5,m210,DJI_0010_d3.mov,465,data/raw/seadronessee/odv2/images/train/16278.jpg,train
train:109724,train:16278,train,109724,16278,16278.jpg,3840,2160,2,boat,3436.0,1151.0,187.0,71.0,13277.0,29.998537031392868,20.5,m210,DJI_0010_d3.mov,465,data/raw/seadronessee/odv2/images/train/16278.jpg,train
train:109738,train:16280,train,109738,16280,16280.jpg,3840,2160,2,boat,800.0,1080.0,203.0,56.0,11368.0,29.89854190795489,20.9,m210,DJI_0010_d3.mov,495,data/raw/seadronessee/odv2/images/train/16280.jpg,train
train:109739,train:16280,train,109739,16280,16280.jpg,3840,2160,1,swimmer,1373.0,1171.0,31.0,29.0,899.0,29.89854190795489,20.9,m210,DJI_0010_d3.mov,495,data/raw/seadronessee/odv2/images/train/16280.jpg,train
train:109742,train:16280,train,109742,16280,16280.jpg,3840,2160,1,swimmer,950.0,1158.0,27.0,26.0,702.0,29.89854190795489,20.9,m210,DJI_0010_d3.mov,495,data/raw/seadronessee/odv2/images/train/16280.jpg,train
train:109747,train:16280,train,109747,16280,16280.jpg,3840,2160,2,boat,2035.0,1048.0,110.0,80.0,8800.0,29.89854190795489,20.9,m210,DJI_0010_d3.mov,495,data/raw/seadronessee/odv2/images/train/16280.jpg,train
train:109748,train:16280,train,109748,16280,16280.jpg,3840,2160,1,swimmer,1480.0,1234.0,27.0,25.0,675.0,29.89854190795489,20.9,m210,DJI_0010_d3.mov,495,data/raw/seadronessee/odv2/images/train/16280.jpg,train
train:109749,train:16280,train,109749,16280,16280.jpg,3840,2160,2,boat,2055.0,1188.0,125.0,85.0,10625.0,29.89854190795489,20.9,m210,DJI_0010_d3.mov,495,data/raw/seadronessee/odv2/images/train/16280.jpg,train
train:109750,train:16280,train,109750,16280,16280.jpg,3840,2160,2,boat,3390.0,1135.0,188.0,71.0,13348.0,29.89854190795489,20.9,m210,DJI_0010_d3.mov,495,data/raw/seadronessee/odv2/images/train/16280.jpg,train
train:109764,train:16282,train,109764,16282,16282.jpg,3840,2160,2,boat,734.0,1092.0,202.0,59.0,11918.0,29.89854190795489,21.3,m210,DJI_0010_d3.mov,525,data/raw/seadronessee/odv2/images/train/16282.jpg,train
train:109765,train:16282,train,109765,16282,16282.jpg,3840,2160,1,swimmer,1297.0,1181.0,28.0,28.0,784.0,29.89854190795489,21.3,m210,DJI_0010_d3.mov,525,data/raw/seadronessee/odv2/images/train/16282.jpg,train
train:109768,train:16282,train,109768,16282,16282.jpg,3840,2160,1,swimmer,901.0,1177.0,25.0,24.0,600.0,29.89854190795489,21.3,m210,DJI_0010_d3.mov,525,data/raw/seadronessee/odv2/images/train/16282.jpg,train
train:109772,train:16282,train,109772,16282,16282.jpg,3840,2160,2,boat,1988.0,1050.0,107.0,84.0,8988.0,29.89854190795489,21.3,m210,DJI_0010_d3.mov,525,data/raw/seadronessee/odv2/images/train/16282.jpg,train
train:109773,train:16282,train,109773,16282,16282.jpg,3840,2160,1,swimmer,1423.0,1244.0,29.0,26.0,754.0,29.89854190795489,21.3,m210,DJI_0010_d3.mov,525,data/raw/seadronessee/odv2/images/train/16282.jpg,train
train:109775,train:16282,train,109775,16282,16282.jpg,3840,2160,2,boat,2018.0,1156.0,124.0,127.0,15748.0,29.89854190795489,21.3,m210,DJI_0010_d3.mov,525,data/raw/seadronessee/odv2/images/train/16282.jpg,train
train:109776,train:16282,train,109776,16282,16282.jpg,3840,2160,2,boat,3352.0,1123.0,190.0,69.0,13110.0,29.89854190795489,21.3,m210,DJI_0010_d3.mov,525,data/raw/seadronessee/odv2/images/train/16282.jpg,train
train:109790,train:16284,train,109790,16284,16284.jpg,3840,2160,2,boat,666.0,1089.0,208.0,61.0,12688.0,29.89854190795489,21.5,m210,DJI_0010_d3.mov,555,data/raw/seadronessee/odv2/images/train/16284.jpg,train
train:109791,train:16284,train,109791,16284,16284.jpg,3840,2160,1,swimmer,1224.0,1179.0,30.0,29.0,870.0,29.89854190795489,21.5,m210,DJI_0010_d3.mov,555,data/raw/seadronessee/odv2/images/train/16284.jpg,train
train:109794,train:16284,train,109794,16284,16284.jpg,3840,2160,1,swimmer,858.0,1175.0,26.0,24.0,624.0,29.89854190795489,21.5,m210,DJI_0010_d3.mov,555,data/raw/seadronessee/odv2/images/train/16284.jpg,train
train:109797,train:16284,train,109797,16284,16284.jpg,3840,2160,2,boat,1941.0,1042.0,108.0,84.0,9072.0,29.89854190795489,21.5,m210,DJI_0010_d3.mov,555,data/raw/seadronessee/odv2/images/train/16284.jpg,train
train:109798,train:16284,train,109798,16284,16284.jpg,3840,2160,1,swimmer,1383.0,1250.0,34.0,30.0,1020.0,29.89854190795489,21.5,m210,DJI_0010_d3.mov,555,data/raw/seadronessee/odv2/images/train/16284.jpg,train
train:109800,train:16284,train,109800,16284,16284.jpg,3840,2160,2,boat,1984.0,1145.0,119.0,132.0,15708.0,29.89854190795489,21.5,m210,DJI_0010_d3.mov,555,data/raw/seadronessee/odv2/images/train/16284.jpg,train
train:109801,train:16284,train,109801,16284,16284.jpg,3840,2160,2,boat,3312.0,1107.0,193.0,72.0,13896.0,29.89854190795489,21.5,m210,DJI_0010_d3.mov,555,data/raw/seadronessee/odv2/images/train/16284.jpg,train
train:109813,train:16286,train,109813,16286,16286.jpg,3840,2160,2,boat,600.0,1099.0,212.0,62.0,13144.0,29.89854190795489,22.0,m210,DJI_0010_d3.mov,585,data/raw/seadronessee/odv2/images/train/16286.jpg,train
train:109814,train:16286,train,109814,16286,16286.jpg,3840,2160,1,swimmer,1147.0,1177.0,31.0,29.0,899.0,29.89854190795489,22.0,m210,DJI_0010_d3.mov,585,data/raw/seadronessee/odv2/images/train/16286.jpg,train
train:109817,train:16286,train,109817,16286,16286.jpg,3840,2160,1,swimmer,812.0,1191.0,26.0,23.0,598.0,29.89854190795489,22.0,m210,DJI_0010_d3.mov,585,data/raw/seadronessee/odv2/images/train/16286.jpg,train
train:109821,train:16286,train,109821,16286,16286.jpg,3840,2160,2,boat,1891.0,1030.0,104.0,85.0,8840.0,29.89854190795489,22.0,m210,DJI_0010_d3.mov,585,data/raw/seadronessee/odv2/images/train/16286.jpg,train
train:109822,train:16286,train,109822,16286,16286.jpg,3840,2160,1,swimmer,1332.0,1247.0,29.0,29.0,841.0,29.89854190795489,22.0,m210,DJI_0010_d3.mov,585,data/raw/seadronessee/odv2/images/train/16286.jpg,train
train:109823,train:16286,train,109823,16286,16286.jpg,3840,2160,2,boat,1948.0,1140.0,117.0,134.0,15678.0,29.89854190795489,22.0,m210,DJI_0010_d3.mov,585,data/raw/seadronessee/odv2/images/train/16286.jpg,train
train:109824,train:16286,train,109824,16286,16286.jpg,3840,2160,2,boat,3267.0,1082.0,191.0,69.0,13179.0,29.89854190795489,22.0,m210,DJI_0010_d3.mov,585,data/raw/seadronessee/odv2/images/train/16286.jpg,train
train:109825,train:16286,train,109825,16286,16286.jpg,3840,2160,2,boat,3784.0,275.0,36.0,25.0,900.0,29.89854190795489,22.0,m210,DJI_0010_d3.mov,585,data/raw/seadronessee/odv2/images/train/16286.jpg,train
train:109839,train:16288,train,109839,16288,16288.jpg,3840,2160,2,boat,534.0,1103.0,210.0,66.0,13860.0,29.89854190795489,22.3,m210,DJI_0010_d3.mov,615,data/raw/seadronessee/odv2/images/train/16288.jpg,train
train:109840,train:16288,train,109840,16288,16288.jpg,3840,2160,1,swimmer,1077.0,1175.0,34.0,32.0,1088.0,29.89854190795489,22.3,m210,DJI_0010_d3.mov,615,data/raw/seadronessee/odv2/images/train/16288.jpg,train
train:109843,train:16288,train,109843,16288,16288.jpg,3840,2160,1,swimmer,770.0,1196.0,26.0,26.0,676.0,29.89854190795489,22.3,m210,DJI_0010_d3.mov,615,data/raw/seadronessee/odv2/images/train/16288.jpg,train
train:109847,train:16288,train,109847,16288,16288.jpg,3840,2160,2,boat,1839.0,1019.0,104.0,89.0,9256.0,29.89854190795489,22.3,m210,DJI_0010_d3.mov,615,data/raw/seadronessee/odv2/images/train/16288.jpg,train
train:109848,train:16288,train,109848,16288,16288.jpg,3840,2160,1,swimmer,1289.0,1248.0,32.0,32.0,1024.0,29.89854190795489,22.3,m210,DJI_0010_d3.mov,615,data/raw/seadronessee/odv2/images/train/16288.jpg,train
train:109849,train:16288,train,109849,16288,16288.jpg,3840,2160,2,boat,1912.0,1129.0,115.0,136.0,15640.0,29.89854190795489,22.3,m210,DJI_0010_d3.mov,615,data/raw/seadronessee/odv2/images/train/16288.jpg,train
train:109850,train:16288,train,109850,16288,16288.jpg,3840,2160,2,boat,3222.0,1055.0,193.0,70.0,13510.0,29.89854190795489,22.3,m210,DJI_0010_d3.mov,615,data/raw/seadronessee/odv2/images/train/16288.jpg,train
train:109851,train:16288,train,109851,16288,16288.jpg,3840,2160,2,boat,3663.0,236.0,38.0,26.0,988.0,29.89854190795489,22.3,m210,DJI_0010_d3.mov,615,data/raw/seadronessee/odv2/images/train/16288.jpg,train
train:109865,train:16290,train,109865,16290,16290.jpg,3840,2160,2,boat,476.0,1107.0,215.0,66.0,14190.0,29.89854190795489,22.5,m210,DJI_0010_d3.mov,645,data/raw/seadronessee/odv2/images/train/16290.jpg,train
train:109866,train:16290,train,109866,16290,16290.jpg,3840,2160,1,swimmer,1011.0,1180.0,34.0,30.0,1020.0,29.89854190795489,22.5,m210,DJI_0010_d3.mov,645,data/raw/seadronessee/odv2/images/train/16290.jpg,train
train:109869,train:16290,train,109869,16290,16290.jpg,3840,2160,1,swimmer,736.0,1205.0,24.0,25.0,600.0,29.89854190795489,22.5,m210,DJI_0010_d3.mov,645,data/raw/seadronessee/odv2/images/train/16290.jpg,train
train:109873,train:16290,train,109873,16290,16290.jpg,3840,2160,2,boat,1798.0,1009.0,103.0,90.0,9270.0,29.89854190795489,22.5,m210,DJI_0010_d3.mov,645,data/raw/seadronessee/odv2/images/train/16290.jpg,train
train:109874,train:16290,train,109874,16290,16290.jpg,3840,2160,1,swimmer,1257.0,1255.0,41.0,30.0,1230.0,29.89854190795489,22.5,m210,DJI_0010_d3.mov,645,data/raw/seadronessee/odv2/images/train/16290.jpg,train
train:109875,train:16290,train,109875,16290,16290.jpg,3840,2160,2,boat,1890.0,1121.0,111.0,138.0,15318.0,29.89854190795489,22.5,m210,DJI_0010_d3.mov,645,data/raw/seadronessee/odv2/images/train/16290.jpg,train
train:109876,train:16290,train,109876,16290,16290.jpg,3840,2160,2,boat,3184.0,1031.0,195.0,66.0,12870.0,29.89854190795489,22.5,m210,DJI_0010_d3.mov,645,data/raw/seadronessee/odv2/images/train/16290.jpg,train
train:109877,train:16290,train,109877,16290,16290.jpg,3840,2160,2,boat,3547.0,199.0,39.0,26.0,1014.0,29.89854190795489,22.5,m210,DJI_0010_d3.mov,645,data/raw/seadronessee/odv2/images/train/16290.jpg,train
train:109890,train:16292,train,109890,16292,16292.jpg,3840,2160,2,boat,427.0,1117.0,214.0,70.0,14980.0,29.798546784516912,22.8,m210,DJI_0010_d3.mov,675,data/raw/seadronessee/odv2/images/train/16292.jpg,train
train:109891,train:16292,train,109891,16292,16292.jpg,3840,2160,1,swimmer,952.0,1182.0,30.0,30.0,900.0,29.798546784516912,22.8,m210,DJI_0010_d3.mov,675,data/raw/seadronessee/odv2/images/train/16292.jpg,train
train:109893,train:16292,train,109893,16292,16292.jpg,3840,2160,1,swimmer,706.0,1210.0,26.0,30.0,780.0,29.798546784516912,22.8,m210,DJI_0010_d3.mov,675,data/raw/seadronessee/odv2/images/train/16292.jpg,train
train:109897,train:16292,train,109897,16292,16292.jpg,3840,2160,2,boat,1761.0,1001.0,102.0,92.0,9384.0,29.798546784516912,22.8,m210,DJI_0010_d3.mov,675,data/raw/seadronessee/odv2/images/train/16292.jpg,train
train:109898,train:16292,train,109898,16292,16292.jpg,3840,2160,1,swimmer,1225.0,1265.0,41.0,27.0,1107.0,29.798546784516912,22.8,m210,DJI_0010_d3.mov,675,data/raw/seadronessee/odv2/images/train/16292.jpg,train
train:109899,train:16292,train,109899,16292,16292.jpg,3840,2160,2,boat,1872.0,1119.0,104.0,138.0,14352.0,29.798546784516912,22.8,m210,DJI_0010_d3.mov,675,data/raw/seadronessee/odv2/images/train/16292.jpg,train
train:109900,train:16292,train,109900,16292,16292.jpg,3840,2160,2,boat,3147.0,1010.0,197.0,70.0,13790.0,29.798546784516912,22.8,m210,DJI_0010_d3.mov,675,data/raw/seadronessee/odv2/images/train/16292.jpg,train
train:109901,train:16292,train,109901,16292,16292.jpg,3840,2160,2,boat,3431.0,164.0,40.0,26.0,1040.0,29.798546784516912,22.8,m210,DJI_0010_d3.mov,675,data/raw/seadronessee/odv2/images/train/16292.jpg,train
train:109914,train:16294,train,109914,16294,16294.jpg,3840,2160,2,boat,376.0,1124.0,217.0,78.0,16926.0,29.89854190795489,23.1,m210,DJI_0010_d3.mov,705,data/raw/seadronessee/odv2/images/train/16294.jpg,train
train:109915,train:16294,train,109915,16294,16294.jpg,3840,2160,1,swimmer,892.0,1184.0,33.0,30.0,990.0,29.89854190795489,23.1,m210,DJI_0010_d3.mov,705,data/raw/seadronessee/odv2/images/train/16294.jpg,train
train:109917,train:16294,train,109917,16294,16294.jpg,3840,2160,1,swimmer,677.0,1223.0,27.0,31.0,837.0,29.89854190795489,23.1,m210,DJI_0010_d3.mov,705,data/raw/seadronessee/odv2/images/train/16294.jpg,train
train:109920,train:16294,train,109920,16294,16294.jpg,3840,2160,2,boat,1726.0,988.0,100.0,104.0,10400.0,29.89854190795489,23.1,m210,DJI_0010_d3.mov,705,data/raw/seadronessee/odv2/images/train/16294.jpg,train
train:109921,train:16294,train,109921,16294,16294.jpg,3840,2160,1,swimmer,1194.0,1269.0,41.0,27.0,1107.0,29.89854190795489,23.1,m210,DJI_0010_d3.mov,705,data/raw/seadronessee/odv2/images/train/16294.jpg,train
train:109922,train:16294,train,109922,16294,16294.jpg,3840,2160,2,boat,1851.0,1111.0,102.0,144.0,14688.0,29.89854190795489,23.1,m210,DJI_0010_d3.mov,705,data/raw/seadronessee/odv2/images/train/16294.jpg,train
train:109923,train:16294,train,109923,16294,16294.jpg,3840,2160,2,boat,3102.0,989.0,199.0,66.0,13134.0,29.89854190795489,23.1,m210,DJI_0010_d3.mov,705,data/raw/seadronessee/odv2/images/train/16294.jpg,train
train:109924,train:16294,train,109924,16294,16294.jpg,3840,2160,2,boat,3306.0,126.0,41.0,26.0,1066.0,29.89854190795489,23.1,m210,DJI_0010_d3.mov,705,data/raw/seadronessee/odv2/images/train/16294.jpg,train
train:109936,train:16296,train,109936,16296,16296.jpg,3840,2160,2,boat,325.0,1136.0,222.0,78.0,17316.0,29.89854190795489,23.4,m210,DJI_0010_d3.mov,735,data/raw/seadronessee/odv2/images/train/16296.jpg,train
train:109937,train:16296,train,109937,16296,16296.jpg,3840,2160,1,swimmer,832.0,1191.0,37.0,33.0,1221.0,29.89854190795489,23.4,m210,DJI_0010_d3.mov,735,data/raw/seadronessee/odv2/images/train/16296.jpg,train
train:109939,train:16296,train,109939,16296,16296.jpg,3840,2160,1,swimmer,644.0,1232.0,26.0,25.0,650.0,29.89854190795489,23.4,m210,DJI_0010_d3.mov,735,data/raw/seadronessee/odv2/images/train/16296.jpg,train
train:109942,train:16296,train,109942,16296,16296.jpg,3840,2160,2,boat,1681.0,985.0,97.0,94.0,9118.0,29.89854190795489,23.4,m210,DJI_0010_d3.mov,735,data/raw/seadronessee/odv2/images/train/16296.jpg,train
train:109943,train:16296,train,109943,16296,16296.jpg,3840,2160,1,swimmer,1164.0,1273.0,45.0,24.0,1080.0,29.89854190795489,23.4,m210,DJI_0010_d3.mov,735,data/raw/seadronessee/odv2/images/train/16296.jpg,train
train:109944,train:16296,train,109944,16296,16296.jpg,3840,2160,2,boat,1824.0,1103.0,100.0,142.0,14200.0,29.89854190795489,23.4,m210,DJI_0010_d3.mov,735,data/raw/seadronessee/odv2/images/train/16296.jpg,train
train:109945,train:16296,train,109945,16296,16296.jpg,3840,2160,2,boat,3054.0,959.0,198.0,67.0,13266.0,29.89854190795489,23.4,m210,DJI_0010_d3.mov,735,data/raw/seadronessee/odv2/images/train/16296.jpg,train
train:109946,train:16296,train,109946,16296,16296.jpg,3840,2160,2,boat,3176.0,91.0,41.0,27.0,1107.0,29.89854190795489,23.4,m210,DJI_0010_d3.mov,735,data/raw/seadronessee/odv2/images/train/16296.jpg,train
train:109958,train:16298,train,109958,16298,16298.jpg,3840,2160,2,boat,268.0,1148.0,221.0,85.0,18785.0,29.89854190795489,23.6,m210,DJI_0010_d3.mov,765,data/raw/seadronessee/odv2/images/train/16298.jpg,train
train:109959,train:16298,train,109959,16298,16298.jpg,3840,2160,1,swimmer,767.0,1199.0,32.0,30.0,960.0,29.89854190795489,23.6,m210,DJI_0010_d3.mov,765,data/raw/seadronessee/odv2/images/train/16298.jpg,train
train:109961,train:16298,train,109961,16298,16298.jpg,3840,2160,1,swimmer,606.0,1245.0,28.0,28.0,784.0,29.89854190795489,23.6,m210,DJI_0010_d3.mov,765,data/raw/seadronessee/odv2/images/train/16298.jpg,train
train:109964,train:16298,train,109964,16298,16298.jpg,3840,2160,2,boat,1635.0,978.0,96.0,98.0,9408.0,29.89854190795489,23.6,m210,DJI_0010_d3.mov,765,data/raw/seadronessee/odv2/images/train/16298.jpg,train
train:109965,train:16298,train,109965,16298,16298.jpg,3840,2160,1,swimmer,1130.0,1288.0,45.0,24.0,1080.0,29.89854190795489,23.6,m210,DJI_0010_d3.mov,765,data/raw/seadronessee/odv2/images/train/16298.jpg,train
train:109966,train:16298,train,109966,16298,16298.jpg,3840,2160,2,boat,1793.0,1094.0,101.0,143.0,14443.0,29.89854190795489,23.6,m210,DJI_0010_d3.mov,765,data/raw/seadronessee/odv2/images/train/16298.jpg,train
train:109967,train:16298,train,109967,16298,16298.jpg,3840,2160,2,boat,3004.0,931.0,198.0,64.0,12672.0,29.89854190795489,23.6,m210,DJI_0010_d3.mov,765,data/raw/seadronessee/odv2/images/train/16298.jpg,train
train:109968,train:16298,train,109968,16298,16298.jpg,3840,2160,2,boat,3041.0,58.0,42.0,27.0,1134.0,29.89854190795489,23.6,m210,DJI_0010_d3.mov,765,data/raw/seadronessee/odv2/images/train/16298.jpg,train
train:109980,train:16300,train,109980,16300,16300.jpg,3840,2160,2,boat,221.0,1169.0,221.0,85.0,18785.0,29.89854190795489,23.8,m210,DJI_0010_d3.mov,795,data/raw/seadronessee/odv2/images/train/16300.jpg,train
train:109981,train:16300,train,109981,16300,16300.jpg,3840,2160,1,swimmer,706.0,1214.0,34.0,30.0,1020.0,29.89854190795489,23.8,m210,DJI_0010_d3.mov,795,data/raw/seadronessee/odv2/images/train/16300.jpg,train
train:109983,train:16300,train,109983,16300,16300.jpg,3840,2160,1,swimmer,576.0,1261.0,27.0,28.0,756.0,29.89854190795489,23.8,m210,DJI_0010_d3.mov,795,data/raw/seadronessee/odv2/images/train/16300.jpg,train
train:109986,train:16300,train,109986,16300,16300.jpg,3840,2160,2,boat,1594.0,969.0,92.0,99.0,9108.0,29.89854190795489,23.8,m210,DJI_0010_d3.mov,795,data/raw/seadronessee/odv2/images/train/16300.jpg,train
train:109987,train:16300,train,109987,16300,16300.jpg,3840,2160,1,swimmer,1099.0,1291.0,46.0,29.0,1334.0,29.89854190795489,23.8,m210,DJI_0010_d3.mov,795,data/raw/seadronessee/odv2/images/train/16300.jpg,train
train:109988,train:16300,train,109988,16300,16300.jpg,3840,2160,2,boat,1770.0,1091.0,102.0,144.0,14688.0,29.89854190795489,23.8,m210,DJI_0010_d3.mov,795,data/raw/seadronessee/odv2/images/train/16300.jpg,train
train:109989,train:16300,train,109989,16300,16300.jpg,3840,2160,2,boat,2952.0,911.0,197.0,64.0,12608.0,29.89854190795489,23.8,m210,DJI_0010_d3.mov,795,data/raw/seadronessee/odv2/images/train/16300.jpg,train
train:109990,train:16300,train,109990,16300,16300.jpg,3840,2160,2,boat,2903.0,32.0,42.0,24.0,1008.0,29.89854190795489,23.8,m210,DJI_0010_d3.mov,795,data/raw/seadronessee/odv2/images/train/16300.jpg,train
train:110002,train:16302,train,110002,16302,16302.jpg,3840,2160,2,boat,173.0,1181.0,223.0,89.0,19847.0,29.998537031392868,23.9,m210,DJI_0010_d3.mov,825,data/raw/seadronessee/odv2/images/train/16302.jpg,train
train:110003,train:16302,train,110003,16302,16302.jpg,3840,2160,1,swimmer,648.0,1217.0,32.0,34.0,1088.0,29.998537031392868,23.9,m210,DJI_0010_d3.mov,825,data/raw/seadronessee/odv2/images/train/16302.jpg,train
train:110005,train:16302,train,110005,16302,16302.jpg,3840,2160,1,swimmer,546.0,1273.0,28.0,31.0,868.0,29.998537031392868,23.9,m210,DJI_0010_d3.mov,825,data/raw/seadronessee/odv2/images/train/16302.jpg,train
train:110008,train:16302,train,110008,16302,16302.jpg,3840,2160,2,boat,1552.0,962.0,92.0,102.0,9384.0,29.998537031392868,23.9,m210,DJI_0010_d3.mov,825,data/raw/seadronessee/odv2/images/train/16302.jpg,train
train:110009,train:16302,train,110009,16302,16302.jpg,3840,2160,1,swimmer,1074.0,1299.0,42.0,26.0,1092.0,29.998537031392868,23.9,m210,DJI_0010_d3.mov,825,data/raw/seadronessee/odv2/images/train/16302.jpg,train
train:110010,train:16302,train,110010,16302,16302.jpg,3840,2160,2,boat,1739.0,1084.0,110.0,146.0,16060.0,29.998537031392868,23.9,m210,DJI_0010_d3.mov,825,data/raw/seadronessee/odv2/images/train/16302.jpg,train
train:110011,train:16302,train,110011,16302,16302.jpg,3840,2160,2,boat,2894.0,887.0,196.0,62.0,12152.0,29.998537031392868,23.9,m210,DJI_0010_d3.mov,825,data/raw/seadronessee/odv2/images/train/16302.jpg,train
train:110012,train:16302,train,110012,16302,16302.jpg,3840,2160,2,boat,2761.0,0.0,43.0,24.0,1032.0,29.998537031392868,23.9,m210,DJI_0010_d3.mov,825,data/raw/seadronessee/odv2/images/train/16302.jpg,train
train:110023,train:16304,train,110023,16304,16304.jpg,3840,2160,2,boat,124.0,1195.0,227.0,99.0,22473.0,29.998537031392868,24.1,m210,DJI_0010_d3.mov,855,data/raw/seadronessee/odv2/images/train/16304.jpg,train
train:110024,train:16304,train,110024,16304,16304.jpg,3840,2160,1,swimmer,587.0,1232.0,32.0,31.0,992.0,29.998537031392868,24.1,m210,DJI_0010_d3.mov,855,data/raw/seadronessee/odv2/images/train/16304.jpg,train
train:110026,train:16304,train,110026,16304,16304.jpg,3840,2160,1,swimmer,517.0,1285.0,28.0,30.0,840.0,29.998537031392868,24.1,m210,DJI_0010_d3.mov,855,data/raw/seadronessee/odv2/images/train/16304.jpg,train
train:110029,train:16304,train,110029,16304,16304.jpg,3840,2160,2,boat,1505.0,963.0,87.0,101.0,8787.0,29.998537031392868,24.1,m210,DJI_0010_d3.mov,855,data/raw/seadronessee/odv2/images/train/16304.jpg,train
train:110030,train:16304,train,110030,16304,16304.jpg,3840,2160,1,swimmer,1042.0,1306.0,40.0,29.0,1160.0,29.998537031392868,24.1,m210,DJI_0010_d3.mov,855,data/raw/seadronessee/odv2/images/train/16304.jpg,train
train:110031,train:16304,train,110031,16304,16304.jpg,3840,2160,2,boat,1702.0,1081.0,118.0,143.0,16874.0,29.998537031392868,24.1,m210,DJI_0010_d3.mov,855,data/raw/seadronessee/odv2/images/train/16304.jpg,train
train:110032,train:16304,train,110032,16304,16304.jpg,3840,2160,2,boat,2832.0,861.0,196.0,60.0,11760.0,29.998537031392868,24.1,m210,DJI_0010_d3.mov,855,data/raw/seadronessee/odv2/images/train/16304.jpg,train
train:110043,train:16306,train,110043,16306,16306.jpg,3840,2160,2,boat,80.0,1235.0,222.0,98.0,21756.0,29.998537031392868,24.2,m210,DJI_0010_d3.mov,885,data/raw/seadronessee/odv2/images/train/16306.jpg,train
train:110044,train:16306,train,110044,16306,16306.jpg,3840,2160,1,swimmer,525.0,1256.0,31.0,33.0,1023.0,29.998537031392868,24.2,m210,DJI_0010_d3.mov,885,data/raw/seadronessee/odv2/images/train/16306.jpg,train
train:110046,train:16306,train,110046,16306,16306.jpg,3840,2160,1,swimmer,489.0,1315.0,28.0,31.0,868.0,29.998537031392868,24.2,m210,DJI_0010_d3.mov,885,data/raw/seadronessee/odv2/images/train/16306.jpg,train
train:110049,train:16306,train,110049,16306,16306.jpg,3840,2160,2,boat,1452.0,966.0,89.0,104.0,9256.0,29.998537031392868,24.2,m210,DJI_0010_d3.mov,885,data/raw/seadronessee/odv2/images/train/16306.jpg,train
train:110050,train:16306,train,110050,16306,16306.jpg,3840,2160,1,swimmer,1011.0,1330.0,34.0,29.0,986.0,29.998537031392868,24.2,m210,DJI_0010_d3.mov,885,data/raw/seadronessee/odv2/images/train/16306.jpg,train
train:110051,train:16306,train,110051,16306,16306.jpg,3840,2160,2,boat,1668.0,1082.0,125.0,145.0,18125.0,29.998537031392868,24.2,m210,DJI_0010_d3.mov,885,data/raw/seadronessee/odv2/images/train/16306.jpg,train
train:110052,train:16306,train,110052,16306,16306.jpg,3840,2160,2,boat,2767.0,846.0,195.0,54.0,10530.0,29.998537031392868,24.2,m210,DJI_0010_d3.mov,885,data/raw/seadronessee/odv2/images/train/16306.jpg,train
train:110064,train:16308,train,110064,16308,16308.jpg,3840,2160,2,boat,35.0,1265.0,220.0,102.0,22440.0,29.89854190795489,24.2,m210,DJI_0010_d3.mov,915,data/raw/seadronessee/odv2/images/train/16308.jpg,train
train:110065,train:16308,train,110065,16308,16308.jpg,3840,2160,1,swimmer,469.0,1286.0,31.0,35.0,1085.0,29.89854190795489,24.2,m210,DJI_0010_d3.mov,915,data/raw/seadronessee/odv2/images/train/16308.jpg,train
train:110068,train:16308,train,110068,16308,16308.jpg,3840,2160,1,swimmer,465.0,1342.0,28.0,33.0,924.0,29.89854190795489,24.2,m210,DJI_0010_d3.mov,915,data/raw/seadronessee/odv2/images/train/16308.jpg,train
train:110071,train:16308,train,110071,16308,16308.jpg,3840,2160,2,boat,1407.0,973.0,93.0,100.0,9300.0,29.89854190795489,24.2,m210,DJI_0010_d3.mov,915,data/raw/seadronessee/odv2/images/train/16308.jpg,train
train:110072,train:16308,train,110072,16308,16308.jpg,3840,2160,1,swimmer,989.0,1350.0,32.0,28.0,896.0,29.89854190795489,24.2,m210,DJI_0010_d3.mov,915,data/raw/seadronessee/odv2/images/train/16308.jpg,train
train:110073,train:16308,train,110073,16308,16308.jpg,3840,2160,2,boat,1636.0,1082.0,135.0,148.0,19980.0,29.89854190795489,24.2,m210,DJI_0010_d3.mov,915,data/raw/seadronessee/odv2/images/train/16308.jpg,train
train:110074,train:16308,train,110074,16308,16308.jpg,3840,2160,2,boat,2703.0,830.0,193.0,59.0,11387.0,29.89854190795489,24.2,m210,DJI_0010_d3.mov,915,data/raw/seadronessee/odv2/images/train/16308.jpg,train
train:110086,train:16310,train,110086,16310,16310.jpg,3840,2160,2,boat,0.0,1295.0,221.0,103.0,22763.0,29.89854190795489,24.2,m210,DJI_0010_d3.mov,945,data/raw/seadronessee/odv2/images/train/16310.jpg,train
train:110087,train:16310,train,110087,16310,16310.jpg,3840,2160,1,swimmer,414.0,1313.0,34.0,32.0,1088.0,29.89854190795489,24.2,m210,DJI_0010_d3.mov,945,data/raw/seadronessee/odv2/images/train/16310.jpg,train
train:110090,train:16310,train,110090,16310,16310.jpg,3840,2160,1,swimmer,445.0,1369.0,30.0,33.0,990.0,29.89854190795489,24.2,m210,DJI_0010_d3.mov,945,data/raw/seadronessee/odv2/images/train/16310.jpg,train
train:110093,train:16310,train,110093,16310,16310.jpg,3840,2160,2,boat,1362.0,982.0,96.0,104.0,9984.0,29.89854190795489,24.2,m210,DJI_0010_d3.mov,945,data/raw/seadronessee/odv2/images/train/16310.jpg,train
train:110094,train:16310,train,110094,16310,16310.jpg,3840,2160,1,swimmer,969.0,1377.0,30.0,28.0,840.0,29.89854190795489,24.2,m210,DJI_0010_d3.mov,945,data/raw/seadronessee/odv2/images/train/16310.jpg,train
train:110095,train:16310,train,110095,16310,16310.jpg,3840,2160,2,boat,1605.0,1093.0,138.0,148.0,20424.0,29.89854190795489,24.2,m210,DJI_0010_d3.mov,945,data/raw/seadronessee/odv2/images/train/16310.jpg,train
train:110096,train:16310,train,110096,16310,16310.jpg,3840,2160,2,boat,2638.0,828.0,192.0,53.0,10176.0,29.89854190795489,24.2,m210,DJI_0010_d3.mov,945,data/raw/seadronessee/odv2/images/train/16310.jpg,train
train:110108,train:16312,train,110108,16312,16312.jpg,3840,2160,2,boat,0.0,1329.0,196.0,117.0,22932.0,29.89854190795489,24.0,m210,DJI_0010_d3.mov,975,data/raw/seadronessee/odv2/images/train/16312.jpg,train
train:110109,train:16312,train,110109,16312,16312.jpg,3840,2160,1,swimmer,361.0,1345.0,31.0,32.0,992.0,29.89854190795489,24.0,m210,DJI_0010_d3.mov,975,data/raw/seadronessee/odv2/images/train/16312.jpg,train
train:110112,train:16312,train,110112,16312,16312.jpg,3840,2160,1,swimmer,435.0,1399.0,31.0,34.0,1054.0,29.89854190795489,24.0,m210,DJI_0010_d3.mov,975,data/raw/seadronessee/odv2/images/train/16312.jpg,train
train:110115,train:16312,train,110115,16312,16312.jpg,3840,2160,2,boat,1320.0,1004.0,98.0,104.0,10192.0,29.89854190795489,24.0,m210,DJI_0010_d3.mov,975,data/raw/seadronessee/odv2/images/train/16312.jpg,train
train:110116,train:16312,train,110116,16312,16312.jpg,3840,2160,1,swimmer,955.0,1401.0,31.0,29.0,899.0,29.89854190795489,24.0,m210,DJI_0010_d3.mov,975,data/raw/seadronessee/odv2/images/train/16312.jpg,train
train:110117,train:16312,train,110117,16312,16312.jpg,3840,2160,2,boat,1573.0,1112.0,148.0,144.0,21312.0,29.89854190795489,24.0,m210,DJI_0010_d3.mov,975,data/raw/seadronessee/odv2/images/train/16312.jpg,train
train:110118,train:16312,train,110118,16312,16312.jpg,3840,2160,2,boat,2572.0,824.0,194.0,55.0,10670.0,29.89854190795489,24.0,m210,DJI_0010_d3.mov,975,data/raw/seadronessee/odv2/images/train/16312.jpg,train
train:110130,train:16314,train,110130,16314,16314.jpg,3840,2160,2,boat,0.0,1378.0,159.0,115.0,18285.0,29.998537031392868,24.0,m210,DJI_0010_d3.mov,1005,data/raw/seadronessee/odv2/images/train/16314.jpg,train
train:110131,train:16314,train,110131,16314,16314.jpg,3840,2160,1,swimmer,315.0,1387.0,32.0,31.0,992.0,29.998537031392868,24.0,m210,DJI_0010_d3.mov,1005,data/raw/seadronessee/odv2/images/train/16314.jpg,train
train:110134,train:16314,train,110134,16314,16314.jpg,3840,2160,1,swimmer,937.0,1427.0,31.0,27.0,837.0,29.998537031392868,24.0,m210,DJI_0010_d3.mov,1005,data/raw/seadronessee/odv2/images/train/16314.jpg,train
train:110135,train:16314,train,110135,16314,16314.jpg,3840,2160,1,swimmer,428.0,1436.0,29.0,31.0,899.0,29.998537031392868,24.0,m210,DJI_0010_d3.mov,1005,data/raw/seadronessee/odv2/images/train/16314.jpg,train
train:110136,train:16314,train,110136,16314,16314.jpg,3840,2160,2,boat,1265.0,1025.0,107.0,106.0,11342.0,29.998537031392868,24.0,m210,DJI_0010_d3.mov,1005,data/raw/seadronessee/odv2/images/train/16314.jpg,train
train:110137,train:16314,train,110137,16314,16314.jpg,3840,2160,2,boat,1535.0,1124.0,155.0,146.0,22630.0,29.998537031392868,24.0,m210,DJI_0010_d3.mov,1005,data/raw/seadronessee/odv2/images/train/16314.jpg,train
train:110139,train:16314,train,110139,16314,16314.jpg,3840,2160,2,boat,2497.0,824.0,191.0,52.0,9932.0,29.998537031392868,24.0,m210,DJI_0010_d3.mov,1005,data/raw/seadronessee/odv2/images/train/16314.jpg,train
train:110151,train:16316,train,110151,16316,16316.jpg,3840,2160,1,swimmer,205.0,1431.0,30.0,28.0,840.0,29.89854190795489,23.7,m210,DJI_0010_d3.mov,1035,data/raw/seadronessee/odv2/images/train/16316.jpg,train
train:110152,train:16316,train,110152,16316,16316.jpg,3840,2160,1,swimmer,355.0,1472.0,29.0,32.0,928.0,29.89854190795489,23.7,m210,DJI_0010_d3.mov,1035,data/raw/seadronessee/odv2/images/train/16316.jpg,train
train:110153,train:16316,train,110153,16316,16316.jpg,3840,2160,2,boat,1159.0,1041.0,109.0,100.0,10900.0,29.89854190795489,23.7,m210,DJI_0010_d3.mov,1035,data/raw/seadronessee/odv2/images/train/16316.jpg,train
train:110154,train:16316,train,110154,16316,16316.jpg,3840,2160,1,swimmer,856.0,1456.0,32.0,31.0,992.0,29.89854190795489,23.7,m210,DJI_0010_d3.mov,1035,data/raw/seadronessee/odv2/images/train/16316.jpg,train
train:110156,train:16316,train,110156,16316,16316.jpg,3840,2160,2,boat,1437.0,1130.0,161.0,145.0,23345.0,29.89854190795489,23.7,m210,DJI_0010_d3.mov,1035,data/raw/seadronessee/odv2/images/train/16316.jpg,train
train:110158,train:16316,train,110158,16316,16316.jpg,3840,2160,2,boat,2368.0,818.0,188.0,53.0,9964.0,29.89854190795489,23.7,m210,DJI_0010_d3.mov,1035,data/raw/seadronessee/odv2/images/train/16316.jpg,train
train:110167,train:16318,train,110167,16318,16318.jpg,3840,2160,1,swimmer,73.0,1462.0,33.0,31.0,1023.0,29.998537031392868,23.7,m210,DJI_0010_d3.mov,1065,data/raw/seadronessee/odv2/images/train/16318.jpg,train
train:110168,train:16318,train,110168,16318,16318.jpg,3840,2160,1,swimmer,254.0,1494.0,28.0,32.0,896.0,29.998537031392868,23.7,m210,DJI_0010_d3.mov,1065,data/raw/seadronessee/odv2/images/train/16318.jpg,train
train:110169,train:16318,train,110169,16318,16318.jpg,3840,2160,2,boat,1038.0,1051.0,110.0,105.0,11550.0,29.998537031392868,23.7,m210,DJI_0010_d3.mov,1065,data/raw/seadronessee/odv2/images/train/16318.jpg,train
train:110170,train:16318,train,110170,16318,16318.jpg,3840,2160,1,swimmer,744.0,1480.0,30.0,34.0,1020.0,29.998537031392868,23.7,m210,DJI_0010_d3.mov,1065,data/raw/seadronessee/odv2/images/train/16318.jpg,train
train:110172,train:16318,train,110172,16318,16318.jpg,3840,2160,2,boat,1317.0,1140.0,162.0,145.0,23490.0,29.998537031392868,23.7,m210,DJI_0010_d3.mov,1065,data/raw/seadronessee/odv2/images/train/16318.jpg,train
train:110174,train:16318,train,110174,16318,16318.jpg,3840,2160,2,boat,2247.0,807.0,190.0,51.0,9690.0,29.998537031392868,23.7,m210,DJI_0010_d3.mov,1065,data/raw/seadronessee/odv2/images/train/16318.jpg,train
train:110183,train:16320,train,110183,16320,16320.jpg,3840,2160,1,swimmer,0.0,1456.0,30.0,30.0,900.0,29.998537031392868,23.5,m210,DJI_0010_d3.mov,1095,data/raw/seadronessee/odv2/images/train/16320.jpg,train
train:110184,train:16320,train,110184,16320,16320.jpg,3840,2160,1,swimmer,215.0,1486.0,27.0,33.0,891.0,29.998537031392868,23.5,m210,DJI_0010_d3.mov,1095,data/raw/seadronessee/odv2/images/train/16320.jpg,train
train:110185,train:16320,train,110185,16320,16320.jpg,3840,2160,2,boat,983.0,1054.0,108.0,103.0,11124.0,29.998537031392868,23.5,m210,DJI_0010_d3.mov,1095,data/raw/seadronessee/odv2/images/train/16320.jpg,train
train:110186,train:16320,train,110186,16320,16320.jpg,3840,2160,1,swimmer,688.0,1475.0,31.0,36.0,1116.0,29.998537031392868,23.5,m210,DJI_0010_d3.mov,1095,data/raw/seadronessee/odv2/images/train/16320.jpg,train
train:110188,train:16320,train,110188,16320,16320.jpg,3840,2160,2,boat,1260.0,1141.0,161.0,142.0,22862.0,29.998537031392868,23.5,m210,DJI_0010_d3.mov,1095,data/raw/seadronessee/odv2/images/train/16320.jpg,train
train:110190,train:16320,train,110190,16320,16320.jpg,3840,2160,2,boat,2194.0,809.0,183.0,52.0,9516.0,29.998537031392868,23.5,m210,DJI_0010_d3.mov,1095,data/raw/seadronessee/odv2/images/train/16320.jpg,train
train:110198,train:16322,train,110198,16322,16322.jpg,3840,2160,1,swimmer,181.0,1486.0,39.0,35.0,1365.0,30.098532154830842,23.6,m210,DJI_0010_d3.mov,1125,data/raw/seadronessee/odv2/images/train/16322.jpg,train
train:110199,train:16322,train,110199,16322,16322.jpg,3840,2160,2,boat,946.0,1053.0,109.0,106.0,11554.0,30.098532154830842,23.6,m210,DJI_0010_d3.mov,1125,data/raw/seadronessee/odv2/images/train/16322.jpg,train
train:110200,train:16322,train,110200,16322,16322.jpg,3840,2160,1,swimmer,651.0,1475.0,36.0,37.0,1332.0,30.098532154830842,23.6,m210,DJI_0010_d3.mov,1125,data/raw/seadronessee/odv2/images/train/16322.jpg,train
train:110202,train:16322,train,110202,16322,16322.jpg,3840,2160,2,boat,1223.0,1144.0,161.0,144.0,23184.0,30.098532154830842,23.6,m210,DJI_0010_d3.mov,1125,data/raw/seadronessee/odv2/images/train/16322.jpg,train
train:110204,train:16322,train,110204,16322,16322.jpg,3840,2160,2,boat,2159.0,817.0,190.0,50.0,9500.0,30.098532154830842,23.6,m210,DJI_0010_d3.mov,1125,data/raw/seadronessee/odv2/images/train/16322.jpg,train
train:110212,train:16324,train,110212,16324,16324.jpg,3840,2160,1,swimmer,175.0,1485.0,38.0,33.0,1254.0,30.098532154830842,23.6,m210,DJI_0010_d3.mov,1155,data/raw/seadronessee/odv2/images/train/16324.jpg,train
train:110213,train:16324,train,110213,16324,16324.jpg,3840,2160,2,boat,924.0,1063.0,108.0,103.0,11124.0,30.098532154830842,23.6,m210,DJI_0010_d3.mov,1155,data/raw/seadronessee/odv2/images/train/16324.jpg,train
train:110214,train:16324,train,110214,16324,16324.jpg,3840,2160,1,swimmer,625.0,1485.0,34.0,29.0,986.0,30.098532154830842,23.6,m210,DJI_0010_d3.mov,1155,data/raw/seadronessee/odv2/images/train/16324.jpg,train
train:110216,train:16324,train,110216,16324,16324.jpg,3840,2160,2,boat,1198.0,1147.0,161.0,142.0,22862.0,30.098532154830842,23.6,m210,DJI_0010_d3.mov,1155,data/raw/seadronessee/odv2/images/train/16324.jpg,train
train:110218,train:16324,train,110218,16324,16324.jpg,3840,2160,2,boat,2136.0,820.0,190.0,52.0,9880.0,30.098532154830842,23.6,m210,DJI_0010_d3.mov,1155,data/raw/seadronessee/odv2/images/train/16324.jpg,train
train:110226,train:16326,train,110226,16326,16326.jpg,3840,2160,1,swimmer,178.0,1488.0,38.0,32.0,1216.0,30.098532154830842,23.6,m210,DJI_0010_d3.mov,1185,data/raw/seadronessee/odv2/images/train/16326.jpg,train
train:110227,train:16326,train,110227,16326,16326.jpg,3840,2160,2,boat,903.0,1065.0,107.0,102.0,10914.0,30.098532154830842,23.6,m210,DJI_0010_d3.mov,1185,data/raw/seadronessee/odv2/images/train/16326.jpg,train
train:110228,train:16326,train,110228,16326,16326.jpg,3840,2160,1,swimmer,606.0,1491.0,34.0,33.0,1122.0,30.098532154830842,23.6,m210,DJI_0010_d3.mov,1185,data/raw/seadronessee/odv2/images/train/16326.jpg,train
train:110230,train:16326,train,110230,16326,16326.jpg,3840,2160,2,boat,1178.0,1151.0,163.0,142.0,23146.0,30.098532154830842,23.6,m210,DJI_0010_d3.mov,1185,data/raw/seadronessee/odv2/images/train/16326.jpg,train
train:110232,train:16326,train,110232,16326,16326.jpg,3840,2160,2,boat,2118.0,822.0,191.0,52.0,9932.0,30.098532154830842,23.6,m210,DJI_0010_d3.mov,1185,data/raw/seadronessee/odv2/images/train/16326.jpg,train
train:110240,train:16328,train,110240,16328,16328.jpg,3840,2160,1,swimmer,186.0,1486.0,38.0,33.0,1254.0,30.098532154830842,23.6,m210,DJI_0010_d3.mov,1215,data/raw/seadronessee/odv2/images/train/16328.jpg,train
train:110241,train:16328,train,110241,16328,16328.jpg,3840,2160,2,boat,887.0,1067.0,111.0,104.0,11544.0,30.098532154830842,23.6,m210,DJI_0010_d3.mov,1215,data/raw/seadronessee/odv2/images/train/16328.jpg,train
train:110242,train:16328,train,110242,16328,16328.jpg,3840,2160,1,swimmer,594.0,1494.0,30.0,30.0,900.0,30.098532154830842,23.6,m210,DJI_0010_d3.mov,1215,data/raw/seadronessee/odv2/images/train/16328.jpg,train
train:110244,train:16328,train,110244,16328,16328.jpg,3840,2160,2,boat,1162.0,1153.0,165.0,147.0,24255.0,30.098532154830842,23.6,m210,DJI_0010_d3.mov,1215,data/raw/seadronessee/odv2/images/train/16328.jpg,train
train:110246,train:16328,train,110246,16328,16328.jpg,3840,2160,2,boat,2103.0,831.0,190.0,52.0,9880.0,30.098532154830842,23.6,m210,DJI_0010_d3.mov,1215,data/raw/seadronessee/odv2/images/train/16328.jpg,train
train:110254,train:16330,train,110254,16330,16330.jpg,3840,2160,1,swimmer,194.0,1486.0,36.0,35.0,1260.0,29.998537031392868,23.6,m210,DJI_0010_d3.mov,1245,data/raw/seadronessee/odv2/images/train/16330.jpg,train
train:110255,train:16330,train,110255,16330,16330.jpg,3840,2160,2,boat,870.0,1076.0,109.0,102.0,11118.0,29.998537031392868,23.6,m210,DJI_0010_d3.mov,1245,data/raw/seadronessee/odv2/images/train/16330.jpg,train
train:110256,train:16330,train,110256,16330,16330.jpg,3840,2160,1,swimmer,575.0,1496.0,31.0,32.0,992.0,29.998537031392868,23.6,m210,DJI_0010_d3.mov,1245,data/raw/seadronessee/odv2/images/train/16330.jpg,train
train:110258,train:16330,train,110258,16330,16330.jpg,3840,2160,2,boat,1142.0,1163.0,166.0,139.0,23074.0,29.998537031392868,23.6,m210,DJI_0010_d3.mov,1245,data/raw/seadronessee/odv2/images/train/16330.jpg,train
train:110260,train:16330,train,110260,16330,16330.jpg,3840,2160,2,boat,2082.0,835.0,190.0,52.0,9880.0,29.998537031392868,23.6,m210,DJI_0010_d3.mov,1245,data/raw/seadronessee/odv2/images/train/16330.jpg,train
train:110268,train:16332,train,110268,16332,16332.jpg,3840,2160,1,swimmer,201.0,1484.0,35.0,36.0,1260.0,29.998537031392868,23.6,m210,DJI_0010_d3.mov,1275,data/raw/seadronessee/odv2/images/train/16332.jpg,train
train:110269,train:16332,train,110269,16332,16332.jpg,3840,2160,2,boat,849.0,1079.0,111.0,109.0,12099.0,29.998537031392868,23.6,m210,DJI_0010_d3.mov,1275,data/raw/seadronessee/odv2/images/train/16332.jpg,train
train:110270,train:16332,train,110270,16332,16332.jpg,3840,2160,1,swimmer,556.0,1506.0,32.0,34.0,1088.0,29.998537031392868,23.6,m210,DJI_0010_d3.mov,1275,data/raw/seadronessee/odv2/images/train/16332.jpg,train
train:110272,train:16332,train,110272,16332,16332.jpg,3840,2160,2,boat,1121.0,1165.0,165.0,144.0,23760.0,29.998537031392868,23.6,m210,DJI_0010_d3.mov,1275,data/raw/seadronessee/odv2/images/train/16332.jpg,train
train:110274,train:16332,train,110274,16332,16332.jpg,3840,2160,2,boat,2062.0,839.0,192.0,50.0,9600.0,29.998537031392868,23.6,m210,DJI_0010_d3.mov,1275,data/raw/seadronessee/odv2/images/train/16332.jpg,train
train:110282,train:16334,train,110282,16334,16334.jpg,3840,2160,1,swimmer,207.0,1485.0,37.0,35.0,1295.0,29.998537031392868,23.6,m210,DJI_0010_d3.mov,1305,data/raw/seadronessee/odv2/images/train/16334.jpg,train
train:110283,train:16334,train,110283,16334,16334.jpg,3840,2160,2,boat,832.0,1089.0,109.0,97.0,10573.0,29.998537031392868,23.6,m210,DJI_0010_d3.mov,1305,data/raw/seadronessee/odv2/images/train/16334.jpg,train
train:110284,train:16334,train,110284,16334,16334.jpg,3840,2160,1,swimmer,538.0,1510.0,35.0,33.0,1155.0,29.998537031392868,23.6,m210,DJI_0010_d3.mov,1305,data/raw/seadronessee/odv2/images/train/16334.jpg,train
train:110286,train:16334,train,110286,16334,16334.jpg,3840,2160,2,boat,1103.0,1208.0,167.0,99.0,16533.0,29.998537031392868,23.6,m210,DJI_0010_d3.mov,1305,data/raw/seadronessee/odv2/images/train/16334.jpg,train
train:110288,train:16334,train,110288,16334,16334.jpg,3840,2160,2,boat,2047.0,837.0,191.0,52.0,9932.0,29.998537031392868,23.6,m210,DJI_0010_d3.mov,1305,data/raw/seadronessee/odv2/images/train/16334.jpg,train
train:110296,train:16336,train,110296,16336,16336.jpg,3840,2160,1,swimmer,213.0,1491.0,36.0,34.0,1224.0,30.098532154830842,23.6,m210,DJI_0010_d3.mov,1335,data/raw/seadronessee/odv2/images/train/16336.jpg,train
train:110297,train:16336,train,110297,16336,16336.jpg,3840,2160,2,boat,817.0,1085.0,113.0,109.0,12317.0,30.098532154830842,23.6,m210,DJI_0010_d3.mov,1335,data/raw/seadronessee/odv2/images/train/16336.jpg,train
train:110298,train:16336,train,110298,16336,16336.jpg,3840,2160,1,swimmer,524.0,1511.0,32.0,33.0,1056.0,30.098532154830842,23.6,m210,DJI_0010_d3.mov,1335,data/raw/seadronessee/odv2/images/train/16336.jpg,train
train:110300,train:16336,train,110300,16336,16336.jpg,3840,2160,2,boat,1088.0,1208.0,169.0,105.0,17745.0,30.098532154830842,23.6,m210,DJI_0010_d3.mov,1335,data/raw/seadronessee/odv2/images/train/16336.jpg,train
train:110302,train:16336,train,110302,16336,16336.jpg,3840,2160,2,boat,2032.0,839.0,192.0,52.0,9984.0,30.098532154830842,23.6,m210,DJI_0010_d3.mov,1335,data/raw/seadronessee/odv2/images/train/16336.jpg,train
train:110310,train:16338,train,110310,16338,16338.jpg,3840,2160,1,swimmer,212.0,1492.0,35.0,35.0,1225.0,29.998537031392868,23.6,m210,DJI_0010_d3.mov,1365,data/raw/seadronessee/odv2/images/train/16338.jpg,train
train:110311,train:16338,train,110311,16338,16338.jpg,3840,2160,2,boat,803.0,1094.0,110.0,103.0,11330.0,29.998537031392868,23.6,m210,DJI_0010_d3.mov,1365,data/raw/seadronessee/odv2/images/train/16338.jpg,train
train:110312,train:16338,train,110312,16338,16338.jpg,3840,2160,1,swimmer,509.0,1521.0,32.0,36.0,1152.0,29.998537031392868,23.6,m210,DJI_0010_d3.mov,1365,data/raw/seadronessee/odv2/images/train/16338.jpg,train
train:110314,train:16338,train,110314,16338,16338.jpg,3840,2160,2,boat,1070.0,1173.0,169.0,145.0,24505.0,29.998537031392868,23.6,m210,DJI_0010_d3.mov,1365,data/raw/seadronessee/odv2/images/train/16338.jpg,train
train:110316,train:16338,train,110316,16338,16338.jpg,3840,2160,2,boat,2014.0,844.0,192.0,51.0,9792.0,29.998537031392868,23.6,m210,DJI_0010_d3.mov,1365,data/raw/seadronessee/odv2/images/train/16338.jpg,train
train:110324,train:16340,train,110324,16340,16340.jpg,3840,2160,1,swimmer,211.0,1506.0,41.0,35.0,1435.0,30.098532154830842,23.6,m210,DJI_0010_d3.mov,1395,data/raw/seadronessee/odv2/images/train/16340.jpg,train
train:110325,train:16340,train,110325,16340,16340.jpg,3840,2160,2,boat,794.0,1108.0,112.0,105.0,11760.0,30.098532154830842,23.6,m210,DJI_0010_d3.mov,1395,data/raw/seadronessee/odv2/images/train/16340.jpg,train
train:110326,train:16340,train,110326,16340,16340.jpg,3840,2160,1,swimmer,495.0,1541.0,35.0,31.0,1085.0,30.098532154830842,23.6,m210,DJI_0010_d3.mov,1395,data/raw/seadronessee/odv2/images/train/16340.jpg,train
train:110328,train:16340,train,110328,16340,16340.jpg,3840,2160,2,boat,1065.0,1231.0,172.0,96.0,16512.0,30.098532154830842,23.6,m210,DJI_0010_d3.mov,1395,data/raw/seadronessee/odv2/images/train/16340.jpg,train
train:110330,train:16340,train,110330,16340,16340.jpg,3840,2160,2,boat,2020.0,856.0,195.0,51.0,9945.0,30.098532154830842,23.6,m210,DJI_0010_d3.mov,1395,data/raw/seadronessee/odv2/images/train/16340.jpg,train
train:110338,train:16342,train,110338,16342,16342.jpg,3840,2160,1,swimmer,197.0,1513.0,35.0,39.0,1365.0,29.998537031392868,23.6,m210,DJI_0010_d3.mov,1425,data/raw/seadronessee/odv2/images/train/16342.jpg,train
train:110339,train:16342,train,110339,16342,16342.jpg,3840,2160,2,boat,778.0,1088.0,117.0,110.0,12870.0,29.998537031392868,23.6,m210,DJI_0010_d3.mov,1425,data/raw/seadronessee/odv2/images/train/16342.jpg,train
train:110340,train:16342,train,110340,16342,16342.jpg,3840,2160,1,swimmer,474.0,1555.0,35.0,36.0,1260.0,29.998537031392868,23.6,m210,DJI_0010_d3.mov,1425,data/raw/seadronessee/odv2/images/train/16342.jpg,train
train:110342,train:16342,train,110342,16342,16342.jpg,3840,2160,2,boat,1061.0,1172.0,182.0,154.0,28028.0,29.998537031392868,23.6,m210,DJI_0010_d3.mov,1425,data/raw/seadronessee/odv2/images/train/16342.jpg,train
train:110344,train:16342,train,110344,16342,16342.jpg,3840,2160,2,boat,2039.0,813.0,199.0,55.0,10945.0,29.998537031392868,23.6,m210,DJI_0010_d3.mov,1425,data/raw/seadronessee/odv2/images/train/16342.jpg,train
train:110352,train:16344,train,110352,16344,16344.jpg,3840,2160,1,swimmer,173.0,1537.0,35.0,43.0,1505.0,29.998537031392868,23.7,m210,DJI_0010_d3.mov,1455,data/raw/seadronessee/odv2/images/train/16344.jpg,train
train:110353,train:16344,train,110353,16344,16344.jpg,3840,2160,2,boat,755.0,1076.0,121.0,118.0,14278.0,29.998537031392868,23.7,m210,DJI_0010_d3.mov,1455,data/raw/seadronessee/odv2/images/train/16344.jpg,train
train:110354,train:16344,train,110354,16344,16344.jpg,3840,2160,1,swimmer,448.0,1583.0,34.0,38.0,1292.0,29.998537031392868,23.7,m210,DJI_0010_d3.mov,1455,data/raw/seadronessee/odv2/images/train/16344.jpg,train
train:110356,train:16344,train,110356,16344,16344.jpg,3840,2160,2,boat,1045.0,1216.0,193.0,110.0,21230.0,29.998537031392868,23.7,m210,DJI_0010_d3.mov,1455,data/raw/seadronessee/odv2/images/train/16344.jpg,train
train:110358,train:16344,train,110358,16344,16344.jpg,3840,2160,2,boat,2042.0,783.0,204.0,57.0,11628.0,29.998537031392868,23.7,m210,DJI_0010_d3.mov,1455,data/raw/seadronessee/odv2/images/train/16344.jpg,train
train:110366,train:16346,train,110366,16346,16346.jpg,3840,2160,1,swimmer,93.0,1596.0,83.0,73.0,6059.0,29.998537031392868,24.8,m210,DJI_0010_d3.mov,1485,data/raw/seadronessee/odv2/images/train/16346.jpg,train
train:110367,train:16346,train,110367,16346,16346.jpg,3840,2160,2,boat,720.0,1107.0,127.0,123.0,15621.0,29.998537031392868,24.8,m210,DJI_0010_d3.mov,1485,data/raw/seadronessee/odv2/images/train/16346.jpg,train
train:110368,train:16346,train,110368,16346,16346.jpg,3840,2160,1,swimmer,407.0,1648.0,36.0,40.0,1440.0,29.998537031392868,24.8,m210,DJI_0010_d3.mov,1485,data/raw/seadronessee/odv2/images/train/16346.jpg,train
train:110370,train:16346,train,110370,16346,16346.jpg,3840,2160,2,boat,1023.0,1202.0,201.0,164.0,32964.0,29.998537031392868,24.8,m210,DJI_0010_d3.mov,1485,data/raw/seadronessee/odv2/images/train/16346.jpg,train
train:110372,train:16346,train,110372,16346,16346.jpg,3840,2160,2,boat,2039.0,783.0,209.0,57.0,11913.0,29.998537031392868,24.8,m210,DJI_0010_d3.mov,1485,data/raw/seadronessee/odv2/images/train/16346.jpg,train
train:110380,train:16348,train,110380,16348,16348.jpg,3840,2160,1,swimmer,64.0,1614.0,74.0,64.0,4736.0,29.89854190795489,25.8,m210,DJI_0010_d3.mov,1515,data/raw/seadronessee/odv2/images/train/16348.jpg,train
train:110381,train:16348,train,110381,16348,16348.jpg,3840,2160,2,boat,676.0,1097.0,133.0,129.0,17157.0,29.89854190795489,25.8,m210,DJI_0010_d3.mov,1515,data/raw/seadronessee/odv2/images/train/16348.jpg,train
train:110382,train:16348,train,110382,16348,16348.jpg,3840,2160,1,swimmer,368.0,1683.0,37.0,35.0,1295.0,29.89854190795489,25.8,m210,DJI_0010_d3.mov,1515,data/raw/seadronessee/odv2/images/train/16348.jpg,train
train:110384,train:16348,train,110384,16348,16348.jpg,3840,2160,2,boat,993.0,1200.0,211.0,168.0,35448.0,29.89854190795489,25.8,m210,DJI_0010_d3.mov,1515,data/raw/seadronessee/odv2/images/train/16348.jpg,train
train:110386,train:16348,train,110386,16348,16348.jpg,3840,2160,2,boat,2024.0,745.0,214.0,59.0,12626.0,29.89854190795489,25.8,m210,DJI_0010_d3.mov,1515,data/raw/seadronessee/odv2/images/train/16348.jpg,train
train:110394,train:16350,train,110394,16350,16350.jpg,3840,2160,1,swimmer,13.0,1645.0,104.0,82.0,8528.0,29.798546784516912,26.4,m210,DJI_0010_d3.mov,1545,data/raw/seadronessee/odv2/images/train/16350.jpg,train
train:110395,train:16350,train,110395,16350,16350.jpg,3840,2160,2,boat,624.0,1090.0,141.0,140.0,19740.0,29.798546784516912,26.4,m210,DJI_0010_d3.mov,1545,data/raw/seadronessee/odv2/images/train/16350.jpg,train
train:110396,train:16350,train,110396,16350,16350.jpg,3840,2160,1,swimmer,322.0,1725.0,37.0,35.0,1295.0,29.798546784516912,26.4,m210,DJI_0010_d3.mov,1545,data/raw/seadronessee/odv2/images/train/16350.jpg,train
train:110398,train:16350,train,110398,16350,16350.jpg,3840,2160,2,boat,953.0,1200.0,220.0,178.0,39160.0,29.798546784516912,26.4,m210,DJI_0010_d3.mov,1545,data/raw/seadronessee/odv2/images/train/16350.jpg,train
train:110400,train:16350,train,110400,16350,16350.jpg,3840,2160,2,boat,1998.0,703.0,218.0,59.0,12862.0,29.798546784516912,26.4,m210,DJI_0010_d3.mov,1545,data/raw/seadronessee/odv2/images/train/16350.jpg,train
train:110409,train:16352,train,110409,16352,16352.jpg,3840,2160,1,swimmer,0.0,1677.0,52.0,72.0,3744.0,29.798546784516912,27.6,m210,DJI_0010_d3.mov,1575,data/raw/seadronessee/odv2/images/train/16352.jpg,train
train:110410,train:16352,train,110410,16352,16352.jpg,3840,2160,2,boat,562.0,1092.0,144.0,140.0,20160.0,29.798546784516912,27.6,m210,DJI_0010_d3.mov,1575,data/raw/seadronessee/odv2/images/train/16352.jpg,train
train:110411,train:16352,train,110411,16352,16352.jpg,3840,2160,1,swimmer,229.0,1770.0,83.0,54.0,4482.0,29.798546784516912,27.6,m210,DJI_0010_d3.mov,1575,data/raw/seadronessee/odv2/images/train/16352.jpg,train
train:110414,train:16352,train,110414,16352,16352.jpg,3840,2160,2,boat,903.0,1197.0,231.0,184.0,42504.0,29.798546784516912,27.6,m210,DJI_0010_d3.mov,1575,data/raw/seadronessee/odv2/images/train/16352.jpg,train
train:110416,train:16352,train,110416,16352,16352.jpg,3840,2160,2,boat,1963.0,659.0,223.0,63.0,14049.0,29.798546784516912,27.6,m210,DJI_0010_d3.mov,1575,data/raw/seadronessee/odv2/images/train/16352.jpg,train
train:110424,train:16354,train,110424,16354,16354.jpg,3840,2160,2,boat,493.0,1058.0,150.0,151.0,22650.0,29.89854190795489,28.7,m210,DJI_0010_d3.mov,1605,data/raw/seadronessee/odv2/images/train/16354.jpg,train
train:110425,train:16354,train,110425,16354,16354.jpg,3840,2160,1,swimmer,179.0,1787.0,96.0,101.0,9696.0,29.89854190795489,28.7,m210,DJI_0010_d3.mov,1605,data/raw/seadronessee/odv2/images/train/16354.jpg,train
train:110428,train:16354,train,110428,16354,16354.jpg,3840,2160,2,boat,849.0,1173.0,242.0,192.0,46464.0,29.89854190795489,28.7,m210,DJI_0010_d3.mov,1605,data/raw/seadronessee/odv2/images/train/16354.jpg,train
train:110430,train:16354,train,110430,16354,16354.jpg,3840,2160,2,boat,1920.0,583.0,227.0,65.0,14755.0,29.89854190795489,28.7,m210,DJI_0010_d3.mov,1605,data/raw/seadronessee/odv2/images/train/16354.jpg,train
train:110438,train:16356,train,110438,16356,16356.jpg,3840,2160,2,boat,420.0,1026.0,157.0,167.0,26219.0,29.89854190795489,29.9,m210,DJI_0010_d3.mov,1635,data/raw/seadronessee/odv2/images/train/16356.jpg,train
train:110439,train:16356,train,110439,16356,16356.jpg,3840,2160,1,swimmer,128.0,1804.0,68.0,104.0,7072.0,29.89854190795489,29.9,m210,DJI_0010_d3.mov,1635,data/raw/seadronessee/odv2/images/train/16356.jpg,train
train:110442,train:16356,train,110442,16356,16356.jpg,3840,2160,2,boat,791.0,1146.0,255.0,204.0,52020.0,29.89854190795489,29.9,m210,DJI_0010_d3.mov,1635,data/raw/seadronessee/odv2/images/train/16356.jpg,train
train:110444,train:16356,train,110444,16356,16356.jpg,3840,2160,2,boat,1874.0,504.0,233.0,68.0,15844.0,29.89854190795489,29.9,m210,DJI_0010_d3.mov,1635,data/raw/seadronessee/odv2/images/train/16356.jpg,train
train:110452,train:16358,train,110452,16358,16358.jpg,3840,2160,2,boat,336.0,994.0,163.0,170.0,27710.0,29.998537031392868,31.2,m210,DJI_0010_d3.mov,1665,data/raw/seadronessee/odv2/images/train/16358.jpg,train
train:110453,train:16358,train,110453,16358,16358.jpg,3840,2160,1,swimmer,59.0,1834.0,78.0,115.0,8970.0,29.998537031392868,31.2,m210,DJI_0010_d3.mov,1665,data/raw/seadronessee/odv2/images/train/16358.jpg,train
train:110456,train:16358,train,110456,16358,16358.jpg,3840,2160,2,boat,725.0,1114.0,265.0,208.0,55120.0,29.998537031392868,31.2,m210,DJI_0010_d3.mov,1665,data/raw/seadronessee/odv2/images/train/16358.jpg,train
train:110458,train:16358,train,110458,16358,16358.jpg,3840,2160,2,boat,1812.0,408.0,241.0,68.0,16388.0,29.998537031392868,31.2,m210,DJI_0010_d3.mov,1665,data/raw/seadronessee/odv2/images/train/16358.jpg,train
train:110466,train:16360,train,110466,16360,16360.jpg,3840,2160,2,boat,240.0,1005.0,172.0,179.0,30788.0,29.998537031392868,32.1,m210,DJI_0010_d3.mov,1695,data/raw/seadronessee/odv2/images/train/16360.jpg,train
train:110467,train:16360,train,110467,16360,16360.jpg,3840,2160,1,swimmer,0.0,1907.0,75.0,117.0,8775.0,29.998537031392868,32.1,m210,DJI_0010_d3.mov,1695,data/raw/seadronessee/odv2/images/train/16360.jpg,train
train:110470,train:16360,train,110470,16360,16360.jpg,3840,2160,2,boat,644.0,1122.0,282.0,217.0,61194.0,29.998537031392868,32.1,m210,DJI_0010_d3.mov,1695,data/raw/seadronessee/odv2/images/train/16360.jpg,train
train:110472,train:16360,train,110472,16360,16360.jpg,3840,2160,2,boat,1741.0,349.0,246.0,73.0,17958.0,29.998537031392868,32.1,m210,DJI_0010_d3.mov,1695,data/raw/seadronessee/odv2/images/train/16360.jpg,train
train:110479,train:16362,train,110479,16362,16362.jpg,3840,2160,2,boat,137.0,961.0,182.0,192.0,34944.0,30.098532154830842,33.6,m210,DJI_0010_d3.mov,1725,data/raw/seadronessee/odv2/images/train/16362.jpg,train
train:110482,train:16362,train,110482,16362,16362.jpg,3840,2160,2,boat,566.0,1081.0,297.0,231.0,68607.0,30.098532154830842,33.6,m210,DJI_0010_d3.mov,1725,data/raw/seadronessee/odv2/images/train/16362.jpg,train
train:110484,train:16362,train,110484,16362,16362.jpg,3840,2160,2,boat,1660.0,232.0,251.0,76.0,19076.0,30.098532154830842,33.6,m210,DJI_0010_d3.mov,1725,data/raw/seadronessee/odv2/images/train/16362.jpg,train
train:110491,train:16364,train,110491,16364,16364.jpg,3840,2160,2,boat,32.0,977.0,192.0,206.0,39552.0,29.998537031392868,35.1,m210,DJI_0010_d3.mov,1755,data/raw/seadronessee/odv2/images/train/16364.jpg,train
train:110494,train:16364,train,110494,16364,16364.jpg,3840,2160,2,boat,480.0,1101.0,312.0,237.0,73944.0,29.998537031392868,35.1,m210,DJI_0010_d3.mov,1755,data/raw/seadronessee/odv2/images/train/16364.jpg,train
train:110496,train:16364,train,110496,16364,16364.jpg,3840,2160,2,boat,1563.0,156.0,258.0,82.0,21156.0,29.998537031392868,35.1,m210,DJI_0010_d3.mov,1755,data/raw/seadronessee/odv2/images/train/16364.jpg,train
train:110505,train:16366,train,110505,16366,16366.jpg,3840,2160,2,boat,383.0,1153.0,329.0,246.0,80934.0,29.998537031392868,36.7,m210,DJI_0010_d3.mov,1785,data/raw/seadronessee/odv2/images/train/16366.jpg,train
train:110507,train:16366,train,110507,16366,16366.jpg,3840,2160,2,boat,1445.0,112.0,263.0,81.0,21303.0,29.998537031392868,36.7,m210,DJI_0010_d3.mov,1785,data/raw/seadronessee/odv2/images/train/16366.jpg,train
train:110515,train:16368,train,110515,16368,16368.jpg,3840,2160,2,boat,278.0,1209.0,349.0,254.0,88646.0,29.89854190795489,38.3,m210,DJI_0010_d3.mov,1815,data/raw/seadronessee/odv2/images/train/16368.jpg,train
train:110517,train:16368,train,110517,16368,16368.jpg,3840,2160,2,boat,1307.0,19.0,268.0,134.0,35912.0,29.89854190795489,38.3,m210,DJI_0010_d3.mov,1815,data/raw/seadronessee/odv2/images/train/16368.jpg,train
train:110525,train:16370,train,110525,16370,16370.jpg,3840,2160,2,boat,179.0,1323.0,370.0,261.0,96570.0,29.998537031392868,39.5,m210,DJI_0010_d3.mov,1845,data/raw/seadronessee/odv2/images/train/16370.jpg,train
train:110527,train:16370,train,110527,16370,16370.jpg,3840,2160,2,boat,1157.0,43.0,272.0,97.0,26384.0,29.998537031392868,39.5,m210,DJI_0010_d3.mov,1845,data/raw/seadronessee/odv2/images/train/16370.jpg,train
train:110535,train:16372,train,110535,16372,16372.jpg,3840,2160,2,boat,92.0,1452.0,393.0,269.0,105717.0,29.998537031392868,41.1,m210,DJI_0010_d3.mov,1875,data/raw/seadronessee/odv2/images/train/16372.jpg,train
train:110537,train:16372,train,110537,16372,16372.jpg,3840,2160,2,boat,995.0,0.0,274.0,142.0,38908.0,29.998537031392868,41.1,m210,DJI_0010_d3.mov,1875,data/raw/seadronessee/odv2/images/train/16372.jpg,train
train:110545,train:16374,train,110545,16374,16374.jpg,3840,2160,2,boat,11.0,1599.0,420.0,266.0,111720.0,29.998537031392868,42.5,m210,DJI_0010_d3.mov,1905,data/raw/seadronessee/odv2/images/train/16374.jpg,train
train:110547,train:16374,train,110547,16374,16374.jpg,3840,2160,2,boat,815.0,36.0,280.0,117.0,32760.0,29.998537031392868,42.5,m210,DJI_0010_d3.mov,1905,data/raw/seadronessee/odv2/images/train/16374.jpg,train
train:110556,train:16376,train,110556,16376,16376.jpg,3840,2160,2,boat,619.0,10.0,280.0,171.0,47880.0,29.89854190795489,44.0,m210,DJI_0010_d3.mov,1935,data/raw/seadronessee/odv2/images/train/16376.jpg,train
train:110557,train:16376,train,110557,16376,16376.jpg,3840,2160,2,boat,0.0,1761.0,398.0,271.0,107858.0,29.89854190795489,44.0,m210,DJI_0010_d3.mov,1935,data/raw/seadronessee/odv2/images/train/16376.jpg,train
train:110566,train:16378,train,110566,16378,16378.jpg,3840,2160,2,boat,408.0,66.0,283.0,182.0,51506.0,29.89854190795489,45.1,m210,DJI_0010_d3.mov,1965,data/raw/seadronessee/odv2/images/train/16378.jpg,train
train:110572,train:16380,train,110572,16380,16380.jpg,3840,2160,2,boat,191.0,144.0,282.0,197.0,55554.0,29.89854190795489,46.3,m210,DJI_0010_d3.mov,1995,data/raw/seadronessee/odv2/images/train/16380.jpg,train
train:110578,train:16382,train,110578,16382,16382.jpg,3840,2160,2,boat,0.0,256.0,265.0,212.0,56180.0,29.89854190795489,47.0,m210,DJI_0010_d3.mov,2025,data/raw/seadronessee/odv2/images/train/16382.jpg,train
val:23858,val:4865,val,23858,4865,4865.jpg,3840,2160,1,swimmer,1633.0,1503.0,133.0,86.0,11438.0,26.69869795793965,51.6,mavic,NorthSea_Fri_DJI_0112.MP4,5415,data/raw/seadronessee/odv2/images/val/4865.jpg,train
val:23859,val:4865,val,23859,4865,4865.jpg,3840,2160,5,buoy,1282.0,1002.0,127.0,136.0,17272.0,26.69869795793965,51.6,mavic,NorthSea_Fri_DJI_0112.MP4,5415,data/raw/seadronessee/odv2/images/val/4865.jpg,train
val:23860,val:4865,val,23860,4865,4865.jpg,3840,2160,1,swimmer,1729.0,1889.0,59.0,119.0,7021.0,26.69869795793965,51.6,mavic,NorthSea_Fri_DJI_0112.MP4,5415,data/raw/seadronessee/odv2/images/val/4865.jpg,train
val:23864,val:4867,val,23864,4867,4867.jpg,3840,2160,1,swimmer,1655.0,1334.0,135.0,87.0,11745.0,28.298619932947272,51.6,mavic,NorthSea_Fri_DJI_0112.MP4,5445,data/raw/seadronessee/odv2/images/val/4867.jpg,train
val:23865,val:4867,val,23865,4867,4867.jpg,3840,2160,5,buoy,1317.0,861.0,119.0,145.0,17255.0,28.298619932947272,51.6,mavic,NorthSea_Fri_DJI_0112.MP4,5445,data/raw/seadronessee/odv2/images/val/4867.jpg,train
val:23866,val:4867,val,23866,4867,4867.jpg,3840,2160,1,swimmer,1740.0,1687.0,58.0,94.0,5452.0,28.298619932947272,51.6,mavic,NorthSea_Fri_DJI_0112.MP4,5445,data/raw/seadronessee/odv2/images/val/4867.jpg,train
val:23870,val:4869,val,23870,4869,4869.jpg,3840,2160,1,swimmer,1684.0,1271.0,125.0,90.0,11250.0,28.79859555013715,51.6,mavic,NorthSea_Fri_DJI_0112.MP4,5475,data/raw/seadronessee/odv2/images/val/4869.jpg,train
val:23871,val:4869,val,23871,4869,4869.jpg,3840,2160,5,buoy,1334.0,850.0,115.0,134.0,15410.0,28.79859555013715,51.6,mavic,NorthSea_Fri_DJI_0112.MP4,5475,data/raw/seadronessee/odv2/images/val/4869.jpg,train
val:23872,val:4869,val,23872,4869,4869.jpg,3840,2160,1,swimmer,1777.0,1615.0,49.0,84.0,4116.0,28.79859555013715,51.6,mavic,NorthSea_Fri_DJI_0112.MP4,5475,data/raw/seadronessee/odv2/images/val/4869.jpg,train
val:23876,val:4871,val,23876,4871,4871.jpg,3840,2160,1,swimmer,1678.0,1309.0,125.0,87.0,10875.0,28.79859555013715,51.6,mavic,NorthSea_Fri_DJI_0112.MP4,5505,data/raw/seadronessee/odv2/images/val/4871.jpg,train
val:23877,val:4871,val,23877,4871,4871.jpg,3840,2160,5,buoy,1337.0,870.0,117.0,133.0,15561.0,28.79859555013715,51.6,mavic,NorthSea_Fri_DJI_0112.MP4,5505,data/raw/seadronessee/odv2/images/val/4871.jpg,train
val:23878,val:4871,val,23878,4871,4871.jpg,3840,2160,1,swimmer,1780.0,1603.0,50.0,78.0,3900.0,28.79859555013715,51.6,mavic,NorthSea_Fri_DJI_0112.MP4,5505,data/raw/seadronessee/odv2/images/val/4871.jpg,train
val:23882,val:4873,val,23882,4873,4873.jpg,3840,2160,1,swimmer,1674.0,1357.0,130.0,94.0,12220.0,28.998585797013106,51.6,mavic,NorthSea_Fri_DJI_0112.MP4,5535,data/raw/seadronessee/odv2/images/val/4873.jpg,train
val:23883,val:4873,val,23883,4873,4873.jpg,3840,2160,5,buoy,1333.0,927.0,115.0,126.0,14490.0,28.998585797013106,51.6,mavic,NorthSea_Fri_DJI_0112.MP4,5535,data/raw/seadronessee/odv2/images/val/4873.jpg,train
val:23884,val:4873,val,23884,4873,4873.jpg,3840,2160,1,swimmer,1785.0,1643.0,50.0,68.0,3400.0,28.998585797013106,51.6,mavic,NorthSea_Fri_DJI_0112.MP4,5535,data/raw/seadronessee/odv2/images/val/4873.jpg,train
val:23888,val:4875,val,23888,4875,4875.jpg,3840,2160,1,swimmer,1697.0,1201.0,115.0,97.0,11155.0,29.798546784516912,51.6,mavic,NorthSea_Fri_DJI_0112.MP4,5565,data/raw/seadronessee/odv2/images/val/4875.jpg,train
val:23889,val:4875,val,23889,4875,4875.jpg,3840,2160,5,buoy,1353.0,820.0,110.0,124.0,13640.0,29.798546784516912,51.6,mavic,NorthSea_Fri_DJI_0112.MP4,5565,data/raw/seadronessee/odv2/images/val/4875.jpg,train
val:23890,val:4875,val,23890,4875,4875.jpg,3840,2160,1,swimmer,1794.0,1450.0,53.0,82.0,4346.0,29.798546784516912,51.6,mavic,NorthSea_Fri_DJI_0112.MP4,5565,data/raw/seadronessee/odv2/images/val/4875.jpg,train
val:23894,val:4877,val,23894,4877,4877.jpg,3840,2160,1,swimmer,1654.0,667.0,133.0,82.0,10906.0,30.598507772020724,51.6,mavic,NorthSea_Fri_DJI_0112.MP4,5595,data/raw/seadronessee/odv2/images/val/4877.jpg,train
val:23895,val:4877,val,23895,4877,4877.jpg,3840,2160,5,buoy,1389.0,324.0,105.0,129.0,13545.0,30.598507772020724,51.6,mavic,NorthSea_Fri_DJI_0112.MP4,5595,data/raw/seadronessee/odv2/images/val/4877.jpg,train
val:23896,val:4877,val,23896,4877,4877.jpg,3840,2160,1,swimmer,1776.0,883.0,41.0,62.0,2542.0,30.598507772020724,51.6,mavic,NorthSea_Fri_DJI_0112.MP4,5595,data/raw/seadronessee/odv2/images/val/4877.jpg,train
val:23900,val:4879,val,23900,4879,4879.jpg,3840,2160,1,swimmer,1688.0,1311.0,108.0,78.0,8424.0,30.398517525144772,56.0,mavic,NorthSea_Fri_DJI_0112.MP4,5625,data/raw/seadronessee/odv2/images/val/4879.jpg,train
val:23901,val:4879,val,23901,4879,4879.jpg,3840,2160,5,buoy,1438.0,982.0,96.0,125.0,12000.0,30.398517525144772,56.0,mavic,NorthSea_Fri_DJI_0112.MP4,5625,data/raw/seadronessee/odv2/images/val/4879.jpg,train
val:23902,val:4879,val,23902,4879,4879.jpg,3840,2160,1,swimmer,1797.0,1513.0,44.0,49.0,2156.0,30.398517525144772,56.0,mavic,NorthSea_Fri_DJI_0112.MP4,5625,data/raw/seadronessee/odv2/images/val/4879.jpg,train
val:23903,val:4879,val,23903,4879,4879.jpg,3840,2160,2,boat,1770.0,66.0,255.0,133.0,33915.0,30.398517525144772,56.0,mavic,NorthSea_Fri_DJI_0112.MP4,5625,data/raw/seadronessee/odv2/images/val/4879.jpg,train
val:23908,val:4881,val,23908,4881,4881.jpg,3840,2160,1,swimmer,1688.0,1561.0,117.0,77.0,9009.0,30.298522401706794,48.6,mavic,NorthSea_Fri_DJI_0112.MP4,5655,data/raw/seadronessee/odv2/images/val/4881.jpg,train
val:23909,val:4881,val,23909,4881,4881.jpg,3840,2160,5,buoy,1433.0,1244.0,97.0,117.0,11349.0,30.298522401706794,48.6,mavic,NorthSea_Fri_DJI_0112.MP4,5655,data/raw/seadronessee/odv2/images/val/4881.jpg,train
val:23910,val:4881,val,23910,4881,4881.jpg,3840,2160,1,swimmer,1822.0,1763.0,44.0,54.0,2376.0,30.298522401706794,48.6,mavic,NorthSea_Fri_DJI_0112.MP4,5655,data/raw/seadronessee/odv2/images/val/4881.jpg,train
val:23911,val:4881,val,23911,4881,4881.jpg,3840,2160,2,boat,1822.0,365.0,242.0,126.0,30492.0,30.298522401706794,48.6,mavic,NorthSea_Fri_DJI_0112.MP4,5655,data/raw/seadronessee/odv2/images/val/4881.jpg,train
val:23916,val:4883,val,23916,4883,4883.jpg,3840,2160,1,swimmer,1720.0,1476.0,103.0,66.0,6798.0,30.298522401706794,39.1,mavic,NorthSea_Fri_DJI_0112.MP4,5685,data/raw/seadronessee/odv2/images/val/4883.jpg,train
val:23917,val:4883,val,23917,4883,4883.jpg,3840,2160,5,buoy,1460.0,1167.0,95.0,114.0,10830.0,30.298522401706794,39.1,mavic,NorthSea_Fri_DJI_0112.MP4,5685,data/raw/seadronessee/odv2/images/val/4883.jpg,train
val:23918,val:4883,val,23918,4883,4883.jpg,3840,2160,1,swimmer,1844.0,1659.0,43.0,51.0,2193.0,30.298522401706794,39.1,mavic,NorthSea_Fri_DJI_0112.MP4,5685,data/raw/seadronessee/odv2/images/val/4883.jpg,train
val:23919,val:4883,val,23919,4883,4883.jpg,3840,2160,2,boat,1872.0,348.0,241.0,122.0,29402.0,30.298522401706794,39.1,mavic,NorthSea_Fri_DJI_0112.MP4,5685,data/raw/seadronessee/odv2/images/val/4883.jpg,train
val:23924,val:4885,val,23924,4885,4885.jpg,3840,2160,1,swimmer,1773.0,1410.0,90.0,46.0,4140.0,30.398517525144772,37.1,mavic,NorthSea_Fri_DJI_0112.MP4,5715,data/raw/seadronessee/odv2/images/val/4885.jpg,train
val:23925,val:4885,val,23925,4885,4885.jpg,3840,2160,5,buoy,1481.0,1115.0,91.0,108.0,9828.0,30.398517525144772,37.1,mavic,NorthSea_Fri_DJI_0112.MP4,5715,data/raw/seadronessee/odv2/images/val/4885.jpg,train
val:23926,val:4885,val,23926,4885,4885.jpg,3840,2160,1,swimmer,1888.0,1573.0,39.0,43.0,1677.0,30.398517525144772,37.1,mavic,NorthSea_Fri_DJI_0112.MP4,5715,data/raw/seadronessee/odv2/images/val/4885.jpg,train
val:23927,val:4885,val,23927,4885,4885.jpg,3840,2160,2,boat,1919.0,351.0,255.0,120.0,30600.0,30.398517525144772,37.1,mavic,NorthSea_Fri_DJI_0112.MP4,5715,data/raw/seadronessee/odv2/images/val/4885.jpg,train
val:23932,val:4887,val,23932,4887,4887.jpg,3840,2160,1,swimmer,1807.0,1277.0,86.0,33.0,2838.0,30.398517525144772,37.1,mavic,NorthSea_Fri_DJI_0112.MP4,5745,data/raw/seadronessee/odv2/images/val/4887.jpg,train
val:23933,val:4887,val,23933,4887,4887.jpg,3840,2160,5,buoy,1519.0,1017.0,87.0,109.0,9483.0,30.398517525144772,37.1,mavic,NorthSea_Fri_DJI_0112.MP4,5745,data/raw/seadronessee/odv2/images/val/4887.jpg,train
val:23934,val:4887,val,23934,4887,4887.jpg,3840,2160,1,swimmer,1904.0,1420.0,33.0,36.0,1188.0,30.398517525144772,37.1,mavic,NorthSea_Fri_DJI_0112.MP4,5745,data/raw/seadronessee/odv2/images/val/4887.jpg,train
val:23935,val:4887,val,23935,4887,4887.jpg,3840,2160,2,boat,1978.0,304.0,250.0,122.0,30500.0,30.398517525144772,37.1,mavic,NorthSea_Fri_DJI_0112.MP4,5745,data/raw/seadronessee/odv2/images/val/4887.jpg,train
val:23940,val:4889,val,23940,4889,4889.jpg,3840,2160,1,swimmer,1831.0,1168.0,75.0,30.0,2250.0,30.598507772020724,37.1,mavic,NorthSea_Fri_DJI_0112.MP4,5775,data/raw/seadronessee/odv2/images/val/4889.jpg,train
val:23941,val:4889,val,23941,4889,4889.jpg,3840,2160,5,buoy,1553.0,931.0,84.0,104.0,8736.0,30.598507772020724,37.1,mavic,NorthSea_Fri_DJI_0112.MP4,5775,data/raw/seadronessee/odv2/images/val/4889.jpg,train
val:23942,val:4889,val,23942,4889,4889.jpg,3840,2160,1,swimmer,1900.0,1290.0,31.0,37.0,1147.0,30.598507772020724,37.1,mavic,NorthSea_Fri_DJI_0112.MP4,5775,data/raw/seadronessee/odv2/images/val/4889.jpg,train
val:23943,val:4889,val,23943,4889,4889.jpg,3840,2160,2,boat,2037.0,271.0,239.0,117.0,27963.0,30.598507772020724,37.1,mavic,NorthSea_Fri_DJI_0112.MP4,5775,data/raw/seadronessee/odv2/images/val/4889.jpg,train
val:23948,val:4891,val,23948,4891,4891.jpg,3840,2160,1,swimmer,1835.0,1064.0,76.0,34.0,2584.0,30.398517525144772,37.1,mavic,NorthSea_Fri_DJI_0112.MP4,5805,data/raw/seadronessee/odv2/images/val/4891.jpg,train
val:23949,val:4891,val,23949,4891,4891.jpg,3840,2160,5,buoy,1571.0,827.0,81.0,109.0,8829.0,30.398517525144772,37.1,mavic,NorthSea_Fri_DJI_0112.MP4,5805,data/raw/seadronessee/odv2/images/val/4891.jpg,train
val:23950,val:4891,val,23950,4891,4891.jpg,3840,2160,1,swimmer,1896.0,1191.0,30.0,31.0,930.0,30.398517525144772,37.1,mavic,NorthSea_Fri_DJI_0112.MP4,5805,data/raw/seadronessee/odv2/images/val/4891.jpg,train
val:23951,val:4891,val,23951,4891,4891.jpg,3840,2160,2,boat,2087.0,250.0,234.0,118.0,27612.0,30.398517525144772,37.1,mavic,NorthSea_Fri_DJI_0112.MP4,5805,data/raw/seadronessee/odv2/images/val/4891.jpg,train
val:23956,val:4893,val,23956,4893,4893.jpg,3840,2160,1,swimmer,1898.0,1024.0,72.0,34.0,2448.0,30.398517525144772,37.1,mavic,NorthSea_Fri_DJI_0112.MP4,5835,data/raw/seadronessee/odv2/images/val/4893.jpg,train
val:23957,val:4893,val,23957,4893,4893.jpg,3840,2160,5,buoy,1626.0,791.0,76.0,103.0,7828.0,30.398517525144772,37.1,mavic,NorthSea_Fri_DJI_0112.MP4,5835,data/raw/seadronessee/odv2/images/val/4893.jpg,train
val:23958,val:4893,val,23958,4893,4893.jpg,3840,2160,1,swimmer,1952.0,1148.0,29.0,25.0,725.0,30.398517525144772,37.1,mavic,NorthSea_Fri_DJI_0112.MP4,5835,data/raw/seadronessee/odv2/images/val/4893.jpg,train
val:23959,val:4893,val,23959,4893,4893.jpg,3840,2160,2,boat,2190.0,245.0,228.0,109.0,24852.0,30.398517525144772,37.1,mavic,NorthSea_Fri_DJI_0112.MP4,5835,data/raw/seadronessee/odv2/images/val/4893.jpg,train
val:23964,val:4895,val,23964,4895,4895.jpg,3840,2160,1,swimmer,1869.0,1022.0,90.0,36.0,3240.0,30.498512648582746,37.1,mavic,NorthSea_Fri_DJI_0112.MP4,5865,data/raw/seadronessee/odv2/images/val/4895.jpg,train
val:23965,val:4895,val,23965,4895,4895.jpg,3840,2160,5,buoy,1602.0,788.0,77.0,103.0,7931.0,30.498512648582746,37.1,mavic,NorthSea_Fri_DJI_0112.MP4,5865,data/raw/seadronessee/odv2/images/val/4895.jpg,train
val:23966,val:4895,val,23966,4895,4895.jpg,3840,2160,1,swimmer,1942.0,1152.0,26.0,25.0,650.0,30.498512648582746,37.1,mavic,NorthSea_Fri_DJI_0112.MP4,5865,data/raw/seadronessee/odv2/images/val/4895.jpg,train
val:23967,val:4895,val,23967,4895,4895.jpg,3840,2160,2,boat,2226.0,263.0,238.0,118.0,28084.0,30.498512648582746,37.1,mavic,NorthSea_Fri_DJI_0112.MP4,5865,data/raw/seadronessee/odv2/images/val/4895.jpg,train
val:23972,val:4897,val,23972,4897,4897.jpg,3840,2160,1,swimmer,2333.0,1047.0,97.0,34.0,3298.0,30.398517525144772,37.1,mavic,NorthSea_Fri_DJI_0112.MP4,5895,data/raw/seadronessee/odv2/images/val/4897.jpg,train
val:23973,val:4897,val,23973,4897,4897.jpg,3840,2160,5,buoy,2101.0,782.0,76.0,105.0,7980.0,30.398517525144772,37.1,mavic,NorthSea_Fri_DJI_0112.MP4,5895,data/raw/seadronessee/odv2/images/val/4897.jpg,train
val:23974,val:4897,val,23974,4897,4897.jpg,3840,2160,1,swimmer,2383.0,1174.0,33.0,30.0,990.0,30.398517525144772,37.1,mavic,NorthSea_Fri_DJI_0112.MP4,5895,data/raw/seadronessee/odv2/images/val/4897.jpg,train
val:23975,val:4897,val,23975,4897,4897.jpg,3840,2160,2,boat,2884.0,319.0,255.0,122.0,31110.0,30.398517525144772,37.1,mavic,NorthSea_Fri_DJI_0112.MP4,5895,data/raw/seadronessee/odv2/images/val/4897.jpg,train
val:23980,val:4899,val,23980,4899,4899.jpg,3840,2160,1,swimmer,2493.0,1072.0,73.0,36.0,2628.0,30.498512648582746,37.1,mavic,NorthSea_Fri_DJI_0112.MP4,5925,data/raw/seadronessee/odv2/images/val/4899.jpg,train
val:23981,val:4899,val,23981,4899,4899.jpg,3840,2160,5,buoy,2249.0,784.0,77.0,102.0,7854.0,30.498512648582746,37.1,mavic,NorthSea_Fri_DJI_0112.MP4,5925,data/raw/seadronessee/odv2/images/val/4899.jpg,train
val:23982,val:4899,val,23982,4899,4899.jpg,3840,2160,1,swimmer,2510.0,1206.0,31.0,27.0,837.0,30.498512648582746,37.1,mavic,NorthSea_Fri_DJI_0112.MP4,5925,data/raw/seadronessee/odv2/images/val/4899.jpg,train
val:23983,val:4899,val,23983,4899,4899.jpg,3840,2160,2,boat,3168.0,382.0,265.0,139.0,36835.0,30.498512648582746,37.1,mavic,NorthSea_Fri_DJI_0112.MP4,5925,data/raw/seadronessee/odv2/images/val/4899.jpg,train
val:23988,val:4901,val,23988,4901,4901.jpg,3840,2160,1,swimmer,2446.0,1076.0,77.0,34.0,2618.0,30.598507772020724,37.1,mavic,NorthSea_Fri_DJI_0112.MP4,5955,data/raw/seadronessee/odv2/images/val/4901.jpg,train
val:23989,val:4901,val,23989,4901,4901.jpg,3840,2160,5,buoy,2188.0,779.0,76.0,105.0,7980.0,30.598507772020724,37.1,mavic,NorthSea_Fri_DJI_0112.MP4,5955,data/raw/seadronessee/odv2/images/val/4901.jpg,train
val:23990,val:4901,val,23990,4901,4901.jpg,3840,2160,1,swimmer,2443.0,1209.0,34.0,24.0,816.0,30.598507772020724,37.1,mavic,NorthSea_Fri_DJI_0112.MP4,5955,data/raw/seadronessee/odv2/images/val/4901.jpg,train
val:23991,val:4901,val,23991,4901,4901.jpg,3840,2160,2,boat,3164.0,418.0,260.0,134.0,34840.0,30.598507772020724,37.1,mavic,NorthSea_Fri_DJI_0112.MP4,5955,data/raw/seadronessee/odv2/images/val/4901.jpg,train
val:23996,val:4903,val,23996,4903,4903.jpg,3840,2160,1,swimmer,2240.0,1058.0,75.0,45.0,3375.0,30.498512648582746,37.1,mavic,NorthSea_Fri_DJI_0112.MP4,5985,data/raw/seadronessee/odv2/images/val/4903.jpg,train
val:23997,val:4903,val,23997,4903,4903.jpg,3840,2160,5,buoy,1993.0,778.0,75.0,105.0,7875.0,30.498512648582746,37.1,mavic,NorthSea_Fri_DJI_0112.MP4,5985,data/raw/seadronessee/odv2/images/val/4903.jpg,train
val:23998,val:4903,val,23998,4903,4903.jpg,3840,2160,1,swimmer,2214.0,1199.0,31.0,20.0,620.0,30.498512648582746,37.1,mavic,NorthSea_Fri_DJI_0112.MP4,5985,data/raw/seadronessee/odv2/images/val/4903.jpg,train
val:23999,val:4903,val,23999,4903,4903.jpg,3840,2160,2,boat,3042.0,432.0,261.0,137.0,35757.0,30.498512648582746,37.1,mavic,NorthSea_Fri_DJI_0112.MP4,5985,data/raw/seadronessee/odv2/images/val/4903.jpg,train
val:24004,val:4905,val,24004,4905,4905.jpg,3840,2160,1,swimmer,1956.0,1069.0,64.0,30.0,1920.0,30.598507772020724,37.1,mavic,NorthSea_Fri_DJI_0112.MP4,6015,data/raw/seadronessee/odv2/images/val/4905.jpg,train
val:24005,val:4905,val,24005,4905,4905.jpg,3840,2160,5,buoy,1718.0,787.0,77.0,108.0,8316.0,30.598507772020724,37.1,mavic,NorthSea_Fri_DJI_0112.MP4,6015,data/raw/seadronessee/odv2/images/val/4905.jpg,train
val:24006,val:4905,val,24006,4905,4905.jpg,3840,2160,1,swimmer,1897.0,1193.0,31.0,29.0,899.0,30.598507772020724,37.1,mavic,NorthSea_Fri_DJI_0112.MP4,6015,data/raw/seadronessee/odv2/images/val/4905.jpg,train
val:24007,val:4905,val,24007,4905,4905.jpg,3840,2160,2,boat,2839.0,452.0,267.0,143.0,38181.0,30.598507772020724,37.1,mavic,NorthSea_Fri_DJI_0112.MP4,6015,data/raw/seadronessee/odv2/images/val/4905.jpg,train
val:24012,val:4907,val,24012,4907,4907.jpg,3840,2160,1,swimmer,1666.0,1069.0,46.0,25.0,1150.0,30.498512648582746,37.1,mavic,NorthSea_Fri_DJI_0112.MP4,6045,data/raw/seadronessee/odv2/images/val/4907.jpg,train
val:24013,val:4907,val,24013,4907,4907.jpg,3840,2160,5,buoy,1434.0,799.0,79.0,101.0,7979.0,30.498512648582746,37.1,mavic,NorthSea_Fri_DJI_0112.MP4,6045,data/raw/seadronessee/odv2/images/val/4907.jpg,train
val:24014,val:4907,val,24014,4907,4907.jpg,3840,2160,1,swimmer,1568.0,1187.0,27.0,27.0,729.0,30.498512648582746,37.1,mavic,NorthSea_Fri_DJI_0112.MP4,6045,data/raw/seadronessee/odv2/images/val/4907.jpg,train
val:24015,val:4907,val,24015,4907,4907.jpg,3840,2160,2,boat,2623.0,461.0,242.0,138.0,33396.0,30.498512648582746,37.1,mavic,NorthSea_Fri_DJI_0112.MP4,6045,data/raw/seadronessee/odv2/images/val/4907.jpg,train
val:24020,val:4909,val,24020,4909,4909.jpg,3840,2160,1,swimmer,1606.0,1074.0,51.0,29.0,1479.0,30.398517525144772,37.1,mavic,NorthSea_Fri_DJI_0112.MP4,6075,data/raw/seadronessee/odv2/images/val/4909.jpg,train
val:24021,val:4909,val,24021,4909,4909.jpg,3840,2160,5,buoy,1366.0,781.0,81.0,100.0,8100.0,30.398517525144772,37.1,mavic,NorthSea_Fri_DJI_0112.MP4,6075,data/raw/seadronessee/odv2/images/val/4909.jpg,train
val:24022,val:4909,val,24022,4909,4909.jpg,3840,2160,1,swimmer,1494.0,1201.0,27.0,26.0,702.0,30.398517525144772,37.1,mavic,NorthSea_Fri_DJI_0112.MP4,6075,data/raw/seadronessee/odv2/images/val/4909.jpg,train
val:24023,val:4909,val,24023,4909,4909.jpg,3840,2160,2,boat,2604.0,481.0,249.0,149.0,37101.0,30.398517525144772,37.1,mavic,NorthSea_Fri_DJI_0112.MP4,6075,data/raw/seadronessee/odv2/images/val/4909.jpg,train
val:24028,val:4911,val,24028,4911,4911.jpg,3840,2160,1,swimmer,1765.0,1062.0,78.0,38.0,2964.0,30.398517525144772,37.1,mavic,NorthSea_Fri_DJI_0112.MP4,6105,data/raw/seadronessee/odv2/images/val/4911.jpg,train
val:24029,val:4911,val,24029,4911,4911.jpg,3840,2160,5,buoy,1534.0,756.0,78.0,101.0,7878.0,30.398517525144772,37.1,mavic,NorthSea_Fri_DJI_0112.MP4,6105,data/raw/seadronessee/odv2/images/val/4911.jpg,train
val:24030,val:4911,val,24030,4911,4911.jpg,3840,2160,1,swimmer,1660.0,1191.0,29.0,26.0,754.0,30.398517525144772,37.1,mavic,NorthSea_Fri_DJI_0112.MP4,6105,data/raw/seadronessee/odv2/images/val/4911.jpg,train
val:24031,val:4911,val,24031,4911,4911.jpg,3840,2160,2,boat,2845.0,538.0,252.0,163.0,41076.0,30.398517525144772,37.1,mavic,NorthSea_Fri_DJI_0112.MP4,6105,data/raw/seadronessee/odv2/images/val/4911.jpg,train
val:24036,val:4913,val,24036,4913,4913.jpg,3840,2160,1,swimmer,1985.0,1069.0,74.0,39.0,2886.0,30.698502895458702,37.1,mavic,NorthSea_Fri_DJI_0112.MP4,6135,data/raw/seadronessee/odv2/images/val/4913.jpg,train
val:24037,val:4913,val,24037,4913,4913.jpg,3840,2160,5,buoy,1736.0,741.0,77.0,111.0,8547.0,30.698502895458702,37.1,mavic,NorthSea_Fri_DJI_0112.MP4,6135,data/raw/seadronessee/odv2/images/val/4913.jpg,train
val:24038,val:4913,val,24038,4913,4913.jpg,3840,2160,1,swimmer,1859.0,1190.0,31.0,28.0,868.0,30.698502895458702,37.1,mavic,NorthSea_Fri_DJI_0112.MP4,6135,data/raw/seadronessee/odv2/images/val/4913.jpg,train
val:24039,val:4913,val,24039,4913,4913.jpg,3840,2160,2,boat,3128.0,609.0,274.0,179.0,49046.0,30.698502895458702,37.1,mavic,NorthSea_Fri_DJI_0112.MP4,6135,data/raw/seadronessee/odv2/images/val/4913.jpg,train
val:24044,val:4915,val,24044,4915,4915.jpg,3840,2160,1,swimmer,2237.0,1088.0,62.0,37.0,2294.0,30.698502895458702,37.1,mavic,NorthSea_Fri_DJI_0112.MP4,6165,data/raw/seadronessee/odv2/images/val/4915.jpg,train
val:24045,val:4915,val,24045,4915,4915.jpg,3840,2160,5,buoy,1981.0,750.0,75.0,105.0,7875.0,30.698502895458702,37.1,mavic,NorthSea_Fri_DJI_0112.MP4,6165,data/raw/seadronessee/odv2/images/val/4915.jpg,train
val:24046,val:4915,val,24046,4915,4915.jpg,3840,2160,1,swimmer,2080.0,1187.0,28.0,24.0,672.0,30.698502895458702,37.1,mavic,NorthSea_Fri_DJI_0112.MP4,6165,data/raw/seadronessee/odv2/images/val/4915.jpg,train
val:24047,val:4915,val,24047,4915,4915.jpg,3840,2160,2,boat,3462.0,705.0,304.0,191.0,58064.0,30.698502895458702,37.1,mavic,NorthSea_Fri_DJI_0112.MP4,6165,data/raw/seadronessee/odv2/images/val/4915.jpg,train
val:24052,val:4917,val,24052,4917,4917.jpg,3840,2160,1,swimmer,2256.0,1073.0,53.0,30.0,1590.0,30.598507772020724,37.1,mavic,NorthSea_Fri_DJI_0112.MP4,6195,data/raw/seadronessee/odv2/images/val/4917.jpg,train
val:24053,val:4917,val,24053,4917,4917.jpg,3840,2160,5,buoy,1980.0,745.0,74.0,102.0,7548.0,30.598507772020724,37.1,mavic,NorthSea_Fri_DJI_0112.MP4,6195,data/raw/seadronessee/odv2/images/val/4917.jpg,train
val:24054,val:4917,val,24054,4917,4917.jpg,3840,2160,1,swimmer,2086.0,1178.0,26.0,22.0,572.0,30.598507772020724,37.1,mavic,NorthSea_Fri_DJI_0112.MP4,6195,data/raw/seadronessee/odv2/images/val/4917.jpg,train
val:24055,val:4917,val,24055,4917,4917.jpg,3840,2160,2,boat,3509.0,738.0,298.0,201.0,59898.0,30.598507772020724,37.1,mavic,NorthSea_Fri_DJI_0112.MP4,6195,data/raw/seadronessee/odv2/images/val/4917.jpg,train
val:24060,val:4919,val,24060,4919,4919.jpg,3840,2160,1,swimmer,2260.0,1055.0,56.0,35.0,1960.0,30.498512648582746,37.1,mavic,NorthSea_Fri_DJI_0112.MP4,6225,data/raw/seadronessee/odv2/images/val/4919.jpg,train
val:24061,val:4919,val,24061,4919,4919.jpg,3840,2160,5,buoy,1987.0,745.0,74.0,103.0,7622.0,30.498512648582746,37.1,mavic,NorthSea_Fri_DJI_0112.MP4,6225,data/raw/seadronessee/odv2/images/val/4919.jpg,train
val:24062,val:4919,val,24062,4919,4919.jpg,3840,2160,1,swimmer,2100.0,1163.0,29.0,22.0,638.0,30.498512648582746,37.1,mavic,NorthSea_Fri_DJI_0112.MP4,6225,data/raw/seadronessee/odv2/images/val/4919.jpg,train
val:24069,val:4921,val,24069,4921,4921.jpg,3840,2160,1,swimmer,2247.0,1058.0,61.0,42.0,2562.0,30.598507772020724,37.1,mavic,NorthSea_Fri_DJI_0112.MP4,6255,data/raw/seadronessee/odv2/images/val/4921.jpg,train
val:24070,val:4921,val,24070,4921,4921.jpg,3840,2160,5,buoy,1982.0,728.0,73.0,100.0,7300.0,30.598507772020724,37.1,mavic,NorthSea_Fri_DJI_0112.MP4,6255,data/raw/seadronessee/odv2/images/val/4921.jpg,train
val:24071,val:4921,val,24071,4921,4921.jpg,3840,2160,1,swimmer,2090.0,1164.0,30.0,23.0,690.0,30.598507772020724,37.1,mavic,NorthSea_Fri_DJI_0112.MP4,6255,data/raw/seadronessee/odv2/images/val/4921.jpg,train
val:24079,val:4923,val,24079,4923,4923.jpg,3840,2160,1,swimmer,2277.0,1081.0,69.0,48.0,3312.0,30.698502895458702,37.1,mavic,NorthSea_Fri_DJI_0112.MP4,6285,data/raw/seadronessee/odv2/images/val/4923.jpg,train
val:24080,val:4923,val,24080,4923,4923.jpg,3840,2160,5,buoy,2001.0,706.0,77.0,113.0,8701.0,30.698502895458702,37.1,mavic,NorthSea_Fri_DJI_0112.MP4,6285,data/raw/seadronessee/odv2/images/val/4923.jpg,train
val:24081,val:4923,val,24081,4923,4923.jpg,3840,2160,1,swimmer,2131.0,1193.0,30.0,20.0,600.0,30.698502895458702,37.1,mavic,NorthSea_Fri_DJI_0112.MP4,6285,data/raw/seadronessee/odv2/images/val/4923.jpg,train
val:25128,val:5146,val,25128,5146,5146.jpg,3840,2160,1,swimmer,2019.0,1282.0,51.0,49.0,2499.0,30.298522401706794,30.7,mavic,DJI_0059.MP4,3600,data/raw/seadronessee/odv2/images/val/5146.jpg,test
val:25129,val:5146,val,25129,5146,5146.jpg,3840,2160,1,swimmer,2126.0,1222.0,85.0,82.0,6970.0,30.298522401706794,30.7,mavic,DJI_0059.MP4,3600,data/raw/seadronessee/odv2/images/val/5146.jpg,test
val:25130,val:5146,val,25130,5146,5146.jpg,3840,2160,2,boat,1412.0,877.0,199.0,124.0,24676.0,30.298522401706794,30.7,mavic,DJI_0059.MP4,3600,data/raw/seadronessee/odv2/images/val/5146.jpg,test
val:25131,val:5146,val,25131,5146,5146.jpg,3840,2160,2,boat,1322.0,1928.0,279.0,232.0,64728.0,30.298522401706794,30.7,mavic,DJI_0059.MP4,3600,data/raw/seadronessee/odv2/images/val/5146.jpg,test
val:25132,val:5146,val,25132,5146,5146.jpg,3840,2160,2,boat,1607.0,644.0,188.0,68.0,12784.0,30.298522401706794,30.7,mavic,DJI_0059.MP4,3600,data/raw/seadronessee/odv2/images/val/5146.jpg,test
val:25133,val:5146,val,25133,5146,5146.jpg,3840,2160,1,swimmer,2260.0,1155.0,77.0,74.0,5698.0,30.298522401706794,30.7,mavic,DJI_0059.MP4,3600,data/raw/seadronessee/odv2/images/val/5146.jpg,test
val:25134,val:5146,val,25134,5146,5146.jpg,3840,2160,1,swimmer,2055.0,950.0,63.0,62.0,3906.0,30.298522401706794,30.7,mavic,DJI_0059.MP4,3600,data/raw/seadronessee/odv2/images/val/5146.jpg,test
val:25135,val:5146,val,25135,5146,5146.jpg,3840,2160,2,boat,1544.0,407.0,131.0,106.0,13886.0,30.298522401706794,30.7,mavic,DJI_0059.MP4,3600,data/raw/seadronessee/odv2/images/val/5146.jpg,test
val:25144,val:5148,val,25144,5148,5148.jpg,3840,2160,1,swimmer,2268.0,1250.0,45.0,51.0,2295.0,30.398517525144772,30.7,mavic,DJI_0059.MP4,3630,data/raw/seadronessee/odv2/images/val/5148.jpg,test
val:25145,val:5148,val,25145,5148,5148.jpg,3840,2160,1,swimmer,2356.0,1177.0,89.0,84.0,7476.0,30.398517525144772,30.7,mavic,DJI_0059.MP4,3630,data/raw/seadronessee/odv2/images/val/5148.jpg,test
val:25146,val:5148,val,25146,5148,5148.jpg,3840,2160,2,boat,1555.0,882.0,214.0,121.0,25894.0,30.398517525144772,30.7,mavic,DJI_0059.MP4,3630,data/raw/seadronessee/odv2/images/val/5148.jpg,test
val:25147,val:5148,val,25147,5148,5148.jpg,3840,2160,2,boat,1844.0,1920.0,220.0,230.0,50600.0,30.398517525144772,30.7,mavic,DJI_0059.MP4,3630,data/raw/seadronessee/odv2/images/val/5148.jpg,test
val:25148,val:5148,val,25148,5148,5148.jpg,3840,2160,2,boat,1679.0,644.0,191.0,69.0,13179.0,30.398517525144772,30.7,mavic,DJI_0059.MP4,3630,data/raw/seadronessee/odv2/images/val/5148.jpg,test
val:25149,val:5148,val,25149,5148,5148.jpg,3840,2160,1,swimmer,2453.0,1113.0,74.0,69.0,5106.0,30.398517525144772,30.7,mavic,DJI_0059.MP4,3630,data/raw/seadronessee/odv2/images/val/5148.jpg,test
val:25150,val:5148,val,25150,5148,5148.jpg,3840,2160,1,swimmer,2209.0,926.0,64.0,61.0,3904.0,30.398517525144772,30.7,mavic,DJI_0059.MP4,3630,data/raw/seadronessee/odv2/images/val/5148.jpg,test
val:25151,val:5148,val,25151,5148,5148.jpg,3840,2160,2,boat,1549.0,408.0,141.0,109.0,15369.0,30.398517525144772,30.7,mavic,DJI_0059.MP4,3630,data/raw/seadronessee/odv2/images/val/5148.jpg,test
val:25160,val:5150,val,25160,5150,5150.jpg,3840,2160,1,swimmer,2652.0,1244.0,43.0,45.0,1935.0,30.298522401706794,30.7,mavic,DJI_0059.MP4,3660,data/raw/seadronessee/odv2/images/val/5150.jpg,test
val:25161,val:5150,val,25161,5150,5150.jpg,3840,2160,1,swimmer,2727.0,1176.0,68.0,66.0,4488.0,30.298522401706794,30.7,mavic,DJI_0059.MP4,3660,data/raw/seadronessee/odv2/images/val/5150.jpg,test
val:25162,val:5150,val,25162,5150,5150.jpg,3840,2160,2,boat,1891.0,881.0,222.0,125.0,27750.0,30.298522401706794,30.7,mavic,DJI_0059.MP4,3660,data/raw/seadronessee/odv2/images/val/5150.jpg,test
val:25163,val:5150,val,25163,5150,5150.jpg,3840,2160,2,boat,2409.0,1898.0,182.0,262.0,47684.0,30.298522401706794,30.7,mavic,DJI_0059.MP4,3660,data/raw/seadronessee/odv2/images/val/5150.jpg,test
val:25164,val:5150,val,25164,5150,5150.jpg,3840,2160,2,boat,1966.0,649.0,190.0,69.0,13110.0,30.298522401706794,30.7,mavic,DJI_0059.MP4,3660,data/raw/seadronessee/odv2/images/val/5150.jpg,test
val:25165,val:5150,val,25165,5150,5150.jpg,3840,2160,1,swimmer,2780.0,1102.0,91.0,68.0,6188.0,30.298522401706794,30.7,mavic,DJI_0059.MP4,3660,data/raw/seadronessee/odv2/images/val/5150.jpg,test
val:25166,val:5150,val,25166,5150,5150.jpg,3840,2160,1,swimmer,2531.0,929.0,69.0,56.0,3864.0,30.298522401706794,30.7,mavic,DJI_0059.MP4,3660,data/raw/seadronessee/odv2/images/val/5150.jpg,test
val:25167,val:5150,val,25167,5150,5150.jpg,3840,2160,2,boat,1798.0,422.0,145.0,108.0,15660.0,30.298522401706794,30.7,mavic,DJI_0059.MP4,3660,data/raw/seadronessee/odv2/images/val/5150.jpg,test
val:25176,val:5152,val,25176,5152,5152.jpg,3840,2160,1,swimmer,2764.0,1241.0,46.0,44.0,2024.0,30.19852727826882,30.7,mavic,DJI_0059.MP4,3690,data/raw/seadronessee/odv2/images/val/5152.jpg,test
val:25177,val:5152,val,25177,5152,5152.jpg,3840,2160,1,swimmer,2820.0,1170.0,90.0,70.0,6300.0,30.19852727826882,30.7,mavic,DJI_0059.MP4,3690,data/raw/seadronessee/odv2/images/val/5152.jpg,test
val:25178,val:5152,val,25178,5152,5152.jpg,3840,2160,2,boat,1989.0,889.0,225.0,114.0,25650.0,30.19852727826882,30.7,mavic,DJI_0059.MP4,3690,data/raw/seadronessee/odv2/images/val/5152.jpg,test
val:25179,val:5152,val,25179,5152,5152.jpg,3840,2160,2,boat,2556.0,1881.0,181.0,275.0,49775.0,30.19852727826882,30.7,mavic,DJI_0059.MP4,3690,data/raw/seadronessee/odv2/images/val/5152.jpg,test
val:25180,val:5152,val,25180,5152,5152.jpg,3840,2160,2,boat,2050.0,652.0,198.0,70.0,13860.0,30.19852727826882,30.7,mavic,DJI_0059.MP4,3690,data/raw/seadronessee/odv2/images/val/5152.jpg,test
val:25181,val:5152,val,25181,5152,5152.jpg,3840,2160,1,swimmer,2893.0,1103.0,77.0,65.0,5005.0,30.19852727826882,30.7,mavic,DJI_0059.MP4,3690,data/raw/seadronessee/odv2/images/val/5152.jpg,test
val:25182,val:5152,val,25182,5152,5152.jpg,3840,2160,1,swimmer,2638.0,927.0,66.0,54.0,3564.0,30.19852727826882,30.7,mavic,DJI_0059.MP4,3690,data/raw/seadronessee/odv2/images/val/5152.jpg,test
val:25183,val:5152,val,25183,5152,5152.jpg,3840,2160,2,boat,1879.0,458.0,147.0,74.0,10878.0,30.19852727826882,30.7,mavic,DJI_0059.MP4,3690,data/raw/seadronessee/odv2/images/val/5152.jpg,test
val:37468,val:6641,val,37468,6641,6641.jpg,3840,2160,2,boat,1453.0,815.0,233.0,113.0,26329.0,31.698454129838463,26.7,mavic,NorthSea_Fri_DJI_0114.MP4,5415,data/raw/seadronessee/odv2/images/val/6641.jpg,train
val:37469,val:6641,val,37469,6641,6641.jpg,3840,2160,1,swimmer,1695.0,1190.0,56.0,33.0,1848.0,31.698454129838463,26.7,mavic,NorthSea_Fri_DJI_0114.MP4,5415,data/raw/seadronessee/odv2/images/val/6641.jpg,train
val:37471,val:6641,val,37471,6641,6641.jpg,3840,2160,1,swimmer,1803.0,1104.0,30.0,25.0,750.0,31.698454129838463,26.7,mavic,NorthSea_Fri_DJI_0114.MP4,5415,data/raw/seadronessee/odv2/images/val/6641.jpg,train
val:37472,val:6641,val,37472,6641,6641.jpg,3840,2160,1,swimmer,1495.0,1088.0,24.0,28.0,672.0,31.698454129838463,26.7,mavic,NorthSea_Fri_DJI_0114.MP4,5415,data/raw/seadronessee/odv2/images/val/6641.jpg,train
val:37473,val:6641,val,37473,6641,6641.jpg,3840,2160,1,swimmer,1536.0,1315.0,62.0,39.0,2418.0,31.698454129838463,26.7,mavic,NorthSea_Fri_DJI_0114.MP4,5415,data/raw/seadronessee/odv2/images/val/6641.jpg,train
val:37474,val:6641,val,37474,6641,6641.jpg,3840,2160,1,swimmer,1589.0,1403.0,34.0,31.0,1054.0,31.698454129838463,26.7,mavic,NorthSea_Fri_DJI_0114.MP4,5415,data/raw/seadronessee/odv2/images/val/6641.jpg,train
val:37475,val:6641,val,37475,6641,6641.jpg,3840,2160,1,swimmer,1484.0,1409.0,44.0,32.0,1408.0,31.698454129838463,26.7,mavic,NorthSea_Fri_DJI_0114.MP4,5415,data/raw/seadronessee/odv2/images/val/6641.jpg,train
val:37476,val:6641,val,37476,6641,6641.jpg,3840,2160,1,swimmer,1482.0,1469.0,35.0,35.0,1225.0,31.698454129838463,26.7,mavic,NorthSea_Fri_DJI_0114.MP4,5415,data/raw/seadronessee/odv2/images/val/6641.jpg,train
val:37477,val:6641,val,37477,6641,6641.jpg,3840,2160,1,swimmer,1964.0,999.0,28.0,28.0,784.0,31.698454129838463,26.7,mavic,NorthSea_Fri_DJI_0114.MP4,5415,data/raw/seadronessee/odv2/images/val/6641.jpg,train
val:37489,val:6643,val,37489,6643,6643.jpg,3840,2160,2,boat,1444.0,755.0,223.0,105.0,23415.0,31.698454129838463,26.7,mavic,NorthSea_Fri_DJI_0114.MP4,5445,data/raw/seadronessee/odv2/images/val/6643.jpg,train
val:37490,val:6643,val,37490,6643,6643.jpg,3840,2160,1,swimmer,1723.0,1105.0,67.0,28.0,1876.0,31.698454129838463,26.7,mavic,NorthSea_Fri_DJI_0114.MP4,5445,data/raw/seadronessee/odv2/images/val/6643.jpg,train
val:37492,val:6643,val,37492,6643,6643.jpg,3840,2160,1,swimmer,1827.0,1028.0,28.0,24.0,672.0,31.698454129838463,26.7,mavic,NorthSea_Fri_DJI_0114.MP4,5445,data/raw/seadronessee/odv2/images/val/6643.jpg,train
val:37493,val:6643,val,37493,6643,6643.jpg,3840,2160,1,swimmer,1525.0,1000.0,22.0,26.0,572.0,31.698454129838463,26.7,mavic,NorthSea_Fri_DJI_0114.MP4,5445,data/raw/seadronessee/odv2/images/val/6643.jpg,train
val:37494,val:6643,val,37494,6643,6643.jpg,3840,2160,1,swimmer,1584.0,1217.0,58.0,28.0,1624.0,31.698454129838463,26.7,mavic,NorthSea_Fri_DJI_0114.MP4,5445,data/raw/seadronessee/odv2/images/val/6643.jpg,train
val:37495,val:6643,val,37495,6643,6643.jpg,3840,2160,1,swimmer,1636.0,1279.0,33.0,34.0,1122.0,31.698454129838463,26.7,mavic,NorthSea_Fri_DJI_0114.MP4,5445,data/raw/seadronessee/odv2/images/val/6643.jpg,train
val:37496,val:6643,val,37496,6643,6643.jpg,3840,2160,1,swimmer,1538.0,1292.0,43.0,29.0,1247.0,31.698454129838463,26.7,mavic,NorthSea_Fri_DJI_0114.MP4,5445,data/raw/seadronessee/odv2/images/val/6643.jpg,train
val:37497,val:6643,val,37497,6643,6643.jpg,3840,2160,1,swimmer,1535.0,1339.0,34.0,28.0,952.0,31.698454129838463,26.7,mavic,NorthSea_Fri_DJI_0114.MP4,5445,data/raw/seadronessee/odv2/images/val/6643.jpg,train
val:37498,val:6643,val,37498,6643,6643.jpg,3840,2160,1,swimmer,1976.0,927.0,34.0,24.0,816.0,31.698454129838463,26.7,mavic,NorthSea_Fri_DJI_0114.MP4,5445,data/raw/seadronessee/odv2/images/val/6643.jpg,train
val:37499,val:6643,val,37499,6643,6643.jpg,3840,2160,5,buoy,95.0,1441.0,87.0,114.0,9918.0,31.698454129838463,26.7,mavic,NorthSea_Fri_DJI_0114.MP4,5445,data/raw/seadronessee/odv2/images/val/6643.jpg,train
val:37511,val:6645,val,37511,6645,6645.jpg,3840,2160,2,boat,1402.0,758.0,230.0,112.0,25760.0,31.79844925327644,26.7,mavic,NorthSea_Fri_DJI_0114.MP4,5475,data/raw/seadronessee/odv2/images/val/6645.jpg,train
val:37512,val:6645,val,37512,6645,6645.jpg,3840,2160,1,swimmer,1741.0,1094.0,53.0,25.0,1325.0,31.79844925327644,26.7,mavic,NorthSea_Fri_DJI_0114.MP4,5475,data/raw/seadronessee/odv2/images/val/6645.jpg,train
val:37514,val:6645,val,37514,6645,6645.jpg,3840,2160,1,swimmer,1979.0,920.0,32.0,22.0,704.0,31.79844925327644,26.7,mavic,NorthSea_Fri_DJI_0114.MP4,5475,data/raw/seadronessee/odv2/images/val/6645.jpg,train
val:37515,val:6645,val,37515,6645,6645.jpg,3840,2160,1,swimmer,1826.0,1021.0,32.0,20.0,640.0,31.79844925327644,26.7,mavic,NorthSea_Fri_DJI_0114.MP4,5475,data/raw/seadronessee/odv2/images/val/6645.jpg,train
val:37516,val:6645,val,37516,6645,6645.jpg,3840,2160,1,swimmer,1534.0,981.0,18.0,24.0,432.0,31.79844925327644,26.7,mavic,NorthSea_Fri_DJI_0114.MP4,5475,data/raw/seadronessee/odv2/images/val/6645.jpg,train
val:37517,val:6645,val,37517,6645,6645.jpg,3840,2160,1,swimmer,1601.0,1199.0,59.0,27.0,1593.0,31.79844925327644,26.7,mavic,NorthSea_Fri_DJI_0114.MP4,5475,data/raw/seadronessee/odv2/images/val/6645.jpg,train
val:37518,val:6645,val,37518,6645,6645.jpg,3840,2160,1,swimmer,1657.0,1274.0,23.0,30.0,690.0,31.79844925327644,26.7,mavic,NorthSea_Fri_DJI_0114.MP4,5475,data/raw/seadronessee/odv2/images/val/6645.jpg,train
val:37519,val:6645,val,37519,6645,6645.jpg,3840,2160,1,swimmer,1550.0,1282.0,40.0,30.0,1200.0,31.79844925327644,26.7,mavic,NorthSea_Fri_DJI_0114.MP4,5475,data/raw/seadronessee/odv2/images/val/6645.jpg,train
val:37520,val:6645,val,37520,6645,6645.jpg,3840,2160,1,swimmer,1548.0,1336.0,35.0,25.0,875.0,31.79844925327644,26.7,mavic,NorthSea_Fri_DJI_0114.MP4,5475,data/raw/seadronessee/odv2/images/val/6645.jpg,train
val:37521,val:6645,val,37521,6645,6645.jpg,3840,2160,5,buoy,130.0,1409.0,86.0,114.0,9804.0,31.79844925327644,26.7,mavic,NorthSea_Fri_DJI_0114.MP4,5475,data/raw/seadronessee/odv2/images/val/6645.jpg,train
val:37533,val:6647,val,37533,6647,6647.jpg,3840,2160,2,boat,1352.0,772.0,225.0,106.0,23850.0,31.898444376714412,26.7,mavic,NorthSea_Fri_DJI_0114.MP4,5505,data/raw/seadronessee/odv2/images/val/6647.jpg,train
val:37534,val:6647,val,37534,6647,6647.jpg,3840,2160,1,swimmer,1750.0,1087.0,60.0,23.0,1380.0,31.898444376714412,26.7,mavic,NorthSea_Fri_DJI_0114.MP4,5505,data/raw/seadronessee/odv2/images/val/6647.jpg,train
val:37536,val:6647,val,37536,6647,6647.jpg,3840,2160,1,swimmer,1968.0,917.0,36.0,23.0,828.0,31.898444376714412,26.7,mavic,NorthSea_Fri_DJI_0114.MP4,5505,data/raw/seadronessee/odv2/images/val/6647.jpg,train
val:37537,val:6647,val,37537,6647,6647.jpg,3840,2160,1,swimmer,1832.0,1017.0,27.0,19.0,513.0,31.898444376714412,26.7,mavic,NorthSea_Fri_DJI_0114.MP4,5505,data/raw/seadronessee/odv2/images/val/6647.jpg,train
val:37538,val:6647,val,37538,6647,6647.jpg,3840,2160,1,swimmer,1533.0,981.0,19.0,24.0,456.0,31.898444376714412,26.7,mavic,NorthSea_Fri_DJI_0114.MP4,5505,data/raw/seadronessee/odv2/images/val/6647.jpg,train
val:37539,val:6647,val,37539,6647,6647.jpg,3840,2160,1,swimmer,1623.0,1208.0,44.0,23.0,1012.0,31.898444376714412,26.7,mavic,NorthSea_Fri_DJI_0114.MP4,5505,data/raw/seadronessee/odv2/images/val/6647.jpg,train
val:37540,val:6647,val,37540,6647,6647.jpg,3840,2160,1,swimmer,1645.0,1278.0,26.0,33.0,858.0,31.898444376714412,26.7,mavic,NorthSea_Fri_DJI_0114.MP4,5505,data/raw/seadronessee/odv2/images/val/6647.jpg,train
val:37541,val:6647,val,37541,6647,6647.jpg,3840,2160,1,swimmer,1544.0,1280.0,38.0,48.0,1824.0,31.898444376714412,26.7,mavic,NorthSea_Fri_DJI_0114.MP4,5505,data/raw/seadronessee/odv2/images/val/6647.jpg,train
val:37542,val:6647,val,37542,6647,6647.jpg,3840,2160,1,swimmer,1533.0,1342.0,43.0,26.0,1118.0,31.898444376714412,26.7,mavic,NorthSea_Fri_DJI_0114.MP4,5505,data/raw/seadronessee/odv2/images/val/6647.jpg,train
val:37543,val:6647,val,37543,6647,6647.jpg,3840,2160,5,buoy,129.0,1418.0,85.0,113.0,9605.0,31.898444376714412,26.7,mavic,NorthSea_Fri_DJI_0114.MP4,5505,data/raw/seadronessee/odv2/images/val/6647.jpg,train
val:37555,val:6649,val,37555,6649,6649.jpg,3840,2160,2,boat,1312.0,788.0,235.0,110.0,25850.0,31.898444376714412,26.7,mavic,NorthSea_Fri_DJI_0114.MP4,5535,data/raw/seadronessee/odv2/images/val/6649.jpg,train
val:37556,val:6649,val,37556,6649,6649.jpg,3840,2160,1,swimmer,1765.0,1095.0,58.0,22.0,1276.0,31.898444376714412,26.7,mavic,NorthSea_Fri_DJI_0114.MP4,5535,data/raw/seadronessee/odv2/images/val/6649.jpg,train
val:37558,val:6649,val,37558,6649,6649.jpg,3840,2160,1,swimmer,1981.0,915.0,53.0,24.0,1272.0,31.898444376714412,26.7,mavic,NorthSea_Fri_DJI_0114.MP4,5535,data/raw/seadronessee/odv2/images/val/6649.jpg,train
val:37559,val:6649,val,37559,6649,6649.jpg,3840,2160,1,swimmer,1843.0,1017.0,29.0,23.0,667.0,31.898444376714412,26.7,mavic,NorthSea_Fri_DJI_0114.MP4,5535,data/raw/seadronessee/odv2/images/val/6649.jpg,train
val:37560,val:6649,val,37560,6649,6649.jpg,3840,2160,1,swimmer,1537.0,976.0,21.0,23.0,483.0,31.898444376714412,26.7,mavic,NorthSea_Fri_DJI_0114.MP4,5535,data/raw/seadronessee/odv2/images/val/6649.jpg,train
val:37561,val:6649,val,37561,6649,6649.jpg,3840,2160,1,swimmer,1618.0,1212.0,51.0,25.0,1275.0,31.898444376714412,26.7,mavic,NorthSea_Fri_DJI_0114.MP4,5535,data/raw/seadronessee/odv2/images/val/6649.jpg,train
val:37562,val:6649,val,37562,6649,6649.jpg,3840,2160,1,swimmer,1637.0,1282.0,28.0,30.0,840.0,31.898444376714412,26.7,mavic,NorthSea_Fri_DJI_0114.MP4,5535,data/raw/seadronessee/odv2/images/val/6649.jpg,train
val:37563,val:6649,val,37563,6649,6649.jpg,3840,2160,1,swimmer,1531.0,1287.0,39.0,46.0,1794.0,31.898444376714412,26.7,mavic,NorthSea_Fri_DJI_0114.MP4,5535,data/raw/seadronessee/odv2/images/val/6649.jpg,train
val:37564,val:6649,val,37564,6649,6649.jpg,3840,2160,1,swimmer,1515.0,1355.0,57.0,24.0,1368.0,31.898444376714412,26.7,mavic,NorthSea_Fri_DJI_0114.MP4,5535,data/raw/seadronessee/odv2/images/val/6649.jpg,train
val:37565,val:6649,val,37565,6649,6649.jpg,3840,2160,5,buoy,139.0,1409.0,86.0,113.0,9718.0,31.898444376714412,26.7,mavic,NorthSea_Fri_DJI_0114.MP4,5535,data/raw/seadronessee/odv2/images/val/6649.jpg,train
val:37578,val:6651,val,37578,6651,6651.jpg,3840,2160,2,boat,1452.0,785.0,235.0,106.0,24910.0,31.898444376714412,26.7,mavic,NorthSea_Fri_DJI_0114.MP4,5565,data/raw/seadronessee/odv2/images/val/6651.jpg,train
val:37579,val:6651,val,37579,6651,6651.jpg,3840,2160,1,swimmer,1914.0,1088.0,74.0,21.0,1554.0,31.898444376714412,26.7,mavic,NorthSea_Fri_DJI_0114.MP4,5565,data/raw/seadronessee/odv2/images/val/6651.jpg,train
val:37581,val:6651,val,37581,6651,6651.jpg,3840,2160,1,swimmer,2163.0,920.0,56.0,22.0,1232.0,31.898444376714412,26.7,mavic,NorthSea_Fri_DJI_0114.MP4,5565,data/raw/seadronessee/odv2/images/val/6651.jpg,train
val:37582,val:6651,val,37582,6651,6651.jpg,3840,2160,1,swimmer,2003.0,1020.0,32.0,22.0,704.0,31.898444376714412,26.7,mavic,NorthSea_Fri_DJI_0114.MP4,5565,data/raw/seadronessee/odv2/images/val/6651.jpg,train
val:37583,val:6651,val,37583,6651,6651.jpg,3840,2160,1,swimmer,1702.0,960.0,22.0,23.0,506.0,31.898444376714412,26.7,mavic,NorthSea_Fri_DJI_0114.MP4,5565,data/raw/seadronessee/odv2/images/val/6651.jpg,train
val:37584,val:6651,val,37584,6651,6651.jpg,3840,2160,1,swimmer,1777.0,1200.0,44.0,26.0,1144.0,31.898444376714412,26.7,mavic,NorthSea_Fri_DJI_0114.MP4,5565,data/raw/seadronessee/odv2/images/val/6651.jpg,train
val:37585,val:6651,val,37585,6651,6651.jpg,3840,2160,1,swimmer,1772.0,1275.0,29.0,27.0,783.0,31.898444376714412,26.7,mavic,NorthSea_Fri_DJI_0114.MP4,5565,data/raw/seadronessee/odv2/images/val/6651.jpg,train
val:37586,val:6651,val,37586,6651,6651.jpg,3840,2160,1,swimmer,1667.0,1275.0,40.0,39.0,1560.0,31.898444376714412,26.7,mavic,NorthSea_Fri_DJI_0114.MP4,5565,data/raw/seadronessee/odv2/images/val/6651.jpg,train
val:37587,val:6651,val,37587,6651,6651.jpg,3840,2160,1,swimmer,1647.0,1343.0,52.0,23.0,1196.0,31.898444376714412,26.7,mavic,NorthSea_Fri_DJI_0114.MP4,5565,data/raw/seadronessee/odv2/images/val/6651.jpg,train
val:37588,val:6651,val,37588,6651,6651.jpg,3840,2160,5,buoy,342.0,1336.0,81.0,106.0,8586.0,31.898444376714412,26.7,mavic,NorthSea_Fri_DJI_0114.MP4,5565,data/raw/seadronessee/odv2/images/val/6651.jpg,train
val:37589,val:6651,val,37589,6651,6651.jpg,3840,2160,2,boat,123.0,3.0,145.0,250.0,36250.0,31.898444376714412,26.7,mavic,NorthSea_Fri_DJI_0114.MP4,5565,data/raw/seadronessee/odv2/images/val/6651.jpg,train
val:37602,val:6653,val,37602,6653,6653.jpg,3840,2160,2,boat,1475.0,804.0,229.0,108.0,24732.0,31.898444376714412,26.7,mavic,NorthSea_Fri_DJI_0114.MP4,5595,data/raw/seadronessee/odv2/images/val/6653.jpg,train
val:37603,val:6653,val,37603,6653,6653.jpg,3840,2160,1,swimmer,1976.0,1084.0,66.0,22.0,1452.0,31.898444376714412,26.7,mavic,NorthSea_Fri_DJI_0114.MP4,5595,data/raw/seadronessee/odv2/images/val/6653.jpg,train
val:37605,val:6653,val,37605,6653,6653.jpg,3840,2160,1,swimmer,2218.0,937.0,64.0,23.0,1472.0,31.898444376714412,26.7,mavic,NorthSea_Fri_DJI_0114.MP4,5595,data/raw/seadronessee/odv2/images/val/6653.jpg,train
val:37606,val:6653,val,37606,6653,6653.jpg,3840,2160,1,swimmer,2066.0,1024.0,24.0,17.0,408.0,31.898444376714412,26.7,mavic,NorthSea_Fri_DJI_0114.MP4,5595,data/raw/seadronessee/odv2/images/val/6653.jpg,train
val:37607,val:6653,val,37607,6653,6653.jpg,3840,2160,1,swimmer,1755.0,957.0,20.0,24.0,480.0,31.898444376714412,26.7,mavic,NorthSea_Fri_DJI_0114.MP4,5595,data/raw/seadronessee/odv2/images/val/6653.jpg,train
val:37608,val:6653,val,37608,6653,6653.jpg,3840,2160,1,swimmer,1825.0,1191.0,37.0,24.0,888.0,31.898444376714412,26.7,mavic,NorthSea_Fri_DJI_0114.MP4,5595,data/raw/seadronessee/odv2/images/val/6653.jpg,train
val:37609,val:6653,val,37609,6653,6653.jpg,3840,2160,1,swimmer,1804.0,1256.0,26.0,32.0,832.0,31.898444376714412,26.7,mavic,NorthSea_Fri_DJI_0114.MP4,5595,data/raw/seadronessee/odv2/images/val/6653.jpg,train
val:37610,val:6653,val,37610,6653,6653.jpg,3840,2160,1,swimmer,1703.0,1255.0,42.0,31.0,1302.0,31.898444376714412,26.7,mavic,NorthSea_Fri_DJI_0114.MP4,5595,data/raw/seadronessee/odv2/images/val/6653.jpg,train
val:37611,val:6653,val,37611,6653,6653.jpg,3840,2160,1,swimmer,1682.0,1328.0,46.0,22.0,1012.0,31.898444376714412,26.7,mavic,NorthSea_Fri_DJI_0114.MP4,5595,data/raw/seadronessee/odv2/images/val/6653.jpg,train
val:37612,val:6653,val,37612,6653,6653.jpg,3840,2160,5,buoy,413.0,1286.0,78.0,104.0,8112.0,31.898444376714412,26.7,mavic,NorthSea_Fri_DJI_0114.MP4,5595,data/raw/seadronessee/odv2/images/val/6653.jpg,train
val:37613,val:6653,val,37613,6653,6653.jpg,3840,2160,2,boat,258.0,3.0,145.0,242.0,35090.0,31.898444376714412,26.7,mavic,NorthSea_Fri_DJI_0114.MP4,5595,data/raw/seadronessee/odv2/images/val/6653.jpg,train
val:37626,val:6655,val,37626,6655,6655.jpg,3840,2160,2,boat,1570.0,802.0,226.0,105.0,23730.0,31.898444376714412,26.7,mavic,NorthSea_Fri_DJI_0114.MP4,5625,data/raw/seadronessee/odv2/images/val/6655.jpg,train
val:37627,val:6655,val,37627,6655,6655.jpg,3840,2160,1,swimmer,2098.0,1089.0,64.0,26.0,1664.0,31.898444376714412,26.7,mavic,NorthSea_Fri_DJI_0114.MP4,5625,data/raw/seadronessee/odv2/images/val/6655.jpg,train
val:37629,val:6655,val,37629,6655,6655.jpg,3840,2160,1,swimmer,2342.0,941.0,63.0,26.0,1638.0,31.898444376714412,26.7,mavic,NorthSea_Fri_DJI_0114.MP4,5625,data/raw/seadronessee/odv2/images/val/6655.jpg,train
val:37630,val:6655,val,37630,6655,6655.jpg,3840,2160,1,swimmer,2194.0,1032.0,17.0,18.0,306.0,31.898444376714412,26.7,mavic,NorthSea_Fri_DJI_0114.MP4,5625,data/raw/seadronessee/odv2/images/val/6655.jpg,train
val:37631,val:6655,val,37631,6655,6655.jpg,3840,2160,1,swimmer,1879.0,945.0,20.0,22.0,440.0,31.898444376714412,26.7,mavic,NorthSea_Fri_DJI_0114.MP4,5625,data/raw/seadronessee/odv2/images/val/6655.jpg,train
val:37632,val:6655,val,37632,6655,6655.jpg,3840,2160,1,swimmer,1934.0,1178.0,45.0,23.0,1035.0,31.898444376714412,26.7,mavic,NorthSea_Fri_DJI_0114.MP4,5625,data/raw/seadronessee/odv2/images/val/6655.jpg,train
val:37633,val:6655,val,37633,6655,6655.jpg,3840,2160,1,swimmer,1907.0,1244.0,27.0,28.0,756.0,31.898444376714412,26.7,mavic,NorthSea_Fri_DJI_0114.MP4,5625,data/raw/seadronessee/odv2/images/val/6655.jpg,train
val:37634,val:6655,val,37634,6655,6655.jpg,3840,2160,1,swimmer,1808.0,1239.0,45.0,32.0,1440.0,31.898444376714412,26.7,mavic,NorthSea_Fri_DJI_0114.MP4,5625,data/raw/seadronessee/odv2/images/val/6655.jpg,train
val:37635,val:6655,val,37635,6655,6655.jpg,3840,2160,1,swimmer,1781.0,1308.0,50.0,23.0,1150.0,31.898444376714412,26.7,mavic,NorthSea_Fri_DJI_0114.MP4,5625,data/raw/seadronessee/odv2/images/val/6655.jpg,train
val:37636,val:6655,val,37636,6655,6655.jpg,3840,2160,5,buoy,566.0,1220.0,73.0,100.0,7300.0,31.898444376714412,26.7,mavic,NorthSea_Fri_DJI_0114.MP4,5625,data/raw/seadronessee/odv2/images/val/6655.jpg,train
val:37637,val:6655,val,37637,6655,6655.jpg,3840,2160,2,boat,477.0,0.0,143.0,238.0,34034.0,31.898444376714412,26.7,mavic,NorthSea_Fri_DJI_0114.MP4,5625,data/raw/seadronessee/odv2/images/val/6655.jpg,train
val:37651,val:6657,val,37651,6657,6657.jpg,3840,2160,2,boat,1604.0,798.0,231.0,110.0,25410.0,31.898444376714412,26.7,mavic,NorthSea_Fri_DJI_0114.MP4,5655,data/raw/seadronessee/odv2/images/val/6657.jpg,train
val:37652,val:6657,val,37652,6657,6657.jpg,3840,2160,1,swimmer,2167.0,1089.0,62.0,25.0,1550.0,31.898444376714412,26.7,mavic,NorthSea_Fri_DJI_0114.MP4,5655,data/raw/seadronessee/odv2/images/val/6657.jpg,train
val:37654,val:6657,val,37654,6657,6657.jpg,3840,2160,1,swimmer,2412.0,945.0,70.0,26.0,1820.0,31.898444376714412,26.7,mavic,NorthSea_Fri_DJI_0114.MP4,5655,data/raw/seadronessee/odv2/images/val/6657.jpg,train
val:37655,val:6657,val,37655,6657,6657.jpg,3840,2160,1,swimmer,2259.0,1038.0,21.0,17.0,357.0,31.898444376714412,26.7,mavic,NorthSea_Fri_DJI_0114.MP4,5655,data/raw/seadronessee/odv2/images/val/6657.jpg,train
val:37656,val:6657,val,37656,6657,6657.jpg,3840,2160,1,swimmer,1952.0,945.0,21.0,23.0,483.0,31.898444376714412,26.7,mavic,NorthSea_Fri_DJI_0114.MP4,5655,data/raw/seadronessee/odv2/images/val/6657.jpg,train
val:37657,val:6657,val,37657,6657,6657.jpg,3840,2160,1,swimmer,2006.0,1174.0,25.0,24.0,600.0,31.898444376714412,26.7,mavic,NorthSea_Fri_DJI_0114.MP4,5655,data/raw/seadronessee/odv2/images/val/6657.jpg,train
val:37658,val:6657,val,37658,6657,6657.jpg,3840,2160,1,swimmer,1954.0,1239.0,27.0,29.0,783.0,31.898444376714412,26.7,mavic,NorthSea_Fri_DJI_0114.MP4,5655,data/raw/seadronessee/odv2/images/val/6657.jpg,train
val:37659,val:6657,val,37659,6657,6657.jpg,3840,2160,1,swimmer,1860.0,1227.0,40.0,31.0,1240.0,31.898444376714412,26.7,mavic,NorthSea_Fri_DJI_0114.MP4,5655,data/raw/seadronessee/odv2/images/val/6657.jpg,train
val:37660,val:6657,val,37660,6657,6657.jpg,3840,2160,1,swimmer,1824.0,1300.0,50.0,22.0,1100.0,31.898444376714412,26.7,mavic,NorthSea_Fri_DJI_0114.MP4,5655,data/raw/seadronessee/odv2/images/val/6657.jpg,train
val:37661,val:6657,val,37661,6657,6657.jpg,3840,2160,5,buoy,648.0,1170.0,71.0,97.0,6887.0,31.898444376714412,26.7,mavic,NorthSea_Fri_DJI_0114.MP4,5655,data/raw/seadronessee/odv2/images/val/6657.jpg,train
val:37662,val:6657,val,37662,6657,6657.jpg,3840,2160,2,boat,629.0,0.0,137.0,224.0,30688.0,31.898444376714412,26.7,mavic,NorthSea_Fri_DJI_0114.MP4,5655,data/raw/seadronessee/odv2/images/val/6657.jpg,train
val:37677,val:6659,val,37677,6659,6659.jpg,3840,2160,2,boat,1446.0,800.0,237.0,106.0,25122.0,31.698454129838463,26.7,mavic,NorthSea_Fri_DJI_0114.MP4,5685,data/raw/seadronessee/odv2/images/val/6659.jpg,train
val:37678,val:6659,val,37678,6659,6659.jpg,3840,2160,1,swimmer,2049.0,1084.0,57.0,30.0,1710.0,31.698454129838463,26.7,mavic,NorthSea_Fri_DJI_0114.MP4,5685,data/raw/seadronessee/odv2/images/val/6659.jpg,train
val:37680,val:6659,val,37680,6659,6659.jpg,3840,2160,1,swimmer,2285.0,946.0,60.0,27.0,1620.0,31.698454129838463,26.7,mavic,NorthSea_Fri_DJI_0114.MP4,5685,data/raw/seadronessee/odv2/images/val/6659.jpg,train
val:37681,val:6659,val,37681,6659,6659.jpg,3840,2160,1,swimmer,1834.0,934.0,20.0,23.0,460.0,31.698454129838463,26.7,mavic,NorthSea_Fri_DJI_0114.MP4,5685,data/raw/seadronessee/odv2/images/val/6659.jpg,train
val:37682,val:6659,val,37682,6659,6659.jpg,3840,2160,1,swimmer,1874.0,1171.0,25.0,26.0,650.0,31.698454129838463,26.7,mavic,NorthSea_Fri_DJI_0114.MP4,5685,data/raw/seadronessee/odv2/images/val/6659.jpg,train
val:37683,val:6659,val,37683,6659,6659.jpg,3840,2160,1,swimmer,1810.0,1237.0,26.0,27.0,702.0,31.698454129838463,26.7,mavic,NorthSea_Fri_DJI_0114.MP4,5685,data/raw/seadronessee/odv2/images/val/6659.jpg,train
val:37684,val:6659,val,37684,6659,6659.jpg,3840,2160,1,swimmer,1719.0,1224.0,38.0,28.0,1064.0,31.698454129838463,26.7,mavic,NorthSea_Fri_DJI_0114.MP4,5685,data/raw/seadronessee/odv2/images/val/6659.jpg,train
val:37685,val:6659,val,37685,6659,6659.jpg,3840,2160,1,swimmer,1671.0,1299.0,49.0,21.0,1029.0,31.698454129838463,26.7,mavic,NorthSea_Fri_DJI_0114.MP4,5685,data/raw/seadronessee/odv2/images/val/6659.jpg,train
val:37686,val:6659,val,37686,6659,6659.jpg,3840,2160,5,buoy,517.0,1161.0,73.0,94.0,6862.0,31.698454129838463,26.7,mavic,NorthSea_Fri_DJI_0114.MP4,5685,data/raw/seadronessee/odv2/images/val/6659.jpg,train
val:37687,val:6659,val,37687,6659,6659.jpg,3840,2160,2,boat,562.0,0.0,143.0,230.0,32890.0,31.698454129838463,26.7,mavic,NorthSea_Fri_DJI_0114.MP4,5685,data/raw/seadronessee/odv2/images/val/6659.jpg,train
val:37689,val:6659,val,37689,6659,6659.jpg,3840,2160,1,swimmer,2141.0,1037.0,26.0,20.0,520.0,31.698454129838463,26.7,mavic,NorthSea_Fri_DJI_0114.MP4,5685,data/raw/seadronessee/odv2/images/val/6659.jpg,train
val:37703,val:6661,val,37703,6661,6661.jpg,3840,2160,2,boat,1304.0,819.0,243.0,106.0,25758.0,31.598459006400486,26.7,mavic,NorthSea_Fri_DJI_0114.MP4,5715,data/raw/seadronessee/odv2/images/val/6661.jpg,train
val:37704,val:6661,val,37704,6661,6661.jpg,3840,2160,1,swimmer,1945.0,1094.0,54.0,27.0,1458.0,31.598459006400486,26.7,mavic,NorthSea_Fri_DJI_0114.MP4,5715,data/raw/seadronessee/odv2/images/val/6661.jpg,train
val:37706,val:6661,val,37706,6661,6661.jpg,3840,2160,1,swimmer,2184.0,943.0,56.0,26.0,1456.0,31.598459006400486,26.7,mavic,NorthSea_Fri_DJI_0114.MP4,5715,data/raw/seadronessee/odv2/images/val/6661.jpg,train
val:37707,val:6661,val,37707,6661,6661.jpg,3840,2160,1,swimmer,1725.0,925.0,25.0,22.0,550.0,31.598459006400486,26.7,mavic,NorthSea_Fri_DJI_0114.MP4,5715,data/raw/seadronessee/odv2/images/val/6661.jpg,train
val:37708,val:6661,val,37708,6661,6661.jpg,3840,2160,1,swimmer,1754.0,1182.0,17.0,20.0,340.0,31.598459006400486,26.7,mavic,NorthSea_Fri_DJI_0114.MP4,5715,data/raw/seadronessee/odv2/images/val/6661.jpg,train
val:37709,val:6661,val,37709,6661,6661.jpg,3840,2160,1,swimmer,1671.0,1247.0,26.0,22.0,572.0,31.598459006400486,26.7,mavic,NorthSea_Fri_DJI_0114.MP4,5715,data/raw/seadronessee/odv2/images/val/6661.jpg,train
val:37710,val:6661,val,37710,6661,6661.jpg,3840,2160,1,swimmer,1587.0,1231.0,44.0,30.0,1320.0,31.598459006400486,26.7,mavic,NorthSea_Fri_DJI_0114.MP4,5715,data/raw/seadronessee/odv2/images/val/6661.jpg,train
val:37711,val:6661,val,37711,6661,6661.jpg,3840,2160,1,swimmer,1533.0,1299.0,42.0,20.0,840.0,31.598459006400486,26.7,mavic,NorthSea_Fri_DJI_0114.MP4,5715,data/raw/seadronessee/odv2/images/val/6661.jpg,train
val:37712,val:6661,val,37712,6661,6661.jpg,3840,2160,5,buoy,411.0,1159.0,72.0,92.0,6624.0,31.598459006400486,26.7,mavic,NorthSea_Fri_DJI_0114.MP4,5715,data/raw/seadronessee/odv2/images/val/6661.jpg,train
val:37713,val:6661,val,37713,6661,6661.jpg,3840,2160,2,boat,538.0,0.0,144.0,226.0,32544.0,31.598459006400486,26.7,mavic,NorthSea_Fri_DJI_0114.MP4,5715,data/raw/seadronessee/odv2/images/val/6661.jpg,train
val:37715,val:6661,val,37715,6661,6661.jpg,3840,2160,1,swimmer,2037.0,1046.0,27.0,21.0,567.0,31.598459006400486,26.7,mavic,NorthSea_Fri_DJI_0114.MP4,5715,data/raw/seadronessee/odv2/images/val/6661.jpg,train
val:37729,val:6663,val,37729,6663,6663.jpg,3840,2160,2,boat,1397.0,816.0,240.0,101.0,24240.0,31.698454129838463,26.7,mavic,NorthSea_Fri_DJI_0114.MP4,5745,data/raw/seadronessee/odv2/images/val/6663.jpg,train
val:37730,val:6663,val,37730,6663,6663.jpg,3840,2160,1,swimmer,2045.0,1095.0,50.0,27.0,1350.0,31.698454129838463,26.7,mavic,NorthSea_Fri_DJI_0114.MP4,5745,data/raw/seadronessee/odv2/images/val/6663.jpg,train
val:37732,val:6663,val,37732,6663,6663.jpg,3840,2160,1,swimmer,2300.0,956.0,55.0,27.0,1485.0,31.698454129838463,26.7,mavic,NorthSea_Fri_DJI_0114.MP4,5745,data/raw/seadronessee/odv2/images/val/6663.jpg,train
val:37733,val:6663,val,37733,6663,6663.jpg,3840,2160,1,swimmer,1838.0,922.0,31.0,20.0,620.0,31.698454129838463,26.7,mavic,NorthSea_Fri_DJI_0114.MP4,5745,data/raw/seadronessee/odv2/images/val/6663.jpg,train
val:37734,val:6663,val,37734,6663,6663.jpg,3840,2160,1,swimmer,1825.0,1170.0,23.0,19.0,437.0,31.698454129838463,26.7,mavic,NorthSea_Fri_DJI_0114.MP4,5745,data/raw/seadronessee/odv2/images/val/6663.jpg,train
val:37735,val:6663,val,37735,6663,6663.jpg,3840,2160,1,swimmer,1733.0,1240.0,29.0,20.0,580.0,31.698454129838463,26.7,mavic,NorthSea_Fri_DJI_0114.MP4,5745,data/raw/seadronessee/odv2/images/val/6663.jpg,train
val:37736,val:6663,val,37736,6663,6663.jpg,3840,2160,1,swimmer,1667.0,1209.0,37.0,28.0,1036.0,31.698454129838463,26.7,mavic,NorthSea_Fri_DJI_0114.MP4,5745,data/raw/seadronessee/odv2/images/val/6663.jpg,train
val:37737,val:6663,val,37737,6663,6663.jpg,3840,2160,1,swimmer,1596.0,1279.0,52.0,22.0,1144.0,31.698454129838463,26.7,mavic,NorthSea_Fri_DJI_0114.MP4,5745,data/raw/seadronessee/odv2/images/val/6663.jpg,train
val:37738,val:6663,val,37738,6663,6663.jpg,3840,2160,5,buoy,568.0,1093.0,68.0,89.0,6052.0,31.698454129838463,26.7,mavic,NorthSea_Fri_DJI_0114.MP4,5745,data/raw/seadronessee/odv2/images/val/6663.jpg,train
val:37739,val:6663,val,37739,6663,6663.jpg,3840,2160,2,boat,796.0,0.0,154.0,200.0,30800.0,31.698454129838463,26.7,mavic,NorthSea_Fri_DJI_0114.MP4,5745,data/raw/seadronessee/odv2/images/val/6663.jpg,train
val:37740,val:6663,val,37740,6663,6663.jpg,3840,2160,2,boat,159.0,19.0,167.0,245.0,40915.0,31.698454129838463,26.7,mavic,NorthSea_Fri_DJI_0114.MP4,5745,data/raw/seadronessee/odv2/images/val/6663.jpg,train
val:37741,val:6663,val,37741,6663,6663.jpg,3840,2160,1,swimmer,2135.0,1050.0,29.0,24.0,696.0,31.698454129838463,26.7,mavic,NorthSea_Fri_DJI_0114.MP4,5745,data/raw/seadronessee/odv2/images/val/6663.jpg,train
val:37755,val:6665,val,37755,6665,6665.jpg,3840,2160,2,boat,1440.0,803.0,235.0,96.0,22560.0,31.698454129838463,26.7,mavic,NorthSea_Fri_DJI_0114.MP4,5775,data/raw/seadronessee/odv2/images/val/6665.jpg,train
val:37756,val:6665,val,37756,6665,6665.jpg,3840,2160,1,swimmer,2088.0,1093.0,51.0,27.0,1377.0,31.698454129838463,26.7,mavic,NorthSea_Fri_DJI_0114.MP4,5775,data/raw/seadronessee/odv2/images/val/6665.jpg,train
val:37757,val:6665,val,37757,6665,6665.jpg,3840,2160,2,boat,2434.0,4.0,126.0,59.0,7434.0,31.698454129838463,26.7,mavic,NorthSea_Fri_DJI_0114.MP4,5775,data/raw/seadronessee/odv2/images/val/6665.jpg,train
val:37758,val:6665,val,37758,6665,6665.jpg,3840,2160,1,swimmer,2352.0,970.0,61.0,27.0,1647.0,31.698454129838463,26.7,mavic,NorthSea_Fri_DJI_0114.MP4,5775,data/raw/seadronessee/odv2/images/val/6665.jpg,train
val:37759,val:6665,val,37759,6665,6665.jpg,3840,2160,1,swimmer,1908.0,921.0,27.0,21.0,567.0,31.698454129838463,26.7,mavic,NorthSea_Fri_DJI_0114.MP4,5775,data/raw/seadronessee/odv2/images/val/6665.jpg,train
val:37760,val:6665,val,37760,6665,6665.jpg,3840,2160,1,swimmer,1857.0,1150.0,26.0,17.0,442.0,31.698454129838463,26.7,mavic,NorthSea_Fri_DJI_0114.MP4,5775,data/raw/seadronessee/odv2/images/val/6665.jpg,train
val:37761,val:6665,val,37761,6665,6665.jpg,3840,2160,1,swimmer,1753.0,1221.0,28.0,21.0,588.0,31.698454129838463,26.7,mavic,NorthSea_Fri_DJI_0114.MP4,5775,data/raw/seadronessee/odv2/images/val/6665.jpg,train
val:37762,val:6665,val,37762,6665,6665.jpg,3840,2160,1,swimmer,1695.0,1187.0,37.0,28.0,1036.0,31.698454129838463,26.7,mavic,NorthSea_Fri_DJI_0114.MP4,5775,data/raw/seadronessee/odv2/images/val/6665.jpg,train
val:37763,val:6665,val,37763,6665,6665.jpg,3840,2160,1,swimmer,1616.0,1257.0,51.0,23.0,1173.0,31.698454129838463,26.7,mavic,NorthSea_Fri_DJI_0114.MP4,5775,data/raw/seadronessee/odv2/images/val/6665.jpg,train
val:37764,val:6665,val,37764,6665,6665.jpg,3840,2160,5,buoy,670.0,1024.0,64.0,85.0,5440.0,31.698454129838463,26.7,mavic,NorthSea_Fri_DJI_0114.MP4,5775,data/raw/seadronessee/odv2/images/val/6665.jpg,train
val:37765,val:6665,val,37765,6665,6665.jpg,3840,2160,2,boat,1011.0,0.0,146.0,194.0,28324.0,31.698454129838463,26.7,mavic,NorthSea_Fri_DJI_0114.MP4,5775,data/raw/seadronessee/odv2/images/val/6665.jpg,train
val:37766,val:6665,val,37766,6665,6665.jpg,3840,2160,2,boat,397.0,6.0,165.0,241.0,39765.0,31.698454129838463,26.7,mavic,NorthSea_Fri_DJI_0114.MP4,5775,data/raw/seadronessee/odv2/images/val/6665.jpg,train
val:37767,val:6665,val,37767,6665,6665.jpg,3840,2160,1,swimmer,2184.0,1053.0,34.0,24.0,816.0,31.698454129838463,26.7,mavic,NorthSea_Fri_DJI_0114.MP4,5775,data/raw/seadronessee/odv2/images/val/6665.jpg,train
val:37782,val:6667,val,37782,6667,6667.jpg,3840,2160,2,boat,1455.0,781.0,232.0,96.0,22272.0,31.79844925327644,26.7,mavic,NorthSea_Fri_DJI_0114.MP4,5805,data/raw/seadronessee/odv2/images/val/6667.jpg,train
val:37783,val:6667,val,37783,6667,6667.jpg,3840,2160,1,swimmer,2099.0,1089.0,50.0,26.0,1300.0,31.79844925327644,26.7,mavic,NorthSea_Fri_DJI_0114.MP4,5805,data/raw/seadronessee/odv2/images/val/6667.jpg,train
val:37784,val:6667,val,37784,6667,6667.jpg,3840,2160,2,boat,2627.0,5.0,135.0,64.0,8640.0,31.79844925327644,26.7,mavic,NorthSea_Fri_DJI_0114.MP4,5805,data/raw/seadronessee/odv2/images/val/6667.jpg,train
val:37785,val:6667,val,37785,6667,6667.jpg,3840,2160,1,swimmer,2361.0,978.0,66.0,27.0,1782.0,31.79844925327644,26.7,mavic,NorthSea_Fri_DJI_0114.MP4,5805,data/raw/seadronessee/odv2/images/val/6667.jpg,train
val:37786,val:6667,val,37786,6667,6667.jpg,3840,2160,1,swimmer,1934.0,905.0,29.0,20.0,580.0,31.79844925327644,26.7,mavic,NorthSea_Fri_DJI_0114.MP4,5805,data/raw/seadronessee/odv2/images/val/6667.jpg,train
val:37787,val:6667,val,37787,6667,6667.jpg,3840,2160,1,swimmer,1846.0,1133.0,38.0,19.0,722.0,31.79844925327644,26.7,mavic,NorthSea_Fri_DJI_0114.MP4,5805,data/raw/seadronessee/odv2/images/val/6667.jpg,train
val:37788,val:6667,val,37788,6667,6667.jpg,3840,2160,1,swimmer,1737.0,1199.0,25.0,19.0,475.0,31.79844925327644,26.7,mavic,NorthSea_Fri_DJI_0114.MP4,5805,data/raw/seadronessee/odv2/images/val/6667.jpg,train
val:37789,val:6667,val,37789,6667,6667.jpg,3840,2160,1,swimmer,1694.0,1158.0,39.0,29.0,1131.0,31.79844925327644,26.7,mavic,NorthSea_Fri_DJI_0114.MP4,5805,data/raw/seadronessee/odv2/images/val/6667.jpg,train
val:37790,val:6667,val,37790,6667,6667.jpg,3840,2160,1,swimmer,1606.0,1223.0,48.0,22.0,1056.0,31.79844925327644,26.7,mavic,NorthSea_Fri_DJI_0114.MP4,5805,data/raw/seadronessee/odv2/images/val/6667.jpg,train
val:37791,val:6667,val,37791,6667,6667.jpg,3840,2160,5,buoy,750.0,972.0,60.0,82.0,4920.0,31.79844925327644,26.7,mavic,NorthSea_Fri_DJI_0114.MP4,5805,data/raw/seadronessee/odv2/images/val/6667.jpg,train
val:37792,val:6667,val,37792,6667,6667.jpg,3840,2160,2,boat,1189.0,0.0,143.0,186.0,26598.0,31.79844925327644,26.7,mavic,NorthSea_Fri_DJI_0114.MP4,5805,data/raw/seadronessee/odv2/images/val/6667.jpg,train
val:37793,val:6667,val,37793,6667,6667.jpg,3840,2160,2,boat,607.0,0.0,153.0,224.0,34272.0,31.79844925327644,26.7,mavic,NorthSea_Fri_DJI_0114.MP4,5805,data/raw/seadronessee/odv2/images/val/6667.jpg,train
val:37794,val:6667,val,37794,6667,6667.jpg,3840,2160,5,buoy,169.0,116.0,26.0,29.0,754.0,31.79844925327644,26.7,mavic,NorthSea_Fri_DJI_0114.MP4,5805,data/raw/seadronessee/odv2/images/val/6667.jpg,train
val:37795,val:6667,val,37795,6667,6667.jpg,3840,2160,1,swimmer,2199.0,1062.0,27.0,19.0,513.0,31.79844925327644,26.7,mavic,NorthSea_Fri_DJI_0114.MP4,5805,data/raw/seadronessee/odv2/images/val/6667.jpg,train
val:37810,val:6669,val,37810,6669,6669.jpg,3840,2160,2,boat,1479.0,759.0,203.0,91.0,18473.0,31.79844925327644,26.7,mavic,NorthSea_Fri_DJI_0114.MP4,5835,data/raw/seadronessee/odv2/images/val/6669.jpg,train
val:37811,val:6669,val,37811,6669,6669.jpg,3840,2160,1,swimmer,2109.0,1084.0,31.0,21.0,651.0,31.79844925327644,26.7,mavic,NorthSea_Fri_DJI_0114.MP4,5835,data/raw/seadronessee/odv2/images/val/6669.jpg,train
val:37812,val:6669,val,37812,6669,6669.jpg,3840,2160,2,boat,2818.0,5.0,144.0,65.0,9360.0,31.79844925327644,26.7,mavic,NorthSea_Fri_DJI_0114.MP4,5835,data/raw/seadronessee/odv2/images/val/6669.jpg,train
val:37813,val:6669,val,37813,6669,6669.jpg,3840,2160,1,swimmer,2353.0,964.0,79.0,31.0,2449.0,31.79844925327644,26.7,mavic,NorthSea_Fri_DJI_0114.MP4,5835,data/raw/seadronessee/odv2/images/val/6669.jpg,train
val:37814,val:6669,val,37814,6669,6669.jpg,3840,2160,1,swimmer,1956.0,878.0,25.0,22.0,550.0,31.79844925327644,26.7,mavic,NorthSea_Fri_DJI_0114.MP4,5835,data/raw/seadronessee/odv2/images/val/6669.jpg,train
val:37815,val:6669,val,37815,6669,6669.jpg,3840,2160,1,swimmer,1847.0,1113.0,25.0,17.0,425.0,31.79844925327644,26.7,mavic,NorthSea_Fri_DJI_0114.MP4,5835,data/raw/seadronessee/odv2/images/val/6669.jpg,train
val:37816,val:6669,val,37816,6669,6669.jpg,3840,2160,1,swimmer,1711.0,1172.0,24.0,19.0,456.0,31.79844925327644,26.7,mavic,NorthSea_Fri_DJI_0114.MP4,5835,data/raw/seadronessee/odv2/images/val/6669.jpg,train
val:37817,val:6669,val,37817,6669,6669.jpg,3840,2160,1,swimmer,1684.0,1132.0,42.0,26.0,1092.0,31.79844925327644,26.7,mavic,NorthSea_Fri_DJI_0114.MP4,5835,data/raw/seadronessee/odv2/images/val/6669.jpg,train
val:37818,val:6669,val,37818,6669,6669.jpg,3840,2160,1,swimmer,1584.0,1191.0,46.0,21.0,966.0,31.79844925327644,26.7,mavic,NorthSea_Fri_DJI_0114.MP4,5835,data/raw/seadronessee/odv2/images/val/6669.jpg,train
val:37819,val:6669,val,37819,6669,6669.jpg,3840,2160,5,buoy,824.0,914.0,58.0,77.0,4466.0,31.79844925327644,26.7,mavic,NorthSea_Fri_DJI_0114.MP4,5835,data/raw/seadronessee/odv2/images/val/6669.jpg,train
val:37820,val:6669,val,37820,6669,6669.jpg,3840,2160,2,boat,1357.0,0.0,136.0,168.0,22848.0,31.79844925327644,26.7,mavic,NorthSea_Fri_DJI_0114.MP4,5835,data/raw/seadronessee/odv2/images/val/6669.jpg,train
val:37821,val:6669,val,37821,6669,6669.jpg,3840,2160,2,boat,793.0,0.0,145.0,202.0,29290.0,31.79844925327644,26.7,mavic,NorthSea_Fri_DJI_0114.MP4,5835,data/raw/seadronessee/odv2/images/val/6669.jpg,train
val:37822,val:6669,val,37822,6669,6669.jpg,3840,2160,5,buoy,453.0,85.0,24.0,26.0,624.0,31.79844925327644,26.7,mavic,NorthSea_Fri_DJI_0114.MP4,5835,data/raw/seadronessee/odv2/images/val/6669.jpg,train
val:37823,val:6669,val,37823,6669,6669.jpg,3840,2160,1,swimmer,2192.0,1050.0,33.0,24.0,792.0,31.79844925327644,26.7,mavic,NorthSea_Fri_DJI_0114.MP4,5835,data/raw/seadronessee/odv2/images/val/6669.jpg,train
val:37838,val:6671,val,37838,6671,6671.jpg,3840,2160,2,boat,1544.0,721.0,173.0,97.0,16781.0,31.898444376714412,26.7,mavic,NorthSea_Fri_DJI_0114.MP4,5865,data/raw/seadronessee/odv2/images/val/6671.jpg,train
val:37839,val:6671,val,37839,6671,6671.jpg,3840,2160,1,swimmer,2130.0,1060.0,25.0,28.0,700.0,31.898444376714412,26.7,mavic,NorthSea_Fri_DJI_0114.MP4,5865,data/raw/seadronessee/odv2/images/val/6671.jpg,train
val:37840,val:6671,val,37840,6671,6671.jpg,3840,2160,2,boat,3049.0,5.0,155.0,71.0,11005.0,31.898444376714412,26.7,mavic,NorthSea_Fri_DJI_0114.MP4,5865,data/raw/seadronessee/odv2/images/val/6671.jpg,train
val:37841,val:6671,val,37841,6671,6671.jpg,3840,2160,1,swimmer,2374.0,956.0,53.0,27.0,1431.0,31.898444376714412,26.7,mavic,NorthSea_Fri_DJI_0114.MP4,5865,data/raw/seadronessee/odv2/images/val/6671.jpg,train
val:37842,val:6671,val,37842,6671,6671.jpg,3840,2160,1,swimmer,1997.0,855.0,32.0,20.0,640.0,31.898444376714412,26.7,mavic,NorthSea_Fri_DJI_0114.MP4,5865,data/raw/seadronessee/odv2/images/val/6671.jpg,train
val:37843,val:6671,val,37843,6671,6671.jpg,3840,2160,1,swimmer,1862.0,1092.0,23.0,15.0,345.0,31.898444376714412,26.7,mavic,NorthSea_Fri_DJI_0114.MP4,5865,data/raw/seadronessee/odv2/images/val/6671.jpg,train
val:37844,val:6671,val,37844,6671,6671.jpg,3840,2160,1,swimmer,1706.0,1137.0,42.0,30.0,1260.0,31.898444376714412,26.7,mavic,NorthSea_Fri_DJI_0114.MP4,5865,data/raw/seadronessee/odv2/images/val/6671.jpg,train
val:37845,val:6671,val,37845,6671,6671.jpg,3840,2160,1,swimmer,1694.0,1098.0,34.0,26.0,884.0,31.898444376714412,26.7,mavic,NorthSea_Fri_DJI_0114.MP4,5865,data/raw/seadronessee/odv2/images/val/6671.jpg,train
val:37846,val:6671,val,37846,6671,6671.jpg,3840,2160,1,swimmer,1585.0,1150.0,43.0,21.0,903.0,31.898444376714412,26.7,mavic,NorthSea_Fri_DJI_0114.MP4,5865,data/raw/seadronessee/odv2/images/val/6671.jpg,train
val:37847,val:6671,val,37847,6671,6671.jpg,3840,2160,5,buoy,917.0,852.0,54.0,73.0,3942.0,31.898444376714412,26.7,mavic,NorthSea_Fri_DJI_0114.MP4,5865,data/raw/seadronessee/odv2/images/val/6671.jpg,train
val:37848,val:6671,val,37848,6671,6671.jpg,3840,2160,2,boat,1552.0,0.0,133.0,154.0,20482.0,31.898444376714412,26.7,mavic,NorthSea_Fri_DJI_0114.MP4,5865,data/raw/seadronessee/odv2/images/val/6671.jpg,train
val:37849,val:6671,val,37849,6671,6671.jpg,3840,2160,2,boat,1017.0,0.0,129.0,177.0,22833.0,31.898444376714412,26.7,mavic,NorthSea_Fri_DJI_0114.MP4,5865,data/raw/seadronessee/odv2/images/val/6671.jpg,train
val:37850,val:6671,val,37850,6671,6671.jpg,3840,2160,5,buoy,748.0,58.0,22.0,25.0,550.0,31.898444376714412,26.7,mavic,NorthSea_Fri_DJI_0114.MP4,5865,data/raw/seadronessee/odv2/images/val/6671.jpg,train
val:37851,val:6671,val,37851,6671,6671.jpg,3840,2160,1,swimmer,2208.0,1034.0,35.0,25.0,875.0,31.898444376714412,26.7,mavic,NorthSea_Fri_DJI_0114.MP4,5865,data/raw/seadronessee/odv2/images/val/6671.jpg,train
val:37866,val:6673,val,37866,6673,6673.jpg,3840,2160,2,boat,1601.0,697.0,133.0,93.0,12369.0,31.898444376714412,26.7,mavic,NorthSea_Fri_DJI_0114.MP4,5895,data/raw/seadronessee/odv2/images/val/6673.jpg,train
val:37867,val:6673,val,37867,6673,6673.jpg,3840,2160,1,swimmer,2117.0,1039.0,32.0,27.0,864.0,31.898444376714412,26.7,mavic,NorthSea_Fri_DJI_0114.MP4,5895,data/raw/seadronessee/odv2/images/val/6673.jpg,train
val:37868,val:6673,val,37868,6673,6673.jpg,3840,2160,2,boat,3277.0,11.0,170.0,74.0,12580.0,31.898444376714412,26.7,mavic,NorthSea_Fri_DJI_0114.MP4,5895,data/raw/seadronessee/odv2/images/val/6673.jpg,train
val:37869,val:6673,val,37869,6673,6673.jpg,3840,2160,1,swimmer,2383.0,943.0,37.0,28.0,1036.0,31.898444376714412,26.7,mavic,NorthSea_Fri_DJI_0114.MP4,5895,data/raw/seadronessee/odv2/images/val/6673.jpg,train
val:37870,val:6673,val,37870,6673,6673.jpg,3840,2160,1,swimmer,2035.0,830.0,27.0,21.0,567.0,31.898444376714412,26.7,mavic,NorthSea_Fri_DJI_0114.MP4,5895,data/raw/seadronessee/odv2/images/val/6673.jpg,train
val:37871,val:6673,val,37871,6673,6673.jpg,3840,2160,1,swimmer,1860.0,1047.0,26.0,17.0,442.0,31.898444376714412,26.7,mavic,NorthSea_Fri_DJI_0114.MP4,5895,data/raw/seadronessee/odv2/images/val/6673.jpg,train
val:37872,val:6673,val,37872,6673,6673.jpg,3840,2160,1,swimmer,1688.0,1094.0,41.0,26.0,1066.0,31.898444376714412,26.7,mavic,NorthSea_Fri_DJI_0114.MP4,5895,data/raw/seadronessee/odv2/images/val/6673.jpg,train
val:37873,val:6673,val,37873,6673,6673.jpg,3840,2160,1,swimmer,1702.0,1057.0,31.0,25.0,775.0,31.898444376714412,26.7,mavic,NorthSea_Fri_DJI_0114.MP4,5895,data/raw/seadronessee/odv2/images/val/6673.jpg,train
val:37874,val:6673,val,37874,6673,6673.jpg,3840,2160,1,swimmer,1571.0,1110.0,48.0,19.0,912.0,31.898444376714412,26.7,mavic,NorthSea_Fri_DJI_0114.MP4,5895,data/raw/seadronessee/odv2/images/val/6673.jpg,train
val:37875,val:6673,val,37875,6673,6673.jpg,3840,2160,5,buoy,1000.0,795.0,52.0,71.0,3692.0,31.898444376714412,26.7,mavic,NorthSea_Fri_DJI_0114.MP4,5895,data/raw/seadronessee/odv2/images/val/6673.jpg,train
val:37876,val:6673,val,37876,6673,6673.jpg,3840,2160,2,boat,1743.0,0.0,129.0,143.0,18447.0,31.898444376714412,26.7,mavic,NorthSea_Fri_DJI_0114.MP4,5895,data/raw/seadronessee/odv2/images/val/6673.jpg,train
val:37877,val:6673,val,37877,6673,6673.jpg,3840,2160,2,boat,1205.0,0.0,139.0,155.0,21545.0,31.898444376714412,26.7,mavic,NorthSea_Fri_DJI_0114.MP4,5895,data/raw/seadronessee/odv2/images/val/6673.jpg,train
val:37878,val:6673,val,37878,6673,6673.jpg,3840,2160,5,buoy,1025.0,34.0,20.0,24.0,480.0,31.898444376714412,26.7,mavic,NorthSea_Fri_DJI_0114.MP4,5895,data/raw/seadronessee/odv2/images/val/6673.jpg,train
val:37879,val:6673,val,37879,6673,6673.jpg,3840,2160,1,swimmer,2198.0,1020.0,34.0,23.0,782.0,31.898444376714412,26.7,mavic,NorthSea_Fri_DJI_0114.MP4,5895,data/raw/seadronessee/odv2/images/val/6673.jpg,train
val:37894,val:6675,val,37894,6675,6675.jpg,3840,2160,2,boat,1682.0,646.0,98.0,105.0,10290.0,31.79844925327644,26.7,mavic,NorthSea_Fri_DJI_0114.MP4,5925,data/raw/seadronessee/odv2/images/val/6675.jpg,train
val:37895,val:6675,val,37895,6675,6675.jpg,3840,2160,1,swimmer,2112.0,1015.0,25.0,23.0,575.0,31.79844925327644,26.7,mavic,NorthSea_Fri_DJI_0114.MP4,5925,data/raw/seadronessee/odv2/images/val/6675.jpg,train
val:37896,val:6675,val,37896,6675,6675.jpg,3840,2160,2,boat,3524.0,12.0,185.0,83.0,15355.0,31.79844925327644,26.7,mavic,NorthSea_Fri_DJI_0114.MP4,5925,data/raw/seadronessee/odv2/images/val/6675.jpg,train
val:37897,val:6675,val,37897,6675,6675.jpg,3840,2160,1,swimmer,2392.0,919.0,34.0,29.0,986.0,31.79844925327644,26.7,mavic,NorthSea_Fri_DJI_0114.MP4,5925,data/raw/seadronessee/odv2/images/val/6675.jpg,train
val:37898,val:6675,val,37898,6675,6675.jpg,3840,2160,1,swimmer,2073.0,811.0,25.0,18.0,450.0,31.79844925327644,26.7,mavic,NorthSea_Fri_DJI_0114.MP4,5925,data/raw/seadronessee/odv2/images/val/6675.jpg,train
val:37899,val:6675,val,37899,6675,6675.jpg,3840,2160,1,swimmer,1860.0,1012.0,38.0,15.0,570.0,31.79844925327644,26.7,mavic,NorthSea_Fri_DJI_0114.MP4,5925,data/raw/seadronessee/odv2/images/val/6675.jpg,train
val:37900,val:6675,val,37900,6675,6675.jpg,3840,2160,1,swimmer,1682.0,1054.0,41.0,20.0,820.0,31.79844925327644,26.7,mavic,NorthSea_Fri_DJI_0114.MP4,5925,data/raw/seadronessee/odv2/images/val/6675.jpg,train
val:37901,val:6675,val,37901,6675,6675.jpg,3840,2160,1,swimmer,1705.0,1006.0,33.0,24.0,792.0,31.79844925327644,26.7,mavic,NorthSea_Fri_DJI_0114.MP4,5925,data/raw/seadronessee/odv2/images/val/6675.jpg,train
val:37902,val:6675,val,37902,6675,6675.jpg,3840,2160,1,swimmer,1578.0,1063.0,42.0,16.0,672.0,31.79844925327644,26.7,mavic,NorthSea_Fri_DJI_0114.MP4,5925,data/raw/seadronessee/odv2/images/val/6675.jpg,train
val:37903,val:6675,val,37903,6675,6675.jpg,3840,2160,5,buoy,1094.0,741.0,49.0,67.0,3283.0,31.79844925327644,26.7,mavic,NorthSea_Fri_DJI_0114.MP4,5925,data/raw/seadronessee/odv2/images/val/6675.jpg,train
val:37904,val:6675,val,37904,6675,6675.jpg,3840,2160,2,boat,1937.0,0.0,127.0,129.0,16383.0,31.79844925327644,26.7,mavic,NorthSea_Fri_DJI_0114.MP4,5925,data/raw/seadronessee/odv2/images/val/6675.jpg,train
val:37905,val:6675,val,37905,6675,6675.jpg,3840,2160,2,boat,1419.0,0.0,129.0,135.0,17415.0,31.79844925327644,26.7,mavic,NorthSea_Fri_DJI_0114.MP4,5925,data/raw/seadronessee/odv2/images/val/6675.jpg,train
val:37906,val:6675,val,37906,6675,6675.jpg,3840,2160,5,buoy,1292.0,17.0,22.0,23.0,506.0,31.79844925327644,26.7,mavic,NorthSea_Fri_DJI_0114.MP4,5925,data/raw/seadronessee/odv2/images/val/6675.jpg,train
val:37907,val:6675,val,37907,6675,6675.jpg,3840,2160,1,swimmer,2195.0,999.0,30.0,23.0,690.0,31.79844925327644,26.7,mavic,NorthSea_Fri_DJI_0114.MP4,5925,data/raw/seadronessee/odv2/images/val/6675.jpg,train
val:37922,val:6677,val,37922,6677,6677.jpg,3840,2160,2,boat,1587.0,625.0,111.0,86.0,9546.0,31.79844925327644,26.7,mavic,NorthSea_Fri_DJI_0114.MP4,5955,data/raw/seadronessee/odv2/images/val/6677.jpg,train
val:37923,val:6677,val,37923,6677,6677.jpg,3840,2160,1,swimmer,1949.0,993.0,25.0,25.0,625.0,31.79844925327644,26.7,mavic,NorthSea_Fri_DJI_0114.MP4,5955,data/raw/seadronessee/odv2/images/val/6677.jpg,train
val:37924,val:6677,val,37924,6677,6677.jpg,3840,2160,2,boat,3557.0,11.0,194.0,89.0,17266.0,31.79844925327644,26.7,mavic,NorthSea_Fri_DJI_0114.MP4,5955,data/raw/seadronessee/odv2/images/val/6677.jpg,train
val:37925,val:6677,val,37925,6677,6677.jpg,3840,2160,1,swimmer,2233.0,906.0,33.0,22.0,726.0,31.79844925327644,26.7,mavic,NorthSea_Fri_DJI_0114.MP4,5955,data/raw/seadronessee/odv2/images/val/6677.jpg,train
val:37926,val:6677,val,37926,6677,6677.jpg,3840,2160,1,swimmer,1954.0,796.0,20.0,19.0,380.0,31.79844925327644,26.7,mavic,NorthSea_Fri_DJI_0114.MP4,5955,data/raw/seadronessee/odv2/images/val/6677.jpg,train
val:37927,val:6677,val,37927,6677,6677.jpg,3840,2160,1,swimmer,1707.0,984.0,31.0,17.0,527.0,31.79844925327644,26.7,mavic,NorthSea_Fri_DJI_0114.MP4,5955,data/raw/seadronessee/odv2/images/val/6677.jpg,train
val:37928,val:6677,val,37928,6677,6677.jpg,3840,2160,1,swimmer,1516.0,1009.0,36.0,24.0,864.0,31.79844925327644,26.7,mavic,NorthSea_Fri_DJI_0114.MP4,5955,data/raw/seadronessee/odv2/images/val/6677.jpg,train
val:37929,val:6677,val,37929,6677,6677.jpg,3840,2160,1,swimmer,1548.0,970.0,32.0,22.0,704.0,31.79844925327644,26.7,mavic,NorthSea_Fri_DJI_0114.MP4,5955,data/raw/seadronessee/odv2/images/val/6677.jpg,train
val:37930,val:6677,val,37930,6677,6677.jpg,3840,2160,1,swimmer,1423.0,1010.0,39.0,22.0,858.0,31.79844925327644,26.7,mavic,NorthSea_Fri_DJI_0114.MP4,5955,data/raw/seadronessee/odv2/images/val/6677.jpg,train
val:37931,val:6677,val,37931,6677,6677.jpg,3840,2160,5,buoy,1007.0,713.0,52.0,64.0,3328.0,31.79844925327644,26.7,mavic,NorthSea_Fri_DJI_0114.MP4,5955,data/raw/seadronessee/odv2/images/val/6677.jpg,train
val:37932,val:6677,val,37932,6677,6677.jpg,3840,2160,2,boat,1957.0,0.0,126.0,120.0,15120.0,31.79844925327644,26.7,mavic,NorthSea_Fri_DJI_0114.MP4,5955,data/raw/seadronessee/odv2/images/val/6677.jpg,train
val:37933,val:6677,val,37933,6677,6677.jpg,3840,2160,2,boat,1453.0,0.0,124.0,121.0,15004.0,31.79844925327644,26.7,mavic,NorthSea_Fri_DJI_0114.MP4,5955,data/raw/seadronessee/odv2/images/val/6677.jpg,train
val:37934,val:6677,val,37934,6677,6677.jpg,3840,2160,5,buoy,1384.0,5.0,15.0,22.0,330.0,31.79844925327644,26.7,mavic,NorthSea_Fri_DJI_0114.MP4,5955,data/raw/seadronessee/odv2/images/val/6677.jpg,train
val:37935,val:6677,val,37935,6677,6677.jpg,3840,2160,1,swimmer,2038.0,979.0,22.0,23.0,506.0,31.79844925327644,26.7,mavic,NorthSea_Fri_DJI_0114.MP4,5955,data/raw/seadronessee/odv2/images/val/6677.jpg,train
val:37950,val:6679,val,37950,6679,6679.jpg,3840,2160,2,boat,1407.0,601.0,142.0,87.0,12354.0,31.79844925327644,26.7,mavic,NorthSea_Fri_DJI_0114.MP4,5985,data/raw/seadronessee/odv2/images/val/6679.jpg,train
val:37951,val:6679,val,37951,6679,6679.jpg,3840,2160,1,swimmer,1740.0,967.0,24.0,23.0,552.0,31.79844925327644,26.7,mavic,NorthSea_Fri_DJI_0114.MP4,5985,data/raw/seadronessee/odv2/images/val/6679.jpg,train
val:37952,val:6679,val,37952,6679,6679.jpg,3840,2160,2,boat,3424.0,5.0,185.0,78.0,14430.0,31.79844925327644,26.7,mavic,NorthSea_Fri_DJI_0114.MP4,5985,data/raw/seadronessee/odv2/images/val/6679.jpg,train
val:37953,val:6679,val,37953,6679,6679.jpg,3840,2160,1,swimmer,2024.0,891.0,32.0,22.0,704.0,31.79844925327644,26.7,mavic,NorthSea_Fri_DJI_0114.MP4,5985,data/raw/seadronessee/odv2/images/val/6679.jpg,train
val:37954,val:6679,val,37954,6679,6679.jpg,3840,2160,1,swimmer,1764.0,770.0,22.0,20.0,440.0,31.79844925327644,26.7,mavic,NorthSea_Fri_DJI_0114.MP4,5985,data/raw/seadronessee/odv2/images/val/6679.jpg,train
val:37955,val:6679,val,37955,6679,6679.jpg,3840,2160,1,swimmer,1507.0,962.0,25.0,18.0,450.0,31.79844925327644,26.7,mavic,NorthSea_Fri_DJI_0114.MP4,5985,data/raw/seadronessee/odv2/images/val/6679.jpg,train
val:37956,val:6679,val,37956,6679,6679.jpg,3840,2160,1,swimmer,1305.0,986.0,29.0,26.0,754.0,31.79844925327644,26.7,mavic,NorthSea_Fri_DJI_0114.MP4,5985,data/raw/seadronessee/odv2/images/val/6679.jpg,train
val:37957,val:6679,val,37957,6679,6679.jpg,3840,2160,1,swimmer,1350.0,959.0,32.0,21.0,672.0,31.79844925327644,26.7,mavic,NorthSea_Fri_DJI_0114.MP4,5985,data/raw/seadronessee/odv2/images/val/6679.jpg,train
val:37958,val:6679,val,37958,6679,6679.jpg,3840,2160,1,swimmer,1207.0,992.0,45.0,22.0,990.0,31.79844925327644,26.7,mavic,NorthSea_Fri_DJI_0114.MP4,5985,data/raw/seadronessee/odv2/images/val/6679.jpg,train
val:37959,val:6679,val,37959,6679,6679.jpg,3840,2160,5,buoy,852.0,702.0,48.0,64.0,3072.0,31.79844925327644,26.7,mavic,NorthSea_Fri_DJI_0114.MP4,5985,data/raw/seadronessee/odv2/images/val/6679.jpg,train
val:37960,val:6679,val,37960,6679,6679.jpg,3840,2160,2,boat,1844.0,0.0,124.0,105.0,13020.0,31.79844925327644,26.7,mavic,NorthSea_Fri_DJI_0114.MP4,5985,data/raw/seadronessee/odv2/images/val/6679.jpg,train
val:37961,val:6679,val,37961,6679,6679.jpg,3840,2160,2,boat,1347.0,0.0,122.0,105.0,12810.0,31.79844925327644,26.7,mavic,NorthSea_Fri_DJI_0114.MP4,5985,data/raw/seadronessee/odv2/images/val/6679.jpg,train
val:37962,val:6679,val,37962,6679,6679.jpg,3840,2160,5,buoy,1328.0,0.0,12.0,16.0,192.0,31.79844925327644,26.7,mavic,NorthSea_Fri_DJI_0114.MP4,5985,data/raw/seadronessee/odv2/images/val/6679.jpg,train
val:37963,val:6679,val,37963,6679,6679.jpg,3840,2160,1,swimmer,1828.0,956.0,15.0,19.0,285.0,31.79844925327644,26.7,mavic,NorthSea_Fri_DJI_0114.MP4,5985,data/raw/seadronessee/odv2/images/val/6679.jpg,train
val:37977,val:6681,val,37977,6681,6681.jpg,3840,2160,2,boat,1352.0,579.0,167.0,86.0,14362.0,31.79844925327644,26.7,mavic,NorthSea_Fri_DJI_0114.MP4,6015,data/raw/seadronessee/odv2/images/val/6681.jpg,train
val:37978,val:6681,val,37978,6681,6681.jpg,3840,2160,1,swimmer,1673.0,952.0,25.0,22.0,550.0,31.79844925327644,26.7,mavic,NorthSea_Fri_DJI_0114.MP4,6015,data/raw/seadronessee/odv2/images/val/6681.jpg,train
val:37979,val:6681,val,37979,6681,6681.jpg,3840,2160,2,boat,3352.0,5.0,184.0,69.0,12696.0,31.79844925327644,26.7,mavic,NorthSea_Fri_DJI_0114.MP4,6015,data/raw/seadronessee/odv2/images/val/6681.jpg,train
val:37980,val:6681,val,37980,6681,6681.jpg,3840,2160,1,swimmer,1950.0,872.0,36.0,23.0,828.0,31.79844925327644,26.7,mavic,NorthSea_Fri_DJI_0114.MP4,6015,data/raw/seadronessee/odv2/images/val/6681.jpg,train
val:37981,val:6681,val,37981,6681,6681.jpg,3840,2160,1,swimmer,1697.0,753.0,25.0,21.0,525.0,31.79844925327644,26.7,mavic,NorthSea_Fri_DJI_0114.MP4,6015,data/raw/seadronessee/odv2/images/val/6681.jpg,train
val:37982,val:6681,val,37982,6681,6681.jpg,3840,2160,1,swimmer,1451.0,949.0,25.0,16.0,400.0,31.79844925327644,26.7,mavic,NorthSea_Fri_DJI_0114.MP4,6015,data/raw/seadronessee/odv2/images/val/6681.jpg,train
val:37983,val:6681,val,37983,6681,6681.jpg,3840,2160,1,swimmer,1242.0,985.0,22.0,23.0,506.0,31.79844925327644,26.7,mavic,NorthSea_Fri_DJI_0114.MP4,6015,data/raw/seadronessee/odv2/images/val/6681.jpg,train
val:37984,val:6681,val,37984,6681,6681.jpg,3840,2160,1,swimmer,1286.0,945.0,32.0,21.0,672.0,31.79844925327644,26.7,mavic,NorthSea_Fri_DJI_0114.MP4,6015,data/raw/seadronessee/odv2/images/val/6681.jpg,train
val:37985,val:6681,val,37985,6681,6681.jpg,3840,2160,1,swimmer,1142.0,990.0,45.0,24.0,1080.0,31.79844925327644,26.7,mavic,NorthSea_Fri_DJI_0114.MP4,6015,data/raw/seadronessee/odv2/images/val/6681.jpg,train
val:37986,val:6681,val,37986,6681,6681.jpg,3840,2160,5,buoy,805.0,681.0,48.0,64.0,3072.0,31.79844925327644,26.7,mavic,NorthSea_Fri_DJI_0114.MP4,6015,data/raw/seadronessee/odv2/images/val/6681.jpg,train
val:37987,val:6681,val,37987,6681,6681.jpg,3840,2160,2,boat,1786.0,0.0,120.0,92.0,11040.0,31.79844925327644,26.7,mavic,NorthSea_Fri_DJI_0114.MP4,6015,data/raw/seadronessee/odv2/images/val/6681.jpg,train
val:37988,val:6681,val,37988,6681,6681.jpg,3840,2160,2,boat,1290.0,0.0,121.0,91.0,11011.0,31.79844925327644,26.7,mavic,NorthSea_Fri_DJI_0114.MP4,6015,data/raw/seadronessee/odv2/images/val/6681.jpg,train
val:37989,val:6681,val,37989,6681,6681.jpg,3840,2160,1,swimmer,1754.0,947.0,15.0,21.0,315.0,31.79844925327644,26.7,mavic,NorthSea_Fri_DJI_0114.MP4,6015,data/raw/seadronessee/odv2/images/val/6681.jpg,train
val:38003,val:6683,val,38003,6683,6683.jpg,3840,2160,2,boat,1358.0,569.0,194.0,83.0,16102.0,31.598459006400486,26.7,mavic,NorthSea_Fri_DJI_0114.MP4,6045,data/raw/seadronessee/odv2/images/val/6683.jpg,train
val:38004,val:6683,val,38004,6683,6683.jpg,3840,2160,1,swimmer,1681.0,958.0,21.0,19.0,399.0,31.598459006400486,26.7,mavic,NorthSea_Fri_DJI_0114.MP4,6045,data/raw/seadronessee/odv2/images/val/6683.jpg,train
val:38005,val:6683,val,38005,6683,6683.jpg,3840,2160,2,boat,3317.0,5.0,188.0,61.0,11468.0,31.598459006400486,26.7,mavic,NorthSea_Fri_DJI_0114.MP4,6045,data/raw/seadronessee/odv2/images/val/6683.jpg,train
val:38006,val:6683,val,38006,6683,6683.jpg,3840,2160,1,swimmer,1950.0,855.0,34.0,24.0,816.0,31.598459006400486,26.7,mavic,NorthSea_Fri_DJI_0114.MP4,6045,data/raw/seadronessee/odv2/images/val/6683.jpg,train
val:38007,val:6683,val,38007,6683,6683.jpg,3840,2160,1,swimmer,1690.0,744.0,22.0,17.0,374.0,31.598459006400486,26.7,mavic,NorthSea_Fri_DJI_0114.MP4,6045,data/raw/seadronessee/odv2/images/val/6683.jpg,train
val:38008,val:6683,val,38008,6683,6683.jpg,3840,2160,1,swimmer,1456.0,956.0,24.0,17.0,408.0,31.598459006400486,26.7,mavic,NorthSea_Fri_DJI_0114.MP4,6045,data/raw/seadronessee/odv2/images/val/6683.jpg,train
val:38009,val:6683,val,38009,6683,6683.jpg,3840,2160,1,swimmer,1242.0,973.0,23.0,26.0,598.0,31.598459006400486,26.7,mavic,NorthSea_Fri_DJI_0114.MP4,6045,data/raw/seadronessee/odv2/images/val/6683.jpg,train
val:38010,val:6683,val,38010,6683,6683.jpg,3840,2160,1,swimmer,1279.0,941.0,33.0,22.0,726.0,31.598459006400486,26.7,mavic,NorthSea_Fri_DJI_0114.MP4,6045,data/raw/seadronessee/odv2/images/val/6683.jpg,train
val:38011,val:6683,val,38011,6683,6683.jpg,3840,2160,1,swimmer,1141.0,978.0,49.0,26.0,1274.0,31.598459006400486,26.7,mavic,NorthSea_Fri_DJI_0114.MP4,6045,data/raw/seadronessee/odv2/images/val/6683.jpg,train
val:38012,val:6683,val,38012,6683,6683.jpg,3840,2160,5,buoy,808.0,672.0,49.0,64.0,3136.0,31.598459006400486,26.7,mavic,NorthSea_Fri_DJI_0114.MP4,6045,data/raw/seadronessee/odv2/images/val/6683.jpg,train
val:38013,val:6683,val,38013,6683,6683.jpg,3840,2160,2,boat,1752.0,0.0,120.0,82.0,9840.0,31.598459006400486,26.7,mavic,NorthSea_Fri_DJI_0114.MP4,6045,data/raw/seadronessee/odv2/images/val/6683.jpg,train
val:38014,val:6683,val,38014,6683,6683.jpg,3840,2160,2,boat,1256.0,0.0,122.0,84.0,10248.0,31.598459006400486,26.7,mavic,NorthSea_Fri_DJI_0114.MP4,6045,data/raw/seadronessee/odv2/images/val/6683.jpg,train
val:38015,val:6683,val,38015,6683,6683.jpg,3840,2160,1,swimmer,1757.0,949.0,18.0,18.0,324.0,31.598459006400486,26.7,mavic,NorthSea_Fri_DJI_0114.MP4,6045,data/raw/seadronessee/odv2/images/val/6683.jpg,train
val:38029,val:6685,val,38029,6685,6685.jpg,3840,2160,2,boat,1383.0,565.0,197.0,79.0,15563.0,31.598459006400486,26.7,mavic,NorthSea_Fri_DJI_0114.MP4,6075,data/raw/seadronessee/odv2/images/val/6685.jpg,train
val:38030,val:6685,val,38030,6685,6685.jpg,3840,2160,1,swimmer,1690.0,959.0,23.0,24.0,552.0,31.598459006400486,26.7,mavic,NorthSea_Fri_DJI_0114.MP4,6075,data/raw/seadronessee/odv2/images/val/6685.jpg,train
val:38031,val:6685,val,38031,6685,6685.jpg,3840,2160,2,boat,3279.0,6.0,186.0,67.0,12462.0,31.598459006400486,26.7,mavic,NorthSea_Fri_DJI_0114.MP4,6075,data/raw/seadronessee/odv2/images/val/6685.jpg,train
val:38032,val:6685,val,38032,6685,6685.jpg,3840,2160,1,swimmer,1943.0,848.0,34.0,24.0,816.0,31.598459006400486,26.7,mavic,NorthSea_Fri_DJI_0114.MP4,6075,data/raw/seadronessee/odv2/images/val/6685.jpg,train
val:38033,val:6685,val,38033,6685,6685.jpg,3840,2160,1,swimmer,1682.0,742.0,22.0,17.0,374.0,31.598459006400486,26.7,mavic,NorthSea_Fri_DJI_0114.MP4,6075,data/raw/seadronessee/odv2/images/val/6685.jpg,train
val:38034,val:6685,val,38034,6685,6685.jpg,3840,2160,1,swimmer,1461.0,952.0,21.0,15.0,315.0,31.598459006400486,26.7,mavic,NorthSea_Fri_DJI_0114.MP4,6075,data/raw/seadronessee/odv2/images/val/6685.jpg,train
val:38035,val:6685,val,38035,6685,6685.jpg,3840,2160,1,swimmer,1242.0,975.0,25.0,26.0,650.0,31.598459006400486,26.7,mavic,NorthSea_Fri_DJI_0114.MP4,6075,data/raw/seadronessee/odv2/images/val/6685.jpg,train
val:38036,val:6685,val,38036,6685,6685.jpg,3840,2160,1,swimmer,1281.0,940.0,30.0,21.0,630.0,31.598459006400486,26.7,mavic,NorthSea_Fri_DJI_0114.MP4,6075,data/raw/seadronessee/odv2/images/val/6685.jpg,train
val:38037,val:6685,val,38037,6685,6685.jpg,3840,2160,1,swimmer,1141.0,979.0,43.0,24.0,1032.0,31.598459006400486,26.7,mavic,NorthSea_Fri_DJI_0114.MP4,6075,data/raw/seadronessee/odv2/images/val/6685.jpg,train
val:38038,val:6685,val,38038,6685,6685.jpg,3840,2160,5,buoy,804.0,672.0,48.0,63.0,3024.0,31.598459006400486,26.7,mavic,NorthSea_Fri_DJI_0114.MP4,6075,data/raw/seadronessee/odv2/images/val/6685.jpg,train
val:38039,val:6685,val,38039,6685,6685.jpg,3840,2160,2,boat,1717.0,0.0,121.0,85.0,10285.0,31.598459006400486,26.7,mavic,NorthSea_Fri_DJI_0114.MP4,6075,data/raw/seadronessee/odv2/images/val/6685.jpg,train
val:38040,val:6685,val,38040,6685,6685.jpg,3840,2160,2,boat,1225.0,0.0,121.0,82.0,9922.0,31.598459006400486,26.7,mavic,NorthSea_Fri_DJI_0114.MP4,6075,data/raw/seadronessee/odv2/images/val/6685.jpg,train
val:38041,val:6685,val,38041,6685,6685.jpg,3840,2160,1,swimmer,1760.0,949.0,21.0,20.0,420.0,31.598459006400486,26.7,mavic,NorthSea_Fri_DJI_0114.MP4,6075,data/raw/seadronessee/odv2/images/val/6685.jpg,train
val:38055,val:6687,val,38055,6687,6687.jpg,3840,2160,2,boat,1400.0,564.0,197.0,76.0,14972.0,31.598459006400486,26.7,mavic,NorthSea_Fri_DJI_0114.MP4,6105,data/raw/seadronessee/odv2/images/val/6687.jpg,train
val:38056,val:6687,val,38056,6687,6687.jpg,3840,2160,1,swimmer,1687.0,951.0,22.0,24.0,528.0,31.598459006400486,26.7,mavic,NorthSea_Fri_DJI_0114.MP4,6105,data/raw/seadronessee/odv2/images/val/6687.jpg,train
val:38057,val:6687,val,38057,6687,6687.jpg,3840,2160,2,boat,3236.0,6.0,189.0,64.0,12096.0,31.598459006400486,26.7,mavic,NorthSea_Fri_DJI_0114.MP4,6105,data/raw/seadronessee/odv2/images/val/6687.jpg,train
val:38058,val:6687,val,38058,6687,6687.jpg,3840,2160,1,swimmer,1933.0,845.0,31.0,24.0,744.0,31.598459006400486,26.7,mavic,NorthSea_Fri_DJI_0114.MP4,6105,data/raw/seadronessee/odv2/images/val/6687.jpg,train
val:38059,val:6687,val,38059,6687,6687.jpg,3840,2160,1,swimmer,1669.0,736.0,21.0,15.0,315.0,31.598459006400486,26.7,mavic,NorthSea_Fri_DJI_0114.MP4,6105,data/raw/seadronessee/odv2/images/val/6687.jpg,train
val:38060,val:6687,val,38060,6687,6687.jpg,3840,2160,1,swimmer,1464.0,946.0,16.0,19.0,304.0,31.598459006400486,26.7,mavic,NorthSea_Fri_DJI_0114.MP4,6105,data/raw/seadronessee/odv2/images/val/6687.jpg,train
val:38061,val:6687,val,38061,6687,6687.jpg,3840,2160,1,swimmer,1246.0,972.0,23.0,24.0,552.0,31.598459006400486,26.7,mavic,NorthSea_Fri_DJI_0114.MP4,6105,data/raw/seadronessee/odv2/images/val/6687.jpg,train
val:38062,val:6687,val,38062,6687,6687.jpg,3840,2160,1,swimmer,1280.0,940.0,27.0,19.0,513.0,31.598459006400486,26.7,mavic,NorthSea_Fri_DJI_0114.MP4,6105,data/raw/seadronessee/odv2/images/val/6687.jpg,train
val:38063,val:6687,val,38063,6687,6687.jpg,3840,2160,1,swimmer,1139.0,979.0,48.0,25.0,1200.0,31.598459006400486,26.7,mavic,NorthSea_Fri_DJI_0114.MP4,6105,data/raw/seadronessee/odv2/images/val/6687.jpg,train
val:38064,val:6687,val,38064,6687,6687.jpg,3840,2160,5,buoy,801.0,681.0,49.0,63.0,3087.0,31.598459006400486,26.7,mavic,NorthSea_Fri_DJI_0114.MP4,6105,data/raw/seadronessee/odv2/images/val/6687.jpg,train
val:38065,val:6687,val,38065,6687,6687.jpg,3840,2160,2,boat,1685.0,0.0,122.0,87.0,10614.0,31.598459006400486,26.7,mavic,NorthSea_Fri_DJI_0114.MP4,6105,data/raw/seadronessee/odv2/images/val/6687.jpg,train
val:38066,val:6687,val,38066,6687,6687.jpg,3840,2160,2,boat,1189.0,0.0,123.0,83.0,10209.0,31.598459006400486,26.7,mavic,NorthSea_Fri_DJI_0114.MP4,6105,data/raw/seadronessee/odv2/images/val/6687.jpg,train
val:38067,val:6687,val,38067,6687,6687.jpg,3840,2160,1,swimmer,1754.0,945.0,20.0,19.0,380.0,31.598459006400486,26.7,mavic,NorthSea_Fri_DJI_0114.MP4,6105,data/raw/seadronessee/odv2/images/val/6687.jpg,train
val:38081,val:6689,val,38081,6689,6689.jpg,3840,2160,2,boat,1418.0,558.0,194.0,77.0,14938.0,31.598459006400486,26.7,mavic,NorthSea_Fri_DJI_0114.MP4,6135,data/raw/seadronessee/odv2/images/val/6689.jpg,train
val:38082,val:6689,val,38082,6689,6689.jpg,3840,2160,1,swimmer,1683.0,945.0,21.0,21.0,441.0,31.598459006400486,26.7,mavic,NorthSea_Fri_DJI_0114.MP4,6135,data/raw/seadronessee/odv2/images/val/6689.jpg,train
val:38083,val:6689,val,38083,6689,6689.jpg,3840,2160,2,boat,3193.0,5.0,190.0,63.0,11970.0,31.598459006400486,26.7,mavic,NorthSea_Fri_DJI_0114.MP4,6135,data/raw/seadronessee/odv2/images/val/6689.jpg,train
val:38084,val:6689,val,38084,6689,6689.jpg,3840,2160,1,swimmer,1914.0,842.0,29.0,23.0,667.0,31.598459006400486,26.7,mavic,NorthSea_Fri_DJI_0114.MP4,6135,data/raw/seadronessee/odv2/images/val/6689.jpg,train
val:38085,val:6689,val,38085,6689,6689.jpg,3840,2160,1,swimmer,1663.0,735.0,21.0,15.0,315.0,31.598459006400486,26.7,mavic,NorthSea_Fri_DJI_0114.MP4,6135,data/raw/seadronessee/odv2/images/val/6689.jpg,train
val:38086,val:6689,val,38086,6689,6689.jpg,3840,2160,1,swimmer,1469.0,947.0,17.0,15.0,255.0,31.598459006400486,26.7,mavic,NorthSea_Fri_DJI_0114.MP4,6135,data/raw/seadronessee/odv2/images/val/6689.jpg,train
val:38087,val:6689,val,38087,6689,6689.jpg,3840,2160,1,swimmer,1247.0,974.0,25.0,24.0,600.0,31.598459006400486,26.7,mavic,NorthSea_Fri_DJI_0114.MP4,6135,data/raw/seadronessee/odv2/images/val/6689.jpg,train
val:38088,val:6689,val,38088,6689,6689.jpg,3840,2160,1,swimmer,1278.0,942.0,26.0,19.0,494.0,31.598459006400486,26.7,mavic,NorthSea_Fri_DJI_0114.MP4,6135,data/raw/seadronessee/odv2/images/val/6689.jpg,train
val:38089,val:6689,val,38089,6689,6689.jpg,3840,2160,1,swimmer,1138.0,983.0,46.0,24.0,1104.0,31.598459006400486,26.7,mavic,NorthSea_Fri_DJI_0114.MP4,6135,data/raw/seadronessee/odv2/images/val/6689.jpg,train
val:38090,val:6689,val,38090,6689,6689.jpg,3840,2160,5,buoy,796.0,679.0,49.0,64.0,3136.0,31.598459006400486,26.7,mavic,NorthSea_Fri_DJI_0114.MP4,6135,data/raw/seadronessee/odv2/images/val/6689.jpg,train
val:38091,val:6689,val,38091,6689,6689.jpg,3840,2160,2,boat,1649.0,0.0,119.0,87.0,10353.0,31.598459006400486,26.7,mavic,NorthSea_Fri_DJI_0114.MP4,6135,data/raw/seadronessee/odv2/images/val/6689.jpg,train
val:38092,val:6689,val,38092,6689,6689.jpg,3840,2160,2,boat,1156.0,0.0,117.0,82.0,9594.0,31.598459006400486,26.7,mavic,NorthSea_Fri_DJI_0114.MP4,6135,data/raw/seadronessee/odv2/images/val/6689.jpg,train
val:38093,val:6689,val,38093,6689,6689.jpg,3840,2160,1,swimmer,1741.0,939.0,24.0,21.0,504.0,31.598459006400486,26.7,mavic,NorthSea_Fri_DJI_0114.MP4,6135,data/raw/seadronessee/odv2/images/val/6689.jpg,train
val:38107,val:6691,val,38107,6691,6691.jpg,3840,2160,2,boat,1440.0,561.0,189.0,74.0,13986.0,31.598459006400486,26.7,mavic,NorthSea_Fri_DJI_0114.MP4,6165,data/raw/seadronessee/odv2/images/val/6691.jpg,train
val:38108,val:6691,val,38108,6691,6691.jpg,3840,2160,1,swimmer,1672.0,948.0,20.0,21.0,420.0,31.598459006400486,26.7,mavic,NorthSea_Fri_DJI_0114.MP4,6165,data/raw/seadronessee/odv2/images/val/6691.jpg,train
val:38109,val:6691,val,38109,6691,6691.jpg,3840,2160,2,boat,3156.0,5.0,184.0,63.0,11592.0,31.598459006400486,26.7,mavic,NorthSea_Fri_DJI_0114.MP4,6165,data/raw/seadronessee/odv2/images/val/6691.jpg,train
val:38110,val:6691,val,38110,6691,6691.jpg,3840,2160,1,swimmer,1901.0,843.0,31.0,21.0,651.0,31.598459006400486,26.7,mavic,NorthSea_Fri_DJI_0114.MP4,6165,data/raw/seadronessee/odv2/images/val/6691.jpg,train
val:38111,val:6691,val,38111,6691,6691.jpg,3840,2160,1,swimmer,1653.0,728.0,21.0,16.0,336.0,31.598459006400486,26.7,mavic,NorthSea_Fri_DJI_0114.MP4,6165,data/raw/seadronessee/odv2/images/val/6691.jpg,train
val:38112,val:6691,val,38112,6691,6691.jpg,3840,2160,1,swimmer,1467.0,950.0,22.0,15.0,330.0,31.598459006400486,26.7,mavic,NorthSea_Fri_DJI_0114.MP4,6165,data/raw/seadronessee/odv2/images/val/6691.jpg,train
val:38113,val:6691,val,38113,6691,6691.jpg,3840,2160,1,swimmer,1252.0,971.0,24.0,23.0,552.0,31.598459006400486,26.7,mavic,NorthSea_Fri_DJI_0114.MP4,6165,data/raw/seadronessee/odv2/images/val/6691.jpg,train
val:38114,val:6691,val,38114,6691,6691.jpg,3840,2160,1,swimmer,1275.0,939.0,32.0,21.0,672.0,31.598459006400486,26.7,mavic,NorthSea_Fri_DJI_0114.MP4,6165,data/raw/seadronessee/odv2/images/val/6691.jpg,train
val:38115,val:6691,val,38115,6691,6691.jpg,3840,2160,1,swimmer,1130.0,980.0,50.0,25.0,1250.0,31.598459006400486,26.7,mavic,NorthSea_Fri_DJI_0114.MP4,6165,data/raw/seadronessee/odv2/images/val/6691.jpg,train
val:38116,val:6691,val,38116,6691,6691.jpg,3840,2160,5,buoy,795.0,681.0,49.0,65.0,3185.0,31.598459006400486,26.7,mavic,NorthSea_Fri_DJI_0114.MP4,6165,data/raw/seadronessee/odv2/images/val/6691.jpg,train
val:38117,val:6691,val,38117,6691,6691.jpg,3840,2160,2,boat,1613.0,0.0,120.0,87.0,10440.0,31.598459006400486,26.7,mavic,NorthSea_Fri_DJI_0114.MP4,6165,data/raw/seadronessee/odv2/images/val/6691.jpg,train
val:38118,val:6691,val,38118,6691,6691.jpg,3840,2160,2,boat,1119.0,0.0,119.0,83.0,9877.0,31.598459006400486,26.7,mavic,NorthSea_Fri_DJI_0114.MP4,6165,data/raw/seadronessee/odv2/images/val/6691.jpg,train
val:38119,val:6691,val,38119,6691,6691.jpg,3840,2160,1,swimmer,1737.0,942.0,21.0,22.0,462.0,31.598459006400486,26.7,mavic,NorthSea_Fri_DJI_0114.MP4,6165,data/raw/seadronessee/odv2/images/val/6691.jpg,train
val:38133,val:6693,val,38133,6693,6693.jpg,3840,2160,2,boat,1464.0,553.0,183.0,80.0,14640.0,31.598459006400486,26.7,mavic,NorthSea_Fri_DJI_0114.MP4,6195,data/raw/seadronessee/odv2/images/val/6693.jpg,train
val:38134,val:6693,val,38134,6693,6693.jpg,3840,2160,1,swimmer,1667.0,951.0,19.0,19.0,361.0,31.598459006400486,26.7,mavic,NorthSea_Fri_DJI_0114.MP4,6195,data/raw/seadronessee/odv2/images/val/6693.jpg,train
val:38135,val:6693,val,38135,6693,6693.jpg,3840,2160,2,boat,3116.0,4.0,185.0,65.0,12025.0,31.598459006400486,26.7,mavic,NorthSea_Fri_DJI_0114.MP4,6195,data/raw/seadronessee/odv2/images/val/6693.jpg,train
val:38136,val:6693,val,38136,6693,6693.jpg,3840,2160,1,swimmer,1888.0,838.0,33.0,21.0,693.0,31.598459006400486,26.7,mavic,NorthSea_Fri_DJI_0114.MP4,6195,data/raw/seadronessee/odv2/images/val/6693.jpg,train
val:38137,val:6693,val,38137,6693,6693.jpg,3840,2160,1,swimmer,1643.0,729.0,22.0,16.0,352.0,31.598459006400486,26.7,mavic,NorthSea_Fri_DJI_0114.MP4,6195,data/raw/seadronessee/odv2/images/val/6693.jpg,train
val:38138,val:6693,val,38138,6693,6693.jpg,3840,2160,1,swimmer,1460.0,946.0,27.0,17.0,459.0,31.598459006400486,26.7,mavic,NorthSea_Fri_DJI_0114.MP4,6195,data/raw/seadronessee/odv2/images/val/6693.jpg,train
val:38139,val:6693,val,38139,6693,6693.jpg,3840,2160,1,swimmer,1250.0,966.0,26.0,25.0,650.0,31.598459006400486,26.7,mavic,NorthSea_Fri_DJI_0114.MP4,6195,data/raw/seadronessee/odv2/images/val/6693.jpg,train
val:38140,val:6693,val,38140,6693,6693.jpg,3840,2160,1,swimmer,1269.0,939.0,31.0,21.0,651.0,31.598459006400486,26.7,mavic,NorthSea_Fri_DJI_0114.MP4,6195,data/raw/seadronessee/odv2/images/val/6693.jpg,train
val:38141,val:6693,val,38141,6693,6693.jpg,3840,2160,1,swimmer,1128.0,981.0,51.0,21.0,1071.0,31.598459006400486,26.7,mavic,NorthSea_Fri_DJI_0114.MP4,6195,data/raw/seadronessee/odv2/images/val/6693.jpg,train
val:38142,val:6693,val,38142,6693,6693.jpg,3840,2160,5,buoy,795.0,688.0,49.0,64.0,3136.0,31.598459006400486,26.7,mavic,NorthSea_Fri_DJI_0114.MP4,6195,data/raw/seadronessee/odv2/images/val/6693.jpg,train
val:38143,val:6693,val,38143,6693,6693.jpg,3840,2160,2,boat,1576.0,0.0,119.0,88.0,10472.0,31.598459006400486,26.7,mavic,NorthSea_Fri_DJI_0114.MP4,6195,data/raw/seadronessee/odv2/images/val/6693.jpg,train
val:38144,val:6693,val,38144,6693,6693.jpg,3840,2160,2,boat,1081.0,0.0,119.0,83.0,9877.0,31.598459006400486,26.7,mavic,NorthSea_Fri_DJI_0114.MP4,6195,data/raw/seadronessee/odv2/images/val/6693.jpg,train
val:38145,val:6693,val,38145,6693,6693.jpg,3840,2160,1,swimmer,1727.0,946.0,25.0,23.0,575.0,31.598459006400486,26.7,mavic,NorthSea_Fri_DJI_0114.MP4,6195,data/raw/seadronessee/odv2/images/val/6693.jpg,train
val:38159,val:6695,val,38159,6695,6695.jpg,3840,2160,2,boat,1486.0,556.0,183.0,80.0,14640.0,31.598459006400486,26.7,mavic,NorthSea_Fri_DJI_0114.MP4,6225,data/raw/seadronessee/odv2/images/val/6695.jpg,train
val:38160,val:6695,val,38160,6695,6695.jpg,3840,2160,1,swimmer,1659.0,949.0,20.0,21.0,420.0,31.598459006400486,26.7,mavic,NorthSea_Fri_DJI_0114.MP4,6225,data/raw/seadronessee/odv2/images/val/6695.jpg,train
val:38161,val:6695,val,38161,6695,6695.jpg,3840,2160,2,boat,3075.0,7.0,185.0,64.0,11840.0,31.598459006400486,26.7,mavic,NorthSea_Fri_DJI_0114.MP4,6225,data/raw/seadronessee/odv2/images/val/6695.jpg,train
val:38162,val:6695,val,38162,6695,6695.jpg,3840,2160,1,swimmer,1883.0,833.0,29.0,22.0,638.0,31.598459006400486,26.7,mavic,NorthSea_Fri_DJI_0114.MP4,6225,data/raw/seadronessee/odv2/images/val/6695.jpg,train
val:38163,val:6695,val,38163,6695,6695.jpg,3840,2160,1,swimmer,1630.0,733.0,21.0,16.0,336.0,31.598459006400486,26.7,mavic,NorthSea_Fri_DJI_0114.MP4,6225,data/raw/seadronessee/odv2/images/val/6695.jpg,train
val:38164,val:6695,val,38164,6695,6695.jpg,3840,2160,1,swimmer,1446.0,950.0,37.0,18.0,666.0,31.598459006400486,26.7,mavic,NorthSea_Fri_DJI_0114.MP4,6225,data/raw/seadronessee/odv2/images/val/6695.jpg,train
val:38165,val:6695,val,38165,6695,6695.jpg,3840,2160,1,swimmer,1249.0,966.0,23.0,23.0,529.0,31.598459006400486,26.7,mavic,NorthSea_Fri_DJI_0114.MP4,6225,data/raw/seadronessee/odv2/images/val/6695.jpg,train
val:38166,val:6695,val,38166,6695,6695.jpg,3840,2160,1,swimmer,1263.0,940.0,29.0,21.0,609.0,31.598459006400486,26.7,mavic,NorthSea_Fri_DJI_0114.MP4,6225,data/raw/seadronessee/odv2/images/val/6695.jpg,train
val:38167,val:6695,val,38167,6695,6695.jpg,3840,2160,1,swimmer,1123.0,979.0,53.0,23.0,1219.0,31.598459006400486,26.7,mavic,NorthSea_Fri_DJI_0114.MP4,6225,data/raw/seadronessee/odv2/images/val/6695.jpg,train
val:38168,val:6695,val,38168,6695,6695.jpg,3840,2160,5,buoy,792.0,681.0,49.0,65.0,3185.0,31.598459006400486,26.7,mavic,NorthSea_Fri_DJI_0114.MP4,6225,data/raw/seadronessee/odv2/images/val/6695.jpg,train
val:38169,val:6695,val,38169,6695,6695.jpg,3840,2160,2,boat,1535.0,0.0,123.0,90.0,11070.0,31.598459006400486,26.7,mavic,NorthSea_Fri_DJI_0114.MP4,6225,data/raw/seadronessee/odv2/images/val/6695.jpg,train
val:38170,val:6695,val,38170,6695,6695.jpg,3840,2160,2,boat,1043.0,0.0,120.0,85.0,10200.0,31.598459006400486,26.7,mavic,NorthSea_Fri_DJI_0114.MP4,6225,data/raw/seadronessee/odv2/images/val/6695.jpg,train
val:38171,val:6695,val,38171,6695,6695.jpg,3840,2160,1,swimmer,1728.0,949.0,19.0,21.0,399.0,31.598459006400486,26.7,mavic,NorthSea_Fri_DJI_0114.MP4,6225,data/raw/seadronessee/odv2/images/val/6695.jpg,train
val:38185,val:6697,val,38185,6697,6697.jpg,3840,2160,2,boat,1512.0,562.0,177.0,78.0,13806.0,31.598459006400486,26.7,mavic,NorthSea_Fri_DJI_0114.MP4,6255,data/raw/seadronessee/odv2/images/val/6697.jpg,train
val:38186,val:6697,val,38186,6697,6697.jpg,3840,2160,1,swimmer,1652.0,951.0,47.0,23.0,1081.0,31.598459006400486,26.7,mavic,NorthSea_Fri_DJI_0114.MP4,6255,data/raw/seadronessee/odv2/images/val/6697.jpg,train
val:38187,val:6697,val,38187,6697,6697.jpg,3840,2160,2,boat,3029.0,6.0,191.0,67.0,12797.0,31.598459006400486,26.7,mavic,NorthSea_Fri_DJI_0114.MP4,6255,data/raw/seadronessee/odv2/images/val/6697.jpg,train
val:38188,val:6697,val,38188,6697,6697.jpg,3840,2160,1,swimmer,1874.0,842.0,29.0,22.0,638.0,31.598459006400486,26.7,mavic,NorthSea_Fri_DJI_0114.MP4,6255,data/raw/seadronessee/odv2/images/val/6697.jpg,train
val:38189,val:6697,val,38189,6697,6697.jpg,3840,2160,1,swimmer,1624.0,729.0,20.0,16.0,320.0,31.598459006400486,26.7,mavic,NorthSea_Fri_DJI_0114.MP4,6255,data/raw/seadronessee/odv2/images/val/6697.jpg,train
val:38190,val:6697,val,38190,6697,6697.jpg,3840,2160,1,swimmer,1454.0,952.0,33.0,18.0,594.0,31.598459006400486,26.7,mavic,NorthSea_Fri_DJI_0114.MP4,6255,data/raw/seadronessee/odv2/images/val/6697.jpg,train
val:38191,val:6697,val,38191,6697,6697.jpg,3840,2160,1,swimmer,1249.0,973.0,23.0,28.0,644.0,31.598459006400486,26.7,mavic,NorthSea_Fri_DJI_0114.MP4,6255,data/raw/seadronessee/odv2/images/val/6697.jpg,train
val:38192,val:6697,val,38192,6697,6697.jpg,3840,2160,1,swimmer,1254.0,950.0,29.0,20.0,580.0,31.598459006400486,26.7,mavic,NorthSea_Fri_DJI_0114.MP4,6255,data/raw/seadronessee/odv2/images/val/6697.jpg,train
val:38193,val:6697,val,38193,6697,6697.jpg,3840,2160,1,swimmer,1112.0,988.0,53.0,24.0,1272.0,31.598459006400486,26.7,mavic,NorthSea_Fri_DJI_0114.MP4,6255,data/raw/seadronessee/odv2/images/val/6697.jpg,train
val:38194,val:6697,val,38194,6697,6697.jpg,3840,2160,5,buoy,793.0,690.0,49.0,64.0,3136.0,31.598459006400486,26.7,mavic,NorthSea_Fri_DJI_0114.MP4,6255,data/raw/seadronessee/odv2/images/val/6697.jpg,train
val:38195,val:6697,val,38195,6697,6697.jpg,3840,2160,2,boat,1497.0,0.0,121.0,91.0,11011.0,31.598459006400486,26.7,mavic,NorthSea_Fri_DJI_0114.MP4,6255,data/raw/seadronessee/odv2/images/val/6697.jpg,train
val:38196,val:6697,val,38196,6697,6697.jpg,3840,2160,2,boat,1011.0,0.0,117.0,89.0,10413.0,31.598459006400486,26.7,mavic,NorthSea_Fri_DJI_0114.MP4,6255,data/raw/seadronessee/odv2/images/val/6697.jpg,train
val:38197,val:6697,val,38197,6697,6697.jpg,3840,2160,1,swimmer,1726.0,947.0,18.0,20.0,360.0,31.598459006400486,26.7,mavic,NorthSea_Fri_DJI_0114.MP4,6255,data/raw/seadronessee/odv2/images/val/6697.jpg,train
val:38211,val:6699,val,38211,6699,6699.jpg,3840,2160,2,boat,1540.0,565.0,176.0,81.0,14256.0,31.598459006400486,26.7,mavic,NorthSea_Fri_DJI_0114.MP4,6285,data/raw/seadronessee/odv2/images/val/6699.jpg,train
val:38212,val:6699,val,38212,6699,6699.jpg,3840,2160,1,swimmer,1650.0,960.0,42.0,20.0,840.0,31.598459006400486,26.7,mavic,NorthSea_Fri_DJI_0114.MP4,6285,data/raw/seadronessee/odv2/images/val/6699.jpg,train
val:38213,val:6699,val,38213,6699,6699.jpg,3840,2160,2,boat,2980.0,3.0,184.0,72.0,13248.0,31.598459006400486,26.7,mavic,NorthSea_Fri_DJI_0114.MP4,6285,data/raw/seadronessee/odv2/images/val/6699.jpg,train
val:38214,val:6699,val,38214,6699,6699.jpg,3840,2160,1,swimmer,1865.0,836.0,29.0,23.0,667.0,31.598459006400486,26.7,mavic,NorthSea_Fri_DJI_0114.MP4,6285,data/raw/seadronessee/odv2/images/val/6699.jpg,train
val:38215,val:6699,val,38215,6699,6699.jpg,3840,2160,1,swimmer,1620.0,725.0,18.0,18.0,324.0,31.598459006400486,26.7,mavic,NorthSea_Fri_DJI_0114.MP4,6285,data/raw/seadronessee/odv2/images/val/6699.jpg,train
val:38216,val:6699,val,38216,6699,6699.jpg,3840,2160,1,swimmer,1450.0,967.0,25.0,16.0,400.0,31.598459006400486,26.7,mavic,NorthSea_Fri_DJI_0114.MP4,6285,data/raw/seadronessee/odv2/images/val/6699.jpg,train
val:38217,val:6699,val,38217,6699,6699.jpg,3840,2160,1,swimmer,1252.0,982.0,22.0,22.0,484.0,31.598459006400486,26.7,mavic,NorthSea_Fri_DJI_0114.MP4,6285,data/raw/seadronessee/odv2/images/val/6699.jpg,train
val:38218,val:6699,val,38218,6699,6699.jpg,3840,2160,1,swimmer,1253.0,953.0,30.0,22.0,660.0,31.598459006400486,26.7,mavic,NorthSea_Fri_DJI_0114.MP4,6285,data/raw/seadronessee/odv2/images/val/6699.jpg,train
val:38219,val:6699,val,38219,6699,6699.jpg,3840,2160,1,swimmer,1107.0,999.0,51.0,23.0,1173.0,31.598459006400486,26.7,mavic,NorthSea_Fri_DJI_0114.MP4,6285,data/raw/seadronessee/odv2/images/val/6699.jpg,train
val:38220,val:6699,val,38220,6699,6699.jpg,3840,2160,5,buoy,793.0,686.0,50.0,64.0,3200.0,31.598459006400486,26.7,mavic,NorthSea_Fri_DJI_0114.MP4,6285,data/raw/seadronessee/odv2/images/val/6699.jpg,train
val:38221,val:6699,val,38221,6699,6699.jpg,3840,2160,2,boat,1456.0,0.0,122.0,92.0,11224.0,31.598459006400486,26.7,mavic,NorthSea_Fri_DJI_0114.MP4,6285,data/raw/seadronessee/odv2/images/val/6699.jpg,train
val:38222,val:6699,val,38222,6699,6699.jpg,3840,2160,2,boat,977.0,0.0,118.0,92.0,10856.0,31.598459006400486,26.7,mavic,NorthSea_Fri_DJI_0114.MP4,6285,data/raw/seadronessee/odv2/images/val/6699.jpg,train
val:38223,val:6699,val,38223,6699,6699.jpg,3840,2160,1,swimmer,1722.0,959.0,21.0,20.0,420.0,31.598459006400486,26.7,mavic,NorthSea_Fri_DJI_0114.MP4,6285,data/raw/seadronessee/odv2/images/val/6699.jpg,train
val:52822,val:8116,val,52822,8116,8116.jpg,3840,2160,1,swimmer,2080.0,0.0,190.0,76.0,14440.0,34.29832733922585,40.4,mavic,NorthSea_Fri_DJI_0117.MP4,2025,data/raw/seadronessee/odv2/images/val/8116.jpg,train
val:52823,val:8116,val,52823,8116,8116.jpg,3840,2160,5,buoy,2479.0,128.0,52.0,69.0,3588.0,34.29832733922585,40.4,mavic,NorthSea_Fri_DJI_0117.MP4,2025,data/raw/seadronessee/odv2/images/val/8116.jpg,train
val:52824,val:8116,val,52824,8116,8116.jpg,3840,2160,3,jetski,1942.0,337.0,130.0,55.0,7150.0,34.29832733922585,40.4,mavic,NorthSea_Fri_DJI_0117.MP4,2025,data/raw/seadronessee/odv2/images/val/8116.jpg,train
val:52825,val:8116,val,52825,8116,8116.jpg,3840,2160,1,swimmer,2384.0,489.0,20.0,26.0,520.0,34.29832733922585,40.4,mavic,NorthSea_Fri_DJI_0117.MP4,2025,data/raw/seadronessee/odv2/images/val/8116.jpg,train
val:52826,val:8116,val,52826,8116,8116.jpg,3840,2160,1,swimmer,2452.0,599.0,33.0,23.0,759.0,34.29832733922585,40.4,mavic,NorthSea_Fri_DJI_0117.MP4,2025,data/raw/seadronessee/odv2/images/val/8116.jpg,train
val:52827,val:8116,val,52827,8116,8116.jpg,3840,2160,1,swimmer,2292.0,501.0,29.0,23.0,667.0,34.29832733922585,40.4,mavic,NorthSea_Fri_DJI_0117.MP4,2025,data/raw/seadronessee/odv2/images/val/8116.jpg,train
val:52828,val:8116,val,52828,8116,8116.jpg,3840,2160,1,swimmer,2208.0,506.0,27.0,24.0,648.0,34.29832733922585,40.4,mavic,NorthSea_Fri_DJI_0117.MP4,2025,data/raw/seadronessee/odv2/images/val/8116.jpg,train
val:52829,val:8116,val,52829,8116,8116.jpg,3840,2160,1,swimmer,1985.0,541.0,53.0,30.0,1590.0,34.29832733922585,40.4,mavic,NorthSea_Fri_DJI_0117.MP4,2025,data/raw/seadronessee/odv2/images/val/8116.jpg,train
val:52830,val:8116,val,52830,8116,8116.jpg,3840,2160,1,swimmer,2981.0,985.0,49.0,62.0,3038.0,34.29832733922585,40.4,mavic,NorthSea_Fri_DJI_0117.MP4,2025,data/raw/seadronessee/odv2/images/val/8116.jpg,train
val:52831,val:8116,val,52831,8116,8116.jpg,3840,2160,1,swimmer,2678.0,1019.0,31.0,31.0,961.0,34.29832733922585,40.4,mavic,NorthSea_Fri_DJI_0117.MP4,2025,data/raw/seadronessee/odv2/images/val/8116.jpg,train
val:52832,val:8116,val,52832,8116,8116.jpg,3840,2160,1,swimmer,3132.0,1156.0,100.0,73.0,7300.0,34.29832733922585,40.4,mavic,NorthSea_Fri_DJI_0117.MP4,2025,data/raw/seadronessee/odv2/images/val/8116.jpg,train
val:52833,val:8116,val,52833,8116,8116.jpg,3840,2160,1,swimmer,2564.0,983.0,37.0,33.0,1221.0,34.29832733922585,40.4,mavic,NorthSea_Fri_DJI_0117.MP4,2025,data/raw/seadronessee/odv2/images/val/8116.jpg,train
val:52840,val:8118,val,52840,8118,8118.jpg,3840,2160,1,swimmer,3193.0,109.0,83.0,87.0,7221.0,34.29832733922585,-0.0,mavic,NorthSea_Fri_DJI_0117.MP4,2055,data/raw/seadronessee/odv2/images/val/8118.jpg,train
val:62111,val:9216,val,62111,9216,9216.jpg,3840,2160,2,boat,1614.0,436.0,164.0,103.0,16892.0,27.298668698567507,35.7,mavic,NorthSea_Sat_DJI_0131.MP4,5355,data/raw/seadronessee/odv2/images/val/9216.jpg,val
val:62112,val:9216,val,62112,9216,9216.jpg,3840,2160,3,jetski,1729.0,791.0,135.0,105.0,14175.0,27.298668698567507,35.7,mavic,NorthSea_Sat_DJI_0131.MP4,5355,data/raw/seadronessee/odv2/images/val/9216.jpg,val
val:62113,val:9216,val,62113,9216,9216.jpg,3840,2160,1,swimmer,1871.0,711.0,41.0,24.0,984.0,27.298668698567507,35.7,mavic,NorthSea_Sat_DJI_0131.MP4,5355,data/raw/seadronessee/odv2/images/val/9216.jpg,val
val:62114,val:9216,val,62114,9216,9216.jpg,3840,2160,1,swimmer,1961.0,707.0,33.0,31.0,1023.0,27.298668698567507,35.7,mavic,NorthSea_Sat_DJI_0131.MP4,5355,data/raw/seadronessee/odv2/images/val/9216.jpg,val
val:62116,val:9216,val,62116,9216,9216.jpg,3840,2160,1,swimmer,1943.0,671.0,88.0,38.0,3344.0,27.298668698567507,35.7,mavic,NorthSea_Sat_DJI_0131.MP4,5355,data/raw/seadronessee/odv2/images/val/9216.jpg,val
val:62118,val:9216,val,62118,9216,9216.jpg,3840,2160,2,boat,1794.0,1667.0,296.0,408.0,120768.0,27.298668698567507,35.7,mavic,NorthSea_Sat_DJI_0131.MP4,5355,data/raw/seadronessee/odv2/images/val/9216.jpg,val
val:62129,val:9218,val,62129,9218,9218.jpg,3840,2160,2,boat,1622.0,490.0,163.0,108.0,17604.0,28.998585797013106,35.7,mavic,NorthSea_Sat_DJI_0131.MP4,5385,data/raw/seadronessee/odv2/images/val/9218.jpg,val
val:62130,val:9218,val,62130,9218,9218.jpg,3840,2160,3,jetski,1736.0,858.0,131.0,102.0,13362.0,28.998585797013106,35.7,mavic,NorthSea_Sat_DJI_0131.MP4,5385,data/raw/seadronessee/odv2/images/val/9218.jpg,val
val:62131,val:9218,val,62131,9218,9218.jpg,3840,2160,1,swimmer,1868.0,771.0,37.0,26.0,962.0,28.998585797013106,35.7,mavic,NorthSea_Sat_DJI_0131.MP4,5385,data/raw/seadronessee/odv2/images/val/9218.jpg,val
val:62132,val:9218,val,62132,9218,9218.jpg,3840,2160,1,swimmer,1954.0,772.0,39.0,28.0,1092.0,28.998585797013106,35.7,mavic,NorthSea_Sat_DJI_0131.MP4,5385,data/raw/seadronessee/odv2/images/val/9218.jpg,val
val:62134,val:9218,val,62134,9218,9218.jpg,3840,2160,1,swimmer,1935.0,743.0,83.0,29.0,2407.0,28.998585797013106,35.7,mavic,NorthSea_Sat_DJI_0131.MP4,5385,data/raw/seadronessee/odv2/images/val/9218.jpg,val
val:62136,val:9218,val,62136,9218,9218.jpg,3840,2160,2,boat,1794.0,1737.0,286.0,411.0,117546.0,28.998585797013106,35.7,mavic,NorthSea_Sat_DJI_0131.MP4,5385,data/raw/seadronessee/odv2/images/val/9218.jpg,val
val:62148,val:9220,val,62148,9220,9220.jpg,3840,2160,2,boat,1628.0,560.0,161.0,107.0,17227.0,31.098483389210607,35.7,mavic,NorthSea_Sat_DJI_0131.MP4,5415,data/raw/seadronessee/odv2/images/val/9220.jpg,val
val:62149,val:9220,val,62149,9220,9220.jpg,3840,2160,3,jetski,1742.0,924.0,123.0,108.0,13284.0,31.098483389210607,35.7,mavic,NorthSea_Sat_DJI_0131.MP4,5415,data/raw/seadronessee/odv2/images/val/9220.jpg,val
val:62150,val:9220,val,62150,9220,9220.jpg,3840,2160,1,swimmer,1870.0,839.0,32.0,23.0,736.0,31.098483389210607,35.7,mavic,NorthSea_Sat_DJI_0131.MP4,5415,data/raw/seadronessee/odv2/images/val/9220.jpg,val
val:62151,val:9220,val,62151,9220,9220.jpg,3840,2160,1,swimmer,1952.0,835.0,35.0,26.0,910.0,31.098483389210607,35.7,mavic,NorthSea_Sat_DJI_0131.MP4,5415,data/raw/seadronessee/odv2/images/val/9220.jpg,val
val:62152,val:9220,val,62152,9220,9220.jpg,3840,2160,1,swimmer,1939.0,816.0,41.0,28.0,1148.0,31.098483389210607,35.7,mavic,NorthSea_Sat_DJI_0131.MP4,5415,data/raw/seadronessee/odv2/images/val/9220.jpg,val
val:62153,val:9220,val,62153,9220,9220.jpg,3840,2160,1,swimmer,2461.0,1003.0,51.0,48.0,2448.0,31.098483389210607,35.7,mavic,NorthSea_Sat_DJI_0131.MP4,5415,data/raw/seadronessee/odv2/images/val/9220.jpg,val
val:62155,val:9220,val,62155,9220,9220.jpg,3840,2160,2,boat,1803.0,1849.0,274.0,311.0,85214.0,31.098483389210607,35.7,mavic,NorthSea_Sat_DJI_0131.MP4,5415,data/raw/seadronessee/odv2/images/val/9220.jpg,val
val:62166,val:9222,val,62166,9222,9222.jpg,3840,2160,2,boat,1634.0,637.0,159.0,105.0,16695.0,33.19838098140811,35.7,mavic,NorthSea_Sat_DJI_0131.MP4,5445,data/raw/seadronessee/odv2/images/val/9222.jpg,val
val:62167,val:9222,val,62167,9222,9222.jpg,3840,2160,3,jetski,1748.0,997.0,117.0,111.0,12987.0,33.19838098140811,35.7,mavic,NorthSea_Sat_DJI_0131.MP4,5445,data/raw/seadronessee/odv2/images/val/9222.jpg,val
val:62168,val:9222,val,62168,9222,9222.jpg,3840,2160,1,swimmer,1873.0,906.0,26.0,27.0,702.0,33.19838098140811,35.7,mavic,NorthSea_Sat_DJI_0131.MP4,5445,data/raw/seadronessee/odv2/images/val/9222.jpg,val
val:62169,val:9222,val,62169,9222,9222.jpg,3840,2160,1,swimmer,1952.0,899.0,40.0,25.0,1000.0,33.19838098140811,35.7,mavic,NorthSea_Sat_DJI_0131.MP4,5445,data/raw/seadronessee/odv2/images/val/9222.jpg,val
val:62172,val:9222,val,62172,9222,9222.jpg,3840,2160,1,swimmer,1918.0,886.0,43.0,33.0,1419.0,33.19838098140811,35.7,mavic,NorthSea_Sat_DJI_0131.MP4,5445,data/raw/seadronessee/odv2/images/val/9222.jpg,val
val:62173,val:9222,val,62173,9222,9222.jpg,3840,2160,1,swimmer,2444.0,1097.0,52.0,43.0,2236.0,33.19838098140811,35.7,mavic,NorthSea_Sat_DJI_0131.MP4,5445,data/raw/seadronessee/odv2/images/val/9222.jpg,val
val:62175,val:9222,val,62175,9222,9222.jpg,3840,2160,2,boat,1813.0,1969.0,243.0,191.0,46413.0,33.19838098140811,35.7,mavic,NorthSea_Sat_DJI_0131.MP4,5445,data/raw/seadronessee/odv2/images/val/9222.jpg,val
val:62176,val:9222,val,62176,9222,9222.jpg,3840,2160,1,swimmer,2385.0,1261.0,37.0,37.0,1369.0,33.19838098140811,35.7,mavic,NorthSea_Sat_DJI_0131.MP4,5445,data/raw/seadronessee/odv2/images/val/9222.jpg,val
val:72423,val:10418,val,72423,10418,10418.jpg,3840,2160,1,swimmer,2717.0,923.0,51.0,58.0,2958.0,34.4983175861018,54.6,mavic,NorthSea_Sat_DJI_0126.MP4,6045,data/raw/seadronessee/odv2/images/val/10418.jpg,train
val:72424,val:10418,val,72424,10418,10418.jpg,3840,2160,1,swimmer,2502.0,1036.0,57.0,28.0,1596.0,34.4983175861018,54.6,mavic,NorthSea_Sat_DJI_0126.MP4,6045,data/raw/seadronessee/odv2/images/val/10418.jpg,train
val:72425,val:10418,val,72425,10418,10418.jpg,3840,2160,1,swimmer,3122.0,1457.0,53.0,93.0,4929.0,34.4983175861018,54.6,mavic,NorthSea_Sat_DJI_0126.MP4,6045,data/raw/seadronessee/odv2/images/val/10418.jpg,train
val:72426,val:10418,val,72426,10418,10418.jpg,3840,2160,1,swimmer,2868.0,1648.0,40.0,37.0,1480.0,34.4983175861018,54.6,mavic,NorthSea_Sat_DJI_0126.MP4,6045,data/raw/seadronessee/odv2/images/val/10418.jpg,train
val:72427,val:10418,val,72427,10418,10418.jpg,3840,2160,2,boat,2242.0,596.0,338.0,147.0,49686.0,34.4983175861018,54.6,mavic,NorthSea_Sat_DJI_0126.MP4,6045,data/raw/seadronessee/odv2/images/val/10418.jpg,train
val:72428,val:10418,val,72428,10418,10418.jpg,3840,2160,1,swimmer,3239.0,1433.0,84.0,76.0,6384.0,34.4983175861018,54.6,mavic,NorthSea_Sat_DJI_0126.MP4,6045,data/raw/seadronessee/odv2/images/val/10418.jpg,train
val:72429,val:10418,val,72429,10418,10418.jpg,3840,2160,3,jetski,2166.0,676.0,264.0,100.0,26400.0,34.4983175861018,54.6,mavic,NorthSea_Sat_DJI_0126.MP4,6045,data/raw/seadronessee/odv2/images/val/10418.jpg,train
val:72431,val:10418,val,72431,10418,10418.jpg,3840,2160,1,swimmer,3237.0,1598.0,74.0,66.0,4884.0,34.4983175861018,54.6,mavic,NorthSea_Sat_DJI_0126.MP4,6045,data/raw/seadronessee/odv2/images/val/10418.jpg,train
val:72432,val:10418,val,72432,10418,10418.jpg,3840,2160,1,swimmer,3265.0,1540.0,39.0,45.0,1755.0,34.4983175861018,54.6,mavic,NorthSea_Sat_DJI_0126.MP4,6045,data/raw/seadronessee/odv2/images/val/10418.jpg,train
val:72433,val:10418,val,72433,10418,10418.jpg,3840,2160,1,swimmer,3459.0,1478.0,64.0,105.0,6720.0,34.4983175861018,54.6,mavic,NorthSea_Sat_DJI_0126.MP4,6045,data/raw/seadronessee/odv2/images/val/10418.jpg,train
val:72434,val:10418,val,72434,10418,10418.jpg,3840,2160,1,swimmer,2862.0,1879.0,89.0,60.0,5340.0,34.4983175861018,54.6,mavic,NorthSea_Sat_DJI_0126.MP4,6045,data/raw/seadronessee/odv2/images/val/10418.jpg,train
val:72435,val:10418,val,72435,10418,10418.jpg,3840,2160,1,swimmer,3437.0,880.0,134.0,55.0,7370.0,34.4983175861018,54.6,mavic,NorthSea_Sat_DJI_0126.MP4,6045,data/raw/seadronessee/odv2/images/val/10418.jpg,train
val:72448,val:10420,val,72448,10420,10420.jpg,3840,2160,1,swimmer,3517.0,1189.0,61.0,51.0,3111.0,32.19842974702834,54.6,mavic,NorthSea_Sat_DJI_0126.MP4,6075,data/raw/seadronessee/odv2/images/val/10420.jpg,train
val:72449,val:10420,val,72449,10420,10420.jpg,3840,2160,1,swimmer,3338.0,1936.0,50.0,44.0,2200.0,32.19842974702834,54.6,mavic,NorthSea_Sat_DJI_0126.MP4,6075,data/raw/seadronessee/odv2/images/val/10420.jpg,train
val:72450,val:10420,val,72450,10420,10420.jpg,3840,2160,1,swimmer,3431.0,1312.0,45.0,45.0,2025.0,32.19842974702834,54.6,mavic,NorthSea_Sat_DJI_0126.MP4,6075,data/raw/seadronessee/odv2/images/val/10420.jpg,train
val:72451,val:10420,val,72451,10420,10420.jpg,3840,2160,2,boat,3131.0,712.0,377.0,237.0,89349.0,32.19842974702834,54.6,mavic,NorthSea_Sat_DJI_0126.MP4,6075,data/raw/seadronessee/odv2/images/val/10420.jpg,train
val:72452,val:10420,val,72452,10420,10420.jpg,3840,2160,3,jetski,3027.0,756.0,266.0,171.0,45486.0,32.19842974702834,54.6,mavic,NorthSea_Sat_DJI_0126.MP4,6075,data/raw/seadronessee/odv2/images/val/10420.jpg,train
val:72453,val:10420,val,72453,10420,10420.jpg,3840,2160,1,swimmer,3199.0,1202.0,62.0,48.0,2976.0,32.19842974702834,54.6,mavic,NorthSea_Sat_DJI_0126.MP4,6075,data/raw/seadronessee/odv2/images/val/10420.jpg,train
val:72455,val:10420,val,72455,10420,10420.jpg,3840,2160,1,swimmer,3727.0,2084.0,103.0,70.0,7210.0,32.19842974702834,54.6,mavic,NorthSea_Sat_DJI_0126.MP4,6075,data/raw/seadronessee/odv2/images/val/10420.jpg,train
val:72456,val:10420,val,72456,10420,10420.jpg,3840,2160,1,swimmer,3687.0,1887.0,58.0,105.0,6090.0,32.19842974702834,54.6,mavic,NorthSea_Sat_DJI_0126.MP4,6075,data/raw/seadronessee/odv2/images/val/10420.jpg,train
val:72469,val:10422,val,72469,10422,10422.jpg,3840,2160,1,swimmer,3371.0,1153.0,70.0,55.0,3850.0,31.898444376714412,54.6,mavic,NorthSea_Sat_DJI_0126.MP4,6105,data/raw/seadronessee/odv2/images/val/10422.jpg,train
val:72470,val:10422,val,72470,10422,10422.jpg,3840,2160,1,swimmer,3072.0,1153.0,77.0,49.0,3773.0,31.898444376714412,54.6,mavic,NorthSea_Sat_DJI_0126.MP4,6105,data/raw/seadronessee/odv2/images/val/10422.jpg,train
val:72471,val:10422,val,72471,10422,10422.jpg,3840,2160,1,swimmer,3519.0,1856.0,83.0,85.0,7055.0,31.898444376714412,54.6,mavic,NorthSea_Sat_DJI_0126.MP4,6105,data/raw/seadronessee/odv2/images/val/10422.jpg,train
val:72472,val:10422,val,72472,10422,10422.jpg,3840,2160,1,swimmer,3166.0,1890.0,49.0,44.0,2156.0,31.898444376714412,54.6,mavic,NorthSea_Sat_DJI_0126.MP4,6105,data/raw/seadronessee/odv2/images/val/10422.jpg,train
val:72473,val:10422,val,72473,10422,10422.jpg,3840,2160,1,swimmer,3279.0,1277.0,51.0,42.0,2142.0,31.898444376714412,54.6,mavic,NorthSea_Sat_DJI_0126.MP4,6105,data/raw/seadronessee/odv2/images/val/10422.jpg,train
val:72474,val:10422,val,72474,10422,10422.jpg,3840,2160,2,boat,3006.0,689.0,369.0,236.0,87084.0,31.898444376714412,54.6,mavic,NorthSea_Sat_DJI_0126.MP4,6105,data/raw/seadronessee/odv2/images/val/10422.jpg,train
val:72475,val:10422,val,72475,10422,10422.jpg,3840,2160,1,swimmer,3559.0,2036.0,94.0,64.0,6016.0,31.898444376714412,54.6,mavic,NorthSea_Sat_DJI_0126.MP4,6105,data/raw/seadronessee/odv2/images/val/10422.jpg,train
val:72476,val:10422,val,72476,10422,10422.jpg,3840,2160,3,jetski,2903.0,727.0,251.0,173.0,43423.0,31.898444376714412,54.6,mavic,NorthSea_Sat_DJI_0126.MP4,6105,data/raw/seadronessee/odv2/images/val/10422.jpg,train
val:72478,val:10422,val,72478,10422,10422.jpg,3840,2160,1,swimmer,3643.0,1961.0,48.0,92.0,4416.0,31.898444376714412,54.6,mavic,NorthSea_Sat_DJI_0126.MP4,6105,data/raw/seadronessee/odv2/images/val/10422.jpg,train
val:72479,val:10422,val,72479,10422,10422.jpg,3840,2160,1,swimmer,3713.0,1873.0,51.0,74.0,3774.0,31.898444376714412,54.6,mavic,NorthSea_Sat_DJI_0126.MP4,6105,data/raw/seadronessee/odv2/images/val/10422.jpg,train
val:72480,val:10422,val,72480,10422,10422.jpg,3840,2160,1,swimmer,3040.0,2106.0,60.0,54.0,3240.0,31.898444376714412,54.6,mavic,NorthSea_Sat_DJI_0126.MP4,6105,data/raw/seadronessee/odv2/images/val/10422.jpg,train
val:72491,val:10424,val,72491,10424,10424.jpg,3840,2160,1,swimmer,3296.0,1213.0,75.0,54.0,4050.0,30.89849314233465,54.6,mavic,NorthSea_Sat_DJI_0126.MP4,6135,data/raw/seadronessee/odv2/images/val/10424.jpg,train
val:72492,val:10424,val,72492,10424,10424.jpg,3840,2160,1,swimmer,2964.0,1168.0,72.0,50.0,3600.0,30.89849314233465,54.6,mavic,NorthSea_Sat_DJI_0126.MP4,6135,data/raw/seadronessee/odv2/images/val/10424.jpg,train
val:72493,val:10424,val,72493,10424,10424.jpg,3840,2160,1,swimmer,3336.0,1927.0,103.0,87.0,8961.0,30.89849314233465,54.6,mavic,NorthSea_Sat_DJI_0126.MP4,6135,data/raw/seadronessee/odv2/images/val/10424.jpg,train
val:72494,val:10424,val,72494,10424,10424.jpg,3840,2160,1,swimmer,2964.0,1911.0,48.0,46.0,2208.0,30.89849314233465,54.6,mavic,NorthSea_Sat_DJI_0126.MP4,6135,data/raw/seadronessee/odv2/images/val/10424.jpg,train
val:72495,val:10424,val,72495,10424,10424.jpg,3840,2160,1,swimmer,3189.0,1306.0,50.0,56.0,2800.0,30.89849314233465,54.6,mavic,NorthSea_Sat_DJI_0126.MP4,6135,data/raw/seadronessee/odv2/images/val/10424.jpg,train
val:72496,val:10424,val,72496,10424,10424.jpg,3840,2160,2,boat,3003.0,684.0,364.0,269.0,97916.0,30.89849314233465,54.6,mavic,NorthSea_Sat_DJI_0126.MP4,6135,data/raw/seadronessee/odv2/images/val/10424.jpg,train
val:72497,val:10424,val,72497,10424,10424.jpg,3840,2160,3,jetski,2895.0,706.0,230.0,203.0,46690.0,30.89849314233465,54.6,mavic,NorthSea_Sat_DJI_0126.MP4,6135,data/raw/seadronessee/odv2/images/val/10424.jpg,train
val:72499,val:10424,val,72499,10424,10424.jpg,3840,2160,1,swimmer,3509.0,1940.0,80.0,131.0,10480.0,30.89849314233465,54.6,mavic,NorthSea_Sat_DJI_0126.MP4,6135,data/raw/seadronessee/odv2/images/val/10424.jpg,train
val:72500,val:10424,val,72500,10424,10424.jpg,3840,2160,1,swimmer,3438.0,2050.0,71.0,64.0,4544.0,30.89849314233465,54.6,mavic,NorthSea_Sat_DJI_0126.MP4,6135,data/raw/seadronessee/odv2/images/val/10424.jpg,train
val:72501,val:10424,val,72501,10424,10424.jpg,3840,2160,1,swimmer,3359.0,2112.0,101.0,48.0,4848.0,30.89849314233465,54.6,mavic,NorthSea_Sat_DJI_0126.MP4,6135,data/raw/seadronessee/odv2/images/val/10424.jpg,train
val:72502,val:10424,val,72502,10424,10424.jpg,3840,2160,1,swimmer,2755.0,2111.0,67.0,49.0,3283.0,30.89849314233465,54.6,mavic,NorthSea_Sat_DJI_0126.MP4,6135,data/raw/seadronessee/odv2/images/val/10424.jpg,train
val:72516,val:10426,val,72516,10426,10426.jpg,3840,2160,1,swimmer,2752.0,1080.0,52.0,54.0,2808.0,30.798498018896673,54.6,mavic,NorthSea_Sat_DJI_0126.MP4,6165,data/raw/seadronessee/odv2/images/val/10426.jpg,train
val:72517,val:10426,val,72517,10426,10426.jpg,3840,2160,1,swimmer,2396.0,1029.0,103.0,55.0,5665.0,30.798498018896673,54.6,mavic,NorthSea_Sat_DJI_0126.MP4,6165,data/raw/seadronessee/odv2/images/val/10426.jpg,train
val:72518,val:10426,val,72518,10426,10426.jpg,3840,2160,1,swimmer,2688.0,1766.0,98.0,81.0,7938.0,30.798498018896673,54.6,mavic,NorthSea_Sat_DJI_0126.MP4,6165,data/raw/seadronessee/odv2/images/val/10426.jpg,train
val:72519,val:10426,val,72519,10426,10426.jpg,3840,2160,1,swimmer,2339.0,1746.0,46.0,46.0,2116.0,30.798498018896673,54.6,mavic,NorthSea_Sat_DJI_0126.MP4,6165,data/raw/seadronessee/odv2/images/val/10426.jpg,train
val:72520,val:10426,val,72520,10426,10426.jpg,3840,2160,1,swimmer,2616.0,1158.0,46.0,63.0,2898.0,30.798498018896673,54.6,mavic,NorthSea_Sat_DJI_0126.MP4,6165,data/raw/seadronessee/odv2/images/val/10426.jpg,train
val:72521,val:10426,val,72521,10426,10426.jpg,3840,2160,2,boat,2508.0,577.0,342.0,255.0,87210.0,30.798498018896673,54.6,mavic,NorthSea_Sat_DJI_0126.MP4,6165,data/raw/seadronessee/odv2/images/val/10426.jpg,train
val:72522,val:10426,val,72522,10426,10426.jpg,3840,2160,3,jetski,2402.0,598.0,214.0,184.0,39376.0,30.798498018896673,54.6,mavic,NorthSea_Sat_DJI_0126.MP4,6165,data/raw/seadronessee/odv2/images/val/10426.jpg,train
val:72524,val:10426,val,72524,10426,10426.jpg,3840,2160,1,swimmer,2887.0,1804.0,40.0,101.0,4040.0,30.798498018896673,54.6,mavic,NorthSea_Sat_DJI_0126.MP4,6165,data/raw/seadronessee/odv2/images/val/10426.jpg,train
val:72525,val:10426,val,72525,10426,10426.jpg,3840,2160,1,swimmer,2787.0,1879.0,64.0,68.0,4352.0,30.798498018896673,54.6,mavic,NorthSea_Sat_DJI_0126.MP4,6165,data/raw/seadronessee/odv2/images/val/10426.jpg,train
val:72526,val:10426,val,72526,10426,10426.jpg,3840,2160,1,swimmer,2694.0,1942.0,97.0,60.0,5820.0,30.798498018896673,54.6,mavic,NorthSea_Sat_DJI_0126.MP4,6165,data/raw/seadronessee/odv2/images/val/10426.jpg,train
val:72527,val:10426,val,72527,10426,10426.jpg,3840,2160,1,swimmer,2998.0,1953.0,93.0,77.0,7161.0,30.798498018896673,54.6,mavic,NorthSea_Sat_DJI_0126.MP4,6165,data/raw/seadronessee/odv2/images/val/10426.jpg,train
val:72528,val:10426,val,72528,10426,10426.jpg,3840,2160,1,swimmer,2122.0,1934.0,55.0,74.0,4070.0,30.798498018896673,54.6,mavic,NorthSea_Sat_DJI_0126.MP4,6165,data/raw/seadronessee/odv2/images/val/10426.jpg,train
val:72529,val:10426,val,72529,10426,10426.jpg,3840,2160,1,swimmer,3695.0,1486.0,145.0,115.0,16675.0,30.798498018896673,54.6,mavic,NorthSea_Sat_DJI_0126.MP4,6165,data/raw/seadronessee/odv2/images/val/10426.jpg,train
val:72545,val:10428,val,72545,10428,10428.jpg,3840,2160,1,swimmer,2417.0,944.0,46.0,46.0,2116.0,29.89854190795489,54.6,mavic,NorthSea_Sat_DJI_0126.MP4,6195,data/raw/seadronessee/odv2/images/val/10428.jpg,train
val:72546,val:10428,val,72546,10428,10428.jpg,3840,2160,1,swimmer,2078.0,882.0,74.0,40.0,2960.0,29.89854190795489,54.6,mavic,NorthSea_Sat_DJI_0126.MP4,6195,data/raw/seadronessee/odv2/images/val/10428.jpg,train
val:72547,val:10428,val,72547,10428,10428.jpg,3840,2160,1,swimmer,2301.0,1597.0,91.0,76.0,6916.0,29.89854190795489,54.6,mavic,NorthSea_Sat_DJI_0126.MP4,6195,data/raw/seadronessee/odv2/images/val/10428.jpg,train
val:72548,val:10428,val,72548,10428,10428.jpg,3840,2160,1,swimmer,1964.0,1578.0,41.0,42.0,1722.0,29.89854190795489,54.6,mavic,NorthSea_Sat_DJI_0126.MP4,6195,data/raw/seadronessee/odv2/images/val/10428.jpg,train
val:72549,val:10428,val,72549,10428,10428.jpg,3840,2160,2,boat,2207.0,448.0,328.0,247.0,81016.0,29.89854190795489,54.6,mavic,NorthSea_Sat_DJI_0126.MP4,6195,data/raw/seadronessee/odv2/images/val/10428.jpg,train
val:72550,val:10428,val,72550,10428,10428.jpg,3840,2160,3,jetski,2111.0,465.0,189.0,184.0,34776.0,29.89854190795489,54.6,mavic,NorthSea_Sat_DJI_0126.MP4,6195,data/raw/seadronessee/odv2/images/val/10428.jpg,train
val:72552,val:10428,val,72552,10428,10428.jpg,3840,2160,1,swimmer,2461.0,1618.0,65.0,123.0,7995.0,29.89854190795489,54.6,mavic,NorthSea_Sat_DJI_0126.MP4,6195,data/raw/seadronessee/odv2/images/val/10428.jpg,train
val:72553,val:10428,val,72553,10428,10428.jpg,3840,2160,1,swimmer,2401.0,1732.0,57.0,55.0,3135.0,29.89854190795489,54.6,mavic,NorthSea_Sat_DJI_0126.MP4,6195,data/raw/seadronessee/odv2/images/val/10428.jpg,train
val:72554,val:10428,val,72554,10428,10428.jpg,3840,2160,1,swimmer,2304.0,1777.0,81.0,57.0,4617.0,29.89854190795489,54.6,mavic,NorthSea_Sat_DJI_0126.MP4,6195,data/raw/seadronessee/odv2/images/val/10428.jpg,train
val:72555,val:10428,val,72555,10428,10428.jpg,3840,2160,1,swimmer,2622.0,1788.0,60.0,78.0,4680.0,29.89854190795489,54.6,mavic,NorthSea_Sat_DJI_0126.MP4,6195,data/raw/seadronessee/odv2/images/val/10428.jpg,train
val:72556,val:10428,val,72556,10428,10428.jpg,3840,2160,1,swimmer,1264.0,1951.0,207.0,82.0,16974.0,29.89854190795489,54.6,mavic,NorthSea_Sat_DJI_0126.MP4,6195,data/raw/seadronessee/odv2/images/val/10428.jpg,train
val:72557,val:10428,val,72557,10428,10428.jpg,3840,2160,1,swimmer,1734.0,1751.0,53.0,71.0,3763.0,29.89854190795489,54.6,mavic,NorthSea_Sat_DJI_0126.MP4,6195,data/raw/seadronessee/odv2/images/val/10428.jpg,train
val:72558,val:10428,val,72558,10428,10428.jpg,3840,2160,1,swimmer,3336.0,1350.0,169.0,77.0,13013.0,29.89854190795489,54.6,mavic,NorthSea_Sat_DJI_0126.MP4,6195,data/raw/seadronessee/odv2/images/val/10428.jpg,train
val:72572,val:10430,val,72572,10430,10430.jpg,3840,2160,1,swimmer,2948.0,1100.0,67.0,51.0,3417.0,29.69855166107894,54.6,mavic,NorthSea_Sat_DJI_0126.MP4,6225,data/raw/seadronessee/odv2/images/val/10430.jpg,train
val:72573,val:10430,val,72573,10430,10430.jpg,3840,2160,1,swimmer,2631.0,961.0,69.0,46.0,3174.0,29.69855166107894,54.6,mavic,NorthSea_Sat_DJI_0126.MP4,6225,data/raw/seadronessee/odv2/images/val/10430.jpg,train
val:72574,val:10430,val,72574,10430,10430.jpg,3840,2160,1,swimmer,2661.0,1716.0,109.0,67.0,7303.0,29.69855166107894,54.6,mavic,NorthSea_Sat_DJI_0126.MP4,6225,data/raw/seadronessee/odv2/images/val/10430.jpg,train
val:72575,val:10430,val,72575,10430,10430.jpg,3840,2160,1,swimmer,2340.0,1604.0,44.0,44.0,1936.0,29.69855166107894,54.6,mavic,NorthSea_Sat_DJI_0126.MP4,6225,data/raw/seadronessee/odv2/images/val/10430.jpg,train
val:72576,val:10430,val,72576,10430,10430.jpg,3840,2160,1,swimmer,2073.0,1716.0,50.0,101.0,5050.0,29.69855166107894,54.6,mavic,NorthSea_Sat_DJI_0126.MP4,6225,data/raw/seadronessee/odv2/images/val/10430.jpg,train
val:72577,val:10430,val,72577,10430,10430.jpg,3840,2160,2,boat,2859.0,561.0,320.0,298.0,95360.0,29.69855166107894,54.6,mavic,NorthSea_Sat_DJI_0126.MP4,6225,data/raw/seadronessee/odv2/images/val/10430.jpg,train
val:72578,val:10430,val,72578,10430,10430.jpg,3840,2160,1,swimmer,2628.0,1904.0,84.0,57.0,4788.0,29.69855166107894,54.6,mavic,NorthSea_Sat_DJI_0126.MP4,6225,data/raw/seadronessee/odv2/images/val/10430.jpg,train
val:72579,val:10430,val,72579,10430,10430.jpg,3840,2160,3,jetski,2770.0,565.0,152.0,210.0,31920.0,29.69855166107894,54.6,mavic,NorthSea_Sat_DJI_0126.MP4,6225,data/raw/seadronessee/odv2/images/val/10430.jpg,train
val:72581,val:10430,val,72581,10430,10430.jpg,3840,2160,1,swimmer,2838.0,1762.0,41.0,113.0,4633.0,29.69855166107894,54.6,mavic,NorthSea_Sat_DJI_0126.MP4,6225,data/raw/seadronessee/odv2/images/val/10430.jpg,train
val:72582,val:10430,val,72582,10430,10430.jpg,3840,2160,1,swimmer,2746.0,1867.0,56.0,71.0,3976.0,29.69855166107894,54.6,mavic,NorthSea_Sat_DJI_0126.MP4,6225,data/raw/seadronessee/odv2/images/val/10430.jpg,train
val:72583,val:10430,val,72583,10430,10430.jpg,3840,2160,1,swimmer,2946.0,2027.0,61.0,44.0,2684.0,29.69855166107894,54.6,mavic,NorthSea_Sat_DJI_0126.MP4,6225,data/raw/seadronessee/odv2/images/val/10430.jpg,train
val:72584,val:10430,val,72584,10430,10430.jpg,3840,2160,1,swimmer,1504.0,1827.0,196.0,69.0,13524.0,29.69855166107894,54.6,mavic,NorthSea_Sat_DJI_0126.MP4,6225,data/raw/seadronessee/odv2/images/val/10430.jpg,train
val:72598,val:10432,val,72598,10432,10432.jpg,3840,2160,1,swimmer,2976.0,1113.0,68.0,55.0,3740.0,28.698600426699173,54.6,mavic,NorthSea_Sat_DJI_0126.MP4,6255,data/raw/seadronessee/odv2/images/val/10432.jpg,train
val:72599,val:10432,val,72599,10432,10432.jpg,3840,2160,1,swimmer,2659.0,983.0,58.0,39.0,2262.0,28.698600426699173,54.6,mavic,NorthSea_Sat_DJI_0126.MP4,6255,data/raw/seadronessee/odv2/images/val/10432.jpg,train
val:72600,val:10432,val,72600,10432,10432.jpg,3840,2160,1,swimmer,2673.0,1717.0,108.0,67.0,7236.0,28.698600426699173,54.6,mavic,NorthSea_Sat_DJI_0126.MP4,6255,data/raw/seadronessee/odv2/images/val/10432.jpg,train
val:72601,val:10432,val,72601,10432,10432.jpg,3840,2160,1,swimmer,2362.0,1611.0,43.0,42.0,1806.0,28.698600426699173,54.6,mavic,NorthSea_Sat_DJI_0126.MP4,6255,data/raw/seadronessee/odv2/images/val/10432.jpg,train
val:72602,val:10432,val,72602,10432,10432.jpg,3840,2160,1,swimmer,2081.0,1725.0,40.0,68.0,2720.0,28.698600426699173,54.6,mavic,NorthSea_Sat_DJI_0126.MP4,6255,data/raw/seadronessee/odv2/images/val/10432.jpg,train
val:72603,val:10432,val,72603,10432,10432.jpg,3840,2160,2,boat,2886.0,579.0,320.0,299.0,95680.0,28.698600426699173,54.6,mavic,NorthSea_Sat_DJI_0126.MP4,6255,data/raw/seadronessee/odv2/images/val/10432.jpg,train
val:72604,val:10432,val,72604,10432,10432.jpg,3840,2160,1,swimmer,2641.0,1905.0,84.0,55.0,4620.0,28.698600426699173,54.6,mavic,NorthSea_Sat_DJI_0126.MP4,6255,data/raw/seadronessee/odv2/images/val/10432.jpg,train
val:72605,val:10432,val,72605,10432,10432.jpg,3840,2160,3,jetski,2795.0,588.0,152.0,204.0,31008.0,28.698600426699173,54.6,mavic,NorthSea_Sat_DJI_0126.MP4,6255,data/raw/seadronessee/odv2/images/val/10432.jpg,train
val:72607,val:10432,val,72607,10432,10432.jpg,3840,2160,1,swimmer,1419.0,1805.0,206.0,127.0,26162.0,28.698600426699173,54.6,mavic,NorthSea_Sat_DJI_0126.MP4,6255,data/raw/seadronessee/odv2/images/val/10432.jpg,train
val:72608,val:10432,val,72608,10432,10432.jpg,3840,2160,1,swimmer,2928.0,1986.0,109.0,74.0,8066.0,28.698600426699173,54.6,mavic,NorthSea_Sat_DJI_0126.MP4,6255,data/raw/seadronessee/odv2/images/val/10432.jpg,train
val:72609,val:10432,val,72609,10432,10432.jpg,3840,2160,1,swimmer,2767.0,1877.0,55.0,62.0,3410.0,28.698600426699173,54.6,mavic,NorthSea_Sat_DJI_0126.MP4,6255,data/raw/seadronessee/odv2/images/val/10432.jpg,train
val:72610,val:10432,val,72610,10432,10432.jpg,3840,2160,1,swimmer,2851.0,1780.0,37.0,88.0,3256.0,28.698600426699173,54.6,mavic,NorthSea_Sat_DJI_0126.MP4,6255,data/raw/seadronessee/odv2/images/val/10432.jpg,train
val:72624,val:10434,val,72624,10434,10434.jpg,3840,2160,1,swimmer,3052.0,1228.0,121.0,52.0,6292.0,28.998585797013106,54.6,mavic,NorthSea_Sat_DJI_0126.MP4,6285,data/raw/seadronessee/odv2/images/val/10434.jpg,train
val:72625,val:10434,val,72625,10434,10434.jpg,3840,2160,1,swimmer,2730.0,1084.0,40.0,49.0,1960.0,28.998585797013106,54.6,mavic,NorthSea_Sat_DJI_0126.MP4,6285,data/raw/seadronessee/odv2/images/val/10434.jpg,train
val:72626,val:10434,val,72626,10434,10434.jpg,3840,2160,1,swimmer,2753.0,1890.0,94.0,65.0,6110.0,28.998585797013106,54.6,mavic,NorthSea_Sat_DJI_0126.MP4,6285,data/raw/seadronessee/odv2/images/val/10434.jpg,train
val:72627,val:10434,val,72627,10434,10434.jpg,3840,2160,1,swimmer,2413.0,1773.0,49.0,48.0,2352.0,28.998585797013106,54.6,mavic,NorthSea_Sat_DJI_0126.MP4,6285,data/raw/seadronessee/odv2/images/val/10434.jpg,train
val:72628,val:10434,val,72628,10434,10434.jpg,3840,2160,1,swimmer,2091.0,1895.0,57.0,59.0,3363.0,28.998585797013106,54.6,mavic,NorthSea_Sat_DJI_0126.MP4,6285,data/raw/seadronessee/odv2/images/val/10434.jpg,train
val:72629,val:10434,val,72629,10434,10434.jpg,3840,2160,2,boat,2952.0,662.0,353.0,312.0,110136.0,28.998585797013106,54.6,mavic,NorthSea_Sat_DJI_0126.MP4,6285,data/raw/seadronessee/odv2/images/val/10434.jpg,train
val:72630,val:10434,val,72630,10434,10434.jpg,3840,2160,1,swimmer,2712.0,2093.0,101.0,64.0,6464.0,28.998585797013106,54.6,mavic,NorthSea_Sat_DJI_0126.MP4,6285,data/raw/seadronessee/odv2/images/val/10434.jpg,train
val:72631,val:10434,val,72631,10434,10434.jpg,3840,2160,3,jetski,2857.0,664.0,164.0,219.0,35916.0,28.998585797013106,54.6,mavic,NorthSea_Sat_DJI_0126.MP4,6285,data/raw/seadronessee/odv2/images/val/10434.jpg,train
val:72633,val:10434,val,72633,10434,10434.jpg,3840,2160,1,swimmer,1316.0,2012.0,197.0,103.0,20291.0,28.998585797013106,54.6,mavic,NorthSea_Sat_DJI_0126.MP4,6285,data/raw/seadronessee/odv2/images/val/10434.jpg,train
val:72634,val:10434,val,72634,10434,10434.jpg,3840,2160,1,swimmer,2845.0,2062.0,66.0,64.0,4224.0,28.998585797013106,54.6,mavic,NorthSea_Sat_DJI_0126.MP4,6285,data/raw/seadronessee/odv2/images/val/10434.jpg,train
val:72635,val:10434,val,72635,10434,10434.jpg,3840,2160,1,swimmer,2899.0,1953.0,88.0,98.0,8624.0,28.998585797013106,54.6,mavic,NorthSea_Sat_DJI_0126.MP4,6285,data/raw/seadronessee/odv2/images/val/10434.jpg,train
val:72643,val:10436,val,72643,10436,10436.jpg,3840,2160,1,swimmer,3128.0,1566.0,95.0,77.0,7315.0,29.09858092045108,54.6,mavic,NorthSea_Sat_DJI_0126.MP4,6315,data/raw/seadronessee/odv2/images/val/10436.jpg,train
val:72644,val:10436,val,72644,10436,10436.jpg,3840,2160,1,swimmer,2765.0,1381.0,51.0,43.0,2193.0,29.09858092045108,54.6,mavic,NorthSea_Sat_DJI_0126.MP4,6315,data/raw/seadronessee/odv2/images/val/10436.jpg,train
val:72645,val:10436,val,72645,10436,10436.jpg,3840,2160,2,boat,2999.0,899.0,375.0,347.0,130125.0,29.09858092045108,54.6,mavic,NorthSea_Sat_DJI_0126.MP4,6315,data/raw/seadronessee/odv2/images/val/10436.jpg,train
val:72646,val:10436,val,72646,10436,10436.jpg,3840,2160,3,jetski,2898.0,889.0,173.0,255.0,44115.0,29.09858092045108,54.6,mavic,NorthSea_Sat_DJI_0126.MP4,6315,data/raw/seadronessee/odv2/images/val/10436.jpg,train
val:72653,val:10438,val,72653,10438,10438.jpg,3840,2160,1,swimmer,3129.0,1632.0,103.0,77.0,7931.0,27.69864919231941,54.6,mavic,NorthSea_Sat_DJI_0126.MP4,6345,data/raw/seadronessee/odv2/images/val/10438.jpg,train
val:72654,val:10438,val,72654,10438,10438.jpg,3840,2160,1,swimmer,2772.0,1416.0,56.0,58.0,3248.0,27.69864919231941,54.6,mavic,NorthSea_Sat_DJI_0126.MP4,6345,data/raw/seadronessee/odv2/images/val/10438.jpg,train
val:72655,val:10438,val,72655,10438,10438.jpg,3840,2160,2,boat,3005.0,916.0,376.0,362.0,136112.0,27.69864919231941,54.6,mavic,NorthSea_Sat_DJI_0126.MP4,6345,data/raw/seadronessee/odv2/images/val/10438.jpg,train
val:72656,val:10438,val,72656,10438,10438.jpg,3840,2160,3,jetski,2902.0,908.0,178.0,267.0,47526.0,27.69864919231941,54.6,mavic,NorthSea_Sat_DJI_0126.MP4,6345,data/raw/seadronessee/odv2/images/val/10438.jpg,train
val:72663,val:10440,val,72663,10440,10440.jpg,3840,2160,1,swimmer,3164.0,1541.0,94.0,66.0,6204.0,27.398663822005485,54.6,mavic,NorthSea_Sat_DJI_0126.MP4,6375,data/raw/seadronessee/odv2/images/val/10440.jpg,train
val:72664,val:10440,val,72664,10440,10440.jpg,3840,2160,1,swimmer,2803.0,1313.0,39.0,61.0,2379.0,27.398663822005485,54.6,mavic,NorthSea_Sat_DJI_0126.MP4,6375,data/raw/seadronessee/odv2/images/val/10440.jpg,train
val:72665,val:10440,val,72665,10440,10440.jpg,3840,2160,2,boat,3030.0,799.0,387.0,379.0,146673.0,27.398663822005485,54.6,mavic,NorthSea_Sat_DJI_0126.MP4,6375,data/raw/seadronessee/odv2/images/val/10440.jpg,train
val:72666,val:10440,val,72666,10440,10440.jpg,3840,2160,3,jetski,2911.0,790.0,198.0,272.0,53856.0,27.398663822005485,54.6,mavic,NorthSea_Sat_DJI_0126.MP4,6375,data/raw/seadronessee/odv2/images/val/10440.jpg,train
val:72674,val:10442,val,72674,10442,10442.jpg,3840,2160,1,swimmer,3044.0,1411.0,59.0,67.0,3953.0,26.79869308137763,54.6,mavic,NorthSea_Sat_DJI_0126.MP4,6405,data/raw/seadronessee/odv2/images/val/10442.jpg,train
val:72675,val:10442,val,72675,10442,10442.jpg,3840,2160,1,swimmer,2712.0,1225.0,66.0,46.0,3036.0,26.79869308137763,54.6,mavic,NorthSea_Sat_DJI_0126.MP4,6405,data/raw/seadronessee/odv2/images/val/10442.jpg,train
val:72676,val:10442,val,72676,10442,10442.jpg,3840,2160,1,swimmer,2395.0,1979.0,46.0,52.0,2392.0,26.79869308137763,54.6,mavic,NorthSea_Sat_DJI_0126.MP4,6405,data/raw/seadronessee/odv2/images/val/10442.jpg,train
val:72677,val:10442,val,72677,10442,10442.jpg,3840,2160,2,boat,2931.0,754.0,345.0,345.0,119025.0,26.79869308137763,54.6,mavic,NorthSea_Sat_DJI_0126.MP4,6405,data/raw/seadronessee/odv2/images/val/10442.jpg,train
val:72678,val:10442,val,72678,10442,10442.jpg,3840,2160,3,jetski,2831.0,752.0,160.0,249.0,39840.0,26.79869308137763,54.6,mavic,NorthSea_Sat_DJI_0126.MP4,6405,data/raw/seadronessee/odv2/images/val/10442.jpg,train
val:72680,val:10442,val,72680,10442,10442.jpg,3840,2160,1,swimmer,2045.0,2102.0,73.0,58.0,4234.0,26.79869308137763,54.6,mavic,NorthSea_Sat_DJI_0126.MP4,6405,data/raw/seadronessee/odv2/images/val/10442.jpg,train
val:72681,val:10442,val,72681,10442,10442.jpg,3840,2160,1,swimmer,2727.0,2126.0,96.0,34.0,3264.0,26.79869308137763,54.6,mavic,NorthSea_Sat_DJI_0126.MP4,6405,data/raw/seadronessee/odv2/images/val/10442.jpg,train
val:72718,val:10446,val,72718,10446,10446.jpg,3840,2160,1,swimmer,2720.0,956.0,68.0,52.0,3536.0,27.59865406888144,54.6,mavic,NorthSea_Sat_DJI_0126.MP4,6465,data/raw/seadronessee/odv2/images/val/10446.jpg,train
val:72719,val:10446,val,72719,10446,10446.jpg,3840,2160,1,swimmer,2508.0,833.0,37.0,34.0,1258.0,27.59865406888144,54.6,mavic,NorthSea_Sat_DJI_0126.MP4,6465,data/raw/seadronessee/odv2/images/val/10446.jpg,train
val:72720,val:10446,val,72720,10446,10446.jpg,3840,2160,1,swimmer,2463.0,1388.0,78.0,55.0,4290.0,27.59865406888144,54.6,mavic,NorthSea_Sat_DJI_0126.MP4,6465,data/raw/seadronessee/odv2/images/val/10446.jpg,train
val:72721,val:10446,val,72721,10446,10446.jpg,3840,2160,1,swimmer,2240.0,1304.0,36.0,38.0,1368.0,27.59865406888144,54.6,mavic,NorthSea_Sat_DJI_0126.MP4,6465,data/raw/seadronessee/odv2/images/val/10446.jpg,train
val:72722,val:10446,val,72722,10446,10446.jpg,3840,2160,1,swimmer,2446.0,1539.0,72.0,47.0,3384.0,27.59865406888144,54.6,mavic,NorthSea_Sat_DJI_0126.MP4,6465,data/raw/seadronessee/odv2/images/val/10446.jpg,train
val:72723,val:10446,val,72723,10446,10446.jpg,3840,2160,1,swimmer,1988.0,1381.0,68.0,64.0,4352.0,27.59865406888144,54.6,mavic,NorthSea_Sat_DJI_0126.MP4,6465,data/raw/seadronessee/odv2/images/val/10446.jpg,train
val:72724,val:10446,val,72724,10446,10446.jpg,3840,2160,1,swimmer,3657.0,1482.0,143.0,89.0,12727.0,27.59865406888144,54.6,mavic,NorthSea_Sat_DJI_0126.MP4,6465,data/raw/seadronessee/odv2/images/val/10446.jpg,train
val:72725,val:10446,val,72725,10446,10446.jpg,3840,2160,2,boat,2669.0,499.0,263.0,244.0,64172.0,27.59865406888144,54.6,mavic,NorthSea_Sat_DJI_0126.MP4,6465,data/raw/seadronessee/odv2/images/val/10446.jpg,train
val:72726,val:10446,val,72726,10446,10446.jpg,3840,2160,1,swimmer,2605.0,1425.0,40.0,78.0,3120.0,27.59865406888144,54.6,mavic,NorthSea_Sat_DJI_0126.MP4,6465,data/raw/seadronessee/odv2/images/val/10446.jpg,train
val:72727,val:10446,val,72727,10446,10446.jpg,3840,2160,3,jetski,2607.0,508.0,98.0,167.0,16366.0,27.59865406888144,54.6,mavic,NorthSea_Sat_DJI_0126.MP4,6465,data/raw/seadronessee/odv2/images/val/10446.jpg,train
val:72729,val:10446,val,72729,10446,10446.jpg,3840,2160,1,swimmer,2519.0,1493.0,56.0,74.0,4144.0,27.59865406888144,54.6,mavic,NorthSea_Sat_DJI_0126.MP4,6465,data/raw/seadronessee/odv2/images/val/10446.jpg,train
val:72730,val:10446,val,72730,10446,10446.jpg,3840,2160,1,swimmer,2666.0,1562.0,95.0,79.0,7505.0,27.59865406888144,54.6,mavic,NorthSea_Sat_DJI_0126.MP4,6465,data/raw/seadronessee/odv2/images/val/10446.jpg,train
val:72731,val:10446,val,72731,10446,10446.jpg,3840,2160,1,swimmer,1052.0,1562.0,115.0,50.0,5750.0,27.59865406888144,54.6,mavic,NorthSea_Sat_DJI_0126.MP4,6465,data/raw/seadronessee/odv2/images/val/10446.jpg,train
val:72746,val:10448,val,72746,10448,10448.jpg,3840,2160,1,swimmer,2682.0,843.0,59.0,42.0,2478.0,32.29842487046632,54.6,mavic,NorthSea_Sat_DJI_0126.MP4,6495,data/raw/seadronessee/odv2/images/val/10448.jpg,train
val:72747,val:10448,val,72747,10448,10448.jpg,3840,2160,1,swimmer,2470.0,721.0,40.0,28.0,1120.0,32.29842487046632,54.6,mavic,NorthSea_Sat_DJI_0126.MP4,6495,data/raw/seadronessee/odv2/images/val/10448.jpg,train
val:72748,val:10448,val,72748,10448,10448.jpg,3840,2160,1,swimmer,2415.0,1240.0,78.0,50.0,3900.0,32.29842487046632,54.6,mavic,NorthSea_Sat_DJI_0126.MP4,6495,data/raw/seadronessee/odv2/images/val/10448.jpg,train
val:72749,val:10448,val,72749,10448,10448.jpg,3840,2160,1,swimmer,2205.0,1159.0,31.0,32.0,992.0,32.29842487046632,54.6,mavic,NorthSea_Sat_DJI_0126.MP4,6495,data/raw/seadronessee/odv2/images/val/10448.jpg,train
val:72750,val:10448,val,72750,10448,10448.jpg,3840,2160,1,swimmer,1953.0,1226.0,70.0,56.0,3920.0,32.29842487046632,54.6,mavic,NorthSea_Sat_DJI_0126.MP4,6495,data/raw/seadronessee/odv2/images/val/10448.jpg,train
val:72751,val:10448,val,72751,10448,10448.jpg,3840,2160,1,swimmer,2402.0,1381.0,69.0,43.0,2967.0,32.29842487046632,54.6,mavic,NorthSea_Sat_DJI_0126.MP4,6495,data/raw/seadronessee/odv2/images/val/10448.jpg,train
val:72752,val:10448,val,72752,10448,10448.jpg,3840,2160,1,swimmer,3589.0,1316.0,137.0,77.0,10549.0,32.29842487046632,54.6,mavic,NorthSea_Sat_DJI_0126.MP4,6495,data/raw/seadronessee/odv2/images/val/10448.jpg,train
val:72753,val:10448,val,72753,10448,10448.jpg,3840,2160,2,boat,2627.0,390.0,253.0,233.0,58949.0,32.29842487046632,54.6,mavic,NorthSea_Sat_DJI_0126.MP4,6495,data/raw/seadronessee/odv2/images/val/10448.jpg,train
val:72754,val:10448,val,72754,10448,10448.jpg,3840,2160,1,swimmer,2556.0,1276.0,38.0,68.0,2584.0,32.29842487046632,54.6,mavic,NorthSea_Sat_DJI_0126.MP4,6495,data/raw/seadronessee/odv2/images/val/10448.jpg,train
val:72755,val:10448,val,72755,10448,10448.jpg,3840,2160,3,jetski,2567.0,395.0,95.0,162.0,15390.0,32.29842487046632,54.6,mavic,NorthSea_Sat_DJI_0126.MP4,6495,data/raw/seadronessee/odv2/images/val/10448.jpg,train
val:72757,val:10448,val,72757,10448,10448.jpg,3840,2160,1,swimmer,2487.0,1356.0,40.0,49.0,1960.0,32.29842487046632,54.6,mavic,NorthSea_Sat_DJI_0126.MP4,6495,data/raw/seadronessee/odv2/images/val/10448.jpg,train
val:72758,val:10448,val,72758,10448,10448.jpg,3840,2160,1,swimmer,2629.0,1390.0,52.0,53.0,2756.0,32.29842487046632,54.6,mavic,NorthSea_Sat_DJI_0126.MP4,6495,data/raw/seadronessee/odv2/images/val/10448.jpg,train
val:72759,val:10448,val,72759,10448,10448.jpg,3840,2160,1,swimmer,998.0,1381.0,171.0,54.0,9234.0,32.29842487046632,54.6,mavic,NorthSea_Sat_DJI_0126.MP4,6495,data/raw/seadronessee/odv2/images/val/10448.jpg,train
val:72774,val:10450,val,72774,10450,10450.jpg,3840,2160,1,swimmer,2665.0,829.0,54.0,35.0,1890.0,33.69835659859799,54.6,mavic,NorthSea_Sat_DJI_0126.MP4,6525,data/raw/seadronessee/odv2/images/val/10450.jpg,train
val:72775,val:10450,val,72775,10450,10450.jpg,3840,2160,1,swimmer,2461.0,694.0,38.0,29.0,1102.0,33.69835659859799,54.6,mavic,NorthSea_Sat_DJI_0126.MP4,6525,data/raw/seadronessee/odv2/images/val/10450.jpg,train
val:72776,val:10450,val,72776,10450,10450.jpg,3840,2160,1,swimmer,2399.0,1238.0,69.0,48.0,3312.0,33.69835659859799,54.6,mavic,NorthSea_Sat_DJI_0126.MP4,6525,data/raw/seadronessee/odv2/images/val/10450.jpg,train
val:72777,val:10450,val,72777,10450,10450.jpg,3840,2160,1,swimmer,2187.0,1151.0,31.0,34.0,1054.0,33.69835659859799,54.6,mavic,NorthSea_Sat_DJI_0126.MP4,6525,data/raw/seadronessee/odv2/images/val/10450.jpg,train
val:72778,val:10450,val,72778,10450,10450.jpg,3840,2160,1,swimmer,1923.0,1213.0,67.0,72.0,4824.0,33.69835659859799,54.6,mavic,NorthSea_Sat_DJI_0126.MP4,6525,data/raw/seadronessee/odv2/images/val/10450.jpg,train
val:72779,val:10450,val,72779,10450,10450.jpg,3840,2160,1,swimmer,2384.0,1380.0,62.0,42.0,2604.0,33.69835659859799,54.6,mavic,NorthSea_Sat_DJI_0126.MP4,6525,data/raw/seadronessee/odv2/images/val/10450.jpg,train
val:72780,val:10450,val,72780,10450,10450.jpg,3840,2160,1,swimmer,3584.0,1298.0,143.0,80.0,11440.0,33.69835659859799,54.6,mavic,NorthSea_Sat_DJI_0126.MP4,6525,data/raw/seadronessee/odv2/images/val/10450.jpg,train
val:72781,val:10450,val,72781,10450,10450.jpg,3840,2160,2,boat,2598.0,362.0,252.0,233.0,58716.0,33.69835659859799,54.6,mavic,NorthSea_Sat_DJI_0126.MP4,6525,data/raw/seadronessee/odv2/images/val/10450.jpg,train
val:72782,val:10450,val,72782,10450,10450.jpg,3840,2160,1,swimmer,2530.0,1274.0,48.0,61.0,2928.0,33.69835659859799,54.6,mavic,NorthSea_Sat_DJI_0126.MP4,6525,data/raw/seadronessee/odv2/images/val/10450.jpg,train
val:72783,val:10450,val,72783,10450,10450.jpg,3840,2160,3,jetski,2535.0,359.0,108.0,170.0,18360.0,33.69835659859799,54.6,mavic,NorthSea_Sat_DJI_0126.MP4,6525,data/raw/seadronessee/odv2/images/val/10450.jpg,train
val:72785,val:10450,val,72785,10450,10450.jpg,3840,2160,1,swimmer,2461.0,1351.0,42.0,46.0,1932.0,33.69835659859799,54.6,mavic,NorthSea_Sat_DJI_0126.MP4,6525,data/raw/seadronessee/odv2/images/val/10450.jpg,train
val:72786,val:10450,val,72786,10450,10450.jpg,3840,2160,1,swimmer,2580.0,1375.0,100.0,52.0,5200.0,33.69835659859799,54.6,mavic,NorthSea_Sat_DJI_0126.MP4,6525,data/raw/seadronessee/odv2/images/val/10450.jpg,train
val:72787,val:10450,val,72787,10450,10450.jpg,3840,2160,1,swimmer,986.0,1382.0,121.0,53.0,6413.0,33.69835659859799,54.6,mavic,NorthSea_Sat_DJI_0126.MP4,6525,data/raw/seadronessee/odv2/images/val/10450.jpg,train
val:72802,val:10452,val,72802,10452,10452.jpg,3840,2160,1,swimmer,2624.0,909.0,61.0,41.0,2501.0,33.79835172203596,54.6,mavic,NorthSea_Sat_DJI_0126.MP4,6555,data/raw/seadronessee/odv2/images/val/10452.jpg,train
val:72803,val:10452,val,72803,10452,10452.jpg,3840,2160,1,swimmer,2448.0,774.0,33.0,27.0,891.0,33.79835172203596,54.6,mavic,NorthSea_Sat_DJI_0126.MP4,6555,data/raw/seadronessee/odv2/images/val/10452.jpg,train
val:72804,val:10452,val,72804,10452,10452.jpg,3840,2160,1,swimmer,2384.0,1319.0,47.0,54.0,2538.0,33.79835172203596,54.6,mavic,NorthSea_Sat_DJI_0126.MP4,6555,data/raw/seadronessee/odv2/images/val/10452.jpg,train
val:72805,val:10452,val,72805,10452,10452.jpg,3840,2160,1,swimmer,2176.0,1238.0,30.0,30.0,900.0,33.79835172203596,54.6,mavic,NorthSea_Sat_DJI_0126.MP4,6555,data/raw/seadronessee/odv2/images/val/10452.jpg,train
val:72806,val:10452,val,72806,10452,10452.jpg,3840,2160,1,swimmer,1921.0,1323.0,68.0,46.0,3128.0,33.79835172203596,54.6,mavic,NorthSea_Sat_DJI_0126.MP4,6555,data/raw/seadronessee/odv2/images/val/10452.jpg,train
val:72807,val:10452,val,72807,10452,10452.jpg,3840,2160,1,swimmer,2354.0,1472.0,66.0,39.0,2574.0,33.79835172203596,54.6,mavic,NorthSea_Sat_DJI_0126.MP4,6555,data/raw/seadronessee/odv2/images/val/10452.jpg,train
val:72808,val:10452,val,72808,10452,10452.jpg,3840,2160,1,swimmer,3523.0,1395.0,134.0,86.0,11524.0,33.79835172203596,54.6,mavic,NorthSea_Sat_DJI_0126.MP4,6555,data/raw/seadronessee/odv2/images/val/10452.jpg,train
val:72809,val:10452,val,72809,10452,10452.jpg,3840,2160,2,boat,2557.0,457.0,238.0,231.0,54978.0,33.79835172203596,54.6,mavic,NorthSea_Sat_DJI_0126.MP4,6555,data/raw/seadronessee/odv2/images/val/10452.jpg,train
val:72810,val:10452,val,72810,10452,10452.jpg,3840,2160,1,swimmer,2515.0,1371.0,40.0,55.0,2200.0,33.79835172203596,54.6,mavic,NorthSea_Sat_DJI_0126.MP4,6555,data/raw/seadronessee/odv2/images/val/10452.jpg,train
val:72811,val:10452,val,72811,10452,10452.jpg,3840,2160,1,swimmer,1000.0,1489.0,107.0,49.0,5243.0,33.79835172203596,54.6,mavic,NorthSea_Sat_DJI_0126.MP4,6555,data/raw/seadronessee/odv2/images/val/10452.jpg,train
val:72812,val:10452,val,72812,10452,10452.jpg,3840,2160,3,jetski,2491.0,460.0,115.0,160.0,18400.0,33.79835172203596,54.6,mavic,NorthSea_Sat_DJI_0126.MP4,6555,data/raw/seadronessee/odv2/images/val/10452.jpg,train
val:72813,val:10452,val,72813,10452,10452.jpg,3840,2160,1,swimmer,2436.0,1440.0,40.0,46.0,1840.0,33.79835172203596,54.6,mavic,NorthSea_Sat_DJI_0126.MP4,6555,data/raw/seadronessee/odv2/images/val/10452.jpg,train
val:72814,val:10452,val,72814,10452,10452.jpg,3840,2160,1,swimmer,2580.0,1485.0,61.0,39.0,2379.0,33.79835172203596,54.6,mavic,NorthSea_Sat_DJI_0126.MP4,6555,data/raw/seadronessee/odv2/images/val/10452.jpg,train
val:72830,val:10454,val,72830,10454,10454.jpg,3840,2160,1,swimmer,2595.0,960.0,61.0,42.0,2562.0,33.998341968911916,54.6,mavic,NorthSea_Sat_DJI_0126.MP4,6585,data/raw/seadronessee/odv2/images/val/10454.jpg,train
val:72831,val:10454,val,72831,10454,10454.jpg,3840,2160,1,swimmer,2372.0,1357.0,44.0,51.0,2244.0,33.998341968911916,54.6,mavic,NorthSea_Sat_DJI_0126.MP4,6585,data/raw/seadronessee/odv2/images/val/10454.jpg,train
val:72832,val:10454,val,72832,10454,10454.jpg,3840,2160,1,swimmer,2165.0,1268.0,31.0,33.0,1023.0,33.998341968911916,54.6,mavic,NorthSea_Sat_DJI_0126.MP4,6585,data/raw/seadronessee/odv2/images/val/10454.jpg,train
val:72833,val:10454,val,72833,10454,10454.jpg,3840,2160,1,swimmer,1912.0,1353.0,58.0,82.0,4756.0,33.998341968911916,54.6,mavic,NorthSea_Sat_DJI_0126.MP4,6585,data/raw/seadronessee/odv2/images/val/10454.jpg,train
val:72834,val:10454,val,72834,10454,10454.jpg,3840,2160,1,swimmer,2489.0,1411.0,48.0,48.0,2304.0,33.998341968911916,54.6,mavic,NorthSea_Sat_DJI_0126.MP4,6585,data/raw/seadronessee/odv2/images/val/10454.jpg,train
val:72835,val:10454,val,72835,10454,10454.jpg,3840,2160,1,swimmer,2340.0,1518.0,58.0,35.0,2030.0,33.998341968911916,54.6,mavic,NorthSea_Sat_DJI_0126.MP4,6585,data/raw/seadronessee/odv2/images/val/10454.jpg,train
val:72836,val:10454,val,72836,10454,10454.jpg,3840,2160,1,swimmer,3482.0,1454.0,142.0,95.0,13490.0,33.998341968911916,54.6,mavic,NorthSea_Sat_DJI_0126.MP4,6585,data/raw/seadronessee/odv2/images/val/10454.jpg,train
val:72837,val:10454,val,72837,10454,10454.jpg,3840,2160,2,boat,2540.0,523.0,225.0,230.0,51750.0,33.998341968911916,54.6,mavic,NorthSea_Sat_DJI_0126.MP4,6585,data/raw/seadronessee/odv2/images/val/10454.jpg,train
val:72838,val:10454,val,72838,10454,10454.jpg,3840,2160,1,swimmer,1000.0,1536.0,90.0,54.0,4860.0,33.998341968911916,54.6,mavic,NorthSea_Sat_DJI_0126.MP4,6585,data/raw/seadronessee/odv2/images/val/10454.jpg,train
val:72839,val:10454,val,72839,10454,10454.jpg,3840,2160,3,jetski,2467.0,533.0,112.0,156.0,17472.0,33.998341968911916,54.6,mavic,NorthSea_Sat_DJI_0126.MP4,6585,data/raw/seadronessee/odv2/images/val/10454.jpg,train
val:72840,val:10454,val,72840,10454,10454.jpg,3840,2160,1,swimmer,2401.0,1467.0,48.0,48.0,2304.0,33.998341968911916,54.6,mavic,NorthSea_Sat_DJI_0126.MP4,6585,data/raw/seadronessee/odv2/images/val/10454.jpg,train
val:72841,val:10454,val,72841,10454,10454.jpg,3840,2160,1,swimmer,2554.0,1516.0,58.0,46.0,2668.0,33.998341968911916,54.6,mavic,NorthSea_Sat_DJI_0126.MP4,6585,data/raw/seadronessee/odv2/images/val/10454.jpg,train
val:79152,val:11234,val,79152,11234,11234.jpg,3840,2160,2,boat,3120.0,0.0,709.0,1111.0,787699.0,33.398371228284056,61.4,mavic,NorthSea_Thu_DJI_0106.MP4,1950,data/raw/seadronessee/odv2/images/val/11234.jpg,train
val:79154,val:11236,val,79154,11236,11236.jpg,3840,2160,2,boat,2982.0,0.0,799.0,1099.0,878101.0,31.598459006400486,61.4,mavic,NorthSea_Thu_DJI_0106.MP4,1980,data/raw/seadronessee/odv2/images/val/11236.jpg,train
val:79165,val:11247,val,79165,11247,11247.jpg,3840,2160,2,boat,3096.0,129.0,626.0,1192.0,746192.0,28.298619932947272,61.4,mavic,NorthSea_Thu_DJI_0106.MP4,2145,data/raw/seadronessee/odv2/images/val/11247.jpg,train
val:79167,val:11249,val,79167,11249,11249.jpg,3840,2160,2,boat,2576.0,168.0,472.0,1182.0,557904.0,28.298619932947272,61.4,mavic,NorthSea_Thu_DJI_0106.MP4,2175,data/raw/seadronessee/odv2/images/val/11249.jpg,train
val:79169,val:11251,val,79169,11251,11251.jpg,3840,2160,2,boat,2189.0,202.0,442.0,1202.0,531284.0,28.198624809509294,61.4,mavic,NorthSea_Thu_DJI_0106.MP4,2205,data/raw/seadronessee/odv2/images/val/11251.jpg,train
val:79171,val:11253,val,79171,11253,11253.jpg,3840,2160,2,boat,2143.0,313.0,433.0,1172.0,507476.0,27.79864431575739,61.4,mavic,NorthSea_Thu_DJI_0106.MP4,2235,data/raw/seadronessee/odv2/images/val/11253.jpg,train
val:107811,val:16075,val,107811,16075,16075.jpg,3840,2160,2,boat,2197.0,1222.0,466.0,626.0,291716.0,30.398517525144772,83.4,m210,DJI_0003.mov,810,data/raw/seadronessee/odv2/images/val/16075.jpg,train
val:107817,val:16077,val,107817,16077,16077.jpg,3840,2160,2,boat,2200.0,1249.0,466.0,624.0,290784.0,30.398517525144772,83.4,m210,DJI_0003.mov,840,data/raw/seadronessee/odv2/images/val/16077.jpg,train
val:107823,val:16079,val,107823,16079,16079.jpg,3840,2160,2,boat,2204.0,1268.0,464.0,623.0,289072.0,30.298522401706794,83.4,m210,DJI_0003.mov,870,data/raw/seadronessee/odv2/images/val/16079.jpg,train
val:107829,val:16081,val,107829,16081,16081.jpg,3840,2160,2,boat,2210.0,1282.0,472.0,625.0,295000.0,30.298522401706794,83.4,m210,DJI_0003.mov,900,data/raw/seadronessee/odv2/images/val/16081.jpg,train
val:107835,val:16083,val,107835,16083,16083.jpg,3840,2160,2,boat,2230.0,1262.0,470.0,630.0,296100.0,30.398517525144772,83.4,m210,DJI_0003.mov,930,data/raw/seadronessee/odv2/images/val/16083.jpg,train
