object_key,image_key,source_split,annotation_id,image_id,file_name,image_width,image_height,category_id,category_name,bbox_x,bbox_y,bbox_width,bbox_height,bbox_area,altitude_m,gimbal_pitch_deg,drone,video,frame_no,image_path,split,source_side_px,crop_left_px,crop_top_px,crop_right_px,crop_bottom_px,exclusion_reason
train:23852,train:4863,train,23852,4863,4863.jpg,3840,2160,1,swimmer,1620.0,1469.0,132.0,90.0,11880.0,25.398761353245963,51.6,mavic,NorthSea_Fri_DJI_0112.MP4,5385,data/raw/seadronessee/odv2/images/train/4863.jpg,train,2016,678,506,2694,2522,required_80m_footprint_outside_source_frame
train:23854,train:4863,train,23854,4863,4863.jpg,3840,2160,1,swimmer,1720.0,1891.0,60.0,118.0,7080.0,25.398761353245963,51.6,mavic,NorthSea_Fri_DJI_0112.MP4,5385,data/raw/seadronessee/odv2/images/train/4863.jpg,train,2016,742,942,2758,2958,required_80m_footprint_outside_source_frame
train:24813,train:5106,train,24813,5106,5106.jpg,3840,2160,1,swimmer,1638.0,787.0,73.0,84.0,6132.0,30.298522401706794,45.2,mavic,DJI_0059.MP4,3000,data/raw/seadronessee/odv2/images/train/5106.jpg,test,1690,830,-16,2520,1674,required_80m_footprint_outside_source_frame
train:24815,train:5106,train,24815,5106,5106.jpg,3840,2160,2,boat,1156.0,250.0,228.0,138.0,31464.0,30.298522401706794,45.2,mavic,DJI_0059.MP4,3000,data/raw/seadronessee/odv2/images/train/5106.jpg,test,1690,425,-526,2115,1164,required_80m_footprint_outside_source_frame
train:24816,train:5106,train,24816,5106,5106.jpg,3840,2160,2,boat,623.0,1527.0,424.0,286.0,121264.0,30.298522401706794,45.2,mavic,DJI_0059.MP4,3000,data/raw/seadronessee/odv2/images/train/5106.jpg,test,1690,-10,825,1680,2515,required_80m_footprint_outside_source_frame
train:24817,train:5106,train,24817,5106,5106.jpg,3840,2160,1,swimmer,2107.0,750.0,93.0,95.0,8835.0,30.298522401706794,45.2,mavic,DJI_0059.MP4,3000,data/raw/seadronessee/odv2/images/train/5106.jpg,test,1690,1308,-48,2998,1642,required_80m_footprint_outside_source_frame
train:24818,train:5106,train,24818,5106,5106.jpg,3840,2160,1,swimmer,1747.0,264.0,56.0,52.0,2912.0,30.298522401706794,45.2,mavic,DJI_0059.MP4,3000,data/raw/seadronessee/odv2/images/train/5106.jpg,test,1690,930,-555,2620,1135,required_80m_footprint_outside_source_frame
train:24827,train:5108,train,24827,5108,5108.jpg,3840,2160,2,boat,1326.0,397.0,217.0,134.0,29078.0,30.298522401706794,45.2,mavic,DJI_0059.MP4,3030,data/raw/seadronessee/odv2/images/train/5108.jpg,test,1690,590,-381,2280,1309,required_80m_footprint_outside_source_frame
train:24828,train:5108,train,24828,5108,5108.jpg,3840,2160,2,boat,762.0,1571.0,408.0,279.0,113832.0,30.298522401706794,45.2,mavic,DJI_0059.MP4,3030,data/raw/seadronessee/odv2/images/train/5108.jpg,test,1690,121,866,1811,2556,required_80m_footprint_outside_source_frame
train:24829,train:5108,train,24829,5108,5108.jpg,3840,2160,2,boat,1637.0,123.0,206.0,81.0,16686.0,30.298522401706794,45.2,mavic,DJI_0059.MP4,3030,data/raw/seadronessee/odv2/images/train/5108.jpg,test,1690,895,-682,2585,1008,required_80m_footprint_outside_source_frame
train:24831,train:5108,train,24831,5108,5108.jpg,3840,2160,1,swimmer,1895.0,440.0,76.0,49.0,3724.0,30.298522401706794,45.2,mavic,DJI_0059.MP4,3030,data/raw/seadronessee/odv2/images/train/5108.jpg,test,1690,1088,-380,2778,1310,required_80m_footprint_outside_source_frame
train:24842,train:5110,train,24842,5110,5110.jpg,3840,2160,2,boat,1354.0,520.0,205.0,123.0,25215.0,30.298522401706794,44.7,mavic,DJI_0059.MP4,3060,data/raw/seadronessee/odv2/images/train/5110.jpg,test,1690,612,-264,2302,1426,required_80m_footprint_outside_source_frame
train:24843,train:5110,train,24843,5110,5110.jpg,3840,2160,2,boat,801.0,1606.0,394.0,261.0,102834.0,30.298522401706794,44.7,mavic,DJI_0059.MP4,3060,data/raw/seadronessee/odv2/images/train/5110.jpg,test,1690,153,892,1843,2582,required_80m_footprint_outside_source_frame
train:24844,train:5110,train,24844,5110,5110.jpg,3840,2160,2,boat,1652.0,271.0,196.0,74.0,14504.0,30.298522401706794,44.7,mavic,DJI_0059.MP4,3060,data/raw/seadronessee/odv2/images/train/5110.jpg,test,1690,905,-537,2595,1153,required_80m_footprint_outside_source_frame
train:24846,train:5110,train,24846,5110,5110.jpg,3840,2160,1,swimmer,1903.0,575.0,61.0,51.0,3111.0,30.298522401706794,44.7,mavic,DJI_0059.MP4,3060,data/raw/seadronessee/odv2/images/train/5110.jpg,test,1690,1088,-244,2778,1446,required_80m_footprint_outside_source_frame
train:24847,train:5110,train,24847,5110,5110.jpg,3840,2160,2,boat,1705.0,0.0,122.0,119.0,14518.0,30.298522401706794,44.7,mavic,DJI_0059.MP4,3060,data/raw/seadronessee/odv2/images/train/5110.jpg,test,1690,921,-786,2611,904,required_80m_footprint_outside_source_frame
train:24857,train:5112,train,24857,5112,5112.jpg,3840,2160,1,swimmer,2016.0,1277.0,51.0,78.0,3978.0,30.19852727826882,38.2,mavic,DJI_0059.MP4,3090,data/raw/seadronessee/odv2/images/train/5112.jpg,test,1695,1194,468,2889,2163,required_80m_footprint_outside_source_frame
train:24858,train:5112,train,24858,5112,5112.jpg,3840,2160,2,boat,1374.0,750.0,198.0,119.0,23562.0,30.19852727826882,38.2,mavic,DJI_0059.MP4,3090,data/raw/seadronessee/odv2/images/train/5112.jpg,test,1695,626,-38,2321,1657,required_80m_footprint_outside_source_frame
train:24859,train:5112,train,24859,5112,5112.jpg,3840,2160,2,boat,796.0,1778.0,407.0,270.0,109890.0,30.19852727826882,38.2,mavic,DJI_0059.MP4,3090,data/raw/seadronessee/odv2/images/train/5112.jpg,test,1695,152,1066,1847,2761,required_80m_footprint_outside_source_frame
train:24860,train:5112,train,24860,5112,5112.jpg,3840,2160,2,boat,1664.0,520.0,188.0,71.0,13348.0,30.19852727826882,38.2,mavic,DJI_0059.MP4,3090,data/raw/seadronessee/odv2/images/train/5112.jpg,test,1695,910,-292,2605,1403,required_80m_footprint_outside_source_frame
train:24862,train:5112,train,24862,5112,5112.jpg,3840,2160,1,swimmer,1928.0,817.0,51.0,42.0,2142.0,30.19852727826882,38.2,mavic,DJI_0059.MP4,3090,data/raw/seadronessee/odv2/images/train/5112.jpg,test,1695,1106,-10,2801,1685,required_80m_footprint_outside_source_frame
train:24863,train:5112,train,24863,5112,5112.jpg,3840,2160,2,boat,1715.0,270.0,114.0,111.0,12654.0,30.19852727826882,38.2,mavic,DJI_0059.MP4,3090,data/raw/seadronessee/odv2/images/train/5112.jpg,test,1695,924,-522,2619,1173,required_80m_footprint_outside_source_frame
train:24872,train:5114,train,24872,5114,5114.jpg,3840,2160,1,swimmer,1797.0,1287.0,69.0,68.0,4692.0,30.19852727826882,33.3,mavic,DJI_0059.MP4,3120,data/raw/seadronessee/odv2/images/train/5114.jpg,test,1695,984,474,2679,2169,required_80m_footprint_outside_source_frame
train:24873,train:5114,train,24873,5114,5114.jpg,3840,2160,1,swimmer,1993.0,1354.0,78.0,93.0,7254.0,30.19852727826882,33.3,mavic,DJI_0059.MP4,3120,data/raw/seadronessee/odv2/images/train/5114.jpg,test,1695,1184,553,2879,2248,required_80m_footprint_outside_source_frame
train:24875,train:5114,train,24875,5114,5114.jpg,3840,2160,2,boat,847.0,1840.0,365.0,265.0,96725.0,30.19852727826882,33.3,mavic,DJI_0059.MP4,3120,data/raw/seadronessee/odv2/images/train/5114.jpg,test,1695,182,1125,1877,2820,required_80m_footprint_outside_source_frame
train:24876,train:5114,train,24876,5114,5114.jpg,3840,2160,2,boat,1672.0,642.0,182.0,69.0,12558.0,30.19852727826882,33.3,mavic,DJI_0059.MP4,3120,data/raw/seadronessee/odv2/images/train/5114.jpg,test,1695,916,-171,2611,1524,required_80m_footprint_outside_source_frame
train:24879,train:5114,train,24879,5114,5114.jpg,3840,2160,2,boat,1715.0,406.0,117.0,109.0,12753.0,30.19852727826882,33.3,mavic,DJI_0059.MP4,3120,data/raw/seadronessee/odv2/images/train/5114.jpg,test,1695,926,-387,2621,1308,required_80m_footprint_outside_source_frame
train:24889,train:5116,train,24889,5116,5116.jpg,3840,2160,1,swimmer,2004.0,1296.0,70.0,78.0,5460.0,30.19852727826882,30.8,mavic,DJI_0059.MP4,3150,data/raw/seadronessee/odv2/images/train/5116.jpg,test,1695,1192,488,2887,2183,required_80m_footprint_outside_source_frame
train:24891,train:5116,train,24891,5116,5116.jpg,3840,2160,2,boat,875.0,1762.0,361.0,247.0,89167.0,30.19852727826882,30.8,mavic,DJI_0059.MP4,3150,data/raw/seadronessee/odv2/images/train/5116.jpg,test,1695,208,1038,1903,2733,required_80m_footprint_outside_source_frame
train:24892,train:5116,train,24892,5116,5116.jpg,3840,2160,2,boat,1675.0,622.0,177.0,67.0,11859.0,30.19852727826882,30.8,mavic,DJI_0059.MP4,3150,data/raw/seadronessee/odv2/images/train/5116.jpg,test,1695,916,-192,2611,1503,required_80m_footprint_outside_source_frame
train:24895,train:5116,train,24895,5116,5116.jpg,3840,2160,2,boat,1716.0,391.0,113.0,105.0,11865.0,30.19852727826882,30.8,mavic,DJI_0059.MP4,3150,data/raw/seadronessee/odv2/images/train/5116.jpg,test,1695,925,-404,2620,1291,required_80m_footprint_outside_source_frame
train:24905,train:5118,train,24905,5118,5118.jpg,3840,2160,1,swimmer,2011.0,1290.0,46.0,69.0,3174.0,30.19852727826882,30.7,mavic,DJI_0059.MP4,3180,data/raw/seadronessee/odv2/images/train/5118.jpg,test,1695,1186,477,2881,2172,required_80m_footprint_outside_source_frame
train:24907,train:5118,train,24907,5118,5118.jpg,3840,2160,2,boat,872.0,1759.0,363.0,244.0,88572.0,30.19852727826882,30.7,mavic,DJI_0059.MP4,3180,data/raw/seadronessee/odv2/images/train/5118.jpg,test,1695,206,1034,1901,2729,required_80m_footprint_outside_source_frame
train:24908,train:5118,train,24908,5118,5118.jpg,3840,2160,2,boat,1674.0,619.0,174.0,66.0,11484.0,30.19852727826882,30.7,mavic,DJI_0059.MP4,3180,data/raw/seadronessee/odv2/images/train/5118.jpg,test,1695,914,-196,2609,1499,required_80m_footprint_outside_source_frame
train:24911,train:5118,train,24911,5118,5118.jpg,3840,2160,2,boat,1714.0,389.0,115.0,107.0,12305.0,30.19852727826882,30.7,mavic,DJI_0059.MP4,3180,data/raw/seadronessee/odv2/images/train/5118.jpg,test,1695,924,-405,2619,1290,required_80m_footprint_outside_source_frame
train:24921,train:5120,train,24921,5120,5120.jpg,3840,2160,1,swimmer,1997.0,1291.0,62.0,83.0,5146.0,30.19852727826882,30.7,mavic,DJI_0059.MP4,3210,data/raw/seadronessee/odv2/images/train/5120.jpg,test,1695,1180,485,2875,2180,required_80m_footprint_outside_source_frame
train:24923,train:5120,train,24923,5120,5120.jpg,3840,2160,2,boat,859.0,1773.0,364.0,245.0,89180.0,30.19852727826882,30.7,mavic,DJI_0059.MP4,3210,data/raw/seadronessee/odv2/images/train/5120.jpg,test,1695,194,1048,1889,2743,required_80m_footprint_outside_source_frame
train:24924,train:5120,train,24924,5120,5120.jpg,3840,2160,2,boat,1671.0,623.0,173.0,65.0,11245.0,30.19852727826882,30.7,mavic,DJI_0059.MP4,3210,data/raw/seadronessee/odv2/images/train/5120.jpg,test,1695,910,-192,2605,1503,required_80m_footprint_outside_source_frame
train:24927,train:5120,train,24927,5120,5120.jpg,3840,2160,2,boat,1710.0,393.0,113.0,105.0,11865.0,30.19852727826882,30.7,mavic,DJI_0059.MP4,3210,data/raw/seadronessee/odv2/images/train/5120.jpg,test,1695,919,-402,2614,1293,required_80m_footprint_outside_source_frame
train:24937,train:5122,train,24937,5122,5122.jpg,3840,2160,1,swimmer,1995.0,1289.0,62.0,89.0,5518.0,30.19852727826882,30.7,mavic,DJI_0059.MP4,3240,data/raw/seadronessee/odv2/images/train/5122.jpg,test,1695,1178,486,2873,2181,required_80m_footprint_outside_source_frame
train:24939,train:5122,train,24939,5122,5122.jpg,3840,2160,2,boat,860.0,1781.0,359.0,246.0,88314.0,30.19852727826882,30.7,mavic,DJI_0059.MP4,3240,data/raw/seadronessee/odv2/images/train/5122.jpg,test,1695,192,1056,1887,2751,required_80m_footprint_outside_source_frame
train:24940,train:5122,train,24940,5122,5122.jpg,3840,2160,2,boat,1668.0,628.0,180.0,65.0,11700.0,30.19852727826882,30.7,mavic,DJI_0059.MP4,3240,data/raw/seadronessee/odv2/images/train/5122.jpg,test,1695,910,-187,2605,1508,required_80m_footprint_outside_source_frame
train:24943,train:5122,train,24943,5122,5122.jpg,3840,2160,2,boat,1705.0,396.0,115.0,108.0,12420.0,30.19852727826882,30.7,mavic,DJI_0059.MP4,3240,data/raw/seadronessee/odv2/images/train/5122.jpg,test,1695,915,-398,2610,1297,required_80m_footprint_outside_source_frame
train:24953,train:5124,train,24953,5124,5124.jpg,3840,2160,1,swimmer,1991.0,1292.0,70.0,77.0,5390.0,30.19852727826882,30.7,mavic,DJI_0059.MP4,3270,data/raw/seadronessee/odv2/images/train/5124.jpg,test,1695,1178,483,2873,2178,required_80m_footprint_outside_source_frame
train:24955,train:5124,train,24955,5124,5124.jpg,3840,2160,2,boat,862.0,1793.0,356.0,257.0,91492.0,30.19852727826882,30.7,mavic,DJI_0059.MP4,3270,data/raw/seadronessee/odv2/images/train/5124.jpg,test,1695,192,1074,1887,2769,required_80m_footprint_outside_source_frame
train:24956,train:5124,train,24956,5124,5124.jpg,3840,2160,2,boat,1667.0,630.0,180.0,65.0,11700.0,30.19852727826882,30.7,mavic,DJI_0059.MP4,3270,data/raw/seadronessee/odv2/images/train/5124.jpg,test,1695,910,-185,2605,1510,required_80m_footprint_outside_source_frame
train:24959,train:5124,train,24959,5124,5124.jpg,3840,2160,2,boat,1703.0,400.0,114.0,106.0,12084.0,30.19852727826882,30.7,mavic,DJI_0059.MP4,3270,data/raw/seadronessee/odv2/images/train/5124.jpg,test,1695,912,-394,2607,1301,required_80m_footprint_outside_source_frame
train:24969,train:5126,train,24969,5126,5126.jpg,3840,2160,1,swimmer,1993.0,1286.0,59.0,74.0,4366.0,30.19852727826882,30.7,mavic,DJI_0059.MP4,3300,data/raw/seadronessee/odv2/images/train/5126.jpg,test,1695,1175,476,2870,2171,required_80m_footprint_outside_source_frame
train:24971,train:5126,train,24971,5126,5126.jpg,3840,2160,2,boat,857.0,1796.0,357.0,257.0,91749.0,30.19852727826882,30.7,mavic,DJI_0059.MP4,3300,data/raw/seadronessee/odv2/images/train/5126.jpg,test,1695,188,1077,1883,2772,required_80m_footprint_outside_source_frame
train:24972,train:5126,train,24972,5126,5126.jpg,3840,2160,2,boat,1667.0,633.0,180.0,65.0,11700.0,30.19852727826882,30.7,mavic,DJI_0059.MP4,3300,data/raw/seadronessee/odv2/images/train/5126.jpg,test,1695,910,-182,2605,1513,required_80m_footprint_outside_source_frame
train:24975,train:5126,train,24975,5126,5126.jpg,3840,2160,2,boat,1700.0,401.0,115.0,107.0,12305.0,30.19852727826882,30.7,mavic,DJI_0059.MP4,3300,data/raw/seadronessee/odv2/images/train/5126.jpg,test,1695,910,-393,2605,1302,required_80m_footprint_outside_source_frame
train:24985,train:5128,train,24985,5128,5128.jpg,3840,2160,1,swimmer,1994.0,1286.0,52.0,66.0,3432.0,30.19852727826882,30.7,mavic,DJI_0059.MP4,3330,data/raw/seadronessee/odv2/images/train/5128.jpg,test,1695,1172,472,2867,2167,required_80m_footprint_outside_source_frame
train:24987,train:5128,train,24987,5128,5128.jpg,3840,2160,2,boat,853.0,1804.0,355.0,256.0,90880.0,30.19852727826882,30.7,mavic,DJI_0059.MP4,3330,data/raw/seadronessee/odv2/images/train/5128.jpg,test,1695,183,1084,1878,2779,required_80m_footprint_outside_source_frame
train:24988,train:5128,train,24988,5128,5128.jpg,3840,2160,2,boat,1663.0,635.0,180.0,65.0,11700.0,30.19852727826882,30.7,mavic,DJI_0059.MP4,3330,data/raw/seadronessee/odv2/images/train/5128.jpg,test,1695,906,-180,2601,1515,required_80m_footprint_outside_source_frame
train:24991,train:5128,train,24991,5128,5128.jpg,3840,2160,2,boat,1695.0,402.0,116.0,108.0,12528.0,30.19852727826882,30.7,mavic,DJI_0059.MP4,3330,data/raw/seadronessee/odv2/images/train/5128.jpg,test,1695,906,-392,2601,1303,required_80m_footprint_outside_source_frame
train:25001,train:5130,train,25001,5130,5130.jpg,3840,2160,1,swimmer,1984.0,1276.0,59.0,85.0,5015.0,30.19852727826882,30.7,mavic,DJI_0059.MP4,3360,data/raw/seadronessee/odv2/images/train/5130.jpg,test,1695,1166,471,2861,2166,required_80m_footprint_outside_source_frame
train:25003,train:5130,train,25003,5130,5130.jpg,3840,2160,2,boat,848.0,1813.0,354.0,262.0,92748.0,30.19852727826882,30.7,mavic,DJI_0059.MP4,3360,data/raw/seadronessee/odv2/images/train/5130.jpg,test,1695,178,1096,1873,2791,required_80m_footprint_outside_source_frame
train:25004,train:5130,train,25004,5130,5130.jpg,3840,2160,2,boat,1661.0,639.0,177.0,64.0,11328.0,30.19852727826882,30.7,mavic,DJI_0059.MP4,3360,data/raw/seadronessee/odv2/images/train/5130.jpg,test,1695,902,-176,2597,1519,required_80m_footprint_outside_source_frame
train:25007,train:5130,train,25007,5130,5130.jpg,3840,2160,2,boat,1691.0,403.0,116.0,108.0,12528.0,30.19852727826882,30.7,mavic,DJI_0059.MP4,3360,data/raw/seadronessee/odv2/images/train/5130.jpg,test,1695,902,-390,2597,1305,required_80m_footprint_outside_source_frame
train:25019,train:5132,train,25019,5132,5132.jpg,3840,2160,2,boat,842.0,1819.0,355.0,264.0,93720.0,30.298522401706794,30.7,mavic,DJI_0059.MP4,3390,data/raw/seadronessee/odv2/images/train/5132.jpg,test,1690,174,1106,1864,2796,required_80m_footprint_outside_source_frame
train:25020,train:5132,train,25020,5132,5132.jpg,3840,2160,2,boat,1657.0,638.0,180.0,65.0,11700.0,30.298522401706794,30.7,mavic,DJI_0059.MP4,3390,data/raw/seadronessee/odv2/images/train/5132.jpg,test,1690,902,-174,2592,1516,required_80m_footprint_outside_source_frame
train:25023,train:5132,train,25023,5132,5132.jpg,3840,2160,2,boat,1686.0,405.0,115.0,107.0,12305.0,30.298522401706794,30.7,mavic,DJI_0059.MP4,3390,data/raw/seadronessee/odv2/images/train/5132.jpg,test,1690,898,-386,2588,1304,required_80m_footprint_outside_source_frame
train:25035,train:5134,train,25035,5134,5134.jpg,3840,2160,2,boat,836.0,1825.0,354.0,263.0,93102.0,30.298522401706794,30.7,mavic,DJI_0059.MP4,3420,data/raw/seadronessee/odv2/images/train/5134.jpg,test,1690,168,1112,1858,2802,required_80m_footprint_outside_source_frame
train:25036,train:5134,train,25036,5134,5134.jpg,3840,2160,2,boat,1653.0,641.0,178.0,64.0,11392.0,30.298522401706794,30.7,mavic,DJI_0059.MP4,3420,data/raw/seadronessee/odv2/images/train/5134.jpg,test,1690,897,-172,2587,1518,required_80m_footprint_outside_source_frame
train:25039,train:5134,train,25039,5134,5134.jpg,3840,2160,2,boat,1679.0,406.0,117.0,109.0,12753.0,30.298522401706794,30.7,mavic,DJI_0059.MP4,3420,data/raw/seadronessee/odv2/images/train/5134.jpg,test,1690,892,-384,2582,1306,required_80m_footprint_outside_source_frame
train:25051,train:5136,train,25051,5136,5136.jpg,3840,2160,2,boat,841.0,1830.0,345.0,278.0,95910.0,30.298522401706794,30.7,mavic,DJI_0059.MP4,3450,data/raw/seadronessee/odv2/images/train/5136.jpg,test,1690,168,1124,1858,2814,required_80m_footprint_outside_source_frame
train:25052,train:5136,train,25052,5136,5136.jpg,3840,2160,2,boat,1649.0,643.0,179.0,65.0,11635.0,30.298522401706794,30.7,mavic,DJI_0059.MP4,3450,data/raw/seadronessee/odv2/images/train/5136.jpg,test,1690,894,-170,2584,1520,required_80m_footprint_outside_source_frame
train:25055,train:5136,train,25055,5136,5136.jpg,3840,2160,2,boat,1675.0,408.0,116.0,108.0,12528.0,30.298522401706794,30.7,mavic,DJI_0059.MP4,3450,data/raw/seadronessee/odv2/images/train/5136.jpg,test,1690,888,-383,2578,1307,required_80m_footprint_outside_source_frame
train:25067,train:5138,train,25067,5138,5138.jpg,3840,2160,2,boat,830.0,1836.0,347.0,280.0,97160.0,30.298522401706794,30.7,mavic,DJI_0059.MP4,3480,data/raw/seadronessee/odv2/images/train/5138.jpg,test,1690,158,1131,1848,2821,required_80m_footprint_outside_source_frame
train:25068,train:5138,train,25068,5138,5138.jpg,3840,2160,2,boat,1645.0,643.0,178.0,64.0,11392.0,30.298522401706794,30.7,mavic,DJI_0059.MP4,3480,data/raw/seadronessee/odv2/images/train/5138.jpg,test,1690,889,-170,2579,1520,required_80m_footprint_outside_source_frame
train:25071,train:5138,train,25071,5138,5138.jpg,3840,2160,2,boat,1669.0,407.0,117.0,109.0,12753.0,30.298522401706794,30.7,mavic,DJI_0059.MP4,3480,data/raw/seadronessee/odv2/images/train/5138.jpg,test,1690,882,-384,2572,1306,required_80m_footprint_outside_source_frame
train:25083,train:5140,train,25083,5140,5140.jpg,3840,2160,2,boat,673.0,1887.0,357.0,273.0,97461.0,30.298522401706794,30.7,mavic,DJI_0059.MP4,3510,data/raw/seadronessee/odv2/images/train/5140.jpg,test,1690,6,1178,1696,2868,required_80m_footprint_outside_source_frame
train:25084,train:5140,train,25084,5140,5140.jpg,3840,2160,2,boat,1476.0,653.0,179.0,65.0,11635.0,30.298522401706794,30.7,mavic,DJI_0059.MP4,3510,data/raw/seadronessee/odv2/images/train/5140.jpg,test,1690,720,-160,2410,1530,required_80m_footprint_outside_source_frame
train:25087,train:5140,train,25087,5140,5140.jpg,3840,2160,2,boat,1493.0,415.0,118.0,110.0,12980.0,30.298522401706794,30.7,mavic,DJI_0059.MP4,3510,data/raw/seadronessee/odv2/images/train/5140.jpg,test,1690,707,-375,2397,1315,required_80m_footprint_outside_source_frame
train:25096,train:5142,train,25096,5142,5142.jpg,3840,2160,1,swimmer,1578.0,1291.0,54.0,50.0,2700.0,30.298522401706794,30.7,mavic,DJI_0059.MP4,3540,data/raw/seadronessee/odv2/images/train/5142.jpg,test,1690,760,471,2450,2161,required_80m_footprint_outside_source_frame
train:25099,train:5142,train,25099,5142,5142.jpg,3840,2160,2,boat,609.0,1917.0,334.0,243.0,81162.0,30.298522401706794,30.7,mavic,DJI_0059.MP4,3540,data/raw/seadronessee/odv2/images/train/5142.jpg,test,1690,-69,1194,1621,2884,required_80m_footprint_outside_source_frame
train:25100,train:5142,train,25100,5142,5142.jpg,3840,2160,2,boat,1360.0,653.0,181.0,65.0,11765.0,30.298522401706794,30.7,mavic,DJI_0059.MP4,3540,data/raw/seadronessee/odv2/images/train/5142.jpg,test,1690,606,-160,2296,1530,required_80m_footprint_outside_source_frame
train:25103,train:5142,train,25103,5142,5142.jpg,3840,2160,2,boat,1369.0,415.0,119.0,104.0,12376.0,30.298522401706794,30.7,mavic,DJI_0059.MP4,3540,data/raw/seadronessee/odv2/images/train/5142.jpg,test,1690,584,-378,2274,1312,required_80m_footprint_outside_source_frame
train:25112,train:5144,train,25112,5144,5144.jpg,3840,2160,1,swimmer,1731.0,1292.0,50.0,55.0,2750.0,30.298522401706794,30.7,mavic,DJI_0059.MP4,3570,data/raw/seadronessee/odv2/images/train/5144.jpg,test,1690,911,474,2601,2164,required_80m_footprint_outside_source_frame
train:25115,train:5144,train,25115,5144,5144.jpg,3840,2160,2,boat,838.0,1936.0,327.0,224.0,73248.0,30.298522401706794,30.7,mavic,DJI_0059.MP4,3570,data/raw/seadronessee/odv2/images/train/5144.jpg,test,1690,156,1203,1846,2893,required_80m_footprint_outside_source_frame
train:25116,train:5144,train,25116,5144,5144.jpg,3840,2160,2,boat,1438.0,648.0,184.0,67.0,12328.0,30.298522401706794,30.7,mavic,DJI_0059.MP4,3570,data/raw/seadronessee/odv2/images/train/5144.jpg,test,1690,685,-164,2375,1526,required_80m_footprint_outside_source_frame
train:25119,train:5144,train,25119,5144,5144.jpg,3840,2160,2,boat,1425.0,408.0,122.0,107.0,13054.0,30.298522401706794,30.7,mavic,DJI_0059.MP4,3570,data/raw/seadronessee/odv2/images/train/5144.jpg,test,1690,641,-384,2331,1306,required_80m_footprint_outside_source_frame
train:36481,train:6551,train,36481,6551,6551.jpg,3840,2160,2,boat,3290.0,748.0,192.0,79.0,15168.0,33.69835659859799,24.0,mavic,NorthSea_Fri_DJI_0114.MP4,4065,data/raw/seadronessee/odv2/images/train/6551.jpg,train,1519,2626,28,4145,1547,required_80m_footprint_outside_source_frame
train:36482,train:6551,train,36482,6551,6551.jpg,3840,2160,3,jetski,483.0,1645.0,214.0,53.0,11342.0,33.69835659859799,24.0,mavic,NorthSea_Fri_DJI_0114.MP4,4065,data/raw/seadronessee/odv2/images/train/6551.jpg,train,1519,-170,912,1349,2431,required_80m_footprint_outside_source_frame
train:36489,train:6551,train,36489,6551,6551.jpg,3840,2160,2,boat,2300.0,0.0,64.0,134.0,8576.0,33.69835659859799,24.0,mavic,NorthSea_Fri_DJI_0114.MP4,4065,data/raw/seadronessee/odv2/images/train/6551.jpg,train,1519,1572,-692,3091,827,required_80m_footprint_outside_source_frame
train:36490,train:6551,train,36490,6551,6551.jpg,3840,2160,2,boat,1971.0,3.0,79.0,162.0,12798.0,33.69835659859799,24.0,mavic,NorthSea_Fri_DJI_0114.MP4,4065,data/raw/seadronessee/odv2/images/train/6551.jpg,train,1519,1251,-676,2770,843,required_80m_footprint_outside_source_frame
train:36491,train:6551,train,36491,6551,6551.jpg,3840,2160,2,boat,2963.0,0.0,64.0,46.0,2944.0,33.69835659859799,24.0,mavic,NorthSea_Fri_DJI_0114.MP4,4065,data/raw/seadronessee/odv2/images/train/6551.jpg,train,1519,2236,-736,3755,783,required_80m_footprint_outside_source_frame
train:36509,train:6553,train,36509,6553,6553.jpg,3840,2160,2,boat,3332.0,685.0,176.0,82.0,14432.0,31.698454129838463,24.0,mavic,NorthSea_Fri_DJI_0114.MP4,4095,data/raw/seadronessee/odv2/images/train/6553.jpg,train,1615,2612,-82,4227,1533,required_80m_footprint_outside_source_frame
train:36510,train:6553,train,36510,6553,6553.jpg,3840,2160,3,jetski,0.0,1668.0,215.0,71.0,15265.0,31.698454129838463,24.0,mavic,NorthSea_Fri_DJI_0114.MP4,4095,data/raw/seadronessee/odv2/images/train/6553.jpg,train,1615,-700,896,915,2511,required_80m_footprint_outside_source_frame
train:36511,train:6553,train,36511,6553,6553.jpg,3840,2160,1,swimmer,2525.0,752.0,17.0,14.0,238.0,31.698454129838463,24.0,mavic,NorthSea_Fri_DJI_0114.MP4,4095,data/raw/seadronessee/odv2/images/train/6553.jpg,train,1615,1726,-48,3341,1567,required_80m_footprint_outside_source_frame
train:36512,train:6553,train,36512,6553,6553.jpg,3840,2160,1,swimmer,2604.0,764.0,44.0,23.0,1012.0,31.698454129838463,24.0,mavic,NorthSea_Fri_DJI_0114.MP4,4095,data/raw/seadronessee/odv2/images/train/6553.jpg,train,1615,1818,-32,3433,1583,required_80m_footprint_outside_source_frame
train:36513,train:6553,train,36513,6553,6553.jpg,3840,2160,1,swimmer,2399.0,752.0,36.0,20.0,720.0,31.698454129838463,24.0,mavic,NorthSea_Fri_DJI_0114.MP4,4095,data/raw/seadronessee/odv2/images/train/6553.jpg,train,1615,1610,-46,3225,1569,required_80m_footprint_outside_source_frame
train:36517,train:6553,train,36517,6553,6553.jpg,3840,2160,2,boat,2274.0,0.0,62.0,112.0,6944.0,31.698454129838463,24.0,mavic,NorthSea_Fri_DJI_0114.MP4,4095,data/raw/seadronessee/odv2/images/train/6553.jpg,train,1615,1498,-752,3113,863,required_80m_footprint_outside_source_frame
train:36518,train:6553,train,36518,6553,6553.jpg,3840,2160,2,boat,1944.0,0.0,74.0,142.0,10508.0,31.698454129838463,24.0,mavic,NorthSea_Fri_DJI_0114.MP4,4095,data/raw/seadronessee/odv2/images/train/6553.jpg,train,1615,1174,-736,2789,879,required_80m_footprint_outside_source_frame
train:36532,train:6555,train,36532,6555,6555.jpg,3840,2160,2,boat,3369.0,717.0,160.0,85.0,13600.0,31.79844925327644,26.9,mavic,NorthSea_Fri_DJI_0114.MP4,4125,data/raw/seadronessee/odv2/images/train/6555.jpg,train,1610,2644,-46,4254,1564,required_80m_footprint_outside_source_frame
train:36535,train:6555,train,36535,6555,6555.jpg,3840,2160,1,swimmer,2525.0,778.0,26.0,18.0,468.0,31.79844925327644,26.9,mavic,NorthSea_Fri_DJI_0114.MP4,4125,data/raw/seadronessee/odv2/images/train/6555.jpg,train,1610,1733,-18,3343,1592,required_80m_footprint_outside_source_frame
train:36536,train:6555,train,36536,6555,6555.jpg,3840,2160,1,swimmer,2422.0,780.0,25.0,21.0,525.0,31.79844925327644,26.9,mavic,NorthSea_Fri_DJI_0114.MP4,4125,data/raw/seadronessee/odv2/images/train/6555.jpg,train,1610,1630,-14,3240,1596,required_80m_footprint_outside_source_frame
train:36541,train:6555,train,36541,6555,6555.jpg,3840,2160,2,boat,1911.0,0.0,93.0,150.0,13950.0,31.79844925327644,26.9,mavic,NorthSea_Fri_DJI_0114.MP4,4125,data/raw/seadronessee/odv2/images/train/6555.jpg,train,1610,1152,-730,2762,880,required_80m_footprint_outside_source_frame
train:36542,train:6555,train,36542,6555,6555.jpg,3840,2160,2,boat,2242.0,1.0,80.0,113.0,9040.0,31.79844925327644,26.9,mavic,NorthSea_Fri_DJI_0114.MP4,4125,data/raw/seadronessee/odv2/images/train/6555.jpg,train,1610,1477,-748,3087,862,required_80m_footprint_outside_source_frame
train:36558,train:6557,train,36558,6557,6557.jpg,3840,2160,2,boat,3401.0,815.0,141.0,84.0,11844.0,31.89844437671441,22.0,mavic,NorthSea_Fri_DJI_0114.MP4,4155,data/raw/seadronessee/odv2/images/train/6557.jpg,train,1605,2669,54,4274,1659,required_80m_footprint_outside_source_frame
train:36567,train:6557,train,36567,6557,6557.jpg,3840,2160,2,boat,1882.0,99.0,97.0,165.0,16005.0,31.89844437671441,22.0,mavic,NorthSea_Fri_DJI_0114.MP4,4155,data/raw/seadronessee/odv2/images/train/6557.jpg,train,1605,1128,-621,2733,984,required_80m_footprint_outside_source_frame
train:36568,train:6557,train,36568,6557,6557.jpg,3840,2160,2,boat,2207.0,79.0,85.0,148.0,12580.0,31.89844437671441,22.0,mavic,NorthSea_Fri_DJI_0114.MP4,4155,data/raw/seadronessee/odv2/images/train/6557.jpg,train,1605,1447,-650,3052,955,required_80m_footprint_outside_source_frame
train:36569,train:6557,train,36569,6557,6557.jpg,3840,2160,2,boat,2900.0,7.0,73.0,140.0,10220.0,31.89844437671441,22.0,mavic,NorthSea_Fri_DJI_0114.MP4,4155,data/raw/seadronessee/odv2/images/train/6557.jpg,train,1605,2134,-726,3739,879,required_80m_footprint_outside_source_frame
train:36584,train:6559,train,36584,6559,6559.jpg,3840,2160,2,boat,3262.0,795.0,125.0,83.0,10375.0,31.79844925327644,22.0,mavic,NorthSea_Fri_DJI_0114.MP4,4185,data/raw/seadronessee/odv2/images/train/6559.jpg,train,1610,2520,32,4130,1642,required_80m_footprint_outside_source_frame
train:36591,train:6559,train,36591,6559,6559.jpg,3840,2160,2,boat,1690.0,102.0,99.0,167.0,16533.0,31.79844925327644,22.0,mavic,NorthSea_Fri_DJI_0114.MP4,4185,data/raw/seadronessee/odv2/images/train/6559.jpg,train,1610,934,-620,2544,990,required_80m_footprint_outside_source_frame
train:36592,train:6559,train,36592,6559,6559.jpg,3840,2160,2,boat,2015.0,77.0,84.0,148.0,12432.0,31.79844925327644,22.0,mavic,NorthSea_Fri_DJI_0114.MP4,4185,data/raw/seadronessee/odv2/images/train/6559.jpg,train,1610,1252,-654,2862,956,required_80m_footprint_outside_source_frame
train:36594,train:6559,train,36594,6559,6559.jpg,3840,2160,2,boat,2712.0,1.0,65.0,139.0,9035.0,31.79844925327644,22.0,mavic,NorthSea_Fri_DJI_0114.MP4,4185,data/raw/seadronessee/odv2/images/train/6559.jpg,train,1610,1940,-734,3550,876,required_80m_footprint_outside_source_frame
train:36610,train:6561,train,36610,6561,6561.jpg,3840,2160,2,boat,3240.0,793.0,107.0,80.0,8560.0,31.79844925327644,22.0,mavic,NorthSea_Fri_DJI_0114.MP4,4215,data/raw/seadronessee/odv2/images/train/6561.jpg,train,1610,2488,28,4098,1638,required_80m_footprint_outside_source_frame
train:36617,train:6561,train,36617,6561,6561.jpg,3840,2160,2,boat,1596.0,108.0,101.0,169.0,17069.0,31.79844925327644,22.0,mavic,NorthSea_Fri_DJI_0114.MP4,4215,data/raw/seadronessee/odv2/images/train/6561.jpg,train,1610,842,-612,2452,998,required_80m_footprint_outside_source_frame
train:36618,train:6561,train,36618,6561,6561.jpg,3840,2160,2,boat,1931.0,81.0,83.0,145.0,12035.0,31.79844925327644,22.0,mavic,NorthSea_Fri_DJI_0114.MP4,4215,data/raw/seadronessee/odv2/images/train/6561.jpg,train,1610,1168,-652,2778,958,required_80m_footprint_outside_source_frame
train:36620,train:6561,train,36620,6561,6561.jpg,3840,2160,2,boat,2631.0,2.0,70.0,137.0,9590.0,31.79844925327644,22.0,mavic,NorthSea_Fri_DJI_0114.MP4,4215,data/raw/seadronessee/odv2/images/train/6561.jpg,train,1610,1861,-734,3471,876,required_80m_footprint_outside_source_frame
train:36636,train:6563,train,36636,6563,6563.jpg,3840,2160,2,boat,3254.0,802.0,95.0,90.0,8550.0,31.59845900640049,22.0,mavic,NorthSea_Fri_DJI_0114.MP4,4245,data/raw/seadronessee/odv2/images/train/6563.jpg,train,1620,2492,37,4112,1657,required_80m_footprint_outside_source_frame
train:36643,train:6563,train,36643,6563,6563.jpg,3840,2160,2,boat,1531.0,112.0,100.0,170.0,17000.0,31.59845900640049,22.0,mavic,NorthSea_Fri_DJI_0114.MP4,4245,data/raw/seadronessee/odv2/images/train/6563.jpg,train,1620,771,-613,2391,1007,required_80m_footprint_outside_source_frame
train:36644,train:6563,train,36644,6563,6563.jpg,3840,2160,2,boat,1870.0,87.0,82.0,149.0,12218.0,31.59845900640049,22.0,mavic,NorthSea_Fri_DJI_0114.MP4,4245,data/raw/seadronessee/odv2/images/train/6563.jpg,train,1620,1101,-648,2721,972,required_80m_footprint_outside_source_frame
train:36646,train:6563,train,36646,6563,6563.jpg,3840,2160,2,boat,2582.0,5.0,68.0,135.0,9180.0,31.59845900640049,22.0,mavic,NorthSea_Fri_DJI_0114.MP4,4245,data/raw/seadronessee/odv2/images/train/6563.jpg,train,1620,1806,-738,3426,882,required_80m_footprint_outside_source_frame
train:36662,train:6565,train,36662,6565,6565.jpg,3840,2160,2,boat,3262.0,825.0,123.0,100.0,12300.0,31.59845900640049,22.0,mavic,NorthSea_Fri_DJI_0114.MP4,4275,data/raw/seadronessee/odv2/images/train/6565.jpg,train,1620,2514,65,4134,1685,required_80m_footprint_outside_source_frame
train:36669,train:6565,train,36669,6565,6565.jpg,3840,2160,2,boat,1468.0,135.0,101.0,170.0,17170.0,31.59845900640049,22.0,mavic,NorthSea_Fri_DJI_0114.MP4,4275,data/raw/seadronessee/odv2/images/train/6565.jpg,train,1620,708,-590,2328,1030,required_80m_footprint_outside_source_frame
train:36670,train:6565,train,36670,6565,6565.jpg,3840,2160,2,boat,1819.0,102.0,84.0,151.0,12684.0,31.59845900640049,22.0,mavic,NorthSea_Fri_DJI_0114.MP4,4275,data/raw/seadronessee/odv2/images/train/6565.jpg,train,1620,1051,-632,2671,988,required_80m_footprint_outside_source_frame
train:36672,train:6565,train,36672,6565,6565.jpg,3840,2160,2,boat,2536.0,13.0,72.0,142.0,10224.0,31.59845900640049,22.0,mavic,NorthSea_Fri_DJI_0114.MP4,4275,data/raw/seadronessee/odv2/images/train/6565.jpg,train,1620,1762,-726,3382,894,required_80m_footprint_outside_source_frame
train:36688,train:6567,train,36688,6567,6567.jpg,3840,2160,2,boat,3277.0,837.0,126.0,85.0,10710.0,31.698454129838463,22.0,mavic,NorthSea_Fri_DJI_0114.MP4,4305,data/raw/seadronessee/odv2/images/train/6567.jpg,train,1615,2532,72,4147,1687,required_80m_footprint_outside_source_frame
train:36695,train:6567,train,36695,6567,6567.jpg,3840,2160,2,boat,1446.0,137.0,104.0,173.0,17992.0,31.698454129838463,22.0,mavic,NorthSea_Fri_DJI_0114.MP4,4305,data/raw/seadronessee/odv2/images/train/6567.jpg,train,1615,690,-584,2305,1031,required_80m_footprint_outside_source_frame
train:36696,train:6567,train,36696,6567,6567.jpg,3840,2160,2,boat,1806.0,116.0,82.0,145.0,11890.0,31.698454129838463,22.0,mavic,NorthSea_Fri_DJI_0114.MP4,4305,data/raw/seadronessee/odv2/images/train/6567.jpg,train,1615,1040,-619,2655,996,required_80m_footprint_outside_source_frame
train:36698,train:6567,train,36698,6567,6567.jpg,3840,2160,2,boat,2526.0,21.0,74.0,140.0,10360.0,31.698454129838463,22.0,mavic,NorthSea_Fri_DJI_0114.MP4,4305,data/raw/seadronessee/odv2/images/train/6567.jpg,train,1615,1756,-716,3371,899,required_80m_footprint_outside_source_frame
train:36714,train:6569,train,36714,6569,6569.jpg,3840,2160,2,boat,3116.0,827.0,145.0,81.0,11745.0,31.89844437671441,22.0,mavic,NorthSea_Fri_DJI_0114.MP4,4335,data/raw/seadronessee/odv2/images/train/6569.jpg,train,1605,2386,65,3991,1670,required_80m_footprint_outside_source_frame
train:36721,train:6569,train,36721,6569,6569.jpg,3840,2160,2,boat,1281.0,149.0,101.0,168.0,16968.0,31.89844437671441,22.0,mavic,NorthSea_Fri_DJI_0114.MP4,4335,data/raw/seadronessee/odv2/images/train/6569.jpg,train,1605,529,-570,2134,1035,required_80m_footprint_outside_source_frame
train:36722,train:6569,train,36722,6569,6569.jpg,3840,2160,2,boat,1642.0,122.0,83.0,149.0,12367.0,31.89844437671441,22.0,mavic,NorthSea_Fri_DJI_0114.MP4,4335,data/raw/seadronessee/odv2/images/train/6569.jpg,train,1605,881,-606,2486,999,required_80m_footprint_outside_source_frame
train:36724,train:6569,train,36724,6569,6569.jpg,3840,2160,2,boat,2359.0,28.0,84.0,136.0,11424.0,31.89844437671441,22.0,mavic,NorthSea_Fri_DJI_0114.MP4,4335,data/raw/seadronessee/odv2/images/train/6569.jpg,train,1605,1598,-706,3203,899,required_80m_footprint_outside_source_frame
train:36740,train:6571,train,36740,6571,6571.jpg,3840,2160,2,boat,3104.0,817.0,149.0,79.0,11771.0,31.99843950015239,22.0,mavic,NorthSea_Fri_DJI_0114.MP4,4365,data/raw/seadronessee/odv2/images/train/6571.jpg,train,1600,2378,56,3978,1656,required_80m_footprint_outside_source_frame
train:36747,train:6571,train,36747,6571,6571.jpg,3840,2160,2,boat,1245.0,144.0,110.0,178.0,19580.0,31.99843950015239,22.0,mavic,NorthSea_Fri_DJI_0114.MP4,4365,data/raw/seadronessee/odv2/images/train/6571.jpg,train,1600,500,-567,2100,1033,required_80m_footprint_outside_source_frame
train:36748,train:6571,train,36748,6571,6571.jpg,3840,2160,2,boat,1616.0,122.0,87.0,154.0,13398.0,31.99843950015239,22.0,mavic,NorthSea_Fri_DJI_0114.MP4,4365,data/raw/seadronessee/odv2/images/train/6571.jpg,train,1600,860,-601,2460,999,required_80m_footprint_outside_source_frame
train:36749,train:6571,train,36749,6571,6571.jpg,3840,2160,2,boat,2338.0,31.0,82.0,138.0,11316.0,31.99843950015239,22.0,mavic,NorthSea_Fri_DJI_0114.MP4,4365,data/raw/seadronessee/odv2/images/train/6571.jpg,train,1600,1579,-700,3179,900,required_80m_footprint_outside_source_frame
train:36766,train:6573,train,36766,6573,6573.jpg,3840,2160,2,boat,3092.0,805.0,153.0,81.0,12393.0,31.89844437671441,22.0,mavic,NorthSea_Fri_DJI_0114.MP4,4395,data/raw/seadronessee/odv2/images/train/6573.jpg,train,1605,2366,43,3971,1648,required_80m_footprint_outside_source_frame
train:36773,train:6573,train,36773,6573,6573.jpg,3840,2160,2,boat,1220.0,150.0,106.0,175.0,18550.0,31.89844437671441,22.0,mavic,NorthSea_Fri_DJI_0114.MP4,4395,data/raw/seadronessee/odv2/images/train/6573.jpg,train,1605,470,-565,2075,1040,required_80m_footprint_outside_source_frame
train:36774,train:6573,train,36774,6573,6573.jpg,3840,2160,2,boat,1596.0,126.0,86.0,153.0,13158.0,31.89844437671441,22.0,mavic,NorthSea_Fri_DJI_0114.MP4,4395,data/raw/seadronessee/odv2/images/train/6573.jpg,train,1605,836,-600,2441,1005,required_80m_footprint_outside_source_frame
train:36775,train:6573,train,36775,6573,6573.jpg,3840,2160,2,boat,2324.0,34.0,75.0,141.0,10575.0,31.89844437671441,22.0,mavic,NorthSea_Fri_DJI_0114.MP4,4395,data/raw/seadronessee/odv2/images/train/6573.jpg,train,1605,1559,-698,3164,907,required_80m_footprint_outside_source_frame
train:36792,train:6575,train,36792,6575,6575.jpg,3840,2160,2,boat,3067.0,792.0,160.0,81.0,12960.0,31.89844437671441,22.0,mavic,NorthSea_Fri_DJI_0114.MP4,4425,data/raw/seadronessee/odv2/images/train/6575.jpg,train,1605,2344,30,3949,1635,required_80m_footprint_outside_source_frame
train:36799,train:6575,train,36799,6575,6575.jpg,3840,2160,2,boat,1195.0,150.0,108.0,179.0,19332.0,31.89844437671441,22.0,mavic,NorthSea_Fri_DJI_0114.MP4,4425,data/raw/seadronessee/odv2/images/train/6575.jpg,train,1605,446,-563,2051,1042,required_80m_footprint_outside_source_frame
train:36800,train:6575,train,36800,6575,6575.jpg,3840,2160,2,boat,1576.0,128.0,87.0,153.0,13311.0,31.89844437671441,22.0,mavic,NorthSea_Fri_DJI_0114.MP4,4425,data/raw/seadronessee/odv2/images/train/6575.jpg,train,1605,817,-598,2422,1007,required_80m_footprint_outside_source_frame
train:36801,train:6575,train,36801,6575,6575.jpg,3840,2160,2,boat,2319.0,30.0,75.0,141.0,10575.0,31.89844437671441,22.0,mavic,NorthSea_Fri_DJI_0114.MP4,4425,data/raw/seadronessee/odv2/images/train/6575.jpg,train,1605,1554,-702,3159,903,required_80m_footprint_outside_source_frame
train:36818,train:6577,train,36818,6577,6577.jpg,3840,2160,2,boat,3051.0,781.0,157.0,80.0,12560.0,31.79844925327644,22.0,mavic,NorthSea_Fri_DJI_0114.MP4,4455,data/raw/seadronessee/odv2/images/train/6577.jpg,train,1610,2324,16,3934,1626,required_80m_footprint_outside_source_frame
train:36825,train:6577,train,36825,6577,6577.jpg,3840,2160,2,boat,1166.0,156.0,111.0,179.0,19869.0,31.79844925327644,22.0,mavic,NorthSea_Fri_DJI_0114.MP4,4455,data/raw/seadronessee/odv2/images/train/6577.jpg,train,1610,416,-560,2026,1050,required_80m_footprint_outside_source_frame
train:36826,train:6577,train,36826,6577,6577.jpg,3840,2160,2,boat,1553.0,131.0,90.0,155.0,13950.0,31.79844925327644,22.0,mavic,NorthSea_Fri_DJI_0114.MP4,4455,data/raw/seadronessee/odv2/images/train/6577.jpg,train,1610,793,-596,2403,1014,required_80m_footprint_outside_source_frame
train:36827,train:6577,train,36827,6577,6577.jpg,3840,2160,2,boat,2304.0,36.0,78.0,142.0,11076.0,31.79844925327644,22.0,mavic,NorthSea_Fri_DJI_0114.MP4,4455,data/raw/seadronessee/odv2/images/train/6577.jpg,train,1610,1538,-698,3148,912,required_80m_footprint_outside_source_frame
train:36844,train:6579,train,36844,6579,6579.jpg,3840,2160,2,boat,3025.0,766.0,167.0,81.0,13527.0,31.79844925327644,22.0,mavic,NorthSea_Fri_DJI_0114.MP4,4485,data/raw/seadronessee/odv2/images/train/6579.jpg,train,1610,2304,2,3914,1612,required_80m_footprint_outside_source_frame
train:36851,train:6579,train,36851,6579,6579.jpg,3840,2160,2,boat,1140.0,159.0,110.0,180.0,19800.0,31.79844925327644,22.0,mavic,NorthSea_Fri_DJI_0114.MP4,4485,data/raw/seadronessee/odv2/images/train/6579.jpg,train,1610,390,-556,2000,1054,required_80m_footprint_outside_source_frame
train:36852,train:6579,train,36852,6579,6579.jpg,3840,2160,2,boat,1528.0,127.0,92.0,159.0,14628.0,31.79844925327644,22.0,mavic,NorthSea_Fri_DJI_0114.MP4,4485,data/raw/seadronessee/odv2/images/train/6579.jpg,train,1610,769,-598,2379,1012,required_80m_footprint_outside_source_frame
train:36853,train:6579,train,36853,6579,6579.jpg,3840,2160,2,boat,2289.0,32.0,77.0,147.0,11319.0,31.79844925327644,22.0,mavic,NorthSea_Fri_DJI_0114.MP4,4485,data/raw/seadronessee/odv2/images/train/6579.jpg,train,1610,1522,-700,3132,910,required_80m_footprint_outside_source_frame
train:36870,train:6581,train,36870,6581,6581.jpg,3840,2160,2,boat,3002.0,759.0,178.0,79.0,14062.0,31.79844925327644,22.0,mavic,NorthSea_Fri_DJI_0114.MP4,4515,data/raw/seadronessee/odv2/images/train/6581.jpg,train,1610,2286,-6,3896,1604,required_80m_footprint_outside_source_frame
train:36877,train:6581,train,36877,6581,6581.jpg,3840,2160,2,boat,1115.0,160.0,111.0,181.0,20091.0,31.79844925327644,22.0,mavic,NorthSea_Fri_DJI_0114.MP4,4515,data/raw/seadronessee/odv2/images/train/6581.jpg,train,1610,366,-554,1976,1056,required_80m_footprint_outside_source_frame
train:36878,train:6581,train,36878,6581,6581.jpg,3840,2160,2,boat,1503.0,130.0,93.0,160.0,14880.0,31.79844925327644,22.0,mavic,NorthSea_Fri_DJI_0114.MP4,4515,data/raw/seadronessee/odv2/images/train/6581.jpg,train,1610,744,-595,2354,1015,required_80m_footprint_outside_source_frame
train:36879,train:6581,train,36879,6581,6581.jpg,3840,2160,2,boat,2279.0,36.0,77.0,146.0,11242.0,31.79844925327644,22.0,mavic,NorthSea_Fri_DJI_0114.MP4,4515,data/raw/seadronessee/odv2/images/train/6581.jpg,train,1610,1512,-696,3122,914,required_80m_footprint_outside_source_frame
train:36896,train:6583,train,36896,6583,6583.jpg,3840,2160,2,boat,2981.0,721.0,181.0,81.0,14661.0,31.79844925327644,22.0,mavic,NorthSea_Fri_DJI_0114.MP4,4545,data/raw/seadronessee/odv2/images/train/6583.jpg,train,1610,2266,-44,3876,1566,required_80m_footprint_outside_source_frame
train:36902,train:6583,train,36902,6583,6583.jpg,3840,2160,2,boat,1080.0,127.0,112.0,184.0,20608.0,31.79844925327644,22.0,mavic,NorthSea_Fri_DJI_0114.MP4,4545,data/raw/seadronessee/odv2/images/train/6583.jpg,train,1610,331,-586,1941,1024,required_80m_footprint_outside_source_frame
train:36903,train:6583,train,36903,6583,6583.jpg,3840,2160,2,boat,1474.0,93.0,94.0,169.0,15886.0,31.79844925327644,22.0,mavic,NorthSea_Fri_DJI_0114.MP4,4545,data/raw/seadronessee/odv2/images/train/6583.jpg,train,1610,716,-628,2326,982,required_80m_footprint_outside_source_frame
train:36904,train:6583,train,36904,6583,6583.jpg,3840,2160,2,boat,2269.0,5.0,80.0,143.0,11440.0,31.79844925327644,22.0,mavic,NorthSea_Fri_DJI_0114.MP4,4545,data/raw/seadronessee/odv2/images/train/6583.jpg,train,1610,1504,-728,3114,882,required_80m_footprint_outside_source_frame
train:36918,train:6585,train,36918,6585,6585.jpg,3840,2160,5,buoy,898.0,752.0,62.0,91.0,5642.0,31.79844925327644,31.2,mavic,NorthSea_Fri_DJI_0114.MP4,4575,data/raw/seadronessee/odv2/images/train/6585.jpg,train,1610,124,-8,1734,1602,required_80m_footprint_outside_source_frame
train:36919,train:6585,train,36919,6585,6585.jpg,3840,2160,2,boat,2994.0,255.0,202.0,92.0,18584.0,31.79844925327644,31.2,mavic,NorthSea_Fri_DJI_0114.MP4,4575,data/raw/seadronessee/odv2/images/train/6585.jpg,train,1610,2290,-504,3900,1106,required_80m_footprint_outside_source_frame
train:36920,train:6585,train,36920,6585,6585.jpg,3840,2160,1,swimmer,2297.0,488.0,46.0,27.0,1242.0,31.79844925327644,31.2,mavic,NorthSea_Fri_DJI_0114.MP4,4575,data/raw/seadronessee/odv2/images/train/6585.jpg,train,1610,1515,-304,3125,1306,required_80m_footprint_outside_source_frame
train:36921,train:6585,train,36921,6585,6585.jpg,3840,2160,1,swimmer,2172.0,504.0,20.0,21.0,420.0,31.79844925327644,31.2,mavic,NorthSea_Fri_DJI_0114.MP4,4575,data/raw/seadronessee/odv2/images/train/6585.jpg,train,1610,1377,-290,2987,1320,required_80m_footprint_outside_source_frame
train:36922,train:6585,train,36922,6585,6585.jpg,3840,2160,1,swimmer,2035.0,527.0,35.0,24.0,840.0,31.79844925327644,31.2,mavic,NorthSea_Fri_DJI_0114.MP4,4575,data/raw/seadronessee/odv2/images/train/6585.jpg,train,1610,1248,-266,2858,1344,required_80m_footprint_outside_source_frame
train:36923,train:6585,train,36923,6585,6585.jpg,3840,2160,1,swimmer,1965.0,612.0,50.0,24.0,1200.0,31.79844925327644,31.2,mavic,NorthSea_Fri_DJI_0114.MP4,4575,data/raw/seadronessee/odv2/images/train/6585.jpg,train,1610,1185,-181,2795,1429,required_80m_footprint_outside_source_frame
train:36924,train:6585,train,36924,6585,6585.jpg,3840,2160,1,swimmer,1972.0,640.0,51.0,25.0,1275.0,31.79844925327644,31.2,mavic,NorthSea_Fri_DJI_0114.MP4,4575,data/raw/seadronessee/odv2/images/train/6585.jpg,train,1610,1192,-152,2802,1458,required_80m_footprint_outside_source_frame
train:36925,train:6585,train,36925,6585,6585.jpg,3840,2160,1,swimmer,2002.0,676.0,49.0,31.0,1519.0,31.79844925327644,31.2,mavic,NorthSea_Fri_DJI_0114.MP4,4575,data/raw/seadronessee/odv2/images/train/6585.jpg,train,1610,1222,-114,2832,1496,required_80m_footprint_outside_source_frame
train:36926,train:6585,train,36926,6585,6585.jpg,3840,2160,1,swimmer,2011.0,735.0,27.0,20.0,540.0,31.79844925327644,31.2,mavic,NorthSea_Fri_DJI_0114.MP4,4575,data/raw/seadronessee/odv2/images/train/6585.jpg,train,1610,1220,-60,2830,1550,required_80m_footprint_outside_source_frame
train:36927,train:6585,train,36927,6585,6585.jpg,3840,2160,1,swimmer,2130.0,728.0,26.0,25.0,650.0,31.79844925327644,31.2,mavic,NorthSea_Fri_DJI_0114.MP4,4575,data/raw/seadronessee/odv2/images/train/6585.jpg,train,1610,1338,-64,2948,1546,required_80m_footprint_outside_source_frame
train:36939,train:6587,train,36939,6587,6587.jpg,3840,2160,2,boat,2948.0,367.0,209.0,92.0,19228.0,31.79844925327644,30.5,mavic,NorthSea_Fri_DJI_0114.MP4,4605,data/raw/seadronessee/odv2/images/train/6587.jpg,train,1610,2248,-392,3858,1218,required_80m_footprint_outside_source_frame
train:36940,train:6587,train,36940,6587,6587.jpg,3840,2160,1,swimmer,2302.0,607.0,43.0,29.0,1247.0,31.79844925327644,30.5,mavic,NorthSea_Fri_DJI_0114.MP4,4605,data/raw/seadronessee/odv2/images/train/6587.jpg,train,1610,1518,-184,3128,1426,required_80m_footprint_outside_source_frame
train:36941,train:6587,train,36941,6587,6587.jpg,3840,2160,1,swimmer,2166.0,627.0,20.0,21.0,420.0,31.79844925327644,30.5,mavic,NorthSea_Fri_DJI_0114.MP4,4605,data/raw/seadronessee/odv2/images/train/6587.jpg,train,1610,1371,-168,2981,1442,required_80m_footprint_outside_source_frame
train:36942,train:6587,train,36942,6587,6587.jpg,3840,2160,1,swimmer,2041.0,649.0,22.0,21.0,462.0,31.79844925327644,30.5,mavic,NorthSea_Fri_DJI_0114.MP4,4605,data/raw/seadronessee/odv2/images/train/6587.jpg,train,1610,1247,-146,2857,1464,required_80m_footprint_outside_source_frame
train:36943,train:6587,train,36943,6587,6587.jpg,3840,2160,1,swimmer,1951.0,726.0,60.0,34.0,2040.0,31.79844925327644,30.5,mavic,NorthSea_Fri_DJI_0114.MP4,4605,data/raw/seadronessee/odv2/images/train/6587.jpg,train,1610,1176,-62,2786,1548,required_80m_footprint_outside_source_frame
train:36944,train:6587,train,36944,6587,6587.jpg,3840,2160,1,swimmer,1967.0,760.0,54.0,25.0,1350.0,31.79844925327644,30.5,mavic,NorthSea_Fri_DJI_0114.MP4,4605,data/raw/seadronessee/odv2/images/train/6587.jpg,train,1610,1189,-32,2799,1578,required_80m_footprint_outside_source_frame
train:36959,train:6589,train,36959,6589,6589.jpg,3840,2160,2,boat,2906.0,361.0,210.0,93.0,19530.0,31.89844437671441,29.4,mavic,NorthSea_Fri_DJI_0114.MP4,4635,data/raw/seadronessee/odv2/images/train/6589.jpg,train,1605,2208,-395,3813,1210,required_80m_footprint_outside_source_frame
train:36960,train:6589,train,36960,6589,6589.jpg,3840,2160,1,swimmer,2296.0,624.0,43.0,28.0,1204.0,31.89844437671441,29.4,mavic,NorthSea_Fri_DJI_0114.MP4,4635,data/raw/seadronessee/odv2/images/train/6589.jpg,train,1605,1515,-164,3120,1441,required_80m_footprint_outside_source_frame
train:36961,train:6589,train,36961,6589,6589.jpg,3840,2160,1,swimmer,2158.0,641.0,24.0,20.0,480.0,31.89844437671441,29.4,mavic,NorthSea_Fri_DJI_0114.MP4,4635,data/raw/seadronessee/odv2/images/train/6589.jpg,train,1605,1368,-152,2973,1453,required_80m_footprint_outside_source_frame
train:36962,train:6589,train,36962,6589,6589.jpg,3840,2160,1,swimmer,2027.0,665.0,18.0,22.0,396.0,31.89844437671441,29.4,mavic,NorthSea_Fri_DJI_0114.MP4,4635,data/raw/seadronessee/odv2/images/train/6589.jpg,train,1605,1234,-126,2839,1479,required_80m_footprint_outside_source_frame
train:36963,train:6589,train,36963,6589,6589.jpg,3840,2160,1,swimmer,1948.0,747.0,54.0,28.0,1512.0,31.89844437671441,29.4,mavic,NorthSea_Fri_DJI_0114.MP4,4635,data/raw/seadronessee/odv2/images/train/6589.jpg,train,1605,1172,-42,2777,1563,required_80m_footprint_outside_source_frame
train:36964,train:6589,train,36964,6589,6589.jpg,3840,2160,1,swimmer,1953.0,774.0,58.0,23.0,1334.0,31.89844437671441,29.4,mavic,NorthSea_Fri_DJI_0114.MP4,4635,data/raw/seadronessee/odv2/images/train/6589.jpg,train,1605,1180,-17,2785,1588,required_80m_footprint_outside_source_frame
train:36979,train:6591,train,36979,6591,6591.jpg,3840,2160,2,boat,2873.0,363.0,196.0,101.0,19796.0,31.79844925327644,29.4,mavic,NorthSea_Fri_DJI_0114.MP4,4665,data/raw/seadronessee/odv2/images/train/6591.jpg,train,1610,2166,-392,3776,1218,required_80m_footprint_outside_source_frame
train:36980,train:6591,train,36980,6591,6591.jpg,3840,2160,1,swimmer,2303.0,646.0,42.0,28.0,1176.0,31.79844925327644,29.4,mavic,NorthSea_Fri_DJI_0114.MP4,4665,data/raw/seadronessee/odv2/images/train/6591.jpg,train,1610,1519,-145,3129,1465,required_80m_footprint_outside_source_frame
train:36981,train:6591,train,36981,6591,6591.jpg,3840,2160,1,swimmer,2153.0,677.0,22.0,17.0,374.0,31.79844925327644,29.4,mavic,NorthSea_Fri_DJI_0114.MP4,4665,data/raw/seadronessee/odv2/images/train/6591.jpg,train,1610,1359,-120,2969,1490,required_80m_footprint_outside_source_frame
train:36982,train:6591,train,36982,6591,6591.jpg,3840,2160,1,swimmer,2004.0,698.0,18.0,19.0,342.0,31.79844925327644,29.4,mavic,NorthSea_Fri_DJI_0114.MP4,4665,data/raw/seadronessee/odv2/images/train/6591.jpg,train,1610,1208,-98,2818,1512,required_80m_footprint_outside_source_frame
train:36983,train:6591,train,36983,6591,6591.jpg,3840,2160,1,swimmer,1928.0,779.0,52.0,26.0,1352.0,31.79844925327644,29.4,mavic,NorthSea_Fri_DJI_0114.MP4,4665,data/raw/seadronessee/odv2/images/train/6591.jpg,train,1610,1149,-13,2759,1597,required_80m_footprint_outside_source_frame
train:36999,train:6593,train,36999,6593,6593.jpg,3840,2160,2,boat,2851.0,369.0,188.0,97.0,18236.0,31.79844925327644,29.4,mavic,NorthSea_Fri_DJI_0114.MP4,4695,data/raw/seadronessee/odv2/images/train/6593.jpg,train,1610,2140,-388,3750,1222,required_80m_footprint_outside_source_frame
train:37000,train:6593,train,37000,6593,6593.jpg,3840,2160,1,swimmer,2313.0,658.0,50.0,32.0,1600.0,31.79844925327644,29.4,mavic,NorthSea_Fri_DJI_0114.MP4,4695,data/raw/seadronessee/odv2/images/train/6593.jpg,train,1610,1533,-131,3143,1479,required_80m_footprint_outside_source_frame
train:37001,train:6593,train,37001,6593,6593.jpg,3840,2160,1,swimmer,2147.0,694.0,23.0,17.0,391.0,31.79844925327644,29.4,mavic,NorthSea_Fri_DJI_0114.MP4,4695,data/raw/seadronessee/odv2/images/train/6593.jpg,train,1610,1354,-102,2964,1508,required_80m_footprint_outside_source_frame
train:37002,train:6593,train,37002,6593,6593.jpg,3840,2160,1,swimmer,1989.0,707.0,20.0,23.0,460.0,31.79844925327644,29.4,mavic,NorthSea_Fri_DJI_0114.MP4,4695,data/raw/seadronessee/odv2/images/train/6593.jpg,train,1610,1194,-86,2804,1524,required_80m_footprint_outside_source_frame
train:37020,train:6595,train,37020,6595,6595.jpg,3840,2160,2,boat,2800.0,371.0,205.0,89.0,18245.0,31.79844925327644,29.4,mavic,NorthSea_Fri_DJI_0114.MP4,4725,data/raw/seadronessee/odv2/images/train/6595.jpg,train,1610,2098,-390,3708,1220,required_80m_footprint_outside_source_frame
train:37021,train:6595,train,37021,6595,6595.jpg,3840,2160,1,swimmer,2304.0,654.0,39.0,28.0,1092.0,31.79844925327644,29.4,mavic,NorthSea_Fri_DJI_0114.MP4,4725,data/raw/seadronessee/odv2/images/train/6595.jpg,train,1610,1518,-137,3128,1473,required_80m_footprint_outside_source_frame
train:37022,train:6595,train,37022,6595,6595.jpg,3840,2160,1,swimmer,2136.0,685.0,28.0,19.0,532.0,31.79844925327644,29.4,mavic,NorthSea_Fri_DJI_0114.MP4,4725,data/raw/seadronessee/odv2/images/train/6595.jpg,train,1610,1345,-110,2955,1500,required_80m_footprint_outside_source_frame
train:37023,train:6595,train,37023,6595,6595.jpg,3840,2160,1,swimmer,1978.0,699.0,21.0,21.0,441.0,31.79844925327644,29.4,mavic,NorthSea_Fri_DJI_0114.MP4,4725,data/raw/seadronessee/odv2/images/train/6595.jpg,train,1610,1184,-96,2794,1514,required_80m_footprint_outside_source_frame
train:37024,train:6595,train,37024,6595,6595.jpg,3840,2160,1,swimmer,1925.0,792.0,31.0,20.0,620.0,31.79844925327644,29.4,mavic,NorthSea_Fri_DJI_0114.MP4,4725,data/raw/seadronessee/odv2/images/train/6595.jpg,train,1610,1136,-3,2746,1607,required_80m_footprint_outside_source_frame
train:37039,train:6597,train,37039,6597,6597.jpg,3840,2160,5,buoy,735.0,979.0,68.0,100.0,6800.0,31.79844925327644,29.4,mavic,NorthSea_Fri_DJI_0114.MP4,4755,data/raw/seadronessee/odv2/images/train/6597.jpg,train,1610,-36,224,1574,1834,required_80m_footprint_outside_source_frame
train:37040,train:6597,train,37040,6597,6597.jpg,3840,2160,2,boat,2774.0,376.0,206.0,86.0,17716.0,31.79844925327644,29.4,mavic,NorthSea_Fri_DJI_0114.MP4,4755,data/raw/seadronessee/odv2/images/train/6597.jpg,train,1610,2072,-386,3682,1224,required_80m_footprint_outside_source_frame
train:37041,train:6597,train,37041,6597,6597.jpg,3840,2160,1,swimmer,2301.0,675.0,41.0,29.0,1189.0,31.79844925327644,29.4,mavic,NorthSea_Fri_DJI_0114.MP4,4755,data/raw/seadronessee/odv2/images/train/6597.jpg,train,1610,1516,-116,3126,1494,required_80m_footprint_outside_source_frame
train:37042,train:6597,train,37042,6597,6597.jpg,3840,2160,1,swimmer,2136.0,708.0,20.0,16.0,320.0,31.79844925327644,29.4,mavic,NorthSea_Fri_DJI_0114.MP4,4755,data/raw/seadronessee/odv2/images/train/6597.jpg,train,1610,1341,-89,2951,1521,required_80m_footprint_outside_source_frame
train:37043,train:6597,train,37043,6597,6597.jpg,3840,2160,1,swimmer,1967.0,727.0,20.0,19.0,380.0,31.79844925327644,29.4,mavic,NorthSea_Fri_DJI_0114.MP4,4755,data/raw/seadronessee/odv2/images/train/6597.jpg,train,1610,1172,-68,2782,1542,required_80m_footprint_outside_source_frame
train:37059,train:6599,train,37059,6599,6599.jpg,3840,2160,5,buoy,639.0,1093.0,72.0,99.0,7128.0,31.79844925327644,29.4,mavic,NorthSea_Fri_DJI_0114.MP4,4785,data/raw/seadronessee/odv2/images/train/6599.jpg,train,1610,-130,338,1480,1948,required_80m_footprint_outside_source_frame
train:37060,train:6599,train,37060,6599,6599.jpg,3840,2160,2,boat,2749.0,415.0,217.0,90.0,19530.0,31.79844925327644,29.4,mavic,NorthSea_Fri_DJI_0114.MP4,4785,data/raw/seadronessee/odv2/images/train/6599.jpg,train,1610,2052,-345,3662,1265,required_80m_footprint_outside_source_frame
train:37061,train:6599,train,37061,6599,6599.jpg,3840,2160,1,swimmer,2308.0,734.0,42.0,30.0,1260.0,31.79844925327644,29.4,mavic,NorthSea_Fri_DJI_0114.MP4,4785,data/raw/seadronessee/odv2/images/train/6599.jpg,train,1610,1524,-56,3134,1554,required_80m_footprint_outside_source_frame
train:37062,train:6599,train,37062,6599,6599.jpg,3840,2160,1,swimmer,2136.0,775.0,16.0,15.0,240.0,31.79844925327644,29.4,mavic,NorthSea_Fri_DJI_0114.MP4,4785,data/raw/seadronessee/odv2/images/train/6599.jpg,train,1610,1339,-22,2949,1588,required_80m_footprint_outside_source_frame
train:37063,train:6599,train,37063,6599,6599.jpg,3840,2160,1,swimmer,1948.0,786.0,22.0,20.0,440.0,31.79844925327644,29.4,mavic,NorthSea_Fri_DJI_0114.MP4,4785,data/raw/seadronessee/odv2/images/train/6599.jpg,train,1610,1154,-9,2764,1601,required_80m_footprint_outside_source_frame
train:37079,train:6601,train,37079,6601,6601.jpg,3840,2160,5,buoy,498.0,1296.0,81.0,109.0,8829.0,31.698454129838463,29.4,mavic,NorthSea_Fri_DJI_0114.MP4,4815,data/raw/seadronessee/odv2/images/train/6601.jpg,train,1615,-269,543,1346,2158,required_80m_footprint_outside_source_frame
train:37080,train:6601,train,37080,6601,6601.jpg,3840,2160,2,boat,2750.0,490.0,226.0,96.0,21696.0,31.698454129838463,29.4,mavic,NorthSea_Fri_DJI_0114.MP4,4815,data/raw/seadronessee/odv2/images/train/6601.jpg,train,1615,2056,-270,3671,1345,required_80m_footprint_outside_source_frame
train:37099,train:6603,train,37099,6603,6603.jpg,3840,2160,5,buoy,265.0,1521.0,89.0,117.0,10413.0,31.59845900640049,29.4,mavic,NorthSea_Fri_DJI_0114.MP4,4845,data/raw/seadronessee/odv2/images/train/6603.jpg,train,1620,-500,770,1120,2390,required_80m_footprint_outside_source_frame
train:37100,train:6603,train,37100,6603,6603.jpg,3840,2160,2,boat,2640.0,559.0,231.0,99.0,22869.0,31.59845900640049,29.4,mavic,NorthSea_Fri_DJI_0114.MP4,4845,data/raw/seadronessee/odv2/images/train/6603.jpg,train,1620,1946,-202,3566,1418,required_80m_footprint_outside_source_frame
train:37107,train:6603,train,37107,6603,6603.jpg,3840,2160,1,swimmer,1911.0,1397.0,34.0,30.0,1020.0,31.59845900640049,29.4,mavic,NorthSea_Fri_DJI_0114.MP4,4845,data/raw/seadronessee/odv2/images/train/6603.jpg,train,1620,1118,602,2738,2222,required_80m_footprint_outside_source_frame
train:37108,train:6603,train,37108,6603,6603.jpg,3840,2160,1,swimmer,1805.0,1443.0,47.0,33.0,1551.0,31.59845900640049,29.4,mavic,NorthSea_Fri_DJI_0114.MP4,4845,data/raw/seadronessee/odv2/images/train/6603.jpg,train,1620,1018,650,2638,2270,required_80m_footprint_outside_source_frame
train:37119,train:6605,train,37119,6605,6605.jpg,3840,2160,5,buoy,72.0,1597.0,97.0,130.0,12610.0,31.79844925327644,29.4,mavic,NorthSea_Fri_DJI_0114.MP4,4875,data/raw/seadronessee/odv2/images/train/6605.jpg,train,1610,-684,857,926,2467,required_80m_footprint_outside_source_frame
train:37120,train:6605,train,37120,6605,6605.jpg,3840,2160,2,boat,2485.0,574.0,225.0,99.0,22275.0,31.79844925327644,29.4,mavic,NorthSea_Fri_DJI_0114.MP4,4875,data/raw/seadronessee/odv2/images/train/6605.jpg,train,1610,1792,-182,3402,1428,required_80m_footprint_outside_source_frame
train:37126,train:6605,train,37126,6605,6605.jpg,3840,2160,1,swimmer,1747.0,1403.0,29.0,23.0,667.0,31.79844925327644,29.4,mavic,NorthSea_Fri_DJI_0114.MP4,4875,data/raw/seadronessee/odv2/images/train/6605.jpg,train,1610,956,610,2566,2220,required_80m_footprint_outside_source_frame
train:37127,train:6605,train,37127,6605,6605.jpg,3840,2160,1,swimmer,1796.0,1461.0,34.0,29.0,986.0,31.79844925327644,29.4,mavic,NorthSea_Fri_DJI_0114.MP4,4875,data/raw/seadronessee/odv2/images/train/6605.jpg,train,1610,1008,670,2618,2280,required_80m_footprint_outside_source_frame
train:37128,train:6605,train,37128,6605,6605.jpg,3840,2160,1,swimmer,1697.0,1513.0,54.0,31.0,1674.0,31.79844925327644,29.4,mavic,NorthSea_Fri_DJI_0114.MP4,4875,data/raw/seadronessee/odv2/images/train/6605.jpg,train,1610,919,724,2529,2334,required_80m_footprint_outside_source_frame
train:37139,train:6607,train,37139,6607,6607.jpg,3840,2160,5,buoy,78.0,1304.0,98.0,133.0,13034.0,31.89844437671441,29.4,mavic,NorthSea_Fri_DJI_0114.MP4,4905,data/raw/seadronessee/odv2/images/train/6607.jpg,train,1605,-676,568,929,2173,required_80m_footprint_outside_source_frame
train:37140,train:6607,train,37140,6607,6607.jpg,3840,2160,2,boat,2434.0,322.0,222.0,103.0,22866.0,31.89844437671441,29.4,mavic,NorthSea_Fri_DJI_0114.MP4,4905,data/raw/seadronessee/odv2/images/train/6607.jpg,train,1605,1742,-429,3347,1176,required_80m_footprint_outside_source_frame
train:37141,train:6607,train,37141,6607,6607.jpg,3840,2160,1,swimmer,2166.0,708.0,53.0,44.0,2332.0,31.89844437671441,29.4,mavic,NorthSea_Fri_DJI_0114.MP4,4905,data/raw/seadronessee/odv2/images/train/6607.jpg,train,1605,1390,-72,2995,1533,required_80m_footprint_outside_source_frame
train:37159,train:6609,train,37159,6609,6609.jpg,3840,2160,5,buoy,70.0,1149.0,97.0,130.0,12610.0,31.698454129838463,36.7,mavic,NorthSea_Fri_DJI_0114.MP4,4935,data/raw/seadronessee/odv2/images/train/6609.jpg,train,1615,-689,406,926,2021,required_80m_footprint_outside_source_frame
train:37160,train:6609,train,37160,6609,6609.jpg,3840,2160,2,boat,2392.0,141.0,229.0,104.0,23816.0,31.698454129838463,36.7,mavic,NorthSea_Fri_DJI_0114.MP4,4935,data/raw/seadronessee/odv2/images/train/6609.jpg,train,1615,1699,-614,3314,1001,required_80m_footprint_outside_source_frame
train:37161,train:6609,train,37161,6609,6609.jpg,3840,2160,1,swimmer,2161.0,546.0,45.0,38.0,1710.0,31.698454129838463,36.7,mavic,NorthSea_Fri_DJI_0114.MP4,4935,data/raw/seadronessee/odv2/images/train/6609.jpg,train,1615,1376,-242,2991,1373,required_80m_footprint_outside_source_frame
train:37163,train:6609,train,37163,6609,6609.jpg,3840,2160,1,swimmer,1931.0,624.0,38.0,24.0,912.0,31.698454129838463,36.7,mavic,NorthSea_Fri_DJI_0114.MP4,4935,data/raw/seadronessee/odv2/images/train/6609.jpg,train,1615,1142,-172,2757,1443,required_80m_footprint_outside_source_frame
train:37164,train:6609,train,37164,6609,6609.jpg,3840,2160,1,swimmer,1671.0,644.0,30.0,35.0,1050.0,31.698454129838463,36.7,mavic,NorthSea_Fri_DJI_0114.MP4,4935,data/raw/seadronessee/odv2/images/train/6609.jpg,train,1615,878,-146,2493,1469,required_80m_footprint_outside_source_frame
train:37179,train:6611,train,37179,6611,6611.jpg,3840,2160,5,buoy,16.0,1217.0,96.0,127.0,12192.0,31.698454129838463,36.7,mavic,NorthSea_Fri_DJI_0114.MP4,4965,data/raw/seadronessee/odv2/images/train/6611.jpg,train,1615,-744,473,871,2088,required_80m_footprint_outside_source_frame
train:37180,train:6611,train,37180,6611,6611.jpg,3840,2160,2,boat,2341.0,165.0,246.0,110.0,27060.0,31.698454129838463,36.7,mavic,NorthSea_Fri_DJI_0114.MP4,4965,data/raw/seadronessee/odv2/images/train/6611.jpg,train,1615,1656,-588,3271,1027,required_80m_footprint_outside_source_frame
train:37181,train:6611,train,37181,6611,6611.jpg,3840,2160,1,swimmer,2156.0,565.0,54.0,38.0,2052.0,31.698454129838463,36.7,mavic,NorthSea_Fri_DJI_0114.MP4,4965,data/raw/seadronessee/odv2/images/train/6611.jpg,train,1615,1376,-224,2991,1391,required_80m_footprint_outside_source_frame
train:37183,train:6611,train,37183,6611,6611.jpg,3840,2160,1,swimmer,1929.0,656.0,40.0,26.0,1040.0,31.698454129838463,36.7,mavic,NorthSea_Fri_DJI_0114.MP4,4965,data/raw/seadronessee/odv2/images/train/6611.jpg,train,1615,1142,-138,2757,1477,required_80m_footprint_outside_source_frame
train:37184,train:6611,train,37184,6611,6611.jpg,3840,2160,1,swimmer,1649.0,670.0,28.0,33.0,924.0,31.698454129838463,36.7,mavic,NorthSea_Fri_DJI_0114.MP4,4965,data/raw/seadronessee/odv2/images/train/6611.jpg,train,1615,856,-121,2471,1494,required_80m_footprint_outside_source_frame
train:37199,train:6613,train,37199,6613,6613.jpg,3840,2160,2,boat,2299.0,215.0,254.0,115.0,29210.0,31.698454129838463,36.7,mavic,NorthSea_Fri_DJI_0114.MP4,4995,data/raw/seadronessee/odv2/images/train/6613.jpg,train,1615,1618,-535,3233,1080,required_80m_footprint_outside_source_frame
train:37200,train:6613,train,37200,6613,6613.jpg,3840,2160,1,swimmer,2160.0,645.0,59.0,39.0,2301.0,31.698454129838463,36.7,mavic,NorthSea_Fri_DJI_0114.MP4,4995,data/raw/seadronessee/odv2/images/train/6613.jpg,train,1615,1382,-143,2997,1472,required_80m_footprint_outside_source_frame
train:37202,train:6613,train,37202,6613,6613.jpg,3840,2160,1,swimmer,1921.0,748.0,41.0,28.0,1148.0,31.698454129838463,36.7,mavic,NorthSea_Fri_DJI_0114.MP4,4995,data/raw/seadronessee/odv2/images/train/6613.jpg,train,1615,1134,-46,2749,1569,required_80m_footprint_outside_source_frame
train:37203,train:6613,train,37203,6613,6613.jpg,3840,2160,1,swimmer,1631.0,760.0,27.0,33.0,891.0,31.698454129838463,36.7,mavic,NorthSea_Fri_DJI_0114.MP4,4995,data/raw/seadronessee/odv2/images/train/6613.jpg,train,1615,837,-31,2452,1584,required_80m_footprint_outside_source_frame
train:37217,train:6615,train,37217,6615,6615.jpg,3840,2160,2,boat,2264.0,324.0,280.0,121.0,33880.0,31.498463882962508,36.7,mavic,NorthSea_Fri_DJI_0114.MP4,5025,data/raw/seadronessee/odv2/images/train/6615.jpg,train,1625,1592,-428,3217,1197,required_80m_footprint_outside_source_frame
train:37219,train:6615,train,37219,6615,6615.jpg,3840,2160,1,swimmer,1568.0,1592.0,83.0,38.0,3154.0,31.498463882962508,36.7,mavic,NorthSea_Fri_DJI_0114.MP4,5025,data/raw/seadronessee/odv2/images/train/6615.jpg,train,1625,797,798,2422,2423,required_80m_footprint_outside_source_frame
train:37224,train:6615,train,37224,6615,6615.jpg,3840,2160,1,swimmer,1644.0,1426.0,34.0,36.0,1224.0,31.498463882962508,36.7,mavic,NorthSea_Fri_DJI_0114.MP4,5025,data/raw/seadronessee/odv2/images/train/6615.jpg,train,1625,848,632,2473,2257,required_80m_footprint_outside_source_frame
train:37225,train:6615,train,37225,6615,6615.jpg,3840,2160,1,swimmer,1690.0,1469.0,41.0,40.0,1640.0,31.498463882962508,36.7,mavic,NorthSea_Fri_DJI_0114.MP4,5025,data/raw/seadronessee/odv2/images/train/6615.jpg,train,1625,898,676,2523,2301,required_80m_footprint_outside_source_frame
train:37235,train:6617,train,37235,6617,6617.jpg,3840,2160,2,boat,2226.0,456.0,294.0,127.0,37338.0,31.398468759524533,36.7,mavic,NorthSea_Fri_DJI_0114.MP4,5055,data/raw/seadronessee/odv2/images/train/6617.jpg,train,1631,1558,-296,3189,1335,required_80m_footprint_outside_source_frame
train:37237,train:6617,train,37237,6617,6617.jpg,3840,2160,1,swimmer,1539.0,1979.0,83.0,50.0,4150.0,31.398468759524533,36.7,mavic,NorthSea_Fri_DJI_0114.MP4,5055,data/raw/seadronessee/odv2/images/train/6617.jpg,train,1631,765,1188,2396,2819,required_80m_footprint_outside_source_frame
train:37240,train:6617,train,37240,6617,6617.jpg,3840,2160,1,swimmer,1601.0,1378.0,103.0,58.0,5974.0,31.398468759524533,36.7,mavic,NorthSea_Fri_DJI_0114.MP4,5055,data/raw/seadronessee/odv2/images/train/6617.jpg,train,1631,837,592,2468,2223,required_80m_footprint_outside_source_frame
train:37241,train:6617,train,37241,6617,6617.jpg,3840,2160,1,swimmer,1586.0,1576.0,88.0,57.0,5016.0,31.398468759524533,36.7,mavic,NorthSea_Fri_DJI_0114.MP4,5055,data/raw/seadronessee/odv2/images/train/6617.jpg,train,1631,814,789,2445,2420,required_80m_footprint_outside_source_frame
train:37242,train:6617,train,37242,6617,6617.jpg,3840,2160,1,swimmer,1603.0,1785.0,40.0,38.0,1520.0,31.398468759524533,36.7,mavic,NorthSea_Fri_DJI_0114.MP4,5055,data/raw/seadronessee/odv2/images/train/6617.jpg,train,1631,808,988,2439,2619,required_80m_footprint_outside_source_frame
train:37243,train:6617,train,37243,6617,6617.jpg,3840,2160,1,swimmer,1658.0,1829.0,43.0,46.0,1978.0,31.398468759524533,36.7,mavic,NorthSea_Fri_DJI_0114.MP4,5055,data/raw/seadronessee/odv2/images/train/6617.jpg,train,1631,864,1036,2495,2667,required_80m_footprint_outside_source_frame
train:37253,train:6619,train,37253,6619,6619.jpg,3840,2160,2,boat,2160.0,511.0,299.0,131.0,39169.0,31.398468759524533,36.7,mavic,NorthSea_Fri_DJI_0114.MP4,5085,data/raw/seadronessee/odv2/images/train/6619.jpg,train,1631,1494,-239,3125,1392,required_80m_footprint_outside_source_frame
train:37255,train:6619,train,37255,6619,6619.jpg,3840,2160,1,swimmer,1511.0,2121.0,68.0,39.0,2652.0,31.398468759524533,36.7,mavic,NorthSea_Fri_DJI_0114.MP4,5085,data/raw/seadronessee/odv2/images/train/6619.jpg,train,1631,730,1325,2361,2956,required_80m_footprint_outside_source_frame
train:37258,train:6619,train,37258,6619,6619.jpg,3840,2160,1,swimmer,1592.0,1456.0,98.0,60.0,5880.0,31.398468759524533,36.7,mavic,NorthSea_Fri_DJI_0114.MP4,5085,data/raw/seadronessee/odv2/images/train/6619.jpg,train,1631,826,670,2457,2301,required_80m_footprint_outside_source_frame
train:37259,train:6619,train,37259,6619,6619.jpg,3840,2160,1,swimmer,1548.0,1677.0,104.0,60.0,6240.0,31.398468759524533,36.7,mavic,NorthSea_Fri_DJI_0114.MP4,5085,data/raw/seadronessee/odv2/images/train/6619.jpg,train,1631,784,892,2415,2523,required_80m_footprint_outside_source_frame
train:37260,train:6619,train,37260,6619,6619.jpg,3840,2160,1,swimmer,1560.0,1912.0,45.0,44.0,1980.0,31.398468759524533,36.7,mavic,NorthSea_Fri_DJI_0114.MP4,5085,data/raw/seadronessee/odv2/images/train/6619.jpg,train,1631,767,1118,2398,2749,required_80m_footprint_outside_source_frame
train:37261,train:6619,train,37261,6619,6619.jpg,3840,2160,1,swimmer,1630.0,1949.0,47.0,112.0,5264.0,31.398468759524533,36.7,mavic,NorthSea_Fri_DJI_0114.MP4,5085,data/raw/seadronessee/odv2/images/train/6619.jpg,train,1631,838,1190,2469,2821,required_80m_footprint_outside_source_frame
train:37271,train:6621,train,37271,6621,6621.jpg,3840,2160,2,boat,2097.0,499.0,294.0,136.0,39984.0,31.79844925327644,36.7,mavic,NorthSea_Fri_DJI_0114.MP4,5115,data/raw/seadronessee/odv2/images/train/6621.jpg,train,1610,1439,-238,3049,1372,required_80m_footprint_outside_source_frame
train:37273,train:6621,train,37273,6621,6621.jpg,3840,2160,1,swimmer,1507.0,2046.0,96.0,62.0,5952.0,31.79844925327644,36.7,mavic,NorthSea_Fri_DJI_0114.MP4,5115,data/raw/seadronessee/odv2/images/train/6621.jpg,train,1610,750,1272,2360,2882,required_80m_footprint_outside_source_frame
train:37276,train:6621,train,37276,6621,6621.jpg,3840,2160,1,swimmer,1610.0,1412.0,119.0,67.0,7973.0,31.79844925327644,36.7,mavic,NorthSea_Fri_DJI_0114.MP4,5115,data/raw/seadronessee/odv2/images/train/6621.jpg,train,1610,864,640,2474,2250,required_80m_footprint_outside_source_frame
train:37277,train:6621,train,37277,6621,6621.jpg,3840,2160,1,swimmer,1557.0,1631.0,97.0,52.0,5044.0,31.79844925327644,36.7,mavic,NorthSea_Fri_DJI_0114.MP4,5115,data/raw/seadronessee/odv2/images/train/6621.jpg,train,1610,800,852,2410,2462,required_80m_footprint_outside_source_frame
train:37278,train:6621,train,37278,6621,6621.jpg,3840,2160,1,swimmer,1561.0,1847.0,40.0,46.0,1840.0,31.79844925327644,36.7,mavic,NorthSea_Fri_DJI_0114.MP4,5115,data/raw/seadronessee/odv2/images/train/6621.jpg,train,1610,776,1065,2386,2675,required_80m_footprint_outside_source_frame
train:37279,train:6621,train,37279,6621,6621.jpg,3840,2160,1,swimmer,1633.0,1867.0,49.0,107.0,5243.0,31.79844925327644,36.7,mavic,NorthSea_Fri_DJI_0114.MP4,5115,data/raw/seadronessee/odv2/images/train/6621.jpg,train,1610,852,1116,2462,2726,required_80m_footprint_outside_source_frame
train:37289,train:6623,train,37289,6623,6623.jpg,3840,2160,2,boat,2038.0,445.0,272.0,128.0,34816.0,31.59845900640049,36.7,mavic,NorthSea_Fri_DJI_0114.MP4,5145,data/raw/seadronessee/odv2/images/train/6623.jpg,train,1620,1364,-301,2984,1319,required_80m_footprint_outside_source_frame
train:37291,train:6623,train,37291,6623,6623.jpg,3840,2160,1,swimmer,1535.0,1826.0,62.0,58.0,3596.0,31.59845900640049,36.7,mavic,NorthSea_Fri_DJI_0114.MP4,5145,data/raw/seadronessee/odv2/images/train/6623.jpg,train,1620,756,1045,2376,2665,required_80m_footprint_outside_source_frame
train:37295,train:6623,train,37295,6623,6623.jpg,3840,2160,1,swimmer,1578.0,1472.0,81.0,50.0,4050.0,31.59845900640049,36.7,mavic,NorthSea_Fri_DJI_0114.MP4,5145,data/raw/seadronessee/odv2/images/train/6623.jpg,train,1620,808,687,2428,2307,required_80m_footprint_outside_source_frame
train:37296,train:6623,train,37296,6623,6623.jpg,3840,2160,1,swimmer,1578.0,1661.0,40.0,45.0,1800.0,31.59845900640049,36.7,mavic,NorthSea_Fri_DJI_0114.MP4,5145,data/raw/seadronessee/odv2/images/train/6623.jpg,train,1620,788,874,2408,2494,required_80m_footprint_outside_source_frame
train:37297,train:6623,train,37297,6623,6623.jpg,3840,2160,1,swimmer,1658.0,1674.0,47.0,68.0,3196.0,31.59845900640049,36.7,mavic,NorthSea_Fri_DJI_0114.MP4,5145,data/raw/seadronessee/odv2/images/train/6623.jpg,train,1620,872,898,2492,2518,required_80m_footprint_outside_source_frame
train:37307,train:6625,train,37307,6625,6625.jpg,3840,2160,2,boat,1979.0,387.0,261.0,129.0,33669.0,31.398468759524533,36.7,mavic,NorthSea_Fri_DJI_0114.MP4,5175,data/raw/seadronessee/odv2/images/train/6625.jpg,train,1631,1294,-364,2925,1267,required_80m_footprint_outside_source_frame
train:37309,train:6625,train,37309,6625,6625.jpg,3840,2160,1,swimmer,1542.0,1622.0,80.0,48.0,3840.0,31.398468759524533,36.7,mavic,NorthSea_Fri_DJI_0114.MP4,5175,data/raw/seadronessee/odv2/images/train/6625.jpg,train,1631,766,830,2397,2461,required_80m_footprint_outside_source_frame
train:37314,train:6625,train,37314,6625,6625.jpg,3840,2160,1,swimmer,1583.0,1484.0,37.0,47.0,1739.0,31.398468759524533,36.7,mavic,NorthSea_Fri_DJI_0114.MP4,5175,data/raw/seadronessee/odv2/images/train/6625.jpg,train,1631,786,692,2417,2323,required_80m_footprint_outside_source_frame
train:37315,train:6625,train,37315,6625,6625.jpg,3840,2160,1,swimmer,1672.0,1496.0,39.0,58.0,2262.0,31.398468759524533,36.7,mavic,NorthSea_Fri_DJI_0114.MP4,5175,data/raw/seadronessee/odv2/images/train/6625.jpg,train,1631,876,710,2507,2341,required_80m_footprint_outside_source_frame
train:37325,train:6627,train,37325,6627,6627.jpg,3840,2160,2,boat,1923.0,388.0,261.0,130.0,33930.0,31.398468759524533,36.7,mavic,NorthSea_Fri_DJI_0114.MP4,5205,data/raw/seadronessee/odv2/images/train/6627.jpg,train,1631,1238,-362,2869,1269,required_80m_footprint_outside_source_frame
train:37327,train:6627,train,37327,6627,6627.jpg,3840,2160,1,swimmer,1557.0,1583.0,56.0,43.0,2408.0,31.398468759524533,36.7,mavic,NorthSea_Fri_DJI_0114.MP4,5205,data/raw/seadronessee/odv2/images/train/6627.jpg,train,1631,770,789,2401,2420,required_80m_footprint_outside_source_frame
train:37332,train:6627,train,37332,6627,6627.jpg,3840,2160,1,swimmer,1584.0,1453.0,52.0,67.0,3484.0,31.398468759524533,36.7,mavic,NorthSea_Fri_DJI_0114.MP4,5205,data/raw/seadronessee/odv2/images/train/6627.jpg,train,1631,794,671,2425,2302,required_80m_footprint_outside_source_frame
train:37333,train:6627,train,37333,6627,6627.jpg,3840,2160,1,swimmer,1676.0,1459.0,41.0,56.0,2296.0,31.398468759524533,36.7,mavic,NorthSea_Fri_DJI_0114.MP4,5205,data/raw/seadronessee/odv2/images/train/6627.jpg,train,1631,881,672,2512,2303,required_80m_footprint_outside_source_frame
train:37343,train:6629,train,37343,6629,6629.jpg,3840,2160,2,boat,1872.0,393.0,264.0,132.0,34848.0,31.698454129838463,36.7,mavic,NorthSea_Fri_DJI_0114.MP4,5235,data/raw/seadronessee/odv2/images/train/6629.jpg,train,1615,1196,-348,2811,1267,required_80m_footprint_outside_source_frame
train:37345,train:6629,train,37345,6629,6629.jpg,3840,2160,1,swimmer,1552.0,1580.0,69.0,39.0,2691.0,31.698454129838463,36.7,mavic,NorthSea_Fri_DJI_0114.MP4,5235,data/raw/seadronessee/odv2/images/train/6629.jpg,train,1615,779,792,2394,2407,required_80m_footprint_outside_source_frame
train:37350,train:6629,train,37350,6629,6629.jpg,3840,2160,1,swimmer,1581.0,1456.0,52.0,63.0,3276.0,31.698454129838463,36.7,mavic,NorthSea_Fri_DJI_0114.MP4,5235,data/raw/seadronessee/odv2/images/train/6629.jpg,train,1615,800,680,2415,2295,required_80m_footprint_outside_source_frame
train:37351,train:6629,train,37351,6629,6629.jpg,3840,2160,1,swimmer,1683.0,1456.0,44.0,59.0,2596.0,31.698454129838463,36.7,mavic,NorthSea_Fri_DJI_0114.MP4,5235,data/raw/seadronessee/odv2/images/train/6629.jpg,train,1615,898,678,2513,2293,required_80m_footprint_outside_source_frame
train:37362,train:6631,train,37362,6631,6631.jpg,3840,2160,2,boat,1835.0,1390.0,257.0,135.0,34695.0,31.698454129838463,30.9,mavic,NorthSea_Fri_DJI_0114.MP4,5265,data/raw/seadronessee/odv2/images/train/6631.jpg,train,1615,1156,650,2771,2265,required_80m_footprint_outside_source_frame
train:37363,train:6631,train,37363,6631,6631.jpg,3840,2160,1,swimmer,1714.0,2116.0,80.0,36.0,2880.0,31.698454129838463,30.9,mavic,NorthSea_Fri_DJI_0114.MP4,5265,data/raw/seadronessee/odv2/images/train/6631.jpg,train,1615,946,1326,2561,2941,required_80m_footprint_outside_source_frame
train:37364,train:6631,train,37364,6631,6631.jpg,3840,2160,1,swimmer,1936.0,1942.0,46.0,32.0,1472.0,31.698454129838463,30.9,mavic,NorthSea_Fri_DJI_0114.MP4,5265,data/raw/seadronessee/odv2/images/train/6631.jpg,train,1615,1152,1150,2767,2765,required_80m_footprint_outside_source_frame
train:37365,train:6631,train,37365,6631,6631.jpg,3840,2160,1,swimmer,1584.0,1908.0,26.0,38.0,988.0,31.698454129838463,30.9,mavic,NorthSea_Fri_DJI_0114.MP4,5265,data/raw/seadronessee/odv2/images/train/6631.jpg,train,1615,790,1120,2405,2735,required_80m_footprint_outside_source_frame
train:37366,train:6631,train,37366,6631,6631.jpg,3840,2160,2,boat,152.0,489.0,165.0,242.0,39930.0,31.698454129838463,30.9,mavic,NorthSea_Fri_DJI_0114.MP4,5265,data/raw/seadronessee/odv2/images/train/6631.jpg,train,1615,-573,-198,1042,1417,required_80m_footprint_outside_source_frame
train:37367,train:6631,train,37367,6631,6631.jpg,3840,2160,2,boat,1531.0,311.0,95.0,186.0,17670.0,31.698454129838463,30.9,mavic,NorthSea_Fri_DJI_0114.MP4,5265,data/raw/seadronessee/odv2/images/train/6631.jpg,train,1615,771,-404,2386,1211,required_80m_footprint_outside_source_frame
train:37368,train:6631,train,37368,6631,6631.jpg,3840,2160,1,swimmer,2169.0,1787.0,52.0,35.0,1820.0,31.698454129838463,30.9,mavic,NorthSea_Fri_DJI_0114.MP4,5265,data/raw/seadronessee/odv2/images/train/6631.jpg,train,1615,1388,997,3003,2612,required_80m_footprint_outside_source_frame
train:37381,train:6633,train,37381,6633,6633.jpg,3840,2160,1,swimmer,1701.0,1644.0,112.0,40.0,4480.0,31.59845900640049,26.7,mavic,NorthSea_Fri_DJI_0114.MP4,5295,data/raw/seadronessee/odv2/images/train/6633.jpg,train,1620,947,854,2567,2474,required_80m_footprint_outside_source_frame
train:37382,train:6633,train,37382,6633,6633.jpg,3840,2160,2,boat,46.0,17.0,175.0,268.0,46900.0,31.59845900640049,26.7,mavic,NorthSea_Fri_DJI_0114.MP4,5295,data/raw/seadronessee/odv2/images/train/6633.jpg,train,1620,-676,-659,944,961,required_80m_footprint_outside_source_frame
train:37385,train:6633,train,37385,6633,6633.jpg,3840,2160,1,swimmer,1952.0,1482.0,32.0,27.0,864.0,31.59845900640049,26.7,mavic,NorthSea_Fri_DJI_0114.MP4,5295,data/raw/seadronessee/odv2/images/train/6633.jpg,train,1620,1158,686,2778,2306,required_80m_footprint_outside_source_frame
train:37386,train:6633,train,37386,6633,6633.jpg,3840,2160,1,swimmer,1586.0,1449.0,28.0,38.0,1064.0,31.59845900640049,26.7,mavic,NorthSea_Fri_DJI_0114.MP4,5295,data/raw/seadronessee/odv2/images/train/6633.jpg,train,1620,790,658,2410,2278,required_80m_footprint_outside_source_frame
train:37387,train:6633,train,37387,6633,6633.jpg,3840,2160,1,swimmer,1594.0,1841.0,77.0,49.0,3773.0,31.59845900640049,26.7,mavic,NorthSea_Fri_DJI_0114.MP4,5295,data/raw/seadronessee/odv2/images/train/6633.jpg,train,1620,822,1056,2442,2676,required_80m_footprint_outside_source_frame
train:37388,train:6633,train,37388,6633,6633.jpg,3840,2160,1,swimmer,1677.0,2009.0,51.0,53.0,2703.0,31.59845900640049,26.7,mavic,NorthSea_Fri_DJI_0114.MP4,5295,data/raw/seadronessee/odv2/images/train/6633.jpg,train,1620,892,1226,2512,2846,required_80m_footprint_outside_source_frame
train:37389,train:6633,train,37389,6633,6633.jpg,3840,2160,1,swimmer,1556.0,2008.0,64.0,54.0,3456.0,31.59845900640049,26.7,mavic,NorthSea_Fri_DJI_0114.MP4,5295,data/raw/seadronessee/odv2/images/train/6633.jpg,train,1620,778,1225,2398,2845,required_80m_footprint_outside_source_frame
train:37403,train:6635,train,37403,6635,6635.jpg,3840,2160,1,swimmer,1754.0,1615.0,73.0,35.0,2555.0,31.59845900640049,26.7,mavic,NorthSea_Fri_DJI_0114.MP4,5325,data/raw/seadronessee/odv2/images/train/6635.jpg,train,1620,980,822,2600,2442,required_80m_footprint_outside_source_frame
train:37404,train:6635,train,37404,6635,6635.jpg,3840,2160,2,boat,15.0,27.0,169.0,265.0,44785.0,31.59845900640049,26.7,mavic,NorthSea_Fri_DJI_0114.MP4,5325,data/raw/seadronessee/odv2/images/train/6635.jpg,train,1620,-710,-650,910,970,required_80m_footprint_outside_source_frame
train:37407,train:6635,train,37407,6635,6635.jpg,3840,2160,1,swimmer,1955.0,1460.0,31.0,30.0,930.0,31.59845900640049,26.7,mavic,NorthSea_Fri_DJI_0114.MP4,5325,data/raw/seadronessee/odv2/images/train/6635.jpg,train,1620,1160,665,2780,2285,required_80m_footprint_outside_source_frame
train:37408,train:6635,train,37408,6635,6635.jpg,3840,2160,1,swimmer,1589.0,1405.0,29.0,48.0,1392.0,31.59845900640049,26.7,mavic,NorthSea_Fri_DJI_0114.MP4,5325,data/raw/seadronessee/odv2/images/train/6635.jpg,train,1620,794,619,2414,2239,required_80m_footprint_outside_source_frame
train:37409,train:6635,train,37409,6635,6635.jpg,3840,2160,1,swimmer,1620.0,1812.0,74.0,46.0,3404.0,31.59845900640049,26.7,mavic,NorthSea_Fri_DJI_0114.MP4,5325,data/raw/seadronessee/odv2/images/train/6635.jpg,train,1620,847,1025,2467,2645,required_80m_footprint_outside_source_frame
train:37410,train:6635,train,37410,6635,6635.jpg,3840,2160,1,swimmer,1688.0,1962.0,49.0,48.0,2352.0,31.59845900640049,26.7,mavic,NorthSea_Fri_DJI_0114.MP4,5325,data/raw/seadronessee/odv2/images/train/6635.jpg,train,1620,902,1176,2522,2796,required_80m_footprint_outside_source_frame
train:37411,train:6635,train,37411,6635,6635.jpg,3840,2160,1,swimmer,1559.0,1966.0,77.0,56.0,4312.0,31.59845900640049,26.7,mavic,NorthSea_Fri_DJI_0114.MP4,5325,data/raw/seadronessee/odv2/images/train/6635.jpg,train,1620,788,1184,2408,2804,required_80m_footprint_outside_source_frame
train:37412,train:6635,train,37412,6635,6635.jpg,3840,2160,1,swimmer,1556.0,2064.0,70.0,83.0,5810.0,31.59845900640049,26.7,mavic,NorthSea_Fri_DJI_0114.MP4,5325,data/raw/seadronessee/odv2/images/train/6635.jpg,train,1620,781,1296,2401,2916,required_80m_footprint_outside_source_frame
train:37425,train:6637,train,37425,6637,6637.jpg,3840,2160,1,swimmer,1772.0,1507.0,73.0,34.0,2482.0,31.59845900640049,26.7,mavic,NorthSea_Fri_DJI_0114.MP4,5355,data/raw/seadronessee/odv2/images/train/6637.jpg,train,1620,998,714,2618,2334,required_80m_footprint_outside_source_frame
train:37426,train:6637,train,37426,6637,6637.jpg,3840,2160,2,boat,3.0,17.0,168.0,269.0,45192.0,31.59845900640049,26.7,mavic,NorthSea_Fri_DJI_0114.MP4,5355,data/raw/seadronessee/odv2/images/train/6637.jpg,train,1620,-723,-658,897,962,required_80m_footprint_outside_source_frame
train:37429,train:6637,train,37429,6637,6637.jpg,3840,2160,1,swimmer,1955.0,1365.0,24.0,30.0,720.0,31.59845900640049,26.7,mavic,NorthSea_Fri_DJI_0114.MP4,5355,data/raw/seadronessee/odv2/images/train/6637.jpg,train,1620,1157,570,2777,2190,required_80m_footprint_outside_source_frame
train:37431,train:6637,train,37431,6637,6637.jpg,3840,2160,1,swimmer,1622.0,1681.0,72.0,43.0,3096.0,31.59845900640049,26.7,mavic,NorthSea_Fri_DJI_0114.MP4,5355,data/raw/seadronessee/odv2/images/train/6637.jpg,train,1620,848,892,2468,2512,required_80m_footprint_outside_source_frame
train:37432,train:6637,train,37432,6637,6637.jpg,3840,2160,1,swimmer,1703.0,1831.0,42.0,45.0,1890.0,31.59845900640049,26.7,mavic,NorthSea_Fri_DJI_0114.MP4,5355,data/raw/seadronessee/odv2/images/train/6637.jpg,train,1620,914,1044,2534,2664,required_80m_footprint_outside_source_frame
train:37433,train:6637,train,37433,6637,6637.jpg,3840,2160,1,swimmer,1580.0,1829.0,49.0,48.0,2352.0,31.59845900640049,26.7,mavic,NorthSea_Fri_DJI_0114.MP4,5355,data/raw/seadronessee/odv2/images/train/6637.jpg,train,1620,794,1043,2414,2663,required_80m_footprint_outside_source_frame
train:37434,train:6637,train,37434,6637,6637.jpg,3840,2160,1,swimmer,1570.0,1919.0,52.0,55.0,2860.0,31.59845900640049,26.7,mavic,NorthSea_Fri_DJI_0114.MP4,5355,data/raw/seadronessee/odv2/images/train/6637.jpg,train,1620,786,1136,2406,2756,required_80m_footprint_outside_source_frame
train:37447,train:6639,train,37447,6639,6639.jpg,3840,2160,1,swimmer,1807.0,1339.0,63.0,39.0,2457.0,31.59845900640049,26.7,mavic,NorthSea_Fri_DJI_0114.MP4,5385,data/raw/seadronessee/odv2/images/train/6639.jpg,train,1620,1028,548,2648,2168,required_80m_footprint_outside_source_frame
train:37448,train:6639,train,37448,6639,6639.jpg,3840,2160,2,boat,20.0,13.0,155.0,258.0,39990.0,31.59845900640049,26.7,mavic,NorthSea_Fri_DJI_0114.MP4,5385,data/raw/seadronessee/odv2/images/train/6639.jpg,train,1620,-712,-668,908,952,required_80m_footprint_outside_source_frame
train:37452,train:6639,train,37452,6639,6639.jpg,3840,2160,1,swimmer,1658.0,1494.0,60.0,39.0,2340.0,31.59845900640049,26.7,mavic,NorthSea_Fri_DJI_0114.MP4,5385,data/raw/seadronessee/odv2/images/train/6639.jpg,train,1620,878,704,2498,2324,required_80m_footprint_outside_source_frame
train:37453,train:6639,train,37453,6639,6639.jpg,3840,2160,1,swimmer,1720.0,1612.0,38.0,39.0,1482.0,31.59845900640049,26.7,mavic,NorthSea_Fri_DJI_0114.MP4,5385,data/raw/seadronessee/odv2/images/train/6639.jpg,train,1620,929,822,2549,2442,required_80m_footprint_outside_source_frame
train:37454,train:6639,train,37454,6639,6639.jpg,3840,2160,1,swimmer,1604.0,1615.0,48.0,40.0,1920.0,31.59845900640049,26.7,mavic,NorthSea_Fri_DJI_0114.MP4,5385,data/raw/seadronessee/odv2/images/train/6639.jpg,train,1620,818,825,2438,2445,required_80m_footprint_outside_source_frame
train:37455,train:6639,train,37455,6639,6639.jpg,3840,2160,1,swimmer,1594.0,1695.0,41.0,33.0,1353.0,31.59845900640049,26.7,mavic,NorthSea_Fri_DJI_0114.MP4,5385,data/raw/seadronessee/odv2/images/train/6639.jpg,train,1620,804,902,2424,2522,required_80m_footprint_outside_source_frame
train:40044,train:6882,train,40044,6882,6882.jpg,3840,2160,5,buoy,2017.0,585.0,47.0,68.0,3196.0,34.798302956415725,30.6,mavic,NorthSea_Fri_DJI_0115.MP4,0,data/raw/seadronessee/odv2/images/train/6882.jpg,test,1471,1305,-116,2776,1355,required_80m_footprint_outside_source_frame
train:40046,train:6882,train,40046,6882,6882.jpg,3840,2160,1,swimmer,3127.0,1336.0,37.0,31.0,1147.0,34.798302956415725,30.6,mavic,NorthSea_Fri_DJI_0115.MP4,0,data/raw/seadronessee/odv2/images/train/6882.jpg,test,1471,2410,616,3881,2087,required_80m_footprint_outside_source_frame
train:40050,train:6882,train,40050,6882,6882.jpg,3840,2160,1,swimmer,2207.0,1525.0,80.0,26.0,2080.0,34.798302956415725,30.6,mavic,NorthSea_Fri_DJI_0115.MP4,0,data/raw/seadronessee/odv2/images/train/6882.jpg,test,1471,1512,802,2983,2273,required_80m_footprint_outside_source_frame
train:40051,train:6882,train,40051,6882,6882.jpg,3840,2160,2,boat,3458.0,1022.0,233.0,179.0,41707.0,34.798302956415725,30.6,mavic,NorthSea_Fri_DJI_0115.MP4,0,data/raw/seadronessee/odv2/images/train/6882.jpg,test,1471,2839,376,4310,1847,required_80m_footprint_outside_source_frame
train:40062,train:6884,train,40062,6884,6884.jpg,3840,2160,5,buoy,2003.0,596.0,47.0,65.0,3055.0,34.798302956415725,30.6,mavic,NorthSea_Fri_DJI_0115.MP4,30,data/raw/seadronessee/odv2/images/train/6884.jpg,test,1471,1291,-107,2762,1364,required_80m_footprint_outside_source_frame
train:40064,train:6884,train,40064,6884,6884.jpg,3840,2160,1,swimmer,3111.0,1358.0,39.0,28.0,1092.0,34.798302956415725,30.6,mavic,NorthSea_Fri_DJI_0115.MP4,30,data/raw/seadronessee/odv2/images/train/6884.jpg,test,1471,2395,636,3866,2107,required_80m_footprint_outside_source_frame
train:40068,train:6884,train,40068,6884,6884.jpg,3840,2160,1,swimmer,2195.0,1525.0,76.0,29.0,2204.0,34.798302956415725,30.6,mavic,NorthSea_Fri_DJI_0115.MP4,30,data/raw/seadronessee/odv2/images/train/6884.jpg,test,1471,1498,804,2969,2275,required_80m_footprint_outside_source_frame
train:40069,train:6884,train,40069,6884,6884.jpg,3840,2160,2,boat,3446.0,1042.0,248.0,163.0,40424.0,34.798302956415725,30.6,mavic,NorthSea_Fri_DJI_0115.MP4,30,data/raw/seadronessee/odv2/images/train/6884.jpg,test,1471,2834,388,4305,1859,required_80m_footprint_outside_source_frame
train:40080,train:6886,train,40080,6886,6886.jpg,3840,2160,5,buoy,2007.0,602.0,47.0,65.0,3055.0,34.99829320329168,30.6,mavic,NorthSea_Fri_DJI_0115.MP4,60,data/raw/seadronessee/odv2/images/train/6886.jpg,test,1463,1299,-97,2762,1366,required_80m_footprint_outside_source_frame
train:40082,train:6886,train,40082,6886,6886.jpg,3840,2160,1,swimmer,3123.0,1364.0,38.0,28.0,1064.0,34.99829320329168,30.6,mavic,NorthSea_Fri_DJI_0115.MP4,60,data/raw/seadronessee/odv2/images/train/6886.jpg,test,1463,2410,646,3873,2109,required_80m_footprint_outside_source_frame
train:40086,train:6886,train,40086,6886,6886.jpg,3840,2160,1,swimmer,2200.0,1530.0,83.0,26.0,2158.0,34.99829320329168,30.6,mavic,NorthSea_Fri_DJI_0115.MP4,60,data/raw/seadronessee/odv2/images/train/6886.jpg,test,1463,1510,812,2973,2275,required_80m_footprint_outside_source_frame
train:40087,train:6886,train,40087,6886,6886.jpg,3840,2160,2,boat,3441.0,1056.0,250.0,166.0,41500.0,34.99829320329168,30.6,mavic,NorthSea_Fri_DJI_0115.MP4,60,data/raw/seadronessee/odv2/images/train/6886.jpg,test,1463,2834,408,4297,1871,required_80m_footprint_outside_source_frame
train:40117,train:6890,train,40117,6890,6890.jpg,3840,2160,5,buoy,1947.0,595.0,48.0,65.0,3120.0,34.99829320329168,30.6,mavic,NorthSea_Fri_DJI_0115.MP4,120,data/raw/seadronessee/odv2/images/train/6890.jpg,test,1463,1240,-104,2703,1359,required_80m_footprint_outside_source_frame
train:40123,train:6890,train,40123,6890,6890.jpg,3840,2160,1,swimmer,2081.0,1544.0,80.0,25.0,2000.0,34.99829320329168,30.6,mavic,NorthSea_Fri_DJI_0115.MP4,120,data/raw/seadronessee/odv2/images/train/6890.jpg,test,1463,1390,825,2853,2288,required_80m_footprint_outside_source_frame
train:40124,train:6890,train,40124,6890,6890.jpg,3840,2160,2,boat,3366.0,1056.0,225.0,179.0,40275.0,34.99829320329168,30.6,mavic,NorthSea_Fri_DJI_0115.MP4,120,data/raw/seadronessee/odv2/images/train/6890.jpg,test,1463,2747,414,4210,1877,required_80m_footprint_outside_source_frame
train:40160,train:6894,train,40160,6894,6894.jpg,3840,2160,5,buoy,1651.0,610.0,48.0,64.0,3072.0,34.99829320329168,30.6,mavic,NorthSea_Fri_DJI_0115.MP4,180,data/raw/seadronessee/odv2/images/train/6894.jpg,test,1463,944,-90,2407,1373,required_80m_footprint_outside_source_frame
train:40164,train:6894,train,40164,6894,6894.jpg,3840,2160,1,swimmer,1783.0,1547.0,59.0,40.0,2360.0,34.99829320329168,30.6,mavic,NorthSea_Fri_DJI_0115.MP4,180,data/raw/seadronessee/odv2/images/train/6894.jpg,test,1463,1081,836,2544,2299,required_80m_footprint_outside_source_frame
train:40165,train:6894,train,40165,6894,6894.jpg,3840,2160,2,boat,3037.0,1021.0,212.0,158.0,33496.0,34.99829320329168,30.6,mavic,NorthSea_Fri_DJI_0115.MP4,180,data/raw/seadronessee/odv2/images/train/6894.jpg,test,1463,2412,368,3875,1831,required_80m_footprint_outside_source_frame
train:40182,train:6896,train,40182,6896,6896.jpg,3840,2160,5,buoy,1495.0,610.0,49.0,67.0,3283.0,34.99829320329168,30.6,mavic,NorthSea_Fri_DJI_0115.MP4,210,data/raw/seadronessee/odv2/images/train/6896.jpg,test,1463,788,-88,2251,1375,required_80m_footprint_outside_source_frame
train:40186,train:6896,train,40186,6896,6896.jpg,3840,2160,1,swimmer,1642.0,1554.0,56.0,39.0,2184.0,34.99829320329168,30.6,mavic,NorthSea_Fri_DJI_0115.MP4,210,data/raw/seadronessee/odv2/images/train/6896.jpg,test,1463,938,842,2401,2305,required_80m_footprint_outside_source_frame
train:40204,train:6898,train,40204,6898,6898.jpg,3840,2160,5,buoy,1497.0,621.0,48.0,65.0,3120.0,34.99829320329168,30.6,mavic,NorthSea_Fri_DJI_0115.MP4,240,data/raw/seadronessee/odv2/images/train/6898.jpg,test,1463,790,-78,2253,1385,required_80m_footprint_outside_source_frame
train:40208,train:6898,train,40208,6898,6898.jpg,3840,2160,1,swimmer,1648.0,1555.0,33.0,39.0,1287.0,34.99829320329168,30.6,mavic,NorthSea_Fri_DJI_0115.MP4,240,data/raw/seadronessee/odv2/images/train/6898.jpg,test,1463,933,843,2396,2306,required_80m_footprint_outside_source_frame
train:40226,train:6900,train,40226,6900,6900.jpg,3840,2160,5,buoy,1499.0,614.0,49.0,66.0,3234.0,34.99829320329168,30.6,mavic,NorthSea_Fri_DJI_0115.MP4,270,data/raw/seadronessee/odv2/images/train/6900.jpg,test,1463,792,-84,2255,1379,required_80m_footprint_outside_source_frame
train:40230,train:6900,train,40230,6900,6900.jpg,3840,2160,1,swimmer,1646.0,1574.0,52.0,35.0,1820.0,34.99829320329168,30.6,mavic,NorthSea_Fri_DJI_0115.MP4,270,data/raw/seadronessee/odv2/images/train/6900.jpg,test,1463,940,860,2403,2323,required_80m_footprint_outside_source_frame
train:40248,train:6902,train,40248,6902,6902.jpg,3840,2160,5,buoy,1509.0,617.0,48.0,65.0,3120.0,34.99829320329168,30.6,mavic,NorthSea_Fri_DJI_0115.MP4,300,data/raw/seadronessee/odv2/images/train/6902.jpg,test,1463,802,-82,2265,1381,required_80m_footprint_outside_source_frame
train:40252,train:6902,train,40252,6902,6902.jpg,3840,2160,1,swimmer,1659.0,1570.0,50.0,33.0,1650.0,34.99829320329168,30.6,mavic,NorthSea_Fri_DJI_0115.MP4,300,data/raw/seadronessee/odv2/images/train/6902.jpg,test,1463,952,855,2415,2318,required_80m_footprint_outside_source_frame
train:40269,train:6904,train,40269,6904,6904.jpg,3840,2160,3,jetski,889.0,699.0,137.0,51.0,6987.0,34.99829320329168,30.6,mavic,NorthSea_Fri_DJI_0115.MP4,330,data/raw/seadronessee/odv2/images/train/6904.jpg,test,1463,226,-7,1689,1456,required_80m_footprint_outside_source_frame
train:40270,train:6904,train,40270,6904,6904.jpg,3840,2160,5,buoy,1507.0,612.0,49.0,66.0,3234.0,34.99829320329168,30.6,mavic,NorthSea_Fri_DJI_0115.MP4,330,data/raw/seadronessee/odv2/images/train/6904.jpg,test,1463,800,-86,2263,1377,required_80m_footprint_outside_source_frame
train:40274,train:6904,train,40274,6904,6904.jpg,3840,2160,1,swimmer,1650.0,1559.0,61.0,41.0,2501.0,34.99829320329168,30.6,mavic,NorthSea_Fri_DJI_0115.MP4,330,data/raw/seadronessee/odv2/images/train/6904.jpg,test,1463,949,848,2412,2311,required_80m_footprint_outside_source_frame
train:40291,train:6906,train,40291,6906,6906.jpg,3840,2160,3,jetski,549.0,688.0,150.0,45.0,6750.0,34.99829320329168,30.6,mavic,NorthSea_Fri_DJI_0115.MP4,360,data/raw/seadronessee/odv2/images/train/6906.jpg,test,1463,-108,-21,1355,1442,required_80m_footprint_outside_source_frame
train:40292,train:6906,train,40292,6906,6906.jpg,3840,2160,5,buoy,1509.0,619.0,48.0,65.0,3120.0,34.99829320329168,30.6,mavic,NorthSea_Fri_DJI_0115.MP4,360,data/raw/seadronessee/odv2/images/train/6906.jpg,test,1463,802,-80,2265,1383,required_80m_footprint_outside_source_frame
train:40296,train:6906,train,40296,6906,6906.jpg,3840,2160,1,swimmer,1639.0,1569.0,65.0,38.0,2470.0,34.99829320329168,30.6,mavic,NorthSea_Fri_DJI_0115.MP4,360,data/raw/seadronessee/odv2/images/train/6906.jpg,test,1463,940,856,2403,2319,required_80m_footprint_outside_source_frame
train:40313,train:6908,train,40313,6908,6908.jpg,3840,2160,5,buoy,1505.0,614.0,49.0,66.0,3234.0,34.99829320329168,30.6,mavic,NorthSea_Fri_DJI_0115.MP4,390,data/raw/seadronessee/odv2/images/train/6908.jpg,test,1463,798,-84,2261,1379,required_80m_footprint_outside_source_frame
train:40315,train:6908,train,40315,6908,6908.jpg,3840,2160,3,jetski,225.0,686.0,141.0,45.0,6345.0,34.99829320329168,30.6,mavic,NorthSea_Fri_DJI_0115.MP4,390,data/raw/seadronessee/odv2/images/train/6908.jpg,test,1463,-436,-23,1027,1440,required_80m_footprint_outside_source_frame
train:40318,train:6908,train,40318,6908,6908.jpg,3840,2160,1,swimmer,1640.0,1579.0,64.0,32.0,2048.0,34.99829320329168,30.6,mavic,NorthSea_Fri_DJI_0115.MP4,390,data/raw/seadronessee/odv2/images/train/6908.jpg,test,1463,940,864,2403,2327,required_80m_footprint_outside_source_frame
train:40336,train:6910,train,40336,6910,6910.jpg,3840,2160,5,buoy,1475.0,629.0,49.0,65.0,3185.0,34.99829320329168,30.6,mavic,NorthSea_Fri_DJI_0115.MP4,420,data/raw/seadronessee/odv2/images/train/6910.jpg,test,1463,768,-70,2231,1393,required_80m_footprint_outside_source_frame
train:40339,train:6910,train,40339,6910,6910.jpg,3840,2160,1,swimmer,2147.0,1424.0,29.0,23.0,667.0,34.99829320329168,30.6,mavic,NorthSea_Fri_DJI_0115.MP4,420,data/raw/seadronessee/odv2/images/train/6910.jpg,test,1463,1430,704,2893,2167,required_80m_footprint_outside_source_frame
train:40341,train:6910,train,40341,6910,6910.jpg,3840,2160,1,swimmer,1609.0,1592.0,73.0,31.0,2263.0,34.99829320329168,30.6,mavic,NorthSea_Fri_DJI_0115.MP4,420,data/raw/seadronessee/odv2/images/train/6910.jpg,test,1463,914,876,2377,2339,required_80m_footprint_outside_source_frame
train:40358,train:6912,train,40358,6912,6912.jpg,3840,2160,5,buoy,1118.0,671.0,51.0,65.0,3315.0,34.99829320329168,30.6,mavic,NorthSea_Fri_DJI_0115.MP4,450,data/raw/seadronessee/odv2/images/train/6912.jpg,test,1463,412,-28,1875,1435,required_80m_footprint_outside_source_frame
train:40359,train:6912,train,40359,6912,6912.jpg,3840,2160,1,swimmer,1832.0,1438.0,25.0,27.0,675.0,34.99829320329168,30.6,mavic,NorthSea_Fri_DJI_0115.MP4,450,data/raw/seadronessee/odv2/images/train/6912.jpg,test,1463,1113,720,2576,2183,required_80m_footprint_outside_source_frame
train:40361,train:6912,train,40361,6912,6912.jpg,3840,2160,1,swimmer,1299.0,1661.0,63.0,31.0,1953.0,34.99829320329168,30.6,mavic,NorthSea_Fri_DJI_0115.MP4,450,data/raw/seadronessee/odv2/images/train/6912.jpg,test,1463,599,945,2062,2408,required_80m_footprint_outside_source_frame
train:40378,train:6914,train,40378,6914,6914.jpg,3840,2160,5,buoy,1304.0,636.0,50.0,68.0,3400.0,34.99829320329168,30.6,mavic,NorthSea_Fri_DJI_0115.MP4,480,data/raw/seadronessee/odv2/images/train/6914.jpg,test,1463,598,-62,2061,1401,required_80m_footprint_outside_source_frame
train:40382,train:6914,train,40382,6914,6914.jpg,3840,2160,1,swimmer,1458.0,1635.0,54.0,43.0,2322.0,34.99829320329168,30.6,mavic,NorthSea_Fri_DJI_0115.MP4,480,data/raw/seadronessee/odv2/images/train/6914.jpg,test,1463,754,925,2217,2388,required_80m_footprint_outside_source_frame
train:40387,train:6914,train,40387,6914,6914.jpg,3840,2160,1,swimmer,1981.0,1418.0,32.0,36.0,1152.0,34.99829320329168,30.6,mavic,NorthSea_Fri_DJI_0115.MP4,480,data/raw/seadronessee/odv2/images/train/6914.jpg,test,1463,1266,704,2729,2167,required_80m_footprint_outside_source_frame
train:40398,train:6916,train,40398,6916,6916.jpg,3840,2160,5,buoy,1248.0,643.0,49.0,66.0,3234.0,34.99829320329168,30.6,mavic,NorthSea_Fri_DJI_0115.MP4,510,data/raw/seadronessee/odv2/images/train/6916.jpg,test,1463,541,-56,2004,1407,required_80m_footprint_outside_source_frame
train:40402,train:6916,train,40402,6916,6916.jpg,3840,2160,1,swimmer,1469.0,1629.0,52.0,39.0,2028.0,34.99829320329168,30.6,mavic,NorthSea_Fri_DJI_0115.MP4,510,data/raw/seadronessee/odv2/images/train/6916.jpg,test,1463,764,917,2227,2380,required_80m_footprint_outside_source_frame
train:40418,train:6918,train,40418,6918,6918.jpg,3840,2160,5,buoy,1337.0,642.0,50.0,67.0,3350.0,34.99829320329168,30.6,mavic,NorthSea_Fri_DJI_0115.MP4,540,data/raw/seadronessee/odv2/images/train/6918.jpg,test,1463,630,-56,2093,1407,required_80m_footprint_outside_source_frame
train:40422,train:6918,train,40422,6918,6918.jpg,3840,2160,1,swimmer,1556.0,1629.0,58.0,43.0,2494.0,34.99829320329168,30.6,mavic,NorthSea_Fri_DJI_0115.MP4,540,data/raw/seadronessee/odv2/images/train/6918.jpg,test,1463,854,919,2317,2382,required_80m_footprint_outside_source_frame
train:40424,train:6918,train,40424,6918,6918.jpg,3840,2160,1,swimmer,2065.0,1414.0,33.0,35.0,1155.0,34.99829320329168,30.6,mavic,NorthSea_Fri_DJI_0115.MP4,540,data/raw/seadronessee/odv2/images/train/6918.jpg,test,1463,1350,700,2813,2163,required_80m_footprint_outside_source_frame
train:40440,train:6920,train,40440,6920,6920.jpg,3840,2160,5,buoy,1412.0,645.0,48.0,65.0,3120.0,34.99829320329168,30.6,mavic,NorthSea_Fri_DJI_0115.MP4,570,data/raw/seadronessee/odv2/images/train/6920.jpg,test,1463,704,-54,2167,1409,required_80m_footprint_outside_source_frame
train:40444,train:6920,train,40444,6920,6920.jpg,3840,2160,1,swimmer,1538.0,1630.0,58.0,40.0,2320.0,34.99829320329168,30.6,mavic,NorthSea_Fri_DJI_0115.MP4,570,data/raw/seadronessee/odv2/images/train/6920.jpg,test,1463,836,918,2299,2381,required_80m_footprint_outside_source_frame
train:40446,train:6920,train,40446,6920,6920.jpg,3840,2160,1,swimmer,2068.0,1430.0,45.0,29.0,1305.0,34.99829320329168,30.6,mavic,NorthSea_Fri_DJI_0115.MP4,570,data/raw/seadronessee/odv2/images/train/6920.jpg,test,1463,1359,713,2822,2176,required_80m_footprint_outside_source_frame
train:40462,train:6922,train,40462,6922,6922.jpg,3840,2160,5,buoy,1482.0,630.0,48.0,65.0,3120.0,34.99829320329168,30.6,mavic,NorthSea_Fri_DJI_0115.MP4,600,data/raw/seadronessee/odv2/images/train/6922.jpg,test,1463,774,-69,2237,1394,required_80m_footprint_outside_source_frame
train:40466,train:6922,train,40466,6922,6922.jpg,3840,2160,1,swimmer,1440.0,1611.0,51.0,37.0,1887.0,34.99829320329168,30.6,mavic,NorthSea_Fri_DJI_0115.MP4,600,data/raw/seadronessee/odv2/images/train/6922.jpg,test,1463,734,898,2197,2361,required_80m_footprint_outside_source_frame
train:40468,train:6922,train,40468,6922,6922.jpg,3840,2160,1,swimmer,1963.0,1445.0,97.0,33.0,3201.0,34.99829320329168,30.6,mavic,NorthSea_Fri_DJI_0115.MP4,600,data/raw/seadronessee/odv2/images/train/6922.jpg,test,1463,1280,730,2743,2193,required_80m_footprint_outside_source_frame
train:40484,train:6924,train,40484,6924,6924.jpg,3840,2160,5,buoy,1616.0,615.0,47.0,63.0,2961.0,34.99829320329168,30.6,mavic,NorthSea_Fri_DJI_0115.MP4,630,data/raw/seadronessee/odv2/images/train/6924.jpg,test,1463,908,-85,2371,1378,required_80m_footprint_outside_source_frame
train:40488,train:6924,train,40488,6924,6924.jpg,3840,2160,1,swimmer,1375.0,1568.0,57.0,39.0,2223.0,34.99829320329168,30.6,mavic,NorthSea_Fri_DJI_0115.MP4,630,data/raw/seadronessee/odv2/images/train/6924.jpg,test,1463,672,856,2135,2319,required_80m_footprint_outside_source_frame
train:40490,train:6924,train,40490,6924,6924.jpg,3840,2160,1,swimmer,1946.0,1428.0,63.0,25.0,1575.0,34.99829320329168,30.6,mavic,NorthSea_Fri_DJI_0115.MP4,630,data/raw/seadronessee/odv2/images/train/6924.jpg,test,1463,1246,709,2709,2172,required_80m_footprint_outside_source_frame
train:40505,train:6926,train,40505,6926,6926.jpg,3840,2160,5,buoy,1877.0,582.0,45.0,64.0,2880.0,34.99829320329168,30.6,mavic,NorthSea_Fri_DJI_0115.MP4,660,data/raw/seadronessee/odv2/images/train/6926.jpg,test,1463,1168,-118,2631,1345,required_80m_footprint_outside_source_frame
train:40509,train:6926,train,40509,6926,6926.jpg,3840,2160,1,swimmer,1412.0,1472.0,64.0,39.0,2496.0,34.99829320329168,30.6,mavic,NorthSea_Fri_DJI_0115.MP4,660,data/raw/seadronessee/odv2/images/train/6926.jpg,test,1463,712,760,2175,2223,required_80m_footprint_outside_source_frame
train:40515,train:6926,train,40515,6926,6926.jpg,3840,2160,2,boat,75.0,190.0,328.0,108.0,35424.0,34.99829320329168,30.6,mavic,NorthSea_Fri_DJI_0115.MP4,660,data/raw/seadronessee/odv2/images/train/6926.jpg,test,1463,-492,-488,971,975,required_80m_footprint_outside_source_frame
train:40527,train:6928,train,40527,6928,6928.jpg,3840,2160,5,buoy,1853.0,560.0,47.0,63.0,2961.0,34.99829320329168,30.6,mavic,NorthSea_Fri_DJI_0115.MP4,690,data/raw/seadronessee/odv2/images/train/6928.jpg,test,1463,1145,-140,2608,1323,required_80m_footprint_outside_source_frame
train:40537,train:6928,train,40537,6928,6928.jpg,3840,2160,2,boat,252.0,158.0,300.0,94.0,28200.0,34.99829320329168,30.6,mavic,NorthSea_Fri_DJI_0115.MP4,690,data/raw/seadronessee/odv2/images/train/6928.jpg,test,1463,-330,-526,1133,937,required_80m_footprint_outside_source_frame
train:40573,train:6932,train,40573,6932,6932.jpg,3840,2160,2,boat,2152.0,1462.0,208.0,175.0,36400.0,34.99829320329168,27.3,mavic,NorthSea_Fri_DJI_0115.MP4,750,data/raw/seadronessee/odv2/images/train/6932.jpg,test,1463,1524,818,2987,2281,required_80m_footprint_outside_source_frame
train:40574,train:6932,train,40574,6932,6932.jpg,3840,2160,1,swimmer,726.0,1580.0,51.0,40.0,2040.0,34.99829320329168,27.3,mavic,NorthSea_Fri_DJI_0115.MP4,750,data/raw/seadronessee/odv2/images/train/6932.jpg,test,1463,20,868,1483,2331,required_80m_footprint_outside_source_frame
train:40579,train:6932,train,40579,6932,6932.jpg,3840,2160,1,swimmer,1187.0,1426.0,21.0,26.0,546.0,34.99829320329168,27.3,mavic,NorthSea_Fri_DJI_0115.MP4,750,data/raw/seadronessee/odv2/images/train/6932.jpg,test,1463,466,708,1929,2171,required_80m_footprint_outside_source_frame
train:40580,train:6932,train,40580,6932,6932.jpg,3840,2160,1,swimmer,1292.0,1542.0,52.0,43.0,2236.0,34.99829320329168,27.3,mavic,NorthSea_Fri_DJI_0115.MP4,750,data/raw/seadronessee/odv2/images/train/6932.jpg,test,1463,586,832,2049,2295,required_80m_footprint_outside_source_frame
train:40581,train:6932,train,40581,6932,6932.jpg,3840,2160,1,swimmer,1665.0,1535.0,34.0,26.0,884.0,34.99829320329168,27.3,mavic,NorthSea_Fri_DJI_0115.MP4,750,data/raw/seadronessee/odv2/images/train/6932.jpg,test,1463,950,816,2413,2279,required_80m_footprint_outside_source_frame
train:40582,train:6932,train,40582,6932,6932.jpg,3840,2160,2,boat,337.0,396.0,275.0,87.0,23925.0,34.99829320329168,27.3,mavic,NorthSea_Fri_DJI_0115.MP4,750,data/raw/seadronessee/odv2/images/train/6932.jpg,test,1463,-257,-292,1206,1171,required_80m_footprint_outside_source_frame
train:40583,train:6932,train,40583,6932,6932.jpg,3840,2160,5,buoy,3403.0,114.0,18.0,25.0,450.0,34.99829320329168,27.3,mavic,NorthSea_Fri_DJI_0115.MP4,750,data/raw/seadronessee/odv2/images/train/6932.jpg,test,1463,2680,-605,4143,858,required_80m_footprint_outside_source_frame
train:40584,train:6932,train,40584,6932,6932.jpg,3840,2160,2,boat,1474.0,36.0,72.0,36.0,2592.0,34.99829320329168,27.3,mavic,NorthSea_Fri_DJI_0115.MP4,750,data/raw/seadronessee/odv2/images/train/6932.jpg,test,1463,778,-678,2241,785,required_80m_footprint_outside_source_frame
train:40908,train:6957,train,40908,6957,6957.jpg,3840,2160,2,boat,2565.0,1553.0,282.0,164.0,46248.0,34.99829320329168,25.7,mavic,NorthSea_Fri_DJI_0115.MP4,1125,data/raw/seadronessee/odv2/images/train/6957.jpg,test,1463,1974,904,3437,2367,required_80m_footprint_outside_source_frame
train:40909,train:6957,train,40909,6957,6957.jpg,3840,2160,2,boat,2008.0,247.0,215.0,68.0,14620.0,34.99829320329168,25.7,mavic,NorthSea_Fri_DJI_0115.MP4,1125,data/raw/seadronessee/odv2/images/train/6957.jpg,test,1463,1384,-450,2847,1013,required_80m_footprint_outside_source_frame
train:40918,train:6957,train,40918,6957,6957.jpg,3840,2160,3,jetski,1729.0,269.0,74.0,24.0,1776.0,34.99829320329168,25.7,mavic,NorthSea_Fri_DJI_0115.MP4,1125,data/raw/seadronessee/odv2/images/train/6957.jpg,test,1463,1034,-450,2497,1013,required_80m_footprint_outside_source_frame
train:51353,train:7982,train,51353,7982,7982.jpg,3840,2160,5,buoy,794.0,320.0,71.0,96.0,6816.0,34.29832733922585,42.2,mavic,NorthSea_Fri_DJI_0117.MP4,0,data/raw/seadronessee/odv2/images/train/7982.jpg,train,1493,83,-378,1576,1115,required_80m_footprint_outside_source_frame
train:51354,train:7982,train,51354,7982,7982.jpg,3840,2160,1,swimmer,1441.0,700.0,34.0,28.0,952.0,34.29832733922585,42.2,mavic,NorthSea_Fri_DJI_0117.MP4,0,data/raw/seadronessee/odv2/images/train/7982.jpg,train,1493,712,-32,2205,1461,required_80m_footprint_outside_source_frame
train:51355,train:7982,train,51355,7982,7982.jpg,3840,2160,1,swimmer,1292.0,699.0,39.0,31.0,1209.0,34.29832733922585,42.2,mavic,NorthSea_Fri_DJI_0117.MP4,0,data/raw/seadronessee/odv2/images/train/7982.jpg,train,1493,565,-32,2058,1461,required_80m_footprint_outside_source_frame
train:51373,train:7984,train,51373,7984,7984.jpg,3840,2160,5,buoy,822.0,322.0,69.0,94.0,6486.0,34.29832733922585,42.2,mavic,NorthSea_Fri_DJI_0117.MP4,30,data/raw/seadronessee/odv2/images/train/7984.jpg,train,1493,110,-378,1603,1115,required_80m_footprint_outside_source_frame
train:51374,train:7984,train,51374,7984,7984.jpg,3840,2160,1,swimmer,1444.0,713.0,31.0,26.0,806.0,34.29832733922585,42.2,mavic,NorthSea_Fri_DJI_0117.MP4,30,data/raw/seadronessee/odv2/images/train/7984.jpg,train,1493,713,-20,2206,1473,required_80m_footprint_outside_source_frame
train:51375,train:7984,train,51375,7984,7984.jpg,3840,2160,1,swimmer,1289.0,705.0,42.0,30.0,1260.0,34.29832733922585,42.2,mavic,NorthSea_Fri_DJI_0117.MP4,30,data/raw/seadronessee/odv2/images/train/7984.jpg,train,1493,564,-26,2057,1467,required_80m_footprint_outside_source_frame
train:51393,train:7986,train,51393,7986,7986.jpg,3840,2160,5,buoy,945.0,302.0,68.0,92.0,6256.0,34.29832733922585,42.2,mavic,NorthSea_Fri_DJI_0117.MP4,60,data/raw/seadronessee/odv2/images/train/7986.jpg,train,1493,232,-398,1725,1095,required_80m_footprint_outside_source_frame
train:51394,train:7986,train,51394,7986,7986.jpg,3840,2160,1,swimmer,1521.0,704.0,32.0,24.0,768.0,34.29832733922585,42.2,mavic,NorthSea_Fri_DJI_0117.MP4,60,data/raw/seadronessee/odv2/images/train/7986.jpg,train,1493,790,-30,2283,1463,required_80m_footprint_outside_source_frame
train:51395,train:7986,train,51395,7986,7986.jpg,3840,2160,1,swimmer,1353.0,690.0,44.0,28.0,1232.0,34.29832733922585,42.2,mavic,NorthSea_Fri_DJI_0117.MP4,60,data/raw/seadronessee/odv2/images/train/7986.jpg,train,1493,628,-42,2121,1451,required_80m_footprint_outside_source_frame
train:51413,train:7988,train,51413,7988,7988.jpg,3840,2160,5,buoy,1914.0,209.0,64.0,86.0,5504.0,34.39832246266382,42.2,mavic,NorthSea_Fri_DJI_0117.MP4,90,data/raw/seadronessee/odv2/images/train/7988.jpg,train,1488,1202,-492,2690,996,required_80m_footprint_outside_source_frame
train:51414,train:7988,train,51414,7988,7988.jpg,3840,2160,1,swimmer,2233.0,714.0,63.0,54.0,3402.0,34.39832246266382,42.2,mavic,NorthSea_Fri_DJI_0117.MP4,90,data/raw/seadronessee/odv2/images/train/7988.jpg,train,1488,1520,-3,3008,1485,required_80m_footprint_outside_source_frame
train:51415,train:7988,train,51415,7988,7988.jpg,3840,2160,1,swimmer,2381.0,686.0,31.0,27.0,837.0,34.39832246266382,42.2,mavic,NorthSea_Fri_DJI_0117.MP4,90,data/raw/seadronessee/odv2/images/train/7988.jpg,train,1488,1652,-44,3140,1444,required_80m_footprint_outside_source_frame
train:51416,train:7988,train,51416,7988,7988.jpg,3840,2160,1,swimmer,2234.0,642.0,37.0,35.0,1295.0,34.39832246266382,42.2,mavic,NorthSea_Fri_DJI_0117.MP4,90,data/raw/seadronessee/odv2/images/train/7988.jpg,train,1488,1508,-84,2996,1404,required_80m_footprint_outside_source_frame
train:51419,train:7988,train,51419,7988,7988.jpg,3840,2160,1,swimmer,3262.0,1232.0,39.0,32.0,1248.0,34.39832246266382,42.2,mavic,NorthSea_Fri_DJI_0117.MP4,90,data/raw/seadronessee/odv2/images/train/7988.jpg,train,1488,2538,504,4026,1992,required_80m_footprint_outside_source_frame
train:51420,train:7988,train,51420,7988,7988.jpg,3840,2160,1,swimmer,3196.0,1377.0,42.0,33.0,1386.0,34.39832246266382,42.2,mavic,NorthSea_Fri_DJI_0117.MP4,90,data/raw/seadronessee/odv2/images/train/7988.jpg,train,1488,2473,650,3961,2138,required_80m_footprint_outside_source_frame
train:51421,train:7988,train,51421,7988,7988.jpg,3840,2160,1,swimmer,3600.0,1414.0,49.0,55.0,2695.0,34.39832246266382,42.2,mavic,NorthSea_Fri_DJI_0117.MP4,90,data/raw/seadronessee/odv2/images/train/7988.jpg,train,1488,2880,698,4368,2186,required_80m_footprint_outside_source_frame
train:51422,train:7988,train,51422,7988,7988.jpg,3840,2160,1,swimmer,3140.0,1436.0,65.0,54.0,3510.0,34.39832246266382,42.2,mavic,NorthSea_Fri_DJI_0117.MP4,90,data/raw/seadronessee/odv2/images/train/7988.jpg,train,1488,2428,719,3916,2207,required_80m_footprint_outside_source_frame
train:51434,train:7990,train,51434,7990,7990.jpg,3840,2160,1,swimmer,2349.0,641.0,45.0,34.0,1530.0,34.29832733922585,42.2,mavic,NorthSea_Fri_DJI_0117.MP4,120,data/raw/seadronessee/odv2/images/train/7990.jpg,train,1493,1625,-88,3118,1405,required_80m_footprint_outside_source_frame
train:51435,train:7990,train,51435,7990,7990.jpg,3840,2160,1,swimmer,2364.0,708.0,45.0,51.0,2295.0,34.29832733922585,42.2,mavic,NorthSea_Fri_DJI_0117.MP4,120,data/raw/seadronessee/odv2/images/train/7990.jpg,train,1493,1640,-13,3133,1480,required_80m_footprint_outside_source_frame
train:51438,train:7990,train,51438,7990,7990.jpg,3840,2160,1,swimmer,3207.0,1469.0,78.0,44.0,3432.0,34.29832733922585,42.2,mavic,NorthSea_Fri_DJI_0117.MP4,120,data/raw/seadronessee/odv2/images/train/7990.jpg,train,1493,2500,744,3993,2237,required_80m_footprint_outside_source_frame
train:51439,train:7990,train,51439,7990,7990.jpg,3840,2160,1,swimmer,3684.0,1447.0,64.0,54.0,3456.0,34.29832733922585,42.2,mavic,NorthSea_Fri_DJI_0117.MP4,120,data/raw/seadronessee/odv2/images/train/7990.jpg,train,1493,2970,728,4463,2221,required_80m_footprint_outside_source_frame
train:51440,train:7990,train,51440,7990,7990.jpg,3840,2160,2,boat,72.0,1267.0,445.0,203.0,90335.0,34.29832733922585,42.2,mavic,NorthSea_Fri_DJI_0117.MP4,120,data/raw/seadronessee/odv2/images/train/7990.jpg,train,1493,-452,622,1041,2115,required_80m_footprint_outside_source_frame
train:51441,train:7990,train,51441,7990,7990.jpg,3840,2160,5,buoy,2046.0,198.0,62.0,87.0,5394.0,34.29832733922585,42.2,mavic,NorthSea_Fri_DJI_0117.MP4,120,data/raw/seadronessee/odv2/images/train/7990.jpg,train,1493,1330,-505,2823,988,required_80m_footprint_outside_source_frame
train:51442,train:7990,train,51442,7990,7990.jpg,3840,2160,1,swimmer,2492.0,693.0,28.0,28.0,784.0,34.29832733922585,42.2,mavic,NorthSea_Fri_DJI_0117.MP4,120,data/raw/seadronessee/odv2/images/train/7990.jpg,train,1493,1760,-40,3253,1453,required_80m_footprint_outside_source_frame
train:51443,train:7990,train,51443,7990,7990.jpg,3840,2160,1,swimmer,3347.0,1270.0,45.0,33.0,1485.0,34.29832733922585,42.2,mavic,NorthSea_Fri_DJI_0117.MP4,120,data/raw/seadronessee/odv2/images/train/7990.jpg,train,1493,2623,540,4116,2033,required_80m_footprint_outside_source_frame
train:51444,train:7990,train,51444,7990,7990.jpg,3840,2160,1,swimmer,3271.0,1409.0,41.0,32.0,1312.0,34.29832733922585,42.2,mavic,NorthSea_Fri_DJI_0117.MP4,120,data/raw/seadronessee/odv2/images/train/7990.jpg,train,1493,2545,678,4038,2171,required_80m_footprint_outside_source_frame
train:51456,train:7992,train,51456,7992,7992.jpg,3840,2160,1,swimmer,2307.0,649.0,74.0,30.0,2220.0,34.29832733922585,42.2,mavic,NorthSea_Fri_DJI_0117.MP4,150,data/raw/seadronessee/odv2/images/train/7992.jpg,train,1493,1598,-82,3091,1411,required_80m_footprint_outside_source_frame
train:51460,train:7992,train,51460,7992,7992.jpg,3840,2160,1,swimmer,3156.0,1476.0,72.0,49.0,3528.0,34.29832733922585,42.2,mavic,NorthSea_Fri_DJI_0117.MP4,150,data/raw/seadronessee/odv2/images/train/7992.jpg,train,1493,2446,754,3939,2247,required_80m_footprint_outside_source_frame
train:51461,train:7992,train,51461,7992,7992.jpg,3840,2160,1,swimmer,3641.0,1469.0,68.0,48.0,3264.0,34.29832733922585,42.2,mavic,NorthSea_Fri_DJI_0117.MP4,150,data/raw/seadronessee/odv2/images/train/7992.jpg,train,1493,2928,746,4421,2239,required_80m_footprint_outside_source_frame
train:51462,train:7992,train,51462,7992,7992.jpg,3840,2160,2,boat,51.0,1279.0,477.0,229.0,109233.0,34.29832733922585,42.2,mavic,NorthSea_Fri_DJI_0117.MP4,150,data/raw/seadronessee/odv2/images/train/7992.jpg,train,1493,-457,647,1036,2140,required_80m_footprint_outside_source_frame
train:51463,train:7992,train,51463,7992,7992.jpg,3840,2160,5,buoy,2024.0,209.0,62.0,87.0,5394.0,34.29832733922585,42.2,mavic,NorthSea_Fri_DJI_0117.MP4,150,data/raw/seadronessee/odv2/images/train/7992.jpg,train,1493,1308,-494,2801,999,required_80m_footprint_outside_source_frame
train:51464,train:7992,train,51464,7992,7992.jpg,3840,2160,1,swimmer,2474.0,702.0,29.0,26.0,754.0,34.29832733922585,42.2,mavic,NorthSea_Fri_DJI_0117.MP4,150,data/raw/seadronessee/odv2/images/train/7992.jpg,train,1493,1742,-32,3235,1461,required_80m_footprint_outside_source_frame
train:51465,train:7992,train,51465,7992,7992.jpg,3840,2160,1,swimmer,3306.0,1276.0,38.0,31.0,1178.0,34.29832733922585,42.2,mavic,NorthSea_Fri_DJI_0117.MP4,150,data/raw/seadronessee/odv2/images/train/7992.jpg,train,1493,2578,545,4071,2038,required_80m_footprint_outside_source_frame
train:51466,train:7992,train,51466,7992,7992.jpg,3840,2160,1,swimmer,3218.0,1422.0,38.0,29.0,1102.0,34.29832733922585,42.2,mavic,NorthSea_Fri_DJI_0117.MP4,150,data/raw/seadronessee/odv2/images/train/7992.jpg,train,1493,2490,690,3983,2183,required_80m_footprint_outside_source_frame
train:51478,train:7994,train,51478,7994,7994.jpg,3840,2160,1,swimmer,2115.0,663.0,60.0,30.0,1800.0,34.29832733922585,42.2,mavic,NorthSea_Fri_DJI_0117.MP4,180,data/raw/seadronessee/odv2/images/train/7994.jpg,train,1493,1398,-68,2891,1425,required_80m_footprint_outside_source_frame
train:51482,train:7994,train,51482,7994,7994.jpg,3840,2160,1,swimmer,2866.0,1493.0,65.0,46.0,2990.0,34.29832733922585,42.2,mavic,NorthSea_Fri_DJI_0117.MP4,180,data/raw/seadronessee/odv2/images/train/7994.jpg,train,1493,2152,770,3645,2263,required_80m_footprint_outside_source_frame
train:51483,train:7994,train,51483,7994,7994.jpg,3840,2160,1,swimmer,3341.0,1473.0,64.0,51.0,3264.0,34.29832733922585,42.2,mavic,NorthSea_Fri_DJI_0117.MP4,180,data/raw/seadronessee/odv2/images/train/7994.jpg,train,1493,2626,752,4119,2245,required_80m_footprint_outside_source_frame
train:51484,train:7994,train,51484,7994,7994.jpg,3840,2160,2,boat,0.0,1310.0,317.0,211.0,66887.0,34.29832733922585,42.2,mavic,NorthSea_Fri_DJI_0117.MP4,180,data/raw/seadronessee/odv2/images/train/7994.jpg,train,1493,-588,669,905,2162,required_80m_footprint_outside_source_frame
train:51485,train:7994,train,51485,7994,7994.jpg,3840,2160,5,buoy,1849.0,220.0,62.0,86.0,5332.0,34.29832733922585,42.2,mavic,NorthSea_Fri_DJI_0117.MP4,180,data/raw/seadronessee/odv2/images/train/7994.jpg,train,1493,1134,-484,2627,1009,required_80m_footprint_outside_source_frame
train:51486,train:7994,train,51486,7994,7994.jpg,3840,2160,1,swimmer,2272.0,720.0,28.0,26.0,728.0,34.29832733922585,42.2,mavic,NorthSea_Fri_DJI_0117.MP4,180,data/raw/seadronessee/odv2/images/train/7994.jpg,train,1493,1540,-14,3033,1479,required_80m_footprint_outside_source_frame
train:51488,train:7994,train,51488,7994,7994.jpg,3840,2160,1,swimmer,2941.0,1426.0,36.0,31.0,1116.0,34.29832733922585,42.2,mavic,NorthSea_Fri_DJI_0117.MP4,180,data/raw/seadronessee/odv2/images/train/7994.jpg,train,1493,2212,695,3705,2188,required_80m_footprint_outside_source_frame
train:51500,train:7996,train,51500,7996,7996.jpg,3840,2160,1,swimmer,1784.0,672.0,67.0,27.0,1809.0,34.29832733922585,42.2,mavic,NorthSea_Fri_DJI_0117.MP4,210,data/raw/seadronessee/odv2/images/train/7996.jpg,train,1493,1071,-61,2564,1432,required_80m_footprint_outside_source_frame
train:51504,train:7996,train,51504,7996,7996.jpg,3840,2160,1,swimmer,2433.0,1484.0,73.0,48.0,3504.0,34.29832733922585,42.2,mavic,NorthSea_Fri_DJI_0117.MP4,210,data/raw/seadronessee/odv2/images/train/7996.jpg,train,1493,1723,762,3216,2255,required_80m_footprint_outside_source_frame
train:51505,train:7996,train,51505,7996,7996.jpg,3840,2160,1,swimmer,2921.0,1464.0,56.0,49.0,2744.0,34.29832733922585,42.2,mavic,NorthSea_Fri_DJI_0117.MP4,210,data/raw/seadronessee/odv2/images/train/7996.jpg,train,1493,2202,742,3695,2235,required_80m_footprint_outside_source_frame
train:51506,train:7996,train,51506,7996,7996.jpg,3840,2160,5,buoy,1581.0,220.0,62.0,86.0,5332.0,34.29832733922585,42.2,mavic,NorthSea_Fri_DJI_0117.MP4,210,data/raw/seadronessee/odv2/images/train/7996.jpg,train,1493,866,-484,2359,1009,required_80m_footprint_outside_source_frame
train:51509,train:7996,train,51509,7996,7996.jpg,3840,2160,1,swimmer,2530.0,1418.0,33.0,33.0,1089.0,34.29832733922585,42.2,mavic,NorthSea_Fri_DJI_0117.MP4,210,data/raw/seadronessee/odv2/images/train/7996.jpg,train,1493,1800,688,3293,2181,required_80m_footprint_outside_source_frame
train:51520,train:7998,train,51520,7998,7998.jpg,3840,2160,1,swimmer,1613.0,662.0,60.0,29.0,1740.0,34.29832733922585,42.2,mavic,NorthSea_Fri_DJI_0117.MP4,240,data/raw/seadronessee/odv2/images/train/7998.jpg,train,1493,896,-70,2389,1423,required_80m_footprint_outside_source_frame
train:51524,train:7998,train,51524,7998,7998.jpg,3840,2160,1,swimmer,2228.0,1470.0,61.0,40.0,2440.0,34.29832733922585,42.2,mavic,NorthSea_Fri_DJI_0117.MP4,240,data/raw/seadronessee/odv2/images/train/7998.jpg,train,1493,1512,744,3005,2237,required_80m_footprint_outside_source_frame
train:51525,train:7998,train,51525,7998,7998.jpg,3840,2160,1,swimmer,2685.0,1452.0,62.0,50.0,3100.0,34.29832733922585,42.2,mavic,NorthSea_Fri_DJI_0117.MP4,240,data/raw/seadronessee/odv2/images/train/7998.jpg,train,1493,1970,730,3463,2223,required_80m_footprint_outside_source_frame
train:51526,train:7998,train,51526,7998,7998.jpg,3840,2160,5,buoy,1434.0,215.0,62.0,87.0,5394.0,34.29832733922585,42.2,mavic,NorthSea_Fri_DJI_0117.MP4,240,data/raw/seadronessee/odv2/images/train/7998.jpg,train,1493,718,-488,2211,1005,required_80m_footprint_outside_source_frame
train:51529,train:7998,train,51529,7998,7998.jpg,3840,2160,1,swimmer,2317.0,1400.0,32.0,36.0,1152.0,34.29832733922585,42.2,mavic,NorthSea_Fri_DJI_0117.MP4,240,data/raw/seadronessee/odv2/images/train/7998.jpg,train,1493,1586,672,3079,2165,required_80m_footprint_outside_source_frame
train:51540,train:8000,train,51540,8000,8000.jpg,3840,2160,1,swimmer,1553.0,653.0,73.0,28.0,2044.0,34.29832733922585,42.2,mavic,NorthSea_Fri_DJI_0117.MP4,270,data/raw/seadronessee/odv2/images/train/8000.jpg,train,1493,843,-80,2336,1413,required_80m_footprint_outside_source_frame
train:51544,train:8000,train,51544,8000,8000.jpg,3840,2160,1,swimmer,2195.0,1481.0,62.0,35.0,2170.0,34.29832733922585,42.2,mavic,NorthSea_Fri_DJI_0117.MP4,270,data/raw/seadronessee/odv2/images/train/8000.jpg,train,1493,1480,752,2973,2245,required_80m_footprint_outside_source_frame
train:51545,train:8000,train,51545,8000,8000.jpg,3840,2160,1,swimmer,2654.0,1442.0,44.0,51.0,2244.0,34.29832733922585,42.2,mavic,NorthSea_Fri_DJI_0117.MP4,270,data/raw/seadronessee/odv2/images/train/8000.jpg,train,1493,1930,721,3423,2214,required_80m_footprint_outside_source_frame
train:51546,train:8000,train,51546,8000,8000.jpg,3840,2160,5,buoy,1400.0,205.0,62.0,89.0,5518.0,34.29832733922585,42.2,mavic,NorthSea_Fri_DJI_0117.MP4,270,data/raw/seadronessee/odv2/images/train/8000.jpg,train,1493,684,-497,2177,996,required_80m_footprint_outside_source_frame
train:51547,train:8000,train,51547,8000,8000.jpg,3840,2160,1,swimmer,1722.0,721.0,25.0,23.0,575.0,34.29832733922585,42.2,mavic,NorthSea_Fri_DJI_0117.MP4,270,data/raw/seadronessee/odv2/images/train/8000.jpg,train,1493,988,-14,2481,1479,required_80m_footprint_outside_source_frame
train:51549,train:8000,train,51549,8000,8000.jpg,3840,2160,1,swimmer,2293.0,1411.0,33.0,31.0,1023.0,34.29832733922585,42.2,mavic,NorthSea_Fri_DJI_0117.MP4,270,data/raw/seadronessee/odv2/images/train/8000.jpg,train,1493,1563,680,3056,2173,required_80m_footprint_outside_source_frame
train:51562,train:8002,train,51562,8002,8002.jpg,3840,2160,1,swimmer,1554.0,649.0,50.0,28.0,1400.0,34.39832246266382,42.2,mavic,NorthSea_Fri_DJI_0117.MP4,300,data/raw/seadronessee/odv2/images/train/8002.jpg,train,1488,835,-81,2323,1407,required_80m_footprint_outside_source_frame
train:51566,train:8002,train,51566,8002,8002.jpg,3840,2160,1,swimmer,2182.0,1491.0,101.0,31.0,3131.0,34.39832246266382,42.2,mavic,NorthSea_Fri_DJI_0117.MP4,300,data/raw/seadronessee/odv2/images/train/8002.jpg,train,1488,1488,762,2976,2250,required_80m_footprint_outside_source_frame
train:51567,train:8002,train,51567,8002,8002.jpg,3840,2160,1,swimmer,2679.0,1441.0,42.0,46.0,1932.0,34.39832246266382,42.2,mavic,NorthSea_Fri_DJI_0117.MP4,300,data/raw/seadronessee/odv2/images/train/8002.jpg,train,1488,1956,720,3444,2208,required_80m_footprint_outside_source_frame
train:51568,train:8002,train,51568,8002,8002.jpg,3840,2160,5,buoy,1405.0,196.0,61.0,90.0,5490.0,34.39832246266382,42.2,mavic,NorthSea_Fri_DJI_0117.MP4,300,data/raw/seadronessee/odv2/images/train/8002.jpg,train,1488,692,-503,2180,985,required_80m_footprint_outside_source_frame
train:51569,train:8002,train,51569,8002,8002.jpg,3840,2160,1,swimmer,1708.0,718.0,27.0,25.0,675.0,34.39832246266382,42.2,mavic,NorthSea_Fri_DJI_0117.MP4,300,data/raw/seadronessee/odv2/images/train/8002.jpg,train,1488,978,-14,2466,1474,required_80m_footprint_outside_source_frame
train:51571,train:8002,train,51571,8002,8002.jpg,3840,2160,1,swimmer,2298.0,1410.0,32.0,29.0,928.0,34.39832246266382,42.2,mavic,NorthSea_Fri_DJI_0117.MP4,300,data/raw/seadronessee/odv2/images/train/8002.jpg,train,1488,1570,680,3058,2168,required_80m_footprint_outside_source_frame
train:51584,train:8004,train,51584,8004,8004.jpg,3840,2160,1,swimmer,1534.0,633.0,57.0,30.0,1710.0,34.39832246266382,42.2,mavic,NorthSea_Fri_DJI_0117.MP4,330,data/raw/seadronessee/odv2/images/train/8004.jpg,train,1488,818,-96,2306,1392,required_80m_footprint_outside_source_frame
train:51585,train:8004,train,51585,8004,8004.jpg,3840,2160,1,swimmer,1596.0,722.0,33.0,31.0,1023.0,34.39832246266382,42.2,mavic,NorthSea_Fri_DJI_0117.MP4,330,data/raw/seadronessee/odv2/images/train/8004.jpg,train,1488,868,-6,2356,1482,required_80m_footprint_outside_source_frame
train:51588,train:8004,train,51588,8004,8004.jpg,3840,2160,1,swimmer,2199.0,1483.0,63.0,31.0,1953.0,34.39832246266382,42.2,mavic,NorthSea_Fri_DJI_0117.MP4,330,data/raw/seadronessee/odv2/images/train/8004.jpg,train,1488,1486,754,2974,2242,required_80m_footprint_outside_source_frame
train:51589,train:8004,train,51589,8004,8004.jpg,3840,2160,1,swimmer,2690.0,1451.0,41.0,48.0,1968.0,34.39832246266382,42.2,mavic,NorthSea_Fri_DJI_0117.MP4,330,data/raw/seadronessee/odv2/images/train/8004.jpg,train,1488,1966,731,3454,2219,required_80m_footprint_outside_source_frame
train:51590,train:8004,train,51590,8004,8004.jpg,3840,2160,5,buoy,1400.0,192.0,62.0,88.0,5456.0,34.39832246266382,42.2,mavic,NorthSea_Fri_DJI_0117.MP4,330,data/raw/seadronessee/odv2/images/train/8004.jpg,train,1488,687,-508,2175,980,required_80m_footprint_outside_source_frame
train:51591,train:8004,train,51591,8004,8004.jpg,3840,2160,1,swimmer,1699.0,716.0,28.0,25.0,700.0,34.39832246266382,42.2,mavic,NorthSea_Fri_DJI_0117.MP4,330,data/raw/seadronessee/odv2/images/train/8004.jpg,train,1488,969,-16,2457,1472,required_80m_footprint_outside_source_frame
train:51593,train:8004,train,51593,8004,8004.jpg,3840,2160,1,swimmer,2294.0,1402.0,33.0,32.0,1056.0,34.39832246266382,42.2,mavic,NorthSea_Fri_DJI_0117.MP4,330,data/raw/seadronessee/odv2/images/train/8004.jpg,train,1488,1566,674,3054,2162,required_80m_footprint_outside_source_frame
train:51607,train:8006,train,51607,8006,8006.jpg,3840,2160,1,swimmer,1644.0,622.0,48.0,27.0,1296.0,34.4983175861018,42.2,mavic,NorthSea_Fri_DJI_0117.MP4,360,data/raw/seadronessee/odv2/images/train/8006.jpg,train,1484,926,-106,2410,1378,required_80m_footprint_outside_source_frame
train:51608,train:8006,train,51608,8006,8006.jpg,3840,2160,1,swimmer,1678.0,710.0,45.0,32.0,1440.0,34.4983175861018,42.2,mavic,NorthSea_Fri_DJI_0117.MP4,360,data/raw/seadronessee/odv2/images/train/8006.jpg,train,1484,958,-16,2442,1468,required_80m_footprint_outside_source_frame
train:51611,train:8006,train,51611,8006,8006.jpg,3840,2160,1,swimmer,2237.0,1499.0,98.0,35.0,3430.0,34.4983175861018,42.2,mavic,NorthSea_Fri_DJI_0117.MP4,360,data/raw/seadronessee/odv2/images/train/8006.jpg,train,1484,1544,774,3028,2258,required_80m_footprint_outside_source_frame
train:51612,train:8006,train,51612,8006,8006.jpg,3840,2160,1,swimmer,2749.0,1490.0,46.0,39.0,1794.0,34.4983175861018,42.2,mavic,NorthSea_Fri_DJI_0117.MP4,360,data/raw/seadronessee/odv2/images/train/8006.jpg,train,1484,2030,768,3514,2252,required_80m_footprint_outside_source_frame
train:51613,train:8006,train,51613,8006,8006.jpg,3840,2160,5,buoy,1515.0,185.0,62.0,90.0,5580.0,34.4983175861018,42.2,mavic,NorthSea_Fri_DJI_0117.MP4,360,data/raw/seadronessee/odv2/images/train/8006.jpg,train,1484,804,-512,2288,972,required_80m_footprint_outside_source_frame
train:51614,train:8006,train,51614,8006,8006.jpg,3840,2160,1,swimmer,1796.0,698.0,28.0,22.0,616.0,34.4983175861018,42.2,mavic,NorthSea_Fri_DJI_0117.MP4,360,data/raw/seadronessee/odv2/images/train/8006.jpg,train,1484,1068,-33,2552,1451,required_80m_footprint_outside_source_frame
train:51616,train:8006,train,51616,8006,8006.jpg,3840,2160,1,swimmer,2342.0,1424.0,31.0,29.0,899.0,34.4983175861018,42.2,mavic,NorthSea_Fri_DJI_0117.MP4,360,data/raw/seadronessee/odv2/images/train/8006.jpg,train,1484,1616,696,3100,2180,required_80m_footprint_outside_source_frame
train:51631,train:8008,train,51631,8008,8008.jpg,3840,2160,1,swimmer,1635.0,614.0,64.0,33.0,2112.0,34.4983175861018,42.2,mavic,NorthSea_Fri_DJI_0117.MP4,390,data/raw/seadronessee/odv2/images/train/8008.jpg,train,1484,925,-112,2409,1372,required_80m_footprint_outside_source_frame
train:51632,train:8008,train,51632,8008,8008.jpg,3840,2160,1,swimmer,1665.0,713.0,55.0,39.0,2145.0,34.4983175861018,42.2,mavic,NorthSea_Fri_DJI_0117.MP4,390,data/raw/seadronessee/odv2/images/train/8008.jpg,train,1484,950,-10,2434,1474,required_80m_footprint_outside_source_frame
train:51635,train:8008,train,51635,8008,8008.jpg,3840,2160,1,swimmer,2217.0,1485.0,85.0,33.0,2805.0,34.4983175861018,42.2,mavic,NorthSea_Fri_DJI_0117.MP4,390,data/raw/seadronessee/odv2/images/train/8008.jpg,train,1484,1518,760,3002,2244,required_80m_footprint_outside_source_frame
train:51636,train:8008,train,51636,8008,8008.jpg,3840,2160,1,swimmer,2730.0,1483.0,44.0,43.0,1892.0,34.4983175861018,42.2,mavic,NorthSea_Fri_DJI_0117.MP4,390,data/raw/seadronessee/odv2/images/train/8008.jpg,train,1484,2010,762,3494,2246,required_80m_footprint_outside_source_frame
train:51637,train:8008,train,51637,8008,8008.jpg,3840,2160,5,buoy,1514.0,186.0,61.0,89.0,5429.0,34.4983175861018,42.2,mavic,NorthSea_Fri_DJI_0117.MP4,390,data/raw/seadronessee/odv2/images/train/8008.jpg,train,1484,802,-512,2286,972,required_80m_footprint_outside_source_frame
train:51638,train:8008,train,51638,8008,8008.jpg,3840,2160,1,swimmer,1803.0,693.0,26.0,20.0,520.0,34.4983175861018,42.2,mavic,NorthSea_Fri_DJI_0117.MP4,390,data/raw/seadronessee/odv2/images/train/8008.jpg,train,1484,1074,-39,2558,1445,required_80m_footprint_outside_source_frame
train:51640,train:8008,train,51640,8008,8008.jpg,3840,2160,1,swimmer,2318.0,1410.0,32.0,29.0,928.0,34.4983175861018,42.2,mavic,NorthSea_Fri_DJI_0117.MP4,390,data/raw/seadronessee/odv2/images/train/8008.jpg,train,1484,1592,682,3076,2166,required_80m_footprint_outside_source_frame
train:51641,train:8008,train,51641,8008,8008.jpg,3840,2160,3,jetski,1145.0,1841.0,167.0,254.0,42418.0,34.4983175861018,42.2,mavic,NorthSea_Fri_DJI_0117.MP4,390,data/raw/seadronessee/odv2/images/train/8008.jpg,train,1484,486,1226,1970,2710,required_80m_footprint_outside_source_frame
train:51655,train:8010,train,51655,8010,8010.jpg,3840,2160,1,swimmer,1646.0,613.0,34.0,28.0,952.0,34.598312709539776,42.2,mavic,NorthSea_Fri_DJI_0117.MP4,420,data/raw/seadronessee/odv2/images/train/8010.jpg,train,1480,923,-113,2403,1367,required_80m_footprint_outside_source_frame
train:51656,train:8010,train,51656,8010,8010.jpg,3840,2160,1,swimmer,1669.0,717.0,50.0,35.0,1750.0,34.598312709539776,42.2,mavic,NorthSea_Fri_DJI_0117.MP4,420,data/raw/seadronessee/odv2/images/train/8010.jpg,train,1480,954,-6,2434,1474,required_80m_footprint_outside_source_frame
train:51659,train:8010,train,51659,8010,8010.jpg,3840,2160,1,swimmer,2208.0,1478.0,98.0,33.0,3234.0,34.598312709539776,42.2,mavic,NorthSea_Fri_DJI_0117.MP4,420,data/raw/seadronessee/odv2/images/train/8010.jpg,train,1480,1517,754,2997,2234,required_80m_footprint_outside_source_frame
train:51660,train:8010,train,51660,8010,8010.jpg,3840,2160,1,swimmer,2720.0,1462.0,43.0,44.0,1892.0,34.598312709539776,42.2,mavic,NorthSea_Fri_DJI_0117.MP4,420,data/raw/seadronessee/odv2/images/train/8010.jpg,train,1480,2002,744,3482,2224,required_80m_footprint_outside_source_frame
train:51661,train:8010,train,51661,8010,8010.jpg,3840,2160,5,buoy,1519.0,188.0,62.0,91.0,5642.0,34.598312709539776,42.2,mavic,NorthSea_Fri_DJI_0117.MP4,420,data/raw/seadronessee/odv2/images/train/8010.jpg,train,1480,810,-506,2290,974,required_80m_footprint_outside_source_frame
train:51662,train:8010,train,51662,8010,8010.jpg,3840,2160,1,swimmer,1804.0,695.0,27.0,21.0,567.0,34.598312709539776,42.2,mavic,NorthSea_Fri_DJI_0117.MP4,420,data/raw/seadronessee/odv2/images/train/8010.jpg,train,1480,1078,-34,2558,1446,required_80m_footprint_outside_source_frame
train:51665,train:8010,train,51665,8010,8010.jpg,3840,2160,3,jetski,1125.0,1785.0,153.0,245.0,37485.0,34.598312709539776,42.2,mavic,NorthSea_Fri_DJI_0117.MP4,420,data/raw/seadronessee/odv2/images/train/8010.jpg,train,1480,462,1168,1942,2648,required_80m_footprint_outside_source_frame
train:51679,train:8012,train,51679,8012,8012.jpg,3840,2160,1,swimmer,1634.0,628.0,43.0,32.0,1376.0,34.4983175861018,42.2,mavic,NorthSea_Fri_DJI_0117.MP4,450,data/raw/seadronessee/odv2/images/train/8012.jpg,train,1484,914,-98,2398,1386,required_80m_footprint_outside_source_frame
train:51680,train:8012,train,51680,8012,8012.jpg,3840,2160,1,swimmer,1667.0,707.0,65.0,50.0,3250.0,34.4983175861018,42.2,mavic,NorthSea_Fri_DJI_0117.MP4,450,data/raw/seadronessee/odv2/images/train/8012.jpg,train,1484,958,-10,2442,1474,required_80m_footprint_outside_source_frame
train:51683,train:8012,train,51683,8012,8012.jpg,3840,2160,1,swimmer,2205.0,1466.0,76.0,36.0,2736.0,34.4983175861018,42.2,mavic,NorthSea_Fri_DJI_0117.MP4,450,data/raw/seadronessee/odv2/images/train/8012.jpg,train,1484,1501,742,2985,2226,required_80m_footprint_outside_source_frame
train:51684,train:8012,train,51684,8012,8012.jpg,3840,2160,1,swimmer,2711.0,1450.0,47.0,40.0,1880.0,34.4983175861018,42.2,mavic,NorthSea_Fri_DJI_0117.MP4,450,data/raw/seadronessee/odv2/images/train/8012.jpg,train,1484,1992,728,3476,2212,required_80m_footprint_outside_source_frame
train:51685,train:8012,train,51685,8012,8012.jpg,3840,2160,5,buoy,1516.0,198.0,60.0,88.0,5280.0,34.4983175861018,42.2,mavic,NorthSea_Fri_DJI_0117.MP4,450,data/raw/seadronessee/odv2/images/train/8012.jpg,train,1484,804,-500,2288,984,required_80m_footprint_outside_source_frame
train:51686,train:8012,train,51686,8012,8012.jpg,3840,2160,1,swimmer,1812.0,698.0,29.0,27.0,783.0,34.4983175861018,42.2,mavic,NorthSea_Fri_DJI_0117.MP4,450,data/raw/seadronessee/odv2/images/train/8012.jpg,train,1484,1084,-30,2568,1454,required_80m_footprint_outside_source_frame
train:51689,train:8012,train,51689,8012,8012.jpg,3840,2160,3,jetski,1109.0,1730.0,147.0,237.0,34839.0,34.4983175861018,42.2,mavic,NorthSea_Fri_DJI_0117.MP4,450,data/raw/seadronessee/odv2/images/train/8012.jpg,train,1484,440,1106,1924,2590,required_80m_footprint_outside_source_frame
train:51703,train:8014,train,51703,8014,8014.jpg,3840,2160,1,swimmer,1644.0,634.0,33.0,31.0,1023.0,34.4983175861018,42.2,mavic,NorthSea_Fri_DJI_0117.MP4,480,data/raw/seadronessee/odv2/images/train/8014.jpg,train,1484,918,-92,2402,1392,required_80m_footprint_outside_source_frame
train:51707,train:8014,train,51707,8014,8014.jpg,3840,2160,1,swimmer,2214.0,1455.0,67.0,34.0,2278.0,34.4983175861018,42.2,mavic,NorthSea_Fri_DJI_0117.MP4,480,data/raw/seadronessee/odv2/images/train/8014.jpg,train,1484,1506,730,2990,2214,required_80m_footprint_outside_source_frame
train:51708,train:8014,train,51708,8014,8014.jpg,3840,2160,1,swimmer,2708.0,1446.0,50.0,48.0,2400.0,34.4983175861018,42.2,mavic,NorthSea_Fri_DJI_0117.MP4,480,data/raw/seadronessee/odv2/images/train/8014.jpg,train,1484,1991,728,3475,2212,required_80m_footprint_outside_source_frame
train:51709,train:8014,train,51709,8014,8014.jpg,3840,2160,5,buoy,1511.0,186.0,62.0,90.0,5580.0,34.4983175861018,42.2,mavic,NorthSea_Fri_DJI_0117.MP4,480,data/raw/seadronessee/odv2/images/train/8014.jpg,train,1484,800,-511,2284,973,required_80m_footprint_outside_source_frame
train:51710,train:8014,train,51710,8014,8014.jpg,3840,2160,1,swimmer,1819.0,710.0,31.0,26.0,806.0,34.4983175861018,42.2,mavic,NorthSea_Fri_DJI_0117.MP4,480,data/raw/seadronessee/odv2/images/train/8014.jpg,train,1484,1092,-19,2576,1465,required_80m_footprint_outside_source_frame
train:51713,train:8014,train,51713,8014,8014.jpg,3840,2160,3,jetski,1080.0,1682.0,163.0,206.0,33578.0,34.4983175861018,42.2,mavic,NorthSea_Fri_DJI_0117.MP4,480,data/raw/seadronessee/odv2/images/train/8014.jpg,train,1484,420,1043,1904,2527,required_80m_footprint_outside_source_frame
train:51727,train:8016,train,51727,8016,8016.jpg,3840,2160,1,swimmer,1630.0,634.0,48.0,35.0,1680.0,34.4983175861018,42.2,mavic,NorthSea_Fri_DJI_0117.MP4,510,data/raw/seadronessee/odv2/images/train/8016.jpg,train,1484,912,-90,2396,1394,required_80m_footprint_outside_source_frame
train:51731,train:8016,train,51731,8016,8016.jpg,3840,2160,1,swimmer,2235.0,1445.0,71.0,42.0,2982.0,34.4983175861018,42.2,mavic,NorthSea_Fri_DJI_0117.MP4,510,data/raw/seadronessee/odv2/images/train/8016.jpg,train,1484,1528,724,3012,2208,required_80m_footprint_outside_source_frame
train:51732,train:8016,train,51732,8016,8016.jpg,3840,2160,1,swimmer,2702.0,1434.0,49.0,46.0,2254.0,34.4983175861018,42.2,mavic,NorthSea_Fri_DJI_0117.MP4,510,data/raw/seadronessee/odv2/images/train/8016.jpg,train,1484,1984,715,3468,2199,required_80m_footprint_outside_source_frame
train:51733,train:8016,train,51733,8016,8016.jpg,3840,2160,5,buoy,1512.0,191.0,61.0,90.0,5490.0,34.4983175861018,42.2,mavic,NorthSea_Fri_DJI_0117.MP4,510,data/raw/seadronessee/odv2/images/train/8016.jpg,train,1484,800,-506,2284,978,required_80m_footprint_outside_source_frame
train:51734,train:8016,train,51734,8016,8016.jpg,3840,2160,1,swimmer,1797.0,707.0,73.0,34.0,2482.0,34.4983175861018,42.2,mavic,NorthSea_Fri_DJI_0117.MP4,510,data/raw/seadronessee/odv2/images/train/8016.jpg,train,1484,1092,-18,2576,1466,required_80m_footprint_outside_source_frame
train:51737,train:8016,train,51737,8016,8016.jpg,3840,2160,3,jetski,1042.0,1635.0,175.0,190.0,33250.0,34.4983175861018,42.2,mavic,NorthSea_Fri_DJI_0117.MP4,510,data/raw/seadronessee/odv2/images/train/8016.jpg,train,1484,388,988,1872,2472,required_80m_footprint_outside_source_frame
train:51751,train:8018,train,51751,8018,8018.jpg,3840,2160,1,swimmer,1627.0,633.0,32.0,26.0,832.0,34.4983175861018,42.2,mavic,NorthSea_Fri_DJI_0117.MP4,540,data/raw/seadronessee/odv2/images/train/8018.jpg,train,1484,901,-96,2385,1388,required_80m_footprint_outside_source_frame
train:51755,train:8018,train,51755,8018,8018.jpg,3840,2160,1,swimmer,2246.0,1448.0,74.0,39.0,2886.0,34.4983175861018,42.2,mavic,NorthSea_Fri_DJI_0117.MP4,540,data/raw/seadronessee/odv2/images/train/8018.jpg,train,1484,1541,726,3025,2210,required_80m_footprint_outside_source_frame
train:51756,train:8018,train,51756,8018,8018.jpg,3840,2160,1,swimmer,2715.0,1430.0,53.0,40.0,2120.0,34.4983175861018,42.2,mavic,NorthSea_Fri_DJI_0117.MP4,540,data/raw/seadronessee/odv2/images/train/8018.jpg,train,1484,2000,708,3484,2192,required_80m_footprint_outside_source_frame
train:51757,train:8018,train,51757,8018,8018.jpg,3840,2160,5,buoy,1517.0,189.0,60.0,88.0,5280.0,34.4983175861018,42.2,mavic,NorthSea_Fri_DJI_0117.MP4,540,data/raw/seadronessee/odv2/images/train/8018.jpg,train,1484,805,-509,2289,975,required_80m_footprint_outside_source_frame
train:51758,train:8018,train,51758,8018,8018.jpg,3840,2160,1,swimmer,1818.0,707.0,35.0,25.0,875.0,34.4983175861018,42.2,mavic,NorthSea_Fri_DJI_0117.MP4,540,data/raw/seadronessee/odv2/images/train/8018.jpg,train,1484,1094,-22,2578,1462,required_80m_footprint_outside_source_frame
train:51761,train:8018,train,51761,8018,8018.jpg,3840,2160,3,jetski,988.0,1605.0,209.0,173.0,36157.0,34.4983175861018,42.2,mavic,NorthSea_Fri_DJI_0117.MP4,540,data/raw/seadronessee/odv2/images/train/8018.jpg,train,1484,350,950,1834,2434,required_80m_footprint_outside_source_frame
train:51775,train:8020,train,51775,8020,8020.jpg,3840,2160,1,swimmer,1616.0,639.0,24.0,26.0,624.0,34.4983175861018,42.2,mavic,NorthSea_Fri_DJI_0117.MP4,570,data/raw/seadronessee/odv2/images/train/8020.jpg,train,1484,886,-90,2370,1394,required_80m_footprint_outside_source_frame
train:51778,train:8020,train,51778,8020,8020.jpg,3840,2160,1,swimmer,1269.0,718.0,52.0,45.0,2340.0,34.4983175861018,42.2,mavic,NorthSea_Fri_DJI_0117.MP4,570,data/raw/seadronessee/odv2/images/train/8020.jpg,train,1484,553,-2,2037,1482,required_80m_footprint_outside_source_frame
train:51779,train:8020,train,51779,8020,8020.jpg,3840,2160,1,swimmer,2239.0,1457.0,72.0,37.0,2664.0,34.4983175861018,42.2,mavic,NorthSea_Fri_DJI_0117.MP4,570,data/raw/seadronessee/odv2/images/train/8020.jpg,train,1484,1533,734,3017,2218,required_80m_footprint_outside_source_frame
train:51780,train:8020,train,51780,8020,8020.jpg,3840,2160,1,swimmer,2734.0,1447.0,62.0,42.0,2604.0,34.4983175861018,42.2,mavic,NorthSea_Fri_DJI_0117.MP4,570,data/raw/seadronessee/odv2/images/train/8020.jpg,train,1484,2023,726,3507,2210,required_80m_footprint_outside_source_frame
train:51781,train:8020,train,51781,8020,8020.jpg,3840,2160,5,buoy,1518.0,187.0,61.0,88.0,5368.0,34.4983175861018,42.2,mavic,NorthSea_Fri_DJI_0117.MP4,570,data/raw/seadronessee/odv2/images/train/8020.jpg,train,1484,806,-511,2290,973,required_80m_footprint_outside_source_frame
train:51782,train:8020,train,51782,8020,8020.jpg,3840,2160,1,swimmer,1815.0,709.0,33.0,25.0,825.0,34.4983175861018,42.2,mavic,NorthSea_Fri_DJI_0117.MP4,570,data/raw/seadronessee/odv2/images/train/8020.jpg,train,1484,1090,-20,2574,1464,required_80m_footprint_outside_source_frame
train:51785,train:8020,train,51785,8020,8020.jpg,3840,2160,3,jetski,943.0,1559.0,203.0,164.0,33292.0,34.4983175861018,42.2,mavic,NorthSea_Fri_DJI_0117.MP4,570,data/raw/seadronessee/odv2/images/train/8020.jpg,train,1484,302,899,1786,2383,required_80m_footprint_outside_source_frame
train:51786,train:8020,train,51786,8020,8020.jpg,3840,2160,2,boat,7.0,905.0,233.0,285.0,66405.0,34.4983175861018,42.2,mavic,NorthSea_Fri_DJI_0117.MP4,570,data/raw/seadronessee/odv2/images/train/8020.jpg,train,1484,-618,306,866,1790,required_80m_footprint_outside_source_frame
train:51799,train:8022,train,51799,8022,8022.jpg,3840,2160,1,swimmer,1605.0,635.0,20.0,25.0,500.0,34.4983175861018,42.2,mavic,NorthSea_Fri_DJI_0117.MP4,600,data/raw/seadronessee/odv2/images/train/8022.jpg,train,1484,873,-94,2357,1390,required_80m_footprint_outside_source_frame
train:51801,train:8022,train,51801,8022,8022.jpg,3840,2160,1,swimmer,1411.0,726.0,41.0,29.0,1189.0,34.4983175861018,42.2,mavic,NorthSea_Fri_DJI_0117.MP4,600,data/raw/seadronessee/odv2/images/train/8022.jpg,train,1484,690,-2,2174,1482,required_80m_footprint_outside_source_frame
train:51802,train:8022,train,51802,8022,8022.jpg,3840,2160,1,swimmer,1291.0,706.0,51.0,38.0,1938.0,34.4983175861018,42.2,mavic,NorthSea_Fri_DJI_0117.MP4,600,data/raw/seadronessee/odv2/images/train/8022.jpg,train,1484,574,-17,2058,1467,required_80m_footprint_outside_source_frame
train:51803,train:8022,train,51803,8022,8022.jpg,3840,2160,1,swimmer,2240.0,1470.0,65.0,41.0,2665.0,34.4983175861018,42.2,mavic,NorthSea_Fri_DJI_0117.MP4,600,data/raw/seadronessee/odv2/images/train/8022.jpg,train,1484,1530,748,3014,2232,required_80m_footprint_outside_source_frame
train:51804,train:8022,train,51804,8022,8022.jpg,3840,2160,1,swimmer,2725.0,1462.0,67.0,42.0,2814.0,34.4983175861018,42.2,mavic,NorthSea_Fri_DJI_0117.MP4,600,data/raw/seadronessee/odv2/images/train/8022.jpg,train,1484,2016,741,3500,2225,required_80m_footprint_outside_source_frame
train:51805,train:8022,train,51805,8022,8022.jpg,3840,2160,5,buoy,1520.0,189.0,61.0,88.0,5368.0,34.4983175861018,42.2,mavic,NorthSea_Fri_DJI_0117.MP4,600,data/raw/seadronessee/odv2/images/train/8022.jpg,train,1484,808,-509,2292,975,required_80m_footprint_outside_source_frame
train:51806,train:8022,train,51806,8022,8022.jpg,3840,2160,1,swimmer,1807.0,706.0,33.0,25.0,825.0,34.4983175861018,42.2,mavic,NorthSea_Fri_DJI_0117.MP4,600,data/raw/seadronessee/odv2/images/train/8022.jpg,train,1484,1082,-24,2566,1460,required_80m_footprint_outside_source_frame
train:51808,train:8022,train,51808,8022,8022.jpg,3840,2160,1,swimmer,2320.0,1410.0,38.0,31.0,1178.0,34.4983175861018,42.2,mavic,NorthSea_Fri_DJI_0117.MP4,600,data/raw/seadronessee/odv2/images/train/8022.jpg,train,1484,1597,684,3081,2168,required_80m_footprint_outside_source_frame
train:51809,train:8022,train,51809,8022,8022.jpg,3840,2160,3,jetski,896.0,1511.0,205.0,168.0,34440.0,34.4983175861018,42.2,mavic,NorthSea_Fri_DJI_0117.MP4,600,data/raw/seadronessee/odv2/images/train/8022.jpg,train,1484,256,853,1740,2337,required_80m_footprint_outside_source_frame
train:51810,train:8022,train,51810,8022,8022.jpg,3840,2160,2,boat,13.0,863.0,237.0,299.0,70863.0,34.4983175861018,42.2,mavic,NorthSea_Fri_DJI_0117.MP4,600,data/raw/seadronessee/odv2/images/train/8022.jpg,train,1484,-610,270,874,1754,required_80m_footprint_outside_source_frame
train:51823,train:8024,train,51823,8024,8024.jpg,3840,2160,1,swimmer,1618.0,628.0,22.0,27.0,594.0,34.4983175861018,42.2,mavic,NorthSea_Fri_DJI_0117.MP4,630,data/raw/seadronessee/odv2/images/train/8024.jpg,train,1484,887,-100,2371,1384,required_80m_footprint_outside_source_frame
train:51826,train:8024,train,51826,8024,8024.jpg,3840,2160,1,swimmer,1309.0,720.0,47.0,32.0,1504.0,34.4983175861018,42.2,mavic,NorthSea_Fri_DJI_0117.MP4,630,data/raw/seadronessee/odv2/images/train/8024.jpg,train,1484,590,-6,2074,1478,required_80m_footprint_outside_source_frame
train:51827,train:8024,train,51827,8024,8024.jpg,3840,2160,1,swimmer,2232.0,1478.0,62.0,43.0,2666.0,34.4983175861018,42.2,mavic,NorthSea_Fri_DJI_0117.MP4,630,data/raw/seadronessee/odv2/images/train/8024.jpg,train,1484,1521,758,3005,2242,required_80m_footprint_outside_source_frame
train:51828,train:8024,train,51828,8024,8024.jpg,3840,2160,1,swimmer,2721.0,1453.0,74.0,49.0,3626.0,34.4983175861018,42.2,mavic,NorthSea_Fri_DJI_0117.MP4,630,data/raw/seadronessee/odv2/images/train/8024.jpg,train,1484,2016,736,3500,2220,required_80m_footprint_outside_source_frame
train:51829,train:8024,train,51829,8024,8024.jpg,3840,2160,5,buoy,1516.0,192.0,61.0,87.0,5307.0,34.4983175861018,42.2,mavic,NorthSea_Fri_DJI_0117.MP4,630,data/raw/seadronessee/odv2/images/train/8024.jpg,train,1484,804,-506,2288,978,required_80m_footprint_outside_source_frame
train:51830,train:8024,train,51830,8024,8024.jpg,3840,2160,1,swimmer,1807.0,708.0,30.0,24.0,720.0,34.4983175861018,42.2,mavic,NorthSea_Fri_DJI_0117.MP4,630,data/raw/seadronessee/odv2/images/train/8024.jpg,train,1484,1080,-22,2564,1462,required_80m_footprint_outside_source_frame
train:51832,train:8024,train,51832,8024,8024.jpg,3840,2160,1,swimmer,2316.0,1412.0,38.0,31.0,1178.0,34.4983175861018,42.2,mavic,NorthSea_Fri_DJI_0117.MP4,630,data/raw/seadronessee/odv2/images/train/8024.jpg,train,1484,1593,686,3077,2170,required_80m_footprint_outside_source_frame
train:51833,train:8024,train,51833,8024,8024.jpg,3840,2160,3,jetski,855.0,1501.0,176.0,161.0,28336.0,34.4983175861018,42.2,mavic,NorthSea_Fri_DJI_0117.MP4,630,data/raw/seadronessee/odv2/images/train/8024.jpg,train,1484,201,840,1685,2324,required_80m_footprint_outside_source_frame
train:51834,train:8024,train,51834,8024,8024.jpg,3840,2160,2,boat,35.0,852.0,257.0,268.0,68876.0,34.4983175861018,42.2,mavic,NorthSea_Fri_DJI_0117.MP4,630,data/raw/seadronessee/odv2/images/train/8024.jpg,train,1484,-578,244,906,1728,required_80m_footprint_outside_source_frame
train:51847,train:8026,train,51847,8026,8026.jpg,3840,2160,1,swimmer,1628.0,646.0,24.0,28.0,672.0,34.4983175861018,42.2,mavic,NorthSea_Fri_DJI_0117.MP4,660,data/raw/seadronessee/odv2/images/train/8026.jpg,train,1484,898,-82,2382,1402,required_80m_footprint_outside_source_frame
train:51850,train:8026,train,51850,8026,8026.jpg,3840,2160,1,swimmer,1323.0,714.0,46.0,33.0,1518.0,34.4983175861018,42.2,mavic,NorthSea_Fri_DJI_0117.MP4,660,data/raw/seadronessee/odv2/images/train/8026.jpg,train,1484,604,-12,2088,1472,required_80m_footprint_outside_source_frame
train:51851,train:8026,train,51851,8026,8026.jpg,3840,2160,1,swimmer,2220.0,1462.0,70.0,44.0,3080.0,34.4983175861018,42.2,mavic,NorthSea_Fri_DJI_0117.MP4,660,data/raw/seadronessee/odv2/images/train/8026.jpg,train,1484,1513,742,2997,2226,required_80m_footprint_outside_source_frame
train:51852,train:8026,train,51852,8026,8026.jpg,3840,2160,1,swimmer,2742.0,1456.0,55.0,41.0,2255.0,34.4983175861018,42.2,mavic,NorthSea_Fri_DJI_0117.MP4,660,data/raw/seadronessee/odv2/images/train/8026.jpg,train,1484,2028,734,3512,2218,required_80m_footprint_outside_source_frame
train:51853,train:8026,train,51853,8026,8026.jpg,3840,2160,5,buoy,1508.0,187.0,61.0,88.0,5368.0,34.4983175861018,42.2,mavic,NorthSea_Fri_DJI_0117.MP4,660,data/raw/seadronessee/odv2/images/train/8026.jpg,train,1484,796,-511,2280,973,required_80m_footprint_outside_source_frame
train:51854,train:8026,train,51854,8026,8026.jpg,3840,2160,1,swimmer,1822.0,693.0,32.0,26.0,832.0,34.4983175861018,42.2,mavic,NorthSea_Fri_DJI_0117.MP4,660,data/raw/seadronessee/odv2/images/train/8026.jpg,train,1484,1096,-36,2580,1448,required_80m_footprint_outside_source_frame
train:51857,train:8026,train,51857,8026,8026.jpg,3840,2160,3,jetski,823.0,1445.0,163.0,187.0,30481.0,34.4983175861018,42.2,mavic,NorthSea_Fri_DJI_0117.MP4,660,data/raw/seadronessee/odv2/images/train/8026.jpg,train,1484,162,796,1646,2280,required_80m_footprint_outside_source_frame
train:51858,train:8026,train,51858,8026,8026.jpg,3840,2160,2,boat,77.0,818.0,243.0,278.0,67554.0,34.4983175861018,42.2,mavic,NorthSea_Fri_DJI_0117.MP4,660,data/raw/seadronessee/odv2/images/train/8026.jpg,train,1484,-544,215,940,1699,required_80m_footprint_outside_source_frame
train:51871,train:8028,train,51871,8028,8028.jpg,3840,2160,1,swimmer,1620.0,650.0,23.0,28.0,644.0,34.4983175861018,42.2,mavic,NorthSea_Fri_DJI_0117.MP4,690,data/raw/seadronessee/odv2/images/train/8028.jpg,train,1484,890,-78,2374,1406,required_80m_footprint_outside_source_frame
train:51874,train:8028,train,51874,8028,8028.jpg,3840,2160,1,swimmer,1329.0,704.0,47.0,35.0,1645.0,34.4983175861018,42.2,mavic,NorthSea_Fri_DJI_0117.MP4,690,data/raw/seadronessee/odv2/images/train/8028.jpg,train,1484,610,-20,2094,1464,required_80m_footprint_outside_source_frame
train:51875,train:8028,train,51875,8028,8028.jpg,3840,2160,1,swimmer,2230.0,1461.0,62.0,45.0,2790.0,34.4983175861018,42.2,mavic,NorthSea_Fri_DJI_0117.MP4,690,data/raw/seadronessee/odv2/images/train/8028.jpg,train,1484,1519,742,3003,2226,required_80m_footprint_outside_source_frame
train:51876,train:8028,train,51876,8028,8028.jpg,3840,2160,1,swimmer,2716.0,1460.0,63.0,37.0,2331.0,34.4983175861018,42.2,mavic,NorthSea_Fri_DJI_0117.MP4,690,data/raw/seadronessee/odv2/images/train/8028.jpg,train,1484,2006,736,3490,2220,required_80m_footprint_outside_source_frame
train:51877,train:8028,train,51877,8028,8028.jpg,3840,2160,5,buoy,1502.0,181.0,61.0,89.0,5429.0,34.4983175861018,42.2,mavic,NorthSea_Fri_DJI_0117.MP4,690,data/raw/seadronessee/odv2/images/train/8028.jpg,train,1484,790,-516,2274,968,required_80m_footprint_outside_source_frame
train:51878,train:8028,train,51878,8028,8028.jpg,3840,2160,1,swimmer,1834.0,712.0,34.0,25.0,850.0,34.4983175861018,42.2,mavic,NorthSea_Fri_DJI_0117.MP4,690,data/raw/seadronessee/odv2/images/train/8028.jpg,train,1484,1109,-18,2593,1466,required_80m_footprint_outside_source_frame
train:51881,train:8028,train,51881,8028,8028.jpg,3840,2160,3,jetski,768.0,1426.0,192.0,146.0,28032.0,34.4983175861018,42.2,mavic,NorthSea_Fri_DJI_0117.MP4,690,data/raw/seadronessee/odv2/images/train/8028.jpg,train,1484,122,757,1606,2241,required_80m_footprint_outside_source_frame
train:51882,train:8028,train,51882,8028,8028.jpg,3840,2160,2,boat,113.0,795.0,234.0,268.0,62712.0,34.4983175861018,42.2,mavic,NorthSea_Fri_DJI_0117.MP4,690,data/raw/seadronessee/odv2/images/train/8028.jpg,train,1484,-512,187,972,1671,required_80m_footprint_outside_source_frame
train:51895,train:8030,train,51895,8030,8030.jpg,3840,2160,1,swimmer,1600.0,643.0,22.0,30.0,660.0,34.4983175861018,42.2,mavic,NorthSea_Fri_DJI_0117.MP4,720,data/raw/seadronessee/odv2/images/train/8030.jpg,train,1484,869,-84,2353,1400,required_80m_footprint_outside_source_frame
train:51897,train:8030,train,51897,8030,8030.jpg,3840,2160,1,swimmer,1412.0,725.0,28.0,29.0,812.0,34.4983175861018,42.2,mavic,NorthSea_Fri_DJI_0117.MP4,720,data/raw/seadronessee/odv2/images/train/8030.jpg,train,1484,684,-2,2168,1482,required_80m_footprint_outside_source_frame
train:51898,train:8030,train,51898,8030,8030.jpg,3840,2160,1,swimmer,1342.0,691.0,51.0,32.0,1632.0,34.4983175861018,42.2,mavic,NorthSea_Fri_DJI_0117.MP4,720,data/raw/seadronessee/odv2/images/train/8030.jpg,train,1484,626,-35,2110,1449,required_80m_footprint_outside_source_frame
train:51899,train:8030,train,51899,8030,8030.jpg,3840,2160,1,swimmer,2237.0,1462.0,57.0,43.0,2451.0,34.4983175861018,42.2,mavic,NorthSea_Fri_DJI_0117.MP4,720,data/raw/seadronessee/odv2/images/train/8030.jpg,train,1484,1524,742,3008,2226,required_80m_footprint_outside_source_frame
train:51900,train:8030,train,51900,8030,8030.jpg,3840,2160,1,swimmer,2707.0,1453.0,67.0,43.0,2881.0,34.4983175861018,42.2,mavic,NorthSea_Fri_DJI_0117.MP4,720,data/raw/seadronessee/odv2/images/train/8030.jpg,train,1484,1998,732,3482,2216,required_80m_footprint_outside_source_frame
train:51901,train:8030,train,51901,8030,8030.jpg,3840,2160,5,buoy,1506.0,182.0,61.0,87.0,5307.0,34.4983175861018,42.2,mavic,NorthSea_Fri_DJI_0117.MP4,720,data/raw/seadronessee/odv2/images/train/8030.jpg,train,1484,794,-516,2278,968,required_80m_footprint_outside_source_frame
train:51902,train:8030,train,51902,8030,8030.jpg,3840,2160,1,swimmer,1821.0,717.0,34.0,25.0,850.0,34.4983175861018,42.2,mavic,NorthSea_Fri_DJI_0117.MP4,720,data/raw/seadronessee/odv2/images/train/8030.jpg,train,1484,1096,-12,2580,1472,required_80m_footprint_outside_source_frame
train:51905,train:8030,train,51905,8030,8030.jpg,3840,2160,3,jetski,732.0,1406.0,181.0,149.0,26969.0,34.4983175861018,42.2,mavic,NorthSea_Fri_DJI_0117.MP4,720,data/raw/seadronessee/odv2/images/train/8030.jpg,train,1484,80,738,1564,2222,required_80m_footprint_outside_source_frame
train:51906,train:8030,train,51906,8030,8030.jpg,3840,2160,2,boat,147.0,769.0,228.0,265.0,60420.0,34.4983175861018,42.2,mavic,NorthSea_Fri_DJI_0117.MP4,720,data/raw/seadronessee/odv2/images/train/8030.jpg,train,1484,-481,160,1003,1644,required_80m_footprint_outside_source_frame
train:51919,train:8032,train,51919,8032,8032.jpg,3840,2160,1,swimmer,1597.0,647.0,28.0,33.0,924.0,34.4983175861018,42.2,mavic,NorthSea_Fri_DJI_0117.MP4,750,data/raw/seadronessee/odv2/images/train/8032.jpg,train,1484,869,-78,2353,1406,required_80m_footprint_outside_source_frame
train:51922,train:8032,train,51922,8032,8032.jpg,3840,2160,1,swimmer,1361.0,688.0,41.0,29.0,1189.0,34.4983175861018,42.2,mavic,NorthSea_Fri_DJI_0117.MP4,750,data/raw/seadronessee/odv2/images/train/8032.jpg,train,1484,640,-40,2124,1444,required_80m_footprint_outside_source_frame
train:51923,train:8032,train,51923,8032,8032.jpg,3840,2160,1,swimmer,2232.0,1458.0,53.0,40.0,2120.0,34.4983175861018,42.2,mavic,NorthSea_Fri_DJI_0117.MP4,750,data/raw/seadronessee/odv2/images/train/8032.jpg,train,1484,1516,736,3000,2220,required_80m_footprint_outside_source_frame
train:51924,train:8032,train,51924,8032,8032.jpg,3840,2160,1,swimmer,2713.0,1440.0,71.0,48.0,3408.0,34.4983175861018,42.2,mavic,NorthSea_Fri_DJI_0117.MP4,750,data/raw/seadronessee/odv2/images/train/8032.jpg,train,1484,2006,722,3490,2206,required_80m_footprint_outside_source_frame
train:51925,train:8032,train,51925,8032,8032.jpg,3840,2160,5,buoy,1511.0,198.0,62.0,86.0,5332.0,34.4983175861018,42.2,mavic,NorthSea_Fri_DJI_0117.MP4,750,data/raw/seadronessee/odv2/images/train/8032.jpg,train,1484,800,-501,2284,983,required_80m_footprint_outside_source_frame
train:51926,train:8032,train,51926,8032,8032.jpg,3840,2160,1,swimmer,1807.0,716.0,32.0,24.0,768.0,34.4983175861018,42.2,mavic,NorthSea_Fri_DJI_0117.MP4,750,data/raw/seadronessee/odv2/images/train/8032.jpg,train,1484,1081,-14,2565,1470,required_80m_footprint_outside_source_frame
train:51929,train:8032,train,51929,8032,8032.jpg,3840,2160,3,jetski,724.0,1368.0,137.0,172.0,23564.0,34.4983175861018,42.2,mavic,NorthSea_Fri_DJI_0117.MP4,750,data/raw/seadronessee/odv2/images/train/8032.jpg,train,1484,50,712,1534,2196,required_80m_footprint_outside_source_frame
train:51930,train:8032,train,51930,8032,8032.jpg,3840,2160,2,boat,181.0,743.0,215.0,259.0,55685.0,34.4983175861018,42.2,mavic,NorthSea_Fri_DJI_0117.MP4,750,data/raw/seadronessee/odv2/images/train/8032.jpg,train,1484,-454,130,1030,1614,required_80m_footprint_outside_source_frame
train:51943,train:8034,train,51943,8034,8034.jpg,3840,2160,1,swimmer,1591.0,649.0,30.0,28.0,840.0,34.4983175861018,42.2,mavic,NorthSea_Fri_DJI_0117.MP4,780,data/raw/seadronessee/odv2/images/train/8034.jpg,train,1484,864,-79,2348,1405,required_80m_footprint_outside_source_frame
train:51946,train:8034,train,51946,8034,8034.jpg,3840,2160,1,swimmer,1377.0,687.0,40.0,29.0,1160.0,34.4983175861018,42.2,mavic,NorthSea_Fri_DJI_0117.MP4,780,data/raw/seadronessee/odv2/images/train/8034.jpg,train,1484,655,-40,2139,1444,required_80m_footprint_outside_source_frame
train:51947,train:8034,train,51947,8034,8034.jpg,3840,2160,1,swimmer,2219.0,1466.0,59.0,42.0,2478.0,34.4983175861018,42.2,mavic,NorthSea_Fri_DJI_0117.MP4,780,data/raw/seadronessee/odv2/images/train/8034.jpg,train,1484,1506,745,2990,2229,required_80m_footprint_outside_source_frame
train:51948,train:8034,train,51948,8034,8034.jpg,3840,2160,1,swimmer,2715.0,1459.0,69.0,45.0,3105.0,34.4983175861018,42.2,mavic,NorthSea_Fri_DJI_0117.MP4,780,data/raw/seadronessee/odv2/images/train/8034.jpg,train,1484,2008,740,3492,2224,required_80m_footprint_outside_source_frame
train:51949,train:8034,train,51949,8034,8034.jpg,3840,2160,5,buoy,1513.0,194.0,61.0,86.0,5246.0,34.4983175861018,42.2,mavic,NorthSea_Fri_DJI_0117.MP4,780,data/raw/seadronessee/odv2/images/train/8034.jpg,train,1484,802,-505,2286,979,required_80m_footprint_outside_source_frame
train:51950,train:8034,train,51950,8034,8034.jpg,3840,2160,1,swimmer,1803.0,717.0,30.0,23.0,690.0,34.4983175861018,42.2,mavic,NorthSea_Fri_DJI_0117.MP4,780,data/raw/seadronessee/odv2/images/train/8034.jpg,train,1484,1076,-14,2560,1470,required_80m_footprint_outside_source_frame
train:51952,train:8034,train,51952,8034,8034.jpg,3840,2160,1,swimmer,2316.0,1413.0,38.0,31.0,1178.0,34.4983175861018,42.2,mavic,NorthSea_Fri_DJI_0117.MP4,780,data/raw/seadronessee/odv2/images/train/8034.jpg,train,1484,1593,686,3077,2170,required_80m_footprint_outside_source_frame
train:51953,train:8034,train,51953,8034,8034.jpg,3840,2160,3,jetski,711.0,1331.0,116.0,184.0,21344.0,34.4983175861018,42.2,mavic,NorthSea_Fri_DJI_0117.MP4,780,data/raw/seadronessee/odv2/images/train/8034.jpg,train,1484,27,681,1511,2165,required_80m_footprint_outside_source_frame
train:51954,train:8034,train,51954,8034,8034.jpg,3840,2160,2,boat,202.0,715.0,209.0,253.0,52877.0,34.4983175861018,42.2,mavic,NorthSea_Fri_DJI_0117.MP4,780,data/raw/seadronessee/odv2/images/train/8034.jpg,train,1484,-436,100,1048,1584,required_80m_footprint_outside_source_frame
train:51967,train:8036,train,51967,8036,8036.jpg,3840,2160,1,swimmer,1586.0,652.0,42.0,36.0,1512.0,34.4983175861018,42.2,mavic,NorthSea_Fri_DJI_0117.MP4,810,data/raw/seadronessee/odv2/images/train/8036.jpg,train,1484,865,-72,2349,1412,required_80m_footprint_outside_source_frame
train:51970,train:8036,train,51970,8036,8036.jpg,3840,2160,1,swimmer,1384.0,689.0,43.0,29.0,1247.0,34.4983175861018,42.2,mavic,NorthSea_Fri_DJI_0117.MP4,810,data/raw/seadronessee/odv2/images/train/8036.jpg,train,1484,664,-38,2148,1446,required_80m_footprint_outside_source_frame
train:51971,train:8036,train,51971,8036,8036.jpg,3840,2160,1,swimmer,2206.0,1464.0,72.0,43.0,3096.0,34.4983175861018,42.2,mavic,NorthSea_Fri_DJI_0117.MP4,810,data/raw/seadronessee/odv2/images/train/8036.jpg,train,1484,1500,744,2984,2228,required_80m_footprint_outside_source_frame
train:51972,train:8036,train,51972,8036,8036.jpg,3840,2160,1,swimmer,2708.0,1466.0,70.0,46.0,3220.0,34.4983175861018,42.2,mavic,NorthSea_Fri_DJI_0117.MP4,810,data/raw/seadronessee/odv2/images/train/8036.jpg,train,1484,2001,747,3485,2231,required_80m_footprint_outside_source_frame
train:51973,train:8036,train,51973,8036,8036.jpg,3840,2160,5,buoy,1511.0,180.0,62.0,89.0,5518.0,34.4983175861018,42.2,mavic,NorthSea_Fri_DJI_0117.MP4,810,data/raw/seadronessee/odv2/images/train/8036.jpg,train,1484,800,-518,2284,966,required_80m_footprint_outside_source_frame
train:51974,train:8036,train,51974,8036,8036.jpg,3840,2160,1,swimmer,1811.0,721.0,30.0,23.0,690.0,34.4983175861018,42.2,mavic,NorthSea_Fri_DJI_0117.MP4,810,data/raw/seadronessee/odv2/images/train/8036.jpg,train,1484,1084,-10,2568,1474,required_80m_footprint_outside_source_frame
train:51976,train:8036,train,51976,8036,8036.jpg,3840,2160,1,swimmer,2310.0,1412.0,42.0,32.0,1344.0,34.4983175861018,42.2,mavic,NorthSea_Fri_DJI_0117.MP4,810,data/raw/seadronessee/odv2/images/train/8036.jpg,train,1484,1589,686,3073,2170,required_80m_footprint_outside_source_frame
train:51978,train:8036,train,51978,8036,8036.jpg,3840,2160,2,boat,230.0,680.0,207.0,258.0,53406.0,34.4983175861018,42.2,mavic,NorthSea_Fri_DJI_0117.MP4,810,data/raw/seadronessee/odv2/images/train/8036.jpg,train,1484,-408,67,1076,1551,required_80m_footprint_outside_source_frame
train:51991,train:8038,train,51991,8038,8038.jpg,3840,2160,1,swimmer,1596.0,656.0,36.0,27.0,972.0,34.4983175861018,42.2,mavic,NorthSea_Fri_DJI_0117.MP4,840,data/raw/seadronessee/odv2/images/train/8038.jpg,train,1484,872,-72,2356,1412,required_80m_footprint_outside_source_frame
train:51994,train:8038,train,51994,8038,8038.jpg,3840,2160,1,swimmer,1389.0,692.0,43.0,28.0,1204.0,34.4983175861018,42.2,mavic,NorthSea_Fri_DJI_0117.MP4,840,data/raw/seadronessee/odv2/images/train/8038.jpg,train,1484,668,-36,2152,1448,required_80m_footprint_outside_source_frame
train:51995,train:8038,train,51995,8038,8038.jpg,3840,2160,1,swimmer,2186.0,1463.0,85.0,47.0,3995.0,34.4983175861018,42.2,mavic,NorthSea_Fri_DJI_0117.MP4,840,data/raw/seadronessee/odv2/images/train/8038.jpg,train,1484,1486,744,2970,2228,required_80m_footprint_outside_source_frame
train:51996,train:8038,train,51996,8038,8038.jpg,3840,2160,1,swimmer,2727.0,1469.0,56.0,36.0,2016.0,34.4983175861018,42.2,mavic,NorthSea_Fri_DJI_0117.MP4,840,data/raw/seadronessee/odv2/images/train/8038.jpg,train,1484,2013,745,3497,2229,required_80m_footprint_outside_source_frame
train:51997,train:8038,train,51997,8038,8038.jpg,3840,2160,5,buoy,1509.0,185.0,60.0,89.0,5340.0,34.4983175861018,42.2,mavic,NorthSea_Fri_DJI_0117.MP4,840,data/raw/seadronessee/odv2/images/train/8038.jpg,train,1484,797,-512,2281,972,required_80m_footprint_outside_source_frame
train:51998,train:8038,train,51998,8038,8038.jpg,3840,2160,1,swimmer,1822.0,717.0,29.0,23.0,667.0,34.4983175861018,42.2,mavic,NorthSea_Fri_DJI_0117.MP4,840,data/raw/seadronessee/odv2/images/train/8038.jpg,train,1484,1094,-14,2578,1470,required_80m_footprint_outside_source_frame
train:52000,train:8038,train,52000,8038,8038.jpg,3840,2160,1,swimmer,2307.0,1417.0,40.0,33.0,1320.0,34.4983175861018,42.2,mavic,NorthSea_Fri_DJI_0117.MP4,840,data/raw/seadronessee/odv2/images/train/8038.jpg,train,1484,1585,692,3069,2176,required_80m_footprint_outside_source_frame
train:52001,train:8038,train,52001,8038,8038.jpg,3840,2160,3,jetski,679.0,1254.0,91.0,172.0,15652.0,34.4983175861018,42.2,mavic,NorthSea_Fri_DJI_0117.MP4,840,data/raw/seadronessee/odv2/images/train/8038.jpg,train,1484,-18,598,1466,2082,required_80m_footprint_outside_source_frame
train:52002,train:8038,train,52002,8038,8038.jpg,3840,2160,2,boat,251.0,658.0,194.0,239.0,46366.0,34.4983175861018,42.2,mavic,NorthSea_Fri_DJI_0117.MP4,840,data/raw/seadronessee/odv2/images/train/8038.jpg,train,1484,-394,36,1090,1520,required_80m_footprint_outside_source_frame
train:52015,train:8040,train,52015,8040,8040.jpg,3840,2160,1,swimmer,1605.0,666.0,19.0,27.0,513.0,34.4983175861018,42.2,mavic,NorthSea_Fri_DJI_0117.MP4,870,data/raw/seadronessee/odv2/images/train/8040.jpg,train,1484,872,-62,2356,1422,required_80m_footprint_outside_source_frame
train:52018,train:8040,train,52018,8040,8040.jpg,3840,2160,1,swimmer,1398.0,692.0,39.0,28.0,1092.0,34.4983175861018,42.2,mavic,NorthSea_Fri_DJI_0117.MP4,870,data/raw/seadronessee/odv2/images/train/8040.jpg,train,1484,676,-36,2160,1448,required_80m_footprint_outside_source_frame
train:52019,train:8040,train,52019,8040,8040.jpg,3840,2160,1,swimmer,2187.0,1459.0,64.0,49.0,3136.0,34.4983175861018,42.2,mavic,NorthSea_Fri_DJI_0117.MP4,870,data/raw/seadronessee/odv2/images/train/8040.jpg,train,1484,1477,742,2961,2226,required_80m_footprint_outside_source_frame
train:52020,train:8040,train,52020,8040,8040.jpg,3840,2160,1,swimmer,2710.0,1477.0,75.0,52.0,3900.0,34.4983175861018,42.2,mavic,NorthSea_Fri_DJI_0117.MP4,870,data/raw/seadronessee/odv2/images/train/8040.jpg,train,1484,2006,761,3490,2245,required_80m_footprint_outside_source_frame
train:52021,train:8040,train,52021,8040,8040.jpg,3840,2160,5,buoy,1501.0,177.0,62.0,90.0,5580.0,34.4983175861018,42.2,mavic,NorthSea_Fri_DJI_0117.MP4,870,data/raw/seadronessee/odv2/images/train/8040.jpg,train,1484,790,-520,2274,964,required_80m_footprint_outside_source_frame
train:52024,train:8040,train,52024,8040,8040.jpg,3840,2160,1,swimmer,2292.0,1421.0,37.0,30.0,1110.0,34.4983175861018,42.2,mavic,NorthSea_Fri_DJI_0117.MP4,870,data/raw/seadronessee/odv2/images/train/8040.jpg,train,1484,1568,694,3052,2178,required_80m_footprint_outside_source_frame
train:52025,train:8040,train,52025,8040,8040.jpg,3840,2160,3,jetski,673.0,1221.0,81.0,173.0,14013.0,34.4983175861018,42.2,mavic,NorthSea_Fri_DJI_0117.MP4,870,data/raw/seadronessee/odv2/images/train/8040.jpg,train,1484,-28,566,1456,2050,required_80m_footprint_outside_source_frame
train:52026,train:8040,train,52026,8040,8040.jpg,3840,2160,2,boat,280.0,653.0,188.0,225.0,42300.0,34.4983175861018,42.2,mavic,NorthSea_Fri_DJI_0117.MP4,870,data/raw/seadronessee/odv2/images/train/8040.jpg,train,1484,-368,24,1116,1508,required_80m_footprint_outside_source_frame
train:52039,train:8042,train,52039,8042,8042.jpg,3840,2160,1,swimmer,1602.0,665.0,21.0,26.0,546.0,34.4983175861018,42.2,mavic,NorthSea_Fri_DJI_0117.MP4,900,data/raw/seadronessee/odv2/images/train/8042.jpg,train,1484,870,-64,2354,1420,required_80m_footprint_outside_source_frame
train:52042,train:8042,train,52042,8042,8042.jpg,3840,2160,1,swimmer,1398.0,688.0,43.0,31.0,1333.0,34.4983175861018,42.2,mavic,NorthSea_Fri_DJI_0117.MP4,900,data/raw/seadronessee/odv2/images/train/8042.jpg,train,1484,678,-38,2162,1446,required_80m_footprint_outside_source_frame
train:52043,train:8042,train,52043,8042,8042.jpg,3840,2160,1,swimmer,2194.0,1469.0,68.0,42.0,2856.0,34.4983175861018,42.2,mavic,NorthSea_Fri_DJI_0117.MP4,900,data/raw/seadronessee/odv2/images/train/8042.jpg,train,1484,1486,748,2970,2232,required_80m_footprint_outside_source_frame
train:52044,train:8042,train,52044,8042,8042.jpg,3840,2160,1,swimmer,2698.0,1481.0,73.0,49.0,3577.0,34.4983175861018,42.2,mavic,NorthSea_Fri_DJI_0117.MP4,900,data/raw/seadronessee/odv2/images/train/8042.jpg,train,1484,1992,764,3476,2248,required_80m_footprint_outside_source_frame
train:52045,train:8042,train,52045,8042,8042.jpg,3840,2160,5,buoy,1503.0,186.0,61.0,86.0,5246.0,34.4983175861018,42.2,mavic,NorthSea_Fri_DJI_0117.MP4,900,data/raw/seadronessee/odv2/images/train/8042.jpg,train,1484,792,-513,2276,971,required_80m_footprint_outside_source_frame
train:52048,train:8042,train,52048,8042,8042.jpg,3840,2160,1,swimmer,2293.0,1412.0,39.0,32.0,1248.0,34.4983175861018,42.2,mavic,NorthSea_Fri_DJI_0117.MP4,900,data/raw/seadronessee/odv2/images/train/8042.jpg,train,1484,1570,686,3054,2170,required_80m_footprint_outside_source_frame
train:52049,train:8042,train,52049,8042,8042.jpg,3840,2160,3,jetski,662.0,1180.0,74.0,170.0,12580.0,34.4983175861018,42.2,mavic,NorthSea_Fri_DJI_0117.MP4,900,data/raw/seadronessee/odv2/images/train/8042.jpg,train,1484,-43,523,1441,2007,required_80m_footprint_outside_source_frame
train:52050,train:8042,train,52050,8042,8042.jpg,3840,2160,2,boat,299.0,617.0,186.0,244.0,45384.0,34.4983175861018,42.2,mavic,NorthSea_Fri_DJI_0117.MP4,900,data/raw/seadronessee/odv2/images/train/8042.jpg,train,1484,-350,-3,1134,1481,required_80m_footprint_outside_source_frame
train:52063,train:8044,train,52063,8044,8044.jpg,3840,2160,1,swimmer,1579.0,650.0,38.0,39.0,1482.0,34.4983175861018,42.2,mavic,NorthSea_Fri_DJI_0117.MP4,930,data/raw/seadronessee/odv2/images/train/8044.jpg,train,1484,856,-72,2340,1412,required_80m_footprint_outside_source_frame
train:52066,train:8044,train,52066,8044,8044.jpg,3840,2160,1,swimmer,1403.0,674.0,41.0,29.0,1189.0,34.4983175861018,42.2,mavic,NorthSea_Fri_DJI_0117.MP4,930,data/raw/seadronessee/odv2/images/train/8044.jpg,train,1484,682,-54,2166,1430,required_80m_footprint_outside_source_frame
train:52067,train:8044,train,52067,8044,8044.jpg,3840,2160,1,swimmer,2192.0,1481.0,69.0,41.0,2829.0,34.4983175861018,42.2,mavic,NorthSea_Fri_DJI_0117.MP4,930,data/raw/seadronessee/odv2/images/train/8044.jpg,train,1484,1484,760,2968,2244,required_80m_footprint_outside_source_frame
train:52068,train:8044,train,52068,8044,8044.jpg,3840,2160,1,swimmer,2694.0,1476.0,67.0,50.0,3350.0,34.4983175861018,42.2,mavic,NorthSea_Fri_DJI_0117.MP4,930,data/raw/seadronessee/odv2/images/train/8044.jpg,train,1484,1986,759,3470,2243,required_80m_footprint_outside_source_frame
train:52069,train:8044,train,52069,8044,8044.jpg,3840,2160,5,buoy,1503.0,184.0,62.0,87.0,5394.0,34.4983175861018,42.2,mavic,NorthSea_Fri_DJI_0117.MP4,930,data/raw/seadronessee/odv2/images/train/8044.jpg,train,1484,792,-514,2276,970,required_80m_footprint_outside_source_frame
train:52072,train:8044,train,52072,8044,8044.jpg,3840,2160,1,swimmer,2282.0,1423.0,76.0,58.0,4408.0,34.4983175861018,42.2,mavic,NorthSea_Fri_DJI_0117.MP4,930,data/raw/seadronessee/odv2/images/train/8044.jpg,train,1484,1578,710,3062,2194,required_80m_footprint_outside_source_frame
train:52073,train:8044,train,52073,8044,8044.jpg,3840,2160,3,jetski,666.0,1145.0,73.0,168.0,12264.0,34.4983175861018,42.2,mavic,NorthSea_Fri_DJI_0117.MP4,930,data/raw/seadronessee/odv2/images/train/8044.jpg,train,1484,-40,487,1444,1971,required_80m_footprint_outside_source_frame
train:52074,train:8044,train,52074,8044,8044.jpg,3840,2160,2,boat,329.0,612.0,188.0,218.0,40984.0,34.4983175861018,42.2,mavic,NorthSea_Fri_DJI_0117.MP4,930,data/raw/seadronessee/odv2/images/train/8044.jpg,train,1484,-319,-21,1165,1463,required_80m_footprint_outside_source_frame
train:52087,train:8046,train,52087,8046,8046.jpg,3840,2160,1,swimmer,1579.0,654.0,37.0,37.0,1369.0,34.4983175861018,42.2,mavic,NorthSea_Fri_DJI_0117.MP4,960,data/raw/seadronessee/odv2/images/train/8046.jpg,train,1484,856,-70,2340,1414,required_80m_footprint_outside_source_frame
train:52090,train:8046,train,52090,8046,8046.jpg,3840,2160,1,swimmer,1405.0,674.0,40.0,29.0,1160.0,34.4983175861018,42.2,mavic,NorthSea_Fri_DJI_0117.MP4,960,data/raw/seadronessee/odv2/images/train/8046.jpg,train,1484,683,-54,2167,1430,required_80m_footprint_outside_source_frame
train:52091,train:8046,train,52091,8046,8046.jpg,3840,2160,1,swimmer,2172.0,1485.0,77.0,47.0,3619.0,34.4983175861018,42.2,mavic,NorthSea_Fri_DJI_0117.MP4,960,data/raw/seadronessee/odv2/images/train/8046.jpg,train,1484,1468,766,2952,2250,required_80m_footprint_outside_source_frame
train:52092,train:8046,train,52092,8046,8046.jpg,3840,2160,1,swimmer,2709.0,1498.0,68.0,41.0,2788.0,34.4983175861018,42.2,mavic,NorthSea_Fri_DJI_0117.MP4,960,data/raw/seadronessee/odv2/images/train/8046.jpg,train,1484,2001,776,3485,2260,required_80m_footprint_outside_source_frame
train:52093,train:8046,train,52093,8046,8046.jpg,3840,2160,5,buoy,1507.0,176.0,62.0,88.0,5456.0,34.4983175861018,42.2,mavic,NorthSea_Fri_DJI_0117.MP4,960,data/raw/seadronessee/odv2/images/train/8046.jpg,train,1484,796,-522,2280,962,required_80m_footprint_outside_source_frame
train:52096,train:8046,train,52096,8046,8046.jpg,3840,2160,1,swimmer,2267.0,1431.0,67.0,52.0,3484.0,34.4983175861018,42.2,mavic,NorthSea_Fri_DJI_0117.MP4,960,data/raw/seadronessee/odv2/images/train/8046.jpg,train,1484,1558,715,3042,2199,required_80m_footprint_outside_source_frame
train:52097,train:8046,train,52097,8046,8046.jpg,3840,2160,3,jetski,673.0,1114.0,73.0,157.0,11461.0,34.4983175861018,42.2,mavic,NorthSea_Fri_DJI_0117.MP4,960,data/raw/seadronessee/odv2/images/train/8046.jpg,train,1484,-32,450,1452,1934,required_80m_footprint_outside_source_frame
train:52098,train:8046,train,52098,8046,8046.jpg,3840,2160,2,boat,348.0,566.0,175.0,241.0,42175.0,34.4983175861018,42.2,mavic,NorthSea_Fri_DJI_0117.MP4,960,data/raw/seadronessee/odv2/images/train/8046.jpg,train,1484,-306,-56,1178,1428,required_80m_footprint_outside_source_frame
train:52111,train:8048,train,52111,8048,8048.jpg,3840,2160,1,swimmer,1583.0,667.0,25.0,30.0,750.0,34.4983175861018,42.2,mavic,NorthSea_Fri_DJI_0117.MP4,990,data/raw/seadronessee/odv2/images/train/8048.jpg,train,1484,854,-60,2338,1424,required_80m_footprint_outside_source_frame
train:52114,train:8048,train,52114,8048,8048.jpg,3840,2160,1,swimmer,1416.0,683.0,38.0,28.0,1064.0,34.4983175861018,42.2,mavic,NorthSea_Fri_DJI_0117.MP4,990,data/raw/seadronessee/odv2/images/train/8048.jpg,train,1484,693,-45,2177,1439,required_80m_footprint_outside_source_frame
train:52115,train:8048,train,52115,8048,8048.jpg,3840,2160,1,swimmer,2172.0,1480.0,65.0,46.0,2990.0,34.4983175861018,42.2,mavic,NorthSea_Fri_DJI_0117.MP4,990,data/raw/seadronessee/odv2/images/train/8048.jpg,train,1484,1462,761,2946,2245,required_80m_footprint_outside_source_frame
train:52116,train:8048,train,52116,8048,8048.jpg,3840,2160,1,swimmer,2698.0,1519.0,72.0,47.0,3384.0,34.4983175861018,42.2,mavic,NorthSea_Fri_DJI_0117.MP4,990,data/raw/seadronessee/odv2/images/train/8048.jpg,train,1484,1992,800,3476,2284,required_80m_footprint_outside_source_frame
train:52117,train:8048,train,52117,8048,8048.jpg,3840,2160,5,buoy,1513.0,184.0,61.0,88.0,5368.0,34.4983175861018,42.2,mavic,NorthSea_Fri_DJI_0117.MP4,990,data/raw/seadronessee/odv2/images/train/8048.jpg,train,1484,802,-514,2286,970,required_80m_footprint_outside_source_frame
train:52120,train:8048,train,52120,8048,8048.jpg,3840,2160,1,swimmer,2253.0,1421.0,70.0,56.0,3920.0,34.4983175861018,42.2,mavic,NorthSea_Fri_DJI_0117.MP4,990,data/raw/seadronessee/odv2/images/train/8048.jpg,train,1484,1546,707,3030,2191,required_80m_footprint_outside_source_frame
train:52121,train:8048,train,52121,8048,8048.jpg,3840,2160,3,jetski,686.0,1060.0,78.0,160.0,12480.0,34.4983175861018,42.2,mavic,NorthSea_Fri_DJI_0117.MP4,990,data/raw/seadronessee/odv2/images/train/8048.jpg,train,1484,-17,398,1467,1882,required_80m_footprint_outside_source_frame
train:52122,train:8048,train,52122,8048,8048.jpg,3840,2160,2,boat,363.0,549.0,179.0,215.0,38485.0,34.4983175861018,42.2,mavic,NorthSea_Fri_DJI_0117.MP4,990,data/raw/seadronessee/odv2/images/train/8048.jpg,train,1484,-290,-86,1194,1398,required_80m_footprint_outside_source_frame
train:52135,train:8050,train,52135,8050,8050.jpg,3840,2160,1,swimmer,1585.0,663.0,29.0,34.0,986.0,34.4983175861018,42.2,mavic,NorthSea_Fri_DJI_0117.MP4,1020,data/raw/seadronessee/odv2/images/train/8050.jpg,train,1484,858,-62,2342,1422,required_80m_footprint_outside_source_frame
train:52138,train:8050,train,52138,8050,8050.jpg,3840,2160,1,swimmer,1425.0,680.0,38.0,27.0,1026.0,34.4983175861018,42.2,mavic,NorthSea_Fri_DJI_0117.MP4,1020,data/raw/seadronessee/odv2/images/train/8050.jpg,train,1484,702,-48,2186,1436,required_80m_footprint_outside_source_frame
train:52139,train:8050,train,52139,8050,8050.jpg,3840,2160,1,swimmer,2168.0,1493.0,70.0,47.0,3290.0,34.4983175861018,42.2,mavic,NorthSea_Fri_DJI_0117.MP4,1020,data/raw/seadronessee/odv2/images/train/8050.jpg,train,1484,1461,774,2945,2258,required_80m_footprint_outside_source_frame
train:52140,train:8050,train,52140,8050,8050.jpg,3840,2160,1,swimmer,2703.0,1518.0,57.0,38.0,2166.0,34.4983175861018,42.2,mavic,NorthSea_Fri_DJI_0117.MP4,1020,data/raw/seadronessee/odv2/images/train/8050.jpg,train,1484,1990,795,3474,2279,required_80m_footprint_outside_source_frame
train:52141,train:8050,train,52141,8050,8050.jpg,3840,2160,5,buoy,1515.0,195.0,62.0,86.0,5332.0,34.4983175861018,42.2,mavic,NorthSea_Fri_DJI_0117.MP4,1020,data/raw/seadronessee/odv2/images/train/8050.jpg,train,1484,804,-504,2288,980,required_80m_footprint_outside_source_frame
train:52144,train:8050,train,52144,8050,8050.jpg,3840,2160,1,swimmer,2249.0,1436.0,72.0,54.0,3888.0,34.4983175861018,42.2,mavic,NorthSea_Fri_DJI_0117.MP4,1020,data/raw/seadronessee/odv2/images/train/8050.jpg,train,1484,1543,721,3027,2205,required_80m_footprint_outside_source_frame
train:52146,train:8050,train,52146,8050,8050.jpg,3840,2160,2,boat,357.0,505.0,178.0,240.0,42720.0,34.4983175861018,42.2,mavic,NorthSea_Fri_DJI_0117.MP4,1020,data/raw/seadronessee/odv2/images/train/8050.jpg,train,1484,-296,-117,1188,1367,required_80m_footprint_outside_source_frame
train:52159,train:8052,train,52159,8052,8052.jpg,3840,2160,1,swimmer,1681.0,660.0,24.0,27.0,648.0,34.4983175861018,42.2,mavic,NorthSea_Fri_DJI_0117.MP4,1050,data/raw/seadronessee/odv2/images/train/8052.jpg,train,1484,951,-68,2435,1416,required_80m_footprint_outside_source_frame
train:52162,train:8052,train,52162,8052,8052.jpg,3840,2160,1,swimmer,1524.0,676.0,35.0,23.0,805.0,34.4983175861018,42.2,mavic,NorthSea_Fri_DJI_0117.MP4,1050,data/raw/seadronessee/odv2/images/train/8052.jpg,train,1484,800,-54,2284,1430,required_80m_footprint_outside_source_frame
train:52163,train:8052,train,52163,8052,8052.jpg,3840,2160,1,swimmer,2245.0,1503.0,64.0,38.0,2432.0,34.4983175861018,42.2,mavic,NorthSea_Fri_DJI_0117.MP4,1050,data/raw/seadronessee/odv2/images/train/8052.jpg,train,1484,1535,780,3019,2264,required_80m_footprint_outside_source_frame
train:52164,train:8052,train,52164,8052,8052.jpg,3840,2160,1,swimmer,2780.0,1533.0,64.0,37.0,2368.0,34.4983175861018,42.2,mavic,NorthSea_Fri_DJI_0117.MP4,1050,data/raw/seadronessee/odv2/images/train/8052.jpg,train,1484,2070,810,3554,2294,required_80m_footprint_outside_source_frame
train:52165,train:8052,train,52165,8052,8052.jpg,3840,2160,5,buoy,1596.0,190.0,61.0,84.0,5124.0,34.4983175861018,42.2,mavic,NorthSea_Fri_DJI_0117.MP4,1050,data/raw/seadronessee/odv2/images/train/8052.jpg,train,1484,884,-510,2368,974,required_80m_footprint_outside_source_frame
train:52168,train:8052,train,52168,8052,8052.jpg,3840,2160,1,swimmer,2292.0,1444.0,96.0,53.0,5088.0,34.4983175861018,42.2,mavic,NorthSea_Fri_DJI_0117.MP4,1050,data/raw/seadronessee/odv2/images/train/8052.jpg,train,1484,1598,728,3082,2212,required_80m_footprint_outside_source_frame
train:52170,train:8052,train,52170,8052,8052.jpg,3840,2160,2,boat,452.0,499.0,215.0,189.0,40635.0,34.4983175861018,42.2,mavic,NorthSea_Fri_DJI_0117.MP4,1050,data/raw/seadronessee/odv2/images/train/8052.jpg,train,1484,-182,-148,1302,1336,required_80m_footprint_outside_source_frame
train:52185,train:8054,train,52185,8054,8054.jpg,3840,2160,1,swimmer,1812.0,660.0,35.0,28.0,980.0,34.4983175861018,42.2,mavic,NorthSea_Fri_DJI_0117.MP4,1080,data/raw/seadronessee/odv2/images/train/8054.jpg,train,1484,1088,-68,2572,1416,required_80m_footprint_outside_source_frame
train:52186,train:8054,train,52186,8054,8054.jpg,3840,2160,1,swimmer,2458.0,1534.0,72.0,39.0,2808.0,34.4983175861018,42.2,mavic,NorthSea_Fri_DJI_0117.MP4,1080,data/raw/seadronessee/odv2/images/train/8054.jpg,train,1484,1752,812,3236,2296,required_80m_footprint_outside_source_frame
train:52187,train:8054,train,52187,8054,8054.jpg,3840,2160,1,swimmer,3022.0,1615.0,66.0,40.0,2640.0,34.4983175861018,42.2,mavic,NorthSea_Fri_DJI_0117.MP4,1080,data/raw/seadronessee/odv2/images/train/8054.jpg,train,1484,2313,893,3797,2377,required_80m_footprint_outside_source_frame
train:52188,train:8054,train,52188,8054,8054.jpg,3840,2160,5,buoy,1912.0,166.0,59.0,88.0,5192.0,34.4983175861018,42.2,mavic,NorthSea_Fri_DJI_0117.MP4,1080,data/raw/seadronessee/odv2/images/train/8054.jpg,train,1484,1200,-532,2684,952,required_80m_footprint_outside_source_frame
train:52191,train:8054,train,52191,8054,8054.jpg,3840,2160,1,swimmer,2526.0,1478.0,87.0,57.0,4959.0,34.4983175861018,42.2,mavic,NorthSea_Fri_DJI_0117.MP4,1080,data/raw/seadronessee/odv2/images/train/8054.jpg,train,1484,1828,764,3312,2248,required_80m_footprint_outside_source_frame
train:52193,train:8054,train,52193,8054,8054.jpg,3840,2160,2,boat,812.0,399.0,174.0,215.0,37410.0,34.4983175861018,42.2,mavic,NorthSea_Fri_DJI_0117.MP4,1080,data/raw/seadronessee/odv2/images/train/8054.jpg,train,1484,157,-236,1641,1248,required_80m_footprint_outside_source_frame
train:52194,train:8054,train,52194,8054,8054.jpg,3840,2160,1,swimmer,1966.0,659.0,19.0,23.0,437.0,34.4983175861018,42.2,mavic,NorthSea_Fri_DJI_0117.MP4,1080,data/raw/seadronessee/odv2/images/train/8054.jpg,train,1484,1234,-72,2718,1412,required_80m_footprint_outside_source_frame
train:52209,train:8056,train,52209,8056,8056.jpg,3840,2160,1,swimmer,1834.0,663.0,32.0,30.0,960.0,34.4983175861018,42.2,mavic,NorthSea_Fri_DJI_0117.MP4,1110,data/raw/seadronessee/odv2/images/train/8056.jpg,train,1484,1108,-64,2592,1420,required_80m_footprint_outside_source_frame
train:52210,train:8056,train,52210,8056,8056.jpg,3840,2160,1,swimmer,2473.0,1533.0,75.0,49.0,3675.0,34.4983175861018,42.2,mavic,NorthSea_Fri_DJI_0117.MP4,1110,data/raw/seadronessee/odv2/images/train/8056.jpg,train,1484,1768,816,3252,2300,required_80m_footprint_outside_source_frame
train:52211,train:8056,train,52211,8056,8056.jpg,3840,2160,1,swimmer,3035.0,1621.0,62.0,42.0,2604.0,34.4983175861018,42.2,mavic,NorthSea_Fri_DJI_0117.MP4,1110,data/raw/seadronessee/odv2/images/train/8056.jpg,train,1484,2324,900,3808,2384,required_80m_footprint_outside_source_frame
train:52212,train:8056,train,52212,8056,8056.jpg,3840,2160,5,buoy,1939.0,165.0,60.0,88.0,5280.0,34.4983175861018,42.2,mavic,NorthSea_Fri_DJI_0117.MP4,1110,data/raw/seadronessee/odv2/images/train/8056.jpg,train,1484,1227,-533,2711,951,required_80m_footprint_outside_source_frame
train:52215,train:8056,train,52215,8056,8056.jpg,3840,2160,1,swimmer,2539.0,1473.0,88.0,59.0,5192.0,34.4983175861018,42.2,mavic,NorthSea_Fri_DJI_0117.MP4,1110,data/raw/seadronessee/odv2/images/train/8056.jpg,train,1484,1841,760,3325,2244,required_80m_footprint_outside_source_frame
train:52217,train:8056,train,52217,8056,8056.jpg,3840,2160,2,boat,863.0,384.0,169.0,195.0,32955.0,34.4983175861018,42.2,mavic,NorthSea_Fri_DJI_0117.MP4,1110,data/raw/seadronessee/odv2/images/train/8056.jpg,train,1484,206,-260,1690,1224,required_80m_footprint_outside_source_frame
train:52218,train:8056,train,52218,8056,8056.jpg,3840,2160,1,swimmer,1981.0,668.0,26.0,29.0,754.0,34.4983175861018,42.2,mavic,NorthSea_Fri_DJI_0117.MP4,1110,data/raw/seadronessee/odv2/images/train/8056.jpg,train,1484,1252,-60,2736,1424,required_80m_footprint_outside_source_frame
train:52232,train:8058,train,52232,8058,8058.jpg,3840,2160,1,swimmer,2816.0,1634.0,87.0,45.0,3915.0,34.19833221578787,42.2,mavic,NorthSea_Fri_DJI_0117.MP4,1140,data/raw/seadronessee/odv2/images/train/8058.jpg,train,1497,2111,908,3608,2405,required_80m_footprint_outside_source_frame
train:52233,train:8058,train,52233,8058,8058.jpg,3840,2160,1,swimmer,3403.0,1804.0,75.0,41.0,3075.0,34.19833221578787,42.2,mavic,NorthSea_Fri_DJI_0117.MP4,1140,data/raw/seadronessee/odv2/images/train/8058.jpg,train,1497,2692,1076,4189,2573,required_80m_footprint_outside_source_frame
train:52234,train:8058,train,52234,8058,8058.jpg,3840,2160,5,buoy,2402.0,179.0,64.0,87.0,5568.0,34.19833221578787,42.2,mavic,NorthSea_Fri_DJI_0117.MP4,1140,data/raw/seadronessee/odv2/images/train/8058.jpg,train,1497,1686,-526,3183,971,required_80m_footprint_outside_source_frame
train:52235,train:8058,train,52235,8058,8058.jpg,3840,2160,1,swimmer,2894.0,1571.0,78.0,63.0,4914.0,34.19833221578787,42.2,mavic,NorthSea_Fri_DJI_0117.MP4,1140,data/raw/seadronessee/odv2/images/train/8058.jpg,train,1497,2184,854,3681,2351,required_80m_footprint_outside_source_frame
train:52237,train:8058,train,52237,8058,8058.jpg,3840,2160,2,boat,1345.0,313.0,186.0,177.0,32922.0,34.19833221578787,42.2,mavic,NorthSea_Fri_DJI_0117.MP4,1140,data/raw/seadronessee/odv2/images/train/8058.jpg,train,1497,690,-347,2187,1150,required_80m_footprint_outside_source_frame
train:52238,train:8058,train,52238,8058,8058.jpg,3840,2160,1,swimmer,2255.0,678.0,31.0,23.0,713.0,34.19833221578787,42.2,mavic,NorthSea_Fri_DJI_0117.MP4,1140,data/raw/seadronessee/odv2/images/train/8058.jpg,train,1497,1522,-59,3019,1438,required_80m_footprint_outside_source_frame
train:52239,train:8058,train,52239,8058,8058.jpg,3840,2160,1,swimmer,2404.0,693.0,21.0,27.0,567.0,34.19833221578787,42.2,mavic,NorthSea_Fri_DJI_0117.MP4,1140,data/raw/seadronessee/odv2/images/train/8058.jpg,train,1497,1666,-42,3163,1455,required_80m_footprint_outside_source_frame
train:52242,train:8058,train,52242,8058,8058.jpg,3840,2160,1,swimmer,3210.0,1537.0,41.0,42.0,1722.0,34.19833221578787,42.2,mavic,NorthSea_Fri_DJI_0117.MP4,1140,data/raw/seadronessee/odv2/images/train/8058.jpg,train,1497,2482,810,3979,2307,required_80m_footprint_outside_source_frame
train:52256,train:8060,train,52256,8060,8060.jpg,3840,2160,1,swimmer,2891.0,1662.0,83.0,44.0,3652.0,34.19833221578787,42.2,mavic,NorthSea_Fri_DJI_0117.MP4,1170,data/raw/seadronessee/odv2/images/train/8060.jpg,train,1497,2184,936,3681,2433,required_80m_footprint_outside_source_frame
train:52257,train:8060,train,52257,8060,8060.jpg,3840,2160,1,swimmer,3502.0,1848.0,72.0,53.0,3816.0,34.19833221578787,42.2,mavic,NorthSea_Fri_DJI_0117.MP4,1170,data/raw/seadronessee/odv2/images/train/8060.jpg,train,1497,2790,1126,4287,2623,required_80m_footprint_outside_source_frame
train:52258,train:8060,train,52258,8060,8060.jpg,3840,2160,5,buoy,2513.0,191.0,65.0,84.0,5460.0,34.19833221578787,42.2,mavic,NorthSea_Fri_DJI_0117.MP4,1170,data/raw/seadronessee/odv2/images/train/8060.jpg,train,1497,1797,-516,3294,981,required_80m_footprint_outside_source_frame
train:52259,train:8060,train,52259,8060,8060.jpg,3840,2160,1,swimmer,2962.0,1594.0,89.0,67.0,5963.0,34.19833221578787,42.2,mavic,NorthSea_Fri_DJI_0117.MP4,1170,data/raw/seadronessee/odv2/images/train/8060.jpg,train,1497,2258,879,3755,2376,required_80m_footprint_outside_source_frame
train:52261,train:8060,train,52261,8060,8060.jpg,3840,2160,2,boat,1478.0,263.0,179.0,198.0,35442.0,34.19833221578787,42.2,mavic,NorthSea_Fri_DJI_0117.MP4,1170,data/raw/seadronessee/odv2/images/train/8060.jpg,train,1497,819,-386,2316,1111,required_80m_footprint_outside_source_frame
train:52262,train:8060,train,52262,8060,8060.jpg,3840,2160,1,swimmer,2353.0,674.0,32.0,27.0,864.0,34.19833221578787,42.2,mavic,NorthSea_Fri_DJI_0117.MP4,1170,data/raw/seadronessee/odv2/images/train/8060.jpg,train,1497,1620,-61,3117,1436,required_80m_footprint_outside_source_frame
train:52265,train:8060,train,52265,8060,8060.jpg,3840,2160,1,swimmer,3302.0,1579.0,42.0,44.0,1848.0,34.19833221578787,42.2,mavic,NorthSea_Fri_DJI_0117.MP4,1170,data/raw/seadronessee/odv2/images/train/8060.jpg,train,1497,2574,852,4071,2349,required_80m_footprint_outside_source_frame
train:52266,train:8060,train,52266,8060,8060.jpg,3840,2160,1,swimmer,2491.0,698.0,26.0,22.0,572.0,34.19833221578787,42.2,mavic,NorthSea_Fri_DJI_0117.MP4,1170,data/raw/seadronessee/odv2/images/train/8060.jpg,train,1497,1756,-40,3253,1457,required_80m_footprint_outside_source_frame
train:52280,train:8062,train,52280,8062,8062.jpg,3840,2160,1,swimmer,2977.0,1694.0,81.0,53.0,4293.0,34.19833221578787,42.2,mavic,NorthSea_Fri_DJI_0117.MP4,1200,data/raw/seadronessee/odv2/images/train/8062.jpg,train,1497,2269,972,3766,2469,required_80m_footprint_outside_source_frame
train:52281,train:8062,train,52281,8062,8062.jpg,3840,2160,1,swimmer,3603.0,1903.0,75.0,59.0,4425.0,34.19833221578787,42.2,mavic,NorthSea_Fri_DJI_0117.MP4,1200,data/raw/seadronessee/odv2/images/train/8062.jpg,train,1497,2892,1184,4389,2681,required_80m_footprint_outside_source_frame
train:52282,train:8062,train,52282,8062,8062.jpg,3840,2160,5,buoy,2635.0,194.0,66.0,87.0,5742.0,34.19833221578787,42.2,mavic,NorthSea_Fri_DJI_0117.MP4,1200,data/raw/seadronessee/odv2/images/train/8062.jpg,train,1497,1920,-511,3417,986,required_80m_footprint_outside_source_frame
train:52283,train:8062,train,52283,8062,8062.jpg,3840,2160,1,swimmer,3048.0,1633.0,79.0,56.0,4424.0,34.19833221578787,42.2,mavic,NorthSea_Fri_DJI_0117.MP4,1200,data/raw/seadronessee/odv2/images/train/8062.jpg,train,1497,2339,912,3836,2409,required_80m_footprint_outside_source_frame
train:52284,train:8062,train,52284,8062,8062.jpg,3840,2160,3,jetski,1701.0,681.0,63.0,119.0,7497.0,34.19833221578787,42.2,mavic,NorthSea_Fri_DJI_0117.MP4,1200,data/raw/seadronessee/odv2/images/train/8062.jpg,train,1497,984,-8,2481,1489,required_80m_footprint_outside_source_frame
train:52285,train:8062,train,52285,8062,8062.jpg,3840,2160,2,boat,1597.0,252.0,184.0,175.0,32200.0,34.19833221578787,42.2,mavic,NorthSea_Fri_DJI_0117.MP4,1200,data/raw/seadronessee/odv2/images/train/8062.jpg,train,1497,940,-409,2437,1088,required_80m_footprint_outside_source_frame
train:52286,train:8062,train,52286,8062,8062.jpg,3840,2160,1,swimmer,2448.0,674.0,30.0,24.0,720.0,34.19833221578787,42.2,mavic,NorthSea_Fri_DJI_0117.MP4,1200,data/raw/seadronessee/odv2/images/train/8062.jpg,train,1497,1714,-62,3211,1435,required_80m_footprint_outside_source_frame
train:52289,train:8062,train,52289,8062,8062.jpg,3840,2160,1,swimmer,3409.0,1620.0,43.0,43.0,1849.0,34.19833221578787,42.2,mavic,NorthSea_Fri_DJI_0117.MP4,1200,data/raw/seadronessee/odv2/images/train/8062.jpg,train,1497,2682,893,4179,2390,required_80m_footprint_outside_source_frame
train:52290,train:8062,train,52290,8062,8062.jpg,3840,2160,1,swimmer,2572.0,705.0,37.0,30.0,1110.0,34.19833221578787,42.2,mavic,NorthSea_Fri_DJI_0117.MP4,1200,data/raw/seadronessee/odv2/images/train/8062.jpg,train,1497,1842,-28,3339,1469,required_80m_footprint_outside_source_frame
train:52304,train:8064,train,52304,8064,8064.jpg,3840,2160,1,swimmer,2979.0,1710.0,69.0,43.0,2967.0,34.19833221578787,42.2,mavic,NorthSea_Fri_DJI_0117.MP4,1230,data/raw/seadronessee/odv2/images/train/8064.jpg,train,1497,2265,983,3762,2480,required_80m_footprint_outside_source_frame
train:52305,train:8064,train,52305,8064,8064.jpg,3840,2160,1,swimmer,3628.0,1902.0,75.0,59.0,4425.0,34.19833221578787,42.2,mavic,NorthSea_Fri_DJI_0117.MP4,1230,data/raw/seadronessee/odv2/images/train/8064.jpg,train,1497,2917,1183,4414,2680,required_80m_footprint_outside_source_frame
train:52306,train:8064,train,52306,8064,8064.jpg,3840,2160,5,buoy,2640.0,202.0,65.0,85.0,5525.0,34.19833221578787,42.2,mavic,NorthSea_Fri_DJI_0117.MP4,1230,data/raw/seadronessee/odv2/images/train/8064.jpg,train,1497,1924,-504,3421,993,required_80m_footprint_outside_source_frame
train:52307,train:8064,train,52307,8064,8064.jpg,3840,2160,1,swimmer,3045.0,1625.0,49.0,65.0,3185.0,34.19833221578787,42.2,mavic,NorthSea_Fri_DJI_0117.MP4,1230,data/raw/seadronessee/odv2/images/train/8064.jpg,train,1497,2321,909,3818,2406,required_80m_footprint_outside_source_frame
train:52308,train:8064,train,52308,8064,8064.jpg,3840,2160,3,jetski,1715.0,649.0,64.0,120.0,7680.0,34.19833221578787,42.2,mavic,NorthSea_Fri_DJI_0117.MP4,1230,data/raw/seadronessee/odv2/images/train/8064.jpg,train,1497,998,-40,2495,1457,required_80m_footprint_outside_source_frame
train:52309,train:8064,train,52309,8064,8064.jpg,3840,2160,2,boat,1630.0,248.0,174.0,168.0,29232.0,34.19833221578787,42.2,mavic,NorthSea_Fri_DJI_0117.MP4,1230,data/raw/seadronessee/odv2/images/train/8064.jpg,train,1497,968,-416,2465,1081,required_80m_footprint_outside_source_frame
train:52310,train:8064,train,52310,8064,8064.jpg,3840,2160,1,swimmer,2461.0,679.0,30.0,21.0,630.0,34.19833221578787,42.2,mavic,NorthSea_Fri_DJI_0117.MP4,1230,data/raw/seadronessee/odv2/images/train/8064.jpg,train,1497,1728,-59,3225,1438,required_80m_footprint_outside_source_frame
train:52313,train:8064,train,52313,8064,8064.jpg,3840,2160,1,swimmer,3423.0,1630.0,54.0,44.0,2376.0,34.19833221578787,42.2,mavic,NorthSea_Fri_DJI_0117.MP4,1230,data/raw/seadronessee/odv2/images/train/8064.jpg,train,1497,2702,904,4199,2401,required_80m_footprint_outside_source_frame
train:52314,train:8064,train,52314,8064,8064.jpg,3840,2160,1,swimmer,2581.0,701.0,31.0,34.0,1054.0,34.19833221578787,42.2,mavic,NorthSea_Fri_DJI_0117.MP4,1230,data/raw/seadronessee/odv2/images/train/8064.jpg,train,1497,1848,-30,3345,1467,required_80m_footprint_outside_source_frame
train:52328,train:8066,train,52328,8066,8066.jpg,3840,2160,1,swimmer,2958.0,1699.0,72.0,46.0,3312.0,34.19833221578787,42.2,mavic,NorthSea_Fri_DJI_0117.MP4,1260,data/raw/seadronessee/odv2/images/train/8066.jpg,train,1497,2246,974,3743,2471,required_80m_footprint_outside_source_frame
train:52329,train:8066,train,52329,8066,8066.jpg,3840,2160,1,swimmer,3654.0,1913.0,72.0,68.0,4896.0,34.19833221578787,42.2,mavic,NorthSea_Fri_DJI_0117.MP4,1260,data/raw/seadronessee/odv2/images/train/8066.jpg,train,1497,2942,1198,4439,2695,required_80m_footprint_outside_source_frame
train:52330,train:8066,train,52330,8066,8066.jpg,3840,2160,5,buoy,2644.0,189.0,66.0,88.0,5808.0,34.19833221578787,42.2,mavic,NorthSea_Fri_DJI_0117.MP4,1260,data/raw/seadronessee/odv2/images/train/8066.jpg,train,1497,1928,-516,3425,981,required_80m_footprint_outside_source_frame
train:52331,train:8066,train,52331,8066,8066.jpg,3840,2160,1,swimmer,3023.0,1610.0,50.0,77.0,3850.0,34.19833221578787,42.2,mavic,NorthSea_Fri_DJI_0117.MP4,1260,data/raw/seadronessee/odv2/images/train/8066.jpg,train,1497,2300,900,3797,2397,required_80m_footprint_outside_source_frame
train:52332,train:8066,train,52332,8066,8066.jpg,3840,2160,3,jetski,1714.0,609.0,78.0,123.0,9594.0,34.19833221578787,42.2,mavic,NorthSea_Fri_DJI_0117.MP4,1260,data/raw/seadronessee/odv2/images/train/8066.jpg,train,1497,1004,-78,2501,1419,required_80m_footprint_outside_source_frame
train:52333,train:8066,train,52333,8066,8066.jpg,3840,2160,2,boat,1662.0,232.0,165.0,171.0,28215.0,34.19833221578787,42.2,mavic,NorthSea_Fri_DJI_0117.MP4,1260,data/raw/seadronessee/odv2/images/train/8066.jpg,train,1497,996,-431,2493,1066,required_80m_footprint_outside_source_frame
train:52334,train:8066,train,52334,8066,8066.jpg,3840,2160,1,swimmer,2468.0,684.0,28.0,36.0,1008.0,34.19833221578787,42.2,mavic,NorthSea_Fri_DJI_0117.MP4,1260,data/raw/seadronessee/odv2/images/train/8066.jpg,train,1497,1734,-46,3231,1451,required_80m_footprint_outside_source_frame
train:52337,train:8066,train,52337,8066,8066.jpg,3840,2160,1,swimmer,3417.0,1646.0,61.0,40.0,2440.0,34.19833221578787,42.2,mavic,NorthSea_Fri_DJI_0117.MP4,1260,data/raw/seadronessee/odv2/images/train/8066.jpg,train,1497,2699,918,4196,2415,required_80m_footprint_outside_source_frame
train:52338,train:8066,train,52338,8066,8066.jpg,3840,2160,1,swimmer,2585.0,706.0,28.0,28.0,784.0,34.19833221578787,42.2,mavic,NorthSea_Fri_DJI_0117.MP4,1260,data/raw/seadronessee/odv2/images/train/8066.jpg,train,1497,1850,-28,3347,1469,required_80m_footprint_outside_source_frame
train:52352,train:8068,train,52352,8068,8068.jpg,3840,2160,1,swimmer,2944.0,1682.0,78.0,39.0,3042.0,34.19833221578787,42.2,mavic,NorthSea_Fri_DJI_0117.MP4,1290,data/raw/seadronessee/odv2/images/train/8068.jpg,train,1497,2234,953,3731,2450,required_80m_footprint_outside_source_frame
train:52353,train:8068,train,52353,8068,8068.jpg,3840,2160,1,swimmer,3588.0,1939.0,129.0,68.0,8772.0,34.19833221578787,42.2,mavic,NorthSea_Fri_DJI_0117.MP4,1290,data/raw/seadronessee/odv2/images/train/8068.jpg,train,1497,2904,1224,4401,2721,required_80m_footprint_outside_source_frame
train:52354,train:8068,train,52354,8068,8068.jpg,3840,2160,5,buoy,2654.0,184.0,66.0,87.0,5742.0,34.19833221578787,42.2,mavic,NorthSea_Fri_DJI_0117.MP4,1290,data/raw/seadronessee/odv2/images/train/8068.jpg,train,1497,1938,-521,3435,976,required_80m_footprint_outside_source_frame
train:52355,train:8068,train,52355,8068,8068.jpg,3840,2160,1,swimmer,3025.0,1605.0,43.0,59.0,2537.0,34.19833221578787,42.2,mavic,NorthSea_Fri_DJI_0117.MP4,1290,data/raw/seadronessee/odv2/images/train/8068.jpg,train,1497,2298,886,3795,2383,required_80m_footprint_outside_source_frame
train:52356,train:8068,train,52356,8068,8068.jpg,3840,2160,3,jetski,1699.0,599.0,105.0,108.0,11340.0,34.19833221578787,42.2,mavic,NorthSea_Fri_DJI_0117.MP4,1290,data/raw/seadronessee/odv2/images/train/8068.jpg,train,1497,1003,-96,2500,1401,required_80m_footprint_outside_source_frame
train:52357,train:8068,train,52357,8068,8068.jpg,3840,2160,2,boat,1692.0,211.0,160.0,179.0,28640.0,34.19833221578787,42.2,mavic,NorthSea_Fri_DJI_0117.MP4,1290,data/raw/seadronessee/odv2/images/train/8068.jpg,train,1497,1024,-448,2521,1049,required_80m_footprint_outside_source_frame
train:52358,train:8068,train,52358,8068,8068.jpg,3840,2160,1,swimmer,2479.0,688.0,30.0,37.0,1110.0,34.19833221578787,42.2,mavic,NorthSea_Fri_DJI_0117.MP4,1290,data/raw/seadronessee/odv2/images/train/8068.jpg,train,1497,1746,-42,3243,1455,required_80m_footprint_outside_source_frame
train:52361,train:8068,train,52361,8068,8068.jpg,3840,2160,1,swimmer,3396.0,1653.0,56.0,39.0,2184.0,34.19833221578787,42.2,mavic,NorthSea_Fri_DJI_0117.MP4,1290,data/raw/seadronessee/odv2/images/train/8068.jpg,train,1497,2676,924,4173,2421,required_80m_footprint_outside_source_frame
train:52362,train:8068,train,52362,8068,8068.jpg,3840,2160,1,swimmer,2602.0,707.0,22.0,29.0,638.0,34.19833221578787,42.2,mavic,NorthSea_Fri_DJI_0117.MP4,1290,data/raw/seadronessee/odv2/images/train/8068.jpg,train,1497,1864,-27,3361,1470,required_80m_footprint_outside_source_frame
train:52376,train:8070,train,52376,8070,8070.jpg,3840,2160,1,swimmer,2933.0,1693.0,105.0,41.0,4305.0,34.19833221578787,42.2,mavic,NorthSea_Fri_DJI_0117.MP4,1320,data/raw/seadronessee/odv2/images/train/8070.jpg,train,1497,2237,965,3734,2462,required_80m_footprint_outside_source_frame
train:52377,train:8070,train,52377,8070,8070.jpg,3840,2160,1,swimmer,3580.0,1928.0,112.0,76.0,8512.0,34.19833221578787,42.2,mavic,NorthSea_Fri_DJI_0117.MP4,1320,data/raw/seadronessee/odv2/images/train/8070.jpg,train,1497,2888,1218,4385,2715,required_80m_footprint_outside_source_frame
train:52378,train:8070,train,52378,8070,8070.jpg,3840,2160,5,buoy,2666.0,176.0,66.0,87.0,5742.0,34.19833221578787,42.2,mavic,NorthSea_Fri_DJI_0117.MP4,1320,data/raw/seadronessee/odv2/images/train/8070.jpg,train,1497,1950,-529,3447,968,required_80m_footprint_outside_source_frame
train:52379,train:8070,train,52379,8070,8070.jpg,3840,2160,1,swimmer,3025.0,1614.0,49.0,56.0,2744.0,34.19833221578787,42.2,mavic,NorthSea_Fri_DJI_0117.MP4,1320,data/raw/seadronessee/odv2/images/train/8070.jpg,train,1497,2301,894,3798,2391,required_80m_footprint_outside_source_frame
train:52380,train:8070,train,52380,8070,8070.jpg,3840,2160,3,jetski,1722.0,582.0,109.0,106.0,11554.0,34.19833221578787,42.2,mavic,NorthSea_Fri_DJI_0117.MP4,1320,data/raw/seadronessee/odv2/images/train/8070.jpg,train,1497,1028,-114,2525,1383,required_80m_footprint_outside_source_frame
train:52381,train:8070,train,52381,8070,8070.jpg,3840,2160,2,boat,1715.0,191.0,153.0,173.0,26469.0,34.19833221578787,42.2,mavic,NorthSea_Fri_DJI_0117.MP4,1320,data/raw/seadronessee/odv2/images/train/8070.jpg,train,1497,1043,-471,2540,1026,required_80m_footprint_outside_source_frame
train:52382,train:8070,train,52382,8070,8070.jpg,3840,2160,1,swimmer,2502.0,694.0,28.0,34.0,952.0,34.19833221578787,42.2,mavic,NorthSea_Fri_DJI_0117.MP4,1320,data/raw/seadronessee/odv2/images/train/8070.jpg,train,1497,1768,-38,3265,1459,required_80m_footprint_outside_source_frame
train:52385,train:8070,train,52385,8070,8070.jpg,3840,2160,1,swimmer,3405.0,1656.0,53.0,39.0,2067.0,34.19833221578787,42.2,mavic,NorthSea_Fri_DJI_0117.MP4,1320,data/raw/seadronessee/odv2/images/train/8070.jpg,train,1497,2683,927,4180,2424,required_80m_footprint_outside_source_frame
train:52386,train:8070,train,52386,8070,8070.jpg,3840,2160,1,swimmer,2616.0,709.0,22.0,27.0,594.0,34.19833221578787,42.2,mavic,NorthSea_Fri_DJI_0117.MP4,1320,data/raw/seadronessee/odv2/images/train/8070.jpg,train,1497,1878,-26,3375,1471,required_80m_footprint_outside_source_frame
train:52400,train:8072,train,52400,8072,8072.jpg,3840,2160,1,swimmer,2948.0,1692.0,73.0,47.0,3431.0,34.19833221578787,42.2,mavic,NorthSea_Fri_DJI_0117.MP4,1350,data/raw/seadronessee/odv2/images/train/8072.jpg,train,1497,2236,967,3733,2464,required_80m_footprint_outside_source_frame
train:52401,train:8072,train,52401,8072,8072.jpg,3840,2160,1,swimmer,3607.0,1920.0,98.0,87.0,8526.0,34.19833221578787,42.2,mavic,NorthSea_Fri_DJI_0117.MP4,1350,data/raw/seadronessee/odv2/images/train/8072.jpg,train,1497,2908,1215,4405,2712,required_80m_footprint_outside_source_frame
train:52402,train:8072,train,52402,8072,8072.jpg,3840,2160,5,buoy,2669.0,174.0,67.0,86.0,5762.0,34.19833221578787,42.2,mavic,NorthSea_Fri_DJI_0117.MP4,1350,data/raw/seadronessee/odv2/images/train/8072.jpg,train,1497,1954,-532,3451,965,required_80m_footprint_outside_source_frame
train:52403,train:8072,train,52403,8072,8072.jpg,3840,2160,1,swimmer,3021.0,1627.0,69.0,40.0,2760.0,34.19833221578787,42.2,mavic,NorthSea_Fri_DJI_0117.MP4,1350,data/raw/seadronessee/odv2/images/train/8072.jpg,train,1497,2307,898,3804,2395,required_80m_footprint_outside_source_frame
train:52404,train:8072,train,52404,8072,8072.jpg,3840,2160,3,jetski,1734.0,563.0,117.0,110.0,12870.0,34.19833221578787,42.2,mavic,NorthSea_Fri_DJI_0117.MP4,1350,data/raw/seadronessee/odv2/images/train/8072.jpg,train,1497,1044,-130,2541,1367,required_80m_footprint_outside_source_frame
train:52405,train:8072,train,52405,8072,8072.jpg,3840,2160,2,boat,1744.0,179.0,143.0,172.0,24596.0,34.19833221578787,42.2,mavic,NorthSea_Fri_DJI_0117.MP4,1350,data/raw/seadronessee/odv2/images/train/8072.jpg,train,1497,1067,-484,2564,1013,required_80m_footprint_outside_source_frame
train:52406,train:8072,train,52406,8072,8072.jpg,3840,2160,1,swimmer,2514.0,699.0,24.0,33.0,792.0,34.19833221578787,42.2,mavic,NorthSea_Fri_DJI_0117.MP4,1350,data/raw/seadronessee/odv2/images/train/8072.jpg,train,1497,1778,-33,3275,1464,required_80m_footprint_outside_source_frame
train:52409,train:8072,train,52409,8072,8072.jpg,3840,2160,1,swimmer,3427.0,1654.0,48.0,38.0,1824.0,34.19833221578787,42.2,mavic,NorthSea_Fri_DJI_0117.MP4,1350,data/raw/seadronessee/odv2/images/train/8072.jpg,train,1497,2702,924,4199,2421,required_80m_footprint_outside_source_frame
train:52410,train:8072,train,52410,8072,8072.jpg,3840,2160,1,swimmer,2624.0,718.0,27.0,27.0,729.0,34.19833221578787,42.2,mavic,NorthSea_Fri_DJI_0117.MP4,1350,data/raw/seadronessee/odv2/images/train/8072.jpg,train,1497,1889,-17,3386,1480,required_80m_footprint_outside_source_frame
train:52424,train:8074,train,52424,8074,8074.jpg,3840,2160,1,swimmer,2949.0,1680.0,82.0,40.0,3280.0,34.19833221578787,42.2,mavic,NorthSea_Fri_DJI_0117.MP4,1380,data/raw/seadronessee/odv2/images/train/8074.jpg,train,1497,2242,952,3739,2449,required_80m_footprint_outside_source_frame
train:52425,train:8074,train,52425,8074,8074.jpg,3840,2160,1,swimmer,3631.0,1930.0,107.0,87.0,9309.0,34.19833221578787,42.2,mavic,NorthSea_Fri_DJI_0117.MP4,1380,data/raw/seadronessee/odv2/images/train/8074.jpg,train,1497,2936,1225,4433,2722,required_80m_footprint_outside_source_frame
train:52426,train:8074,train,52426,8074,8074.jpg,3840,2160,5,buoy,2671.0,194.0,66.0,84.0,5544.0,34.19833221578787,42.2,mavic,NorthSea_Fri_DJI_0117.MP4,1380,data/raw/seadronessee/odv2/images/train/8074.jpg,train,1497,1956,-512,3453,985,required_80m_footprint_outside_source_frame
train:52427,train:8074,train,52427,8074,8074.jpg,3840,2160,1,swimmer,3046.0,1614.0,55.0,44.0,2420.0,34.19833221578787,42.2,mavic,NorthSea_Fri_DJI_0117.MP4,1380,data/raw/seadronessee/odv2/images/train/8074.jpg,train,1497,2325,888,3822,2385,required_80m_footprint_outside_source_frame
train:52428,train:8074,train,52428,8074,8074.jpg,3840,2160,3,jetski,1761.0,530.0,126.0,104.0,13104.0,34.19833221578787,42.2,mavic,NorthSea_Fri_DJI_0117.MP4,1380,data/raw/seadronessee/odv2/images/train/8074.jpg,train,1497,1076,-166,2573,1331,required_80m_footprint_outside_source_frame
train:52429,train:8074,train,52429,8074,8074.jpg,3840,2160,2,boat,1767.0,175.0,135.0,162.0,21870.0,34.19833221578787,42.2,mavic,NorthSea_Fri_DJI_0117.MP4,1380,data/raw/seadronessee/odv2/images/train/8074.jpg,train,1497,1086,-492,2583,1005,required_80m_footprint_outside_source_frame
train:52430,train:8074,train,52430,8074,8074.jpg,3840,2160,1,swimmer,2516.0,701.0,24.0,31.0,744.0,34.19833221578787,42.2,mavic,NorthSea_Fri_DJI_0117.MP4,1380,data/raw/seadronessee/odv2/images/train/8074.jpg,train,1497,1780,-32,3277,1465,required_80m_footprint_outside_source_frame
train:52433,train:8074,train,52433,8074,8074.jpg,3840,2160,1,swimmer,3451.0,1659.0,49.0,36.0,1764.0,34.19833221578787,42.2,mavic,NorthSea_Fri_DJI_0117.MP4,1380,data/raw/seadronessee/odv2/images/train/8074.jpg,train,1497,2727,928,4224,2425,required_80m_footprint_outside_source_frame
train:52434,train:8074,train,52434,8074,8074.jpg,3840,2160,1,swimmer,2618.0,713.0,25.0,31.0,775.0,34.19833221578787,42.2,mavic,NorthSea_Fri_DJI_0117.MP4,1380,data/raw/seadronessee/odv2/images/train/8074.jpg,train,1497,1882,-20,3379,1477,required_80m_footprint_outside_source_frame
train:52448,train:8076,train,52448,8076,8076.jpg,3840,2160,1,swimmer,2942.0,1675.0,85.0,43.0,3655.0,34.19833221578787,42.2,mavic,NorthSea_Fri_DJI_0117.MP4,1410,data/raw/seadronessee/odv2/images/train/8076.jpg,train,1497,2236,948,3733,2445,required_80m_footprint_outside_source_frame
train:52449,train:8076,train,52449,8076,8076.jpg,3840,2160,1,swimmer,3661.0,1915.0,95.0,99.0,9405.0,34.19833221578787,42.2,mavic,NorthSea_Fri_DJI_0117.MP4,1410,data/raw/seadronessee/odv2/images/train/8076.jpg,train,1497,2960,1216,4457,2713,required_80m_footprint_outside_source_frame
train:52450,train:8076,train,52450,8076,8076.jpg,3840,2160,5,buoy,2674.0,197.0,66.0,86.0,5676.0,34.19833221578787,42.2,mavic,NorthSea_Fri_DJI_0117.MP4,1410,data/raw/seadronessee/odv2/images/train/8076.jpg,train,1497,1958,-508,3455,989,required_80m_footprint_outside_source_frame
train:52451,train:8076,train,52451,8076,8076.jpg,3840,2160,1,swimmer,3066.0,1632.0,37.0,37.0,1369.0,34.19833221578787,42.2,mavic,NorthSea_Fri_DJI_0117.MP4,1410,data/raw/seadronessee/odv2/images/train/8076.jpg,train,1497,2336,902,3833,2399,required_80m_footprint_outside_source_frame
train:52452,train:8076,train,52452,8076,8076.jpg,3840,2160,3,jetski,1788.0,507.0,136.0,96.0,13056.0,34.19833221578787,42.2,mavic,NorthSea_Fri_DJI_0117.MP4,1410,data/raw/seadronessee/odv2/images/train/8076.jpg,train,1497,1108,-194,2605,1303,required_80m_footprint_outside_source_frame
train:52453,train:8076,train,52453,8076,8076.jpg,3840,2160,2,boat,1786.0,144.0,136.0,178.0,24208.0,34.19833221578787,42.2,mavic,NorthSea_Fri_DJI_0117.MP4,1410,data/raw/seadronessee/odv2/images/train/8076.jpg,train,1497,1106,-516,2603,981,required_80m_footprint_outside_source_frame
train:52454,train:8076,train,52454,8076,8076.jpg,3840,2160,1,swimmer,2525.0,704.0,24.0,29.0,696.0,34.19833221578787,42.2,mavic,NorthSea_Fri_DJI_0117.MP4,1410,data/raw/seadronessee/odv2/images/train/8076.jpg,train,1497,1788,-30,3285,1467,required_80m_footprint_outside_source_frame
train:52457,train:8076,train,52457,8076,8076.jpg,3840,2160,1,swimmer,3468.0,1665.0,48.0,36.0,1728.0,34.19833221578787,42.2,mavic,NorthSea_Fri_DJI_0117.MP4,1410,data/raw/seadronessee/odv2/images/train/8076.jpg,train,1497,2744,934,4241,2431,required_80m_footprint_outside_source_frame
train:52458,train:8076,train,52458,8076,8076.jpg,3840,2160,1,swimmer,2612.0,716.0,29.0,27.0,783.0,34.19833221578787,42.2,mavic,NorthSea_Fri_DJI_0117.MP4,1410,data/raw/seadronessee/odv2/images/train/8076.jpg,train,1497,1878,-19,3375,1478,required_80m_footprint_outside_source_frame
train:52472,train:8078,train,52472,8078,8078.jpg,3840,2160,1,swimmer,2931.0,1656.0,112.0,46.0,5152.0,34.19833221578787,42.2,mavic,NorthSea_Fri_DJI_0117.MP4,1440,data/raw/seadronessee/odv2/images/train/8078.jpg,train,1497,2238,930,3735,2427,required_80m_footprint_outside_source_frame
train:52473,train:8078,train,52473,8078,8078.jpg,3840,2160,1,swimmer,3670.0,1901.0,99.0,92.0,9108.0,34.19833221578787,42.2,mavic,NorthSea_Fri_DJI_0117.MP4,1440,data/raw/seadronessee/odv2/images/train/8078.jpg,train,1497,2971,1198,4468,2695,required_80m_footprint_outside_source_frame
train:52474,train:8078,train,52474,8078,8078.jpg,3840,2160,5,buoy,2679.0,173.0,66.0,89.0,5874.0,34.19833221578787,42.2,mavic,NorthSea_Fri_DJI_0117.MP4,1440,data/raw/seadronessee/odv2/images/train/8078.jpg,train,1497,1964,-531,3461,966,required_80m_footprint_outside_source_frame
train:52475,train:8078,train,52475,8078,8078.jpg,3840,2160,1,swimmer,3072.0,1610.0,38.0,36.0,1368.0,34.19833221578787,42.2,mavic,NorthSea_Fri_DJI_0117.MP4,1440,data/raw/seadronessee/odv2/images/train/8078.jpg,train,1497,2342,880,3839,2377,required_80m_footprint_outside_source_frame
train:52476,train:8078,train,52476,8078,8078.jpg,3840,2160,3,jetski,1818.0,477.0,140.0,95.0,13300.0,34.19833221578787,42.2,mavic,NorthSea_Fri_DJI_0117.MP4,1440,data/raw/seadronessee/odv2/images/train/8078.jpg,train,1497,1140,-224,2637,1273,required_80m_footprint_outside_source_frame
train:52477,train:8078,train,52477,8078,8078.jpg,3840,2160,2,boat,1805.0,110.0,131.0,165.0,21615.0,34.19833221578787,42.2,mavic,NorthSea_Fri_DJI_0117.MP4,1440,data/raw/seadronessee/odv2/images/train/8078.jpg,train,1497,1122,-556,2619,941,required_80m_footprint_outside_source_frame
train:52478,train:8078,train,52478,8078,8078.jpg,3840,2160,1,swimmer,2530.0,691.0,26.0,27.0,702.0,34.19833221578787,42.2,mavic,NorthSea_Fri_DJI_0117.MP4,1440,data/raw/seadronessee/odv2/images/train/8078.jpg,train,1497,1794,-44,3291,1453,required_80m_footprint_outside_source_frame
train:52481,train:8078,train,52481,8078,8078.jpg,3840,2160,1,swimmer,3477.0,1644.0,49.0,35.0,1715.0,34.19833221578787,42.2,mavic,NorthSea_Fri_DJI_0117.MP4,1440,data/raw/seadronessee/odv2/images/train/8078.jpg,train,1497,2753,913,4250,2410,required_80m_footprint_outside_source_frame
train:52482,train:8078,train,52482,8078,8078.jpg,3840,2160,1,swimmer,2619.0,698.0,27.0,28.0,756.0,34.19833221578787,42.2,mavic,NorthSea_Fri_DJI_0117.MP4,1440,data/raw/seadronessee/odv2/images/train/8078.jpg,train,1497,1884,-36,3381,1461,required_80m_footprint_outside_source_frame
train:52496,train:8080,train,52496,8080,8080.jpg,3840,2160,1,swimmer,2927.0,1596.0,83.0,50.0,4150.0,34.19833221578787,42.2,mavic,NorthSea_Fri_DJI_0117.MP4,1470,data/raw/seadronessee/odv2/images/train/8080.jpg,train,1497,2220,872,3717,2369,required_80m_footprint_outside_source_frame
train:52497,train:8080,train,52497,8080,8080.jpg,3840,2160,1,swimmer,3650.0,1865.0,92.0,89.0,8188.0,34.19833221578787,42.2,mavic,NorthSea_Fri_DJI_0117.MP4,1470,data/raw/seadronessee/odv2/images/train/8080.jpg,train,1497,2948,1161,4445,2658,required_80m_footprint_outside_source_frame
train:52498,train:8080,train,52498,8080,8080.jpg,3840,2160,5,buoy,2669.0,173.0,66.0,86.0,5676.0,34.19833221578787,42.2,mavic,NorthSea_Fri_DJI_0117.MP4,1470,data/raw/seadronessee/odv2/images/train/8080.jpg,train,1497,1954,-532,3451,965,required_80m_footprint_outside_source_frame
train:52499,train:8080,train,52499,8080,8080.jpg,3840,2160,1,swimmer,3055.0,1570.0,37.0,33.0,1221.0,34.19833221578787,42.2,mavic,NorthSea_Fri_DJI_0117.MP4,1470,data/raw/seadronessee/odv2/images/train/8080.jpg,train,1497,2325,838,3822,2335,required_80m_footprint_outside_source_frame
train:52500,train:8080,train,52500,8080,8080.jpg,3840,2160,3,jetski,1851.0,440.0,137.0,91.0,12467.0,34.19833221578787,42.2,mavic,NorthSea_Fri_DJI_0117.MP4,1470,data/raw/seadronessee/odv2/images/train/8080.jpg,train,1497,1171,-263,2668,1234,required_80m_footprint_outside_source_frame
train:52501,train:8080,train,52501,8080,8080.jpg,3840,2160,2,boat,1821.0,94.0,133.0,160.0,21280.0,34.19833221578787,42.2,mavic,NorthSea_Fri_DJI_0117.MP4,1470,data/raw/seadronessee/odv2/images/train/8080.jpg,train,1497,1139,-574,2636,923,required_80m_footprint_outside_source_frame
train:52502,train:8080,train,52502,8080,8080.jpg,3840,2160,1,swimmer,2523.0,678.0,28.0,35.0,980.0,34.19833221578787,42.2,mavic,NorthSea_Fri_DJI_0117.MP4,1470,data/raw/seadronessee/odv2/images/train/8080.jpg,train,1497,1788,-53,3285,1444,required_80m_footprint_outside_source_frame
train:52503,train:8080,train,52503,8080,8080.jpg,3840,2160,1,swimmer,2397.0,713.0,34.0,44.0,1496.0,34.19833221578787,42.2,mavic,NorthSea_Fri_DJI_0117.MP4,1470,data/raw/seadronessee/odv2/images/train/8080.jpg,train,1497,1666,-14,3163,1483,required_80m_footprint_outside_source_frame
train:52505,train:8080,train,52505,8080,8080.jpg,3840,2160,1,swimmer,3446.0,1609.0,48.0,36.0,1728.0,34.19833221578787,42.2,mavic,NorthSea_Fri_DJI_0117.MP4,1470,data/raw/seadronessee/odv2/images/train/8080.jpg,train,1497,2722,878,4219,2375,required_80m_footprint_outside_source_frame
train:52506,train:8080,train,52506,8080,8080.jpg,3840,2160,1,swimmer,2611.0,685.0,30.0,27.0,810.0,34.19833221578787,42.2,mavic,NorthSea_Fri_DJI_0117.MP4,1470,data/raw/seadronessee/odv2/images/train/8080.jpg,train,1497,1878,-50,3375,1447,required_80m_footprint_outside_source_frame
train:52519,train:8082,train,52519,8082,8082.jpg,3840,2160,1,swimmer,2145.0,644.0,77.0,28.0,2156.0,34.19833221578787,42.2,mavic,NorthSea_Fri_DJI_0117.MP4,1500,data/raw/seadronessee/odv2/images/train/8082.jpg,train,1497,1435,-90,2932,1407,required_80m_footprint_outside_source_frame
train:52520,train:8082,train,52520,8082,8082.jpg,3840,2160,1,swimmer,2856.0,1394.0,81.0,45.0,3645.0,34.19833221578787,42.2,mavic,NorthSea_Fri_DJI_0117.MP4,1500,data/raw/seadronessee/odv2/images/train/8082.jpg,train,1497,2148,668,3645,2165,required_80m_footprint_outside_source_frame
train:52521,train:8082,train,52521,8082,8082.jpg,3840,2160,1,swimmer,3525.0,1654.0,82.0,69.0,5658.0,34.19833221578787,42.2,mavic,NorthSea_Fri_DJI_0117.MP4,1500,data/raw/seadronessee/odv2/images/train/8082.jpg,train,1497,2818,940,4315,2437,required_80m_footprint_outside_source_frame
train:52522,train:8082,train,52522,8082,8082.jpg,3840,2160,5,buoy,2647.0,100.0,63.0,84.0,5292.0,34.19833221578787,42.2,mavic,NorthSea_Fri_DJI_0117.MP4,1500,data/raw/seadronessee/odv2/images/train/8082.jpg,train,1497,1930,-606,3427,891,required_80m_footprint_outside_source_frame
train:52524,train:8082,train,52524,8082,8082.jpg,3840,2160,3,jetski,1883.0,331.0,133.0,86.0,11438.0,34.19833221578787,42.2,mavic,NorthSea_Fri_DJI_0117.MP4,1500,data/raw/seadronessee/odv2/images/train/8082.jpg,train,1497,1201,-374,2698,1123,required_80m_footprint_outside_source_frame
train:52525,train:8082,train,52525,8082,8082.jpg,3840,2160,2,boat,1841.0,30.0,130.0,150.0,19500.0,34.19833221578787,42.2,mavic,NorthSea_Fri_DJI_0117.MP4,1500,data/raw/seadronessee/odv2/images/train/8082.jpg,train,1497,1158,-644,2655,853,required_80m_footprint_outside_source_frame
train:52526,train:8082,train,52526,8082,8082.jpg,3840,2160,1,swimmer,2491.0,581.0,28.0,25.0,700.0,34.19833221578787,42.2,mavic,NorthSea_Fri_DJI_0117.MP4,1500,data/raw/seadronessee/odv2/images/train/8082.jpg,train,1497,1756,-155,3253,1342,required_80m_footprint_outside_source_frame
train:52527,train:8082,train,52527,8082,8082.jpg,3840,2160,1,swimmer,2374.0,616.0,36.0,39.0,1404.0,34.19833221578787,42.2,mavic,NorthSea_Fri_DJI_0117.MP4,1500,data/raw/seadronessee/odv2/images/train/8082.jpg,train,1497,1644,-113,3141,1384,required_80m_footprint_outside_source_frame
train:52528,train:8082,train,52528,8082,8082.jpg,3840,2160,1,swimmer,2735.0,718.0,31.0,35.0,1085.0,34.19833221578787,42.2,mavic,NorthSea_Fri_DJI_0117.MP4,1500,data/raw/seadronessee/odv2/images/train/8082.jpg,train,1497,2002,-13,3499,1484,required_80m_footprint_outside_source_frame
train:52529,train:8082,train,52529,8082,8082.jpg,3840,2160,1,swimmer,3348.0,1417.0,44.0,35.0,1540.0,34.19833221578787,42.2,mavic,NorthSea_Fri_DJI_0117.MP4,1500,data/raw/seadronessee/odv2/images/train/8082.jpg,train,1497,2622,686,4119,2183,required_80m_footprint_outside_source_frame
train:52530,train:8082,train,52530,8082,8082.jpg,3840,2160,1,swimmer,2575.0,582.0,24.0,27.0,648.0,34.19833221578787,42.2,mavic,NorthSea_Fri_DJI_0117.MP4,1500,data/raw/seadronessee/odv2/images/train/8082.jpg,train,1497,1838,-153,3335,1344,required_80m_footprint_outside_source_frame
train:52543,train:8084,train,52543,8084,8084.jpg,3840,2160,1,swimmer,2115.0,485.0,62.0,28.0,1736.0,34.19833221578787,42.2,mavic,NorthSea_Fri_DJI_0117.MP4,1530,data/raw/seadronessee/odv2/images/train/8084.jpg,train,1497,1398,-250,2895,1247,required_80m_footprint_outside_source_frame
train:52545,train:8084,train,52545,8084,8084.jpg,3840,2160,1,swimmer,3363.0,1326.0,69.0,67.0,4623.0,34.19833221578787,42.2,mavic,NorthSea_Fri_DJI_0117.MP4,1530,data/raw/seadronessee/odv2/images/train/8084.jpg,train,1497,2649,611,4146,2108,required_80m_footprint_outside_source_frame
train:52546,train:8084,train,52546,8084,8084.jpg,3840,2160,5,buoy,2613.0,2.0,59.0,79.0,4661.0,34.19833221578787,42.2,mavic,NorthSea_Fri_DJI_0117.MP4,1530,data/raw/seadronessee/odv2/images/train/8084.jpg,train,1497,1894,-707,3391,790,required_80m_footprint_outside_source_frame
train:52548,train:8084,train,52548,8084,8084.jpg,3840,2160,3,jetski,1920.0,203.0,125.0,82.0,10250.0,34.19833221578787,42.2,mavic,NorthSea_Fri_DJI_0117.MP4,1530,data/raw/seadronessee/odv2/images/train/8084.jpg,train,1497,1234,-504,2731,993,required_80m_footprint_outside_source_frame
train:52549,train:8084,train,52549,8084,8084.jpg,3840,2160,2,boat,1856.0,0.0,135.0,81.0,10935.0,34.19833221578787,42.2,mavic,NorthSea_Fri_DJI_0117.MP4,1530,data/raw/seadronessee/odv2/images/train/8084.jpg,train,1497,1175,-708,2672,789,required_80m_footprint_outside_source_frame
train:52550,train:8084,train,52550,8084,8084.jpg,3840,2160,1,swimmer,2451.0,439.0,23.0,24.0,552.0,34.19833221578787,42.2,mavic,NorthSea_Fri_DJI_0117.MP4,1530,data/raw/seadronessee/odv2/images/train/8084.jpg,train,1497,1714,-298,3211,1199,required_80m_footprint_outside_source_frame
train:52551,train:8084,train,52551,8084,8084.jpg,3840,2160,1,swimmer,2334.0,461.0,20.0,28.0,560.0,34.19833221578787,42.2,mavic,NorthSea_Fri_DJI_0117.MP4,1530,data/raw/seadronessee/odv2/images/train/8084.jpg,train,1497,1596,-274,3093,1223,required_80m_footprint_outside_source_frame
train:52552,train:8084,train,52552,8084,8084.jpg,3840,2160,1,swimmer,2667.0,555.0,32.0,33.0,1056.0,34.19833221578787,42.2,mavic,NorthSea_Fri_DJI_0117.MP4,1530,data/raw/seadronessee/odv2/images/train/8084.jpg,train,1497,1934,-177,3431,1320,required_80m_footprint_outside_source_frame
train:52553,train:8084,train,52553,8084,8084.jpg,3840,2160,1,swimmer,3216.0,1141.0,35.0,39.0,1365.0,34.19833221578787,42.2,mavic,NorthSea_Fri_DJI_0117.MP4,1530,data/raw/seadronessee/odv2/images/train/8084.jpg,train,1497,2485,412,3982,1909,required_80m_footprint_outside_source_frame
train:52554,train:8084,train,52554,8084,8084.jpg,3840,2160,1,swimmer,2533.0,443.0,16.0,24.0,384.0,34.19833221578787,42.2,mavic,NorthSea_Fri_DJI_0117.MP4,1530,data/raw/seadronessee/odv2/images/train/8084.jpg,train,1497,1792,-294,3289,1203,required_80m_footprint_outside_source_frame
train:52567,train:8086,train,52567,8086,8086.jpg,3840,2160,1,swimmer,2083.0,364.0,64.0,29.0,1856.0,34.19833221578787,42.2,mavic,NorthSea_Fri_DJI_0117.MP4,1560,data/raw/seadronessee/odv2/images/train/8086.jpg,train,1497,1366,-370,2863,1127,required_80m_footprint_outside_source_frame
train:52569,train:8086,train,52569,8086,8086.jpg,3840,2160,1,swimmer,3243.0,1111.0,62.0,60.0,3720.0,34.19833221578787,42.2,mavic,NorthSea_Fri_DJI_0117.MP4,1560,data/raw/seadronessee/odv2/images/train/8086.jpg,train,1497,2526,392,4023,1889,required_80m_footprint_outside_source_frame
train:52571,train:8086,train,52571,8086,8086.jpg,3840,2160,3,jetski,1926.0,99.0,131.0,76.0,9956.0,34.19833221578787,42.2,mavic,NorthSea_Fri_DJI_0117.MP4,1560,data/raw/seadronessee/odv2/images/train/8086.jpg,train,1497,1243,-612,2740,885,required_80m_footprint_outside_source_frame
train:52572,train:8086,train,52572,8086,8086.jpg,3840,2160,1,swimmer,2411.0,328.0,21.0,21.0,441.0,34.19833221578787,42.2,mavic,NorthSea_Fri_DJI_0117.MP4,1560,data/raw/seadronessee/odv2/images/train/8086.jpg,train,1497,1673,-410,3170,1087,required_80m_footprint_outside_source_frame
train:52573,train:8086,train,52573,8086,8086.jpg,3840,2160,1,swimmer,2296.0,355.0,21.0,23.0,483.0,34.19833221578787,42.2,mavic,NorthSea_Fri_DJI_0117.MP4,1560,data/raw/seadronessee/odv2/images/train/8086.jpg,train,1497,1558,-382,3055,1115,required_80m_footprint_outside_source_frame
train:52574,train:8086,train,52574,8086,8086.jpg,3840,2160,1,swimmer,2610.0,440.0,29.0,29.0,841.0,34.19833221578787,42.2,mavic,NorthSea_Fri_DJI_0117.MP4,1560,data/raw/seadronessee/odv2/images/train/8086.jpg,train,1497,1876,-294,3373,1203,required_80m_footprint_outside_source_frame
train:52575,train:8086,train,52575,8086,8086.jpg,3840,2160,1,swimmer,3113.0,940.0,30.0,40.0,1200.0,34.19833221578787,42.2,mavic,NorthSea_Fri_DJI_0117.MP4,1560,data/raw/seadronessee/odv2/images/train/8086.jpg,train,1497,2380,212,3877,1709,required_80m_footprint_outside_source_frame
train:52576,train:8086,train,52576,8086,8086.jpg,3840,2160,1,swimmer,2487.0,324.0,16.0,24.0,384.0,34.19833221578787,42.2,mavic,NorthSea_Fri_DJI_0117.MP4,1560,data/raw/seadronessee/odv2/images/train/8086.jpg,train,1497,1746,-412,3243,1085,required_80m_footprint_outside_source_frame
train:52587,train:8088,train,52587,8088,8088.jpg,3840,2160,1,swimmer,2066.0,309.0,61.0,26.0,1586.0,34.19833221578787,42.2,mavic,NorthSea_Fri_DJI_0117.MP4,1590,data/raw/seadronessee/odv2/images/train/8088.jpg,train,1497,1348,-426,2845,1071,required_80m_footprint_outside_source_frame
train:52589,train:8088,train,52589,8088,8088.jpg,3840,2160,1,swimmer,3181.0,983.0,63.0,61.0,3843.0,34.19833221578787,42.2,mavic,NorthSea_Fri_DJI_0117.MP4,1590,data/raw/seadronessee/odv2/images/train/8088.jpg,train,1497,2464,265,3961,1762,required_80m_footprint_outside_source_frame
train:52591,train:8088,train,52591,8088,8088.jpg,3840,2160,3,jetski,1930.0,42.0,149.0,67.0,9983.0,34.19833221578787,42.2,mavic,NorthSea_Fri_DJI_0117.MP4,1590,data/raw/seadronessee/odv2/images/train/8088.jpg,train,1497,1256,-673,2753,824,required_80m_footprint_outside_source_frame
train:52592,train:8088,train,52592,8088,8088.jpg,3840,2160,1,swimmer,2389.0,259.0,22.0,21.0,462.0,34.19833221578787,42.2,mavic,NorthSea_Fri_DJI_0117.MP4,1590,data/raw/seadronessee/odv2/images/train/8088.jpg,train,1497,1652,-479,3149,1018,required_80m_footprint_outside_source_frame
train:52593,train:8088,train,52593,8088,8088.jpg,3840,2160,1,swimmer,2279.0,281.0,25.0,24.0,600.0,34.19833221578787,42.2,mavic,NorthSea_Fri_DJI_0117.MP4,1590,data/raw/seadronessee/odv2/images/train/8088.jpg,train,1497,1543,-456,3040,1041,required_80m_footprint_outside_source_frame
train:52594,train:8088,train,52594,8088,8088.jpg,3840,2160,1,swimmer,2578.0,368.0,27.0,28.0,756.0,34.19833221578787,42.2,mavic,NorthSea_Fri_DJI_0117.MP4,1590,data/raw/seadronessee/odv2/images/train/8088.jpg,train,1497,1843,-366,3340,1131,required_80m_footprint_outside_source_frame
train:52596,train:8088,train,52596,8088,8088.jpg,3840,2160,1,swimmer,2459.0,260.0,19.0,23.0,437.0,34.19833221578787,42.2,mavic,NorthSea_Fri_DJI_0117.MP4,1590,data/raw/seadronessee/odv2/images/train/8088.jpg,train,1497,1720,-477,3217,1020,required_80m_footprint_outside_source_frame
train:52601,train:8090,train,52601,8090,8090.jpg,3840,2160,1,swimmer,3187.0,235.0,60.0,61.0,3660.0,34.19833221578787,42.2,mavic,NorthSea_Fri_DJI_0117.MP4,1620,data/raw/seadronessee/odv2/images/train/8090.jpg,train,1497,2468,-483,3965,1014,required_80m_footprint_outside_source_frame
train:52602,train:8090,train,52602,8090,8090.jpg,3840,2160,1,swimmer,3078.0,73.0,39.0,39.0,1521.0,34.19833221578787,42.2,mavic,NorthSea_Fri_DJI_0117.MP4,1620,data/raw/seadronessee/odv2/images/train/8090.jpg,train,1497,2349,-656,3846,841,required_80m_footprint_outside_source_frame
train:52603,train:8090,train,52603,8090,8090.jpg,3840,2160,1,swimmer,2761.0,67.0,33.0,32.0,1056.0,34.19833221578787,42.2,mavic,NorthSea_Fri_DJI_0117.MP4,1620,data/raw/seadronessee/odv2/images/train/8090.jpg,train,1497,2029,-666,3526,831,required_80m_footprint_outside_source_frame
train:52604,train:8090,train,52604,8090,8090.jpg,3840,2160,1,swimmer,2659.0,66.0,39.0,32.0,1248.0,34.19833221578787,42.2,mavic,NorthSea_Fri_DJI_0117.MP4,1620,data/raw/seadronessee/odv2/images/train/8090.jpg,train,1497,1930,-666,3427,831,required_80m_footprint_outside_source_frame
train:52606,train:8092,train,52606,8092,8092.jpg,3840,2160,1,swimmer,3156.0,884.0,62.0,57.0,3534.0,34.19833221578787,42.2,mavic,NorthSea_Fri_DJI_0117.MP4,1665,data/raw/seadronessee/odv2/images/train/8092.jpg,train,1497,2438,164,3935,1661,required_80m_footprint_outside_source_frame
train:52607,train:8092,train,52607,8092,8092.jpg,3840,2160,1,swimmer,3031.0,730.0,31.0,33.0,1023.0,34.19833221578787,42.2,mavic,NorthSea_Fri_DJI_0117.MP4,1665,data/raw/seadronessee/odv2/images/train/8092.jpg,train,1497,2298,-2,3795,1495,required_80m_footprint_outside_source_frame
train:52608,train:8092,train,52608,8092,8092.jpg,3840,2160,1,swimmer,2730.0,723.0,31.0,32.0,992.0,34.19833221578787,42.2,mavic,NorthSea_Fri_DJI_0117.MP4,1665,data/raw/seadronessee/odv2/images/train/8092.jpg,train,1497,1997,-10,3494,1487,required_80m_footprint_outside_source_frame
train:52609,train:8092,train,52609,8092,8092.jpg,3840,2160,1,swimmer,2626.0,715.0,48.0,29.0,1392.0,34.19833221578787,42.2,mavic,NorthSea_Fri_DJI_0117.MP4,1665,data/raw/seadronessee/odv2/images/train/8092.jpg,train,1497,1902,-19,3399,1478,required_80m_footprint_outside_source_frame
train:52610,train:8092,train,52610,8092,8092.jpg,3840,2160,1,swimmer,2559.0,274.0,30.0,26.0,780.0,34.19833221578787,42.2,mavic,NorthSea_Fri_DJI_0117.MP4,1665,data/raw/seadronessee/odv2/images/train/8092.jpg,train,1497,1826,-462,3323,1035,required_80m_footprint_outside_source_frame
train:52611,train:8092,train,52611,8092,8092.jpg,3840,2160,1,swimmer,2434.0,171.0,39.0,24.0,936.0,34.19833221578787,42.2,mavic,NorthSea_Fri_DJI_0117.MP4,1665,data/raw/seadronessee/odv2/images/train/8092.jpg,train,1497,1705,-566,3202,931,required_80m_footprint_outside_source_frame
train:52612,train:8092,train,52612,8092,8092.jpg,3840,2160,1,swimmer,2378.0,177.0,33.0,25.0,825.0,34.19833221578787,42.2,mavic,NorthSea_Fri_DJI_0117.MP4,1665,data/raw/seadronessee/odv2/images/train/8092.jpg,train,1497,1646,-559,3143,938,required_80m_footprint_outside_source_frame
train:52613,train:8092,train,52613,8092,8092.jpg,3840,2160,1,swimmer,2260.0,198.0,36.0,32.0,1152.0,34.19833221578787,42.2,mavic,NorthSea_Fri_DJI_0117.MP4,1665,data/raw/seadronessee/odv2/images/train/8092.jpg,train,1497,1530,-534,3027,963,required_80m_footprint_outside_source_frame
train:52614,train:8092,train,52614,8092,8092.jpg,3840,2160,1,swimmer,2037.0,225.0,61.0,30.0,1830.0,34.19833221578787,42.2,mavic,NorthSea_Fri_DJI_0117.MP4,1665,data/raw/seadronessee/odv2/images/train/8092.jpg,train,1497,1319,-508,2816,989,required_80m_footprint_outside_source_frame
train:52626,train:8094,train,52626,8094,8094.jpg,3840,2160,1,swimmer,3154.0,1064.0,72.0,59.0,4248.0,34.19833221578787,42.2,mavic,NorthSea_Fri_DJI_0117.MP4,1695,data/raw/seadronessee/odv2/images/train/8094.jpg,train,1497,2442,345,3939,1842,required_80m_footprint_outside_source_frame
train:52627,train:8094,train,52627,8094,8094.jpg,3840,2160,1,swimmer,2363.0,366.0,29.0,24.0,696.0,34.19833221578787,42.2,mavic,NorthSea_Fri_DJI_0117.MP4,1695,data/raw/seadronessee/odv2/images/train/8094.jpg,train,1497,1629,-370,3126,1127,required_80m_footprint_outside_source_frame
train:52628,train:8094,train,52628,8094,8094.jpg,3840,2160,1,swimmer,2252.0,380.0,36.0,32.0,1152.0,34.19833221578787,42.2,mavic,NorthSea_Fri_DJI_0117.MP4,1695,data/raw/seadronessee/odv2/images/train/8094.jpg,train,1497,1522,-352,3019,1145,required_80m_footprint_outside_source_frame
train:52629,train:8094,train,52629,8094,8094.jpg,3840,2160,1,swimmer,2028.0,419.0,44.0,33.0,1452.0,34.19833221578787,42.2,mavic,NorthSea_Fri_DJI_0117.MP4,1695,data/raw/seadronessee/odv2/images/train/8094.jpg,train,1497,1302,-313,2799,1184,required_80m_footprint_outside_source_frame
train:52630,train:8094,train,52630,8094,8094.jpg,3840,2160,3,jetski,1994.0,138.0,101.0,54.0,5454.0,34.19833221578787,42.2,mavic,NorthSea_Fri_DJI_0117.MP4,1695,data/raw/seadronessee/odv2/images/train/8094.jpg,train,1497,1296,-584,2793,913,required_80m_footprint_outside_source_frame
train:52631,train:8094,train,52631,8094,8094.jpg,3840,2160,5,buoy,2509.0,3.0,51.0,67.0,3417.0,34.19833221578787,42.2,mavic,NorthSea_Fri_DJI_0117.MP4,1695,data/raw/seadronessee/odv2/images/train/8094.jpg,train,1497,1786,-712,3283,785,required_80m_footprint_outside_source_frame
train:52635,train:8094,train,52635,8094,8094.jpg,3840,2160,1,swimmer,2545.0,466.0,28.0,28.0,784.0,34.19833221578787,42.2,mavic,NorthSea_Fri_DJI_0117.MP4,1695,data/raw/seadronessee/odv2/images/train/8094.jpg,train,1497,1810,-268,3307,1229,required_80m_footprint_outside_source_frame
train:52636,train:8094,train,52636,8094,8094.jpg,3840,2160,1,swimmer,2425.0,363.0,35.0,19.0,665.0,34.19833221578787,42.2,mavic,NorthSea_Fri_DJI_0117.MP4,1695,data/raw/seadronessee/odv2/images/train/8094.jpg,train,1497,1694,-376,3191,1121,required_80m_footprint_outside_source_frame
train:52649,train:8096,train,52649,8096,8096.jpg,3840,2160,1,swimmer,3147.0,1299.0,80.0,65.0,5200.0,34.19833221578787,42.2,mavic,NorthSea_Fri_DJI_0117.MP4,1725,data/raw/seadronessee/odv2/images/train/8096.jpg,train,1497,2438,583,3935,2080,required_80m_footprint_outside_source_frame
train:52650,train:8096,train,52650,8096,8096.jpg,3840,2160,3,jetski,2021.0,387.0,79.0,61.0,4819.0,34.19833221578787,42.2,mavic,NorthSea_Fri_DJI_0117.MP4,1725,data/raw/seadronessee/odv2/images/train/8096.jpg,train,1497,1312,-331,2809,1166,required_80m_footprint_outside_source_frame
train:52651,train:8096,train,52651,8096,8096.jpg,3840,2160,5,buoy,2496.0,259.0,44.0,72.0,3168.0,34.19833221578787,42.2,mavic,NorthSea_Fri_DJI_0117.MP4,1725,data/raw/seadronessee/odv2/images/train/8096.jpg,train,1497,1770,-454,3267,1043,required_80m_footprint_outside_source_frame
train:52652,train:8096,train,52652,8096,8096.jpg,3840,2160,2,boat,1904.0,146.0,143.0,109.0,15587.0,34.19833221578787,42.2,mavic,NorthSea_Fri_DJI_0117.MP4,1725,data/raw/seadronessee/odv2/images/train/8096.jpg,train,1497,1227,-548,2724,949,required_80m_footprint_outside_source_frame
train:52656,train:8096,train,52656,8096,8096.jpg,3840,2160,1,swimmer,2018.0,644.0,42.0,23.0,966.0,34.19833221578787,42.2,mavic,NorthSea_Fri_DJI_0117.MP4,1725,data/raw/seadronessee/odv2/images/train/8096.jpg,train,1497,1290,-93,2787,1404,required_80m_footprint_outside_source_frame
train:52657,train:8096,train,52657,8096,8096.jpg,3840,2160,1,swimmer,2413.0,607.0,37.0,26.0,962.0,34.19833221578787,42.2,mavic,NorthSea_Fri_DJI_0117.MP4,1725,data/raw/seadronessee/odv2/images/train/8096.jpg,train,1497,1683,-128,3180,1369,required_80m_footprint_outside_source_frame
train:52658,train:8096,train,52658,8096,8096.jpg,3840,2160,1,swimmer,2345.0,617.0,27.0,22.0,594.0,34.19833221578787,42.2,mavic,NorthSea_Fri_DJI_0117.MP4,1725,data/raw/seadronessee/odv2/images/train/8096.jpg,train,1497,1610,-120,3107,1377,required_80m_footprint_outside_source_frame
train:52659,train:8096,train,52659,8096,8096.jpg,3840,2160,1,swimmer,2232.0,631.0,35.0,27.0,945.0,34.19833221578787,42.2,mavic,NorthSea_Fri_DJI_0117.MP4,1725,data/raw/seadronessee/odv2/images/train/8096.jpg,train,1497,1501,-104,2998,1393,required_80m_footprint_outside_source_frame
train:52660,train:8096,train,52660,8096,8096.jpg,3840,2160,1,swimmer,2523.0,712.0,27.0,27.0,729.0,34.19833221578787,42.2,mavic,NorthSea_Fri_DJI_0117.MP4,1725,data/raw/seadronessee/odv2/images/train/8096.jpg,train,1497,1788,-23,3285,1474,required_80m_footprint_outside_source_frame
train:52672,train:8098,train,52672,8098,8098.jpg,3840,2160,1,swimmer,3138.0,1244.0,68.0,70.0,4760.0,34.19833221578787,42.2,mavic,NorthSea_Fri_DJI_0117.MP4,1755,data/raw/seadronessee/odv2/images/train/8098.jpg,train,1497,2424,530,3921,2027,required_80m_footprint_outside_source_frame
train:52673,train:8098,train,52673,8098,8098.jpg,3840,2160,3,jetski,2058.0,327.0,44.0,65.0,2860.0,34.19833221578787,42.2,mavic,NorthSea_Fri_DJI_0117.MP4,1755,data/raw/seadronessee/odv2/images/train/8098.jpg,train,1497,1332,-389,2829,1108,required_80m_footprint_outside_source_frame
train:52674,train:8098,train,52674,8098,8098.jpg,3840,2160,5,buoy,2497.0,190.0,43.0,71.0,3053.0,34.19833221578787,42.2,mavic,NorthSea_Fri_DJI_0117.MP4,1755,data/raw/seadronessee/odv2/images/train/8098.jpg,train,1497,1770,-523,3267,974,required_80m_footprint_outside_source_frame
train:52675,train:8098,train,52675,8098,8098.jpg,3840,2160,2,boat,1918.0,69.0,146.0,94.0,13724.0,34.19833221578787,42.2,mavic,NorthSea_Fri_DJI_0117.MP4,1755,data/raw/seadronessee/odv2/images/train/8098.jpg,train,1497,1242,-632,2739,865,required_80m_footprint_outside_source_frame
train:52676,train:8098,train,52676,8098,8098.jpg,3840,2160,1,swimmer,1998.0,591.0,37.0,22.0,814.0,34.19833221578787,42.2,mavic,NorthSea_Fri_DJI_0117.MP4,1755,data/raw/seadronessee/odv2/images/train/8098.jpg,train,1497,1268,-146,2765,1351,required_80m_footprint_outside_source_frame
train:52677,train:8098,train,52677,8098,8098.jpg,3840,2160,1,swimmer,2327.0,565.0,43.0,25.0,1075.0,34.19833221578787,42.2,mavic,NorthSea_Fri_DJI_0117.MP4,1755,data/raw/seadronessee/odv2/images/train/8098.jpg,train,1497,1600,-171,3097,1326,required_80m_footprint_outside_source_frame
train:52678,train:8098,train,52678,8098,8098.jpg,3840,2160,1,swimmer,2510.0,664.0,32.0,26.0,832.0,34.19833221578787,42.2,mavic,NorthSea_Fri_DJI_0117.MP4,1755,data/raw/seadronessee/odv2/images/train/8098.jpg,train,1497,1778,-72,3275,1425,required_80m_footprint_outside_source_frame
train:52679,train:8098,train,52679,8098,8098.jpg,3840,2160,1,swimmer,2412.0,553.0,23.0,25.0,575.0,34.19833221578787,42.2,mavic,NorthSea_Fri_DJI_0117.MP4,1755,data/raw/seadronessee/odv2/images/train/8098.jpg,train,1497,1675,-183,3172,1314,required_80m_footprint_outside_source_frame
train:52680,train:8098,train,52680,8098,8098.jpg,3840,2160,1,swimmer,2218.0,586.0,32.0,27.0,864.0,34.19833221578787,42.2,mavic,NorthSea_Fri_DJI_0117.MP4,1755,data/raw/seadronessee/odv2/images/train/8098.jpg,train,1497,1486,-149,2983,1348,required_80m_footprint_outside_source_frame
train:52691,train:8100,train,52691,8100,8100.jpg,3840,2160,2,boat,1960.0,2110.0,114.0,49.0,5586.0,34.098337092349894,42.2,mavic,NorthSea_Fri_DJI_0117.MP4,1785,data/raw/seadronessee/odv2/images/train/8100.jpg,train,1502,1266,1384,2768,2886,required_80m_footprint_outside_source_frame
train:52692,train:8100,train,52692,8100,8100.jpg,3840,2160,2,boat,498.0,1235.0,38.0,53.0,2014.0,34.098337092349894,42.2,mavic,NorthSea_Fri_DJI_0117.MP4,1785,data/raw/seadronessee/odv2/images/train/8100.jpg,train,1502,-234,510,1268,2012,required_80m_footprint_outside_source_frame
train:52693,train:8100,train,52693,8100,8100.jpg,3840,2160,5,buoy,1291.0,1511.0,17.0,28.0,476.0,34.098337092349894,42.2,mavic,NorthSea_Fri_DJI_0117.MP4,1785,data/raw/seadronessee/odv2/images/train/8100.jpg,train,1502,548,774,2050,2276,required_80m_footprint_outside_source_frame
train:52694,train:8100,train,52694,8100,8100.jpg,3840,2160,5,buoy,879.0,1402.0,17.0,20.0,340.0,34.098337092349894,42.2,mavic,NorthSea_Fri_DJI_0117.MP4,1785,data/raw/seadronessee/odv2/images/train/8100.jpg,train,1502,136,661,1638,2163,required_80m_footprint_outside_source_frame
train:52703,train:8102,train,52703,8102,8102.jpg,3840,2160,2,boat,1937.0,2110.0,147.0,50.0,7350.0,33.89834684547394,42.2,mavic,NorthSea_Fri_DJI_0117.MP4,1815,data/raw/seadronessee/odv2/images/train/8102.jpg,train,1510,1256,1380,2766,2890,required_80m_footprint_outside_source_frame
train:52704,train:8102,train,52704,8102,8102.jpg,3840,2160,5,buoy,1290.0,1505.0,17.0,27.0,459.0,33.89834684547394,42.2,mavic,NorthSea_Fri_DJI_0117.MP4,1815,data/raw/seadronessee/odv2/images/train/8102.jpg,train,1510,544,764,2054,2274,required_80m_footprint_outside_source_frame
train:52705,train:8102,train,52705,8102,8102.jpg,3840,2160,5,buoy,879.0,1399.0,17.0,19.0,323.0,33.89834684547394,42.2,mavic,NorthSea_Fri_DJI_0117.MP4,1815,data/raw/seadronessee/odv2/images/train/8102.jpg,train,1510,132,654,1642,2164,required_80m_footprint_outside_source_frame
train:52706,train:8102,train,52706,8102,8102.jpg,3840,2160,2,boat,488.0,1228.0,37.0,49.0,1813.0,33.89834684547394,42.2,mavic,NorthSea_Fri_DJI_0117.MP4,1815,data/raw/seadronessee/odv2/images/train/8102.jpg,train,1510,-248,498,1262,2008,required_80m_footprint_outside_source_frame
train:52715,train:8104,train,52715,8104,8104.jpg,3840,2160,2,boat,1940.0,2099.0,167.0,60.0,10020.0,33.89834684547394,42.2,mavic,NorthSea_Fri_DJI_0117.MP4,1845,data/raw/seadronessee/odv2/images/train/8104.jpg,train,1510,1268,1374,2778,2884,required_80m_footprint_outside_source_frame
train:52716,train:8104,train,52716,8104,8104.jpg,3840,2160,5,buoy,1288.0,1500.0,17.0,27.0,459.0,33.89834684547394,42.2,mavic,NorthSea_Fri_DJI_0117.MP4,1845,data/raw/seadronessee/odv2/images/train/8104.jpg,train,1510,542,758,2052,2268,required_80m_footprint_outside_source_frame
train:52718,train:8104,train,52718,8104,8104.jpg,3840,2160,2,boat,480.0,1223.0,36.0,47.0,1692.0,33.89834684547394,42.2,mavic,NorthSea_Fri_DJI_0117.MP4,1845,data/raw/seadronessee/odv2/images/train/8104.jpg,train,1510,-257,492,1253,2002,required_80m_footprint_outside_source_frame
train:52727,train:8106,train,52727,8106,8106.jpg,3840,2160,2,boat,1964.0,2084.0,169.0,76.0,12844.0,33.89834684547394,42.2,mavic,NorthSea_Fri_DJI_0117.MP4,1875,data/raw/seadronessee/odv2/images/train/8106.jpg,train,1510,1294,1367,2804,2877,required_80m_footprint_outside_source_frame
train:52728,train:8106,train,52728,8106,8106.jpg,3840,2160,5,buoy,1287.0,1501.0,16.0,24.0,384.0,33.89834684547394,42.2,mavic,NorthSea_Fri_DJI_0117.MP4,1875,data/raw/seadronessee/odv2/images/train/8106.jpg,train,1510,540,758,2050,2268,required_80m_footprint_outside_source_frame
train:52730,train:8106,train,52730,8106,8106.jpg,3840,2160,2,boat,474.0,1221.0,34.0,45.0,1530.0,33.89834684547394,42.2,mavic,NorthSea_Fri_DJI_0117.MP4,1875,data/raw/seadronessee/odv2/images/train/8106.jpg,train,1510,-264,488,1246,1998,required_80m_footprint_outside_source_frame
train:52739,train:8108,train,52739,8108,8108.jpg,3840,2160,2,boat,1985.0,2065.0,172.0,82.0,14104.0,34.19833221578787,42.2,mavic,NorthSea_Fri_DJI_0117.MP4,1905,data/raw/seadronessee/odv2/images/train/8108.jpg,train,1497,1322,1358,2819,2855,required_80m_footprint_outside_source_frame
train:52740,train:8108,train,52740,8108,8108.jpg,3840,2160,5,buoy,1284.0,1480.0,15.0,24.0,360.0,34.19833221578787,42.2,mavic,NorthSea_Fri_DJI_0117.MP4,1905,data/raw/seadronessee/odv2/images/train/8108.jpg,train,1497,543,744,2040,2241,required_80m_footprint_outside_source_frame
train:52742,train:8108,train,52742,8108,8108.jpg,3840,2160,2,boat,468.0,1205.0,35.0,47.0,1645.0,34.19833221578787,42.2,mavic,NorthSea_Fri_DJI_0117.MP4,1905,data/raw/seadronessee/odv2/images/train/8108.jpg,train,1497,-263,480,1234,1977,required_80m_footprint_outside_source_frame
train:52753,train:8110,train,52753,8110,8110.jpg,3840,2160,2,boat,2003.0,1810.0,181.0,86.0,15566.0,34.29832733922585,56.2,mavic,NorthSea_Fri_DJI_0117.MP4,1935,data/raw/seadronessee/odv2/images/train/8110.jpg,train,1493,1347,1106,2840,2599,required_80m_footprint_outside_source_frame
train:52754,train:8110,train,52754,8110,8110.jpg,3840,2160,2,boat,463.0,972.0,30.0,51.0,1530.0,34.29832733922585,56.2,mavic,NorthSea_Fri_DJI_0117.MP4,1935,data/raw/seadronessee/odv2/images/train/8110.jpg,train,1493,-268,251,1225,1744,required_80m_footprint_outside_source_frame
train:52759,train:8110,train,52759,8110,8110.jpg,3840,2160,5,buoy,2466.0,1967.0,47.0,78.0,3666.0,34.29832733922585,56.2,mavic,NorthSea_Fri_DJI_0117.MP4,1935,data/raw/seadronessee/odv2/images/train/8110.jpg,train,1493,1743,1260,3236,2753,required_80m_footprint_outside_source_frame
train:52771,train:8112,train,52771,8112,8112.jpg,3840,2160,2,boat,436.0,532.0,30.0,52.0,1560.0,34.19833221578787,56.2,mavic,NorthSea_Fri_DJI_0117.MP4,1965,data/raw/seadronessee/odv2/images/train/8112.jpg,train,1497,-298,-190,1199,1307,required_80m_footprint_outside_source_frame
train:52774,train:8112,train,52774,8112,8112.jpg,3840,2160,5,buoy,877.0,701.0,15.0,21.0,315.0,34.19833221578787,56.2,mavic,NorthSea_Fri_DJI_0117.MP4,1965,data/raw/seadronessee/odv2/images/train/8112.jpg,train,1497,136,-37,1633,1460,required_80m_footprint_outside_source_frame
train:52776,train:8112,train,52776,8112,8112.jpg,3840,2160,5,buoy,2446.0,1497.0,50.0,69.0,3450.0,34.19833221578787,56.2,mavic,NorthSea_Fri_DJI_0117.MP4,1965,data/raw/seadronessee/odv2/images/train/8112.jpg,train,1497,1722,783,3219,2280,required_80m_footprint_outside_source_frame
train:52777,train:8112,train,52777,8112,8112.jpg,3840,2160,3,jetski,1969.0,1679.0,133.0,54.0,7182.0,34.19833221578787,56.2,mavic,NorthSea_Fri_DJI_0117.MP4,1965,data/raw/seadronessee/odv2/images/train/8112.jpg,train,1497,1287,958,2784,2455,required_80m_footprint_outside_source_frame
train:52778,train:8112,train,52778,8112,8112.jpg,3840,2160,1,swimmer,2380.0,1859.0,21.0,24.0,504.0,34.19833221578787,56.2,mavic,NorthSea_Fri_DJI_0117.MP4,1965,data/raw/seadronessee/odv2/images/train/8112.jpg,train,1497,1642,1122,3139,2619,required_80m_footprint_outside_source_frame
train:52779,train:8112,train,52779,8112,8112.jpg,3840,2160,1,swimmer,2298.0,1866.0,27.0,27.0,729.0,34.19833221578787,56.2,mavic,NorthSea_Fri_DJI_0117.MP4,1965,data/raw/seadronessee/odv2/images/train/8112.jpg,train,1497,1563,1131,3060,2628,required_80m_footprint_outside_source_frame
train:52780,train:8112,train,52780,8112,8112.jpg,3840,2160,1,swimmer,2205.0,1865.0,22.0,25.0,550.0,34.19833221578787,56.2,mavic,NorthSea_Fri_DJI_0117.MP4,1965,data/raw/seadronessee/odv2/images/train/8112.jpg,train,1497,1468,1129,2965,2626,required_80m_footprint_outside_source_frame
train:52781,train:8112,train,52781,8112,8112.jpg,3840,2160,1,swimmer,2477.0,1976.0,27.0,30.0,810.0,34.19833221578787,56.2,mavic,NorthSea_Fri_DJI_0117.MP4,1965,data/raw/seadronessee/odv2/images/train/8112.jpg,train,1497,1742,1242,3239,2739,required_80m_footprint_outside_source_frame
train:52782,train:8112,train,52782,8112,8112.jpg,3840,2160,1,swimmer,1977.0,1888.0,55.0,34.0,1870.0,34.19833221578787,56.2,mavic,NorthSea_Fri_DJI_0117.MP4,1965,data/raw/seadronessee/odv2/images/train/8112.jpg,train,1497,1256,1156,2753,2653,required_80m_footprint_outside_source_frame
train:52798,train:8114,train,52798,8114,8114.jpg,3840,2160,1,swimmer,2046.0,493.0,185.0,78.0,14430.0,34.29832733922585,39.7,mavic,NorthSea_Fri_DJI_0117.MP4,1995,data/raw/seadronessee/odv2/images/train/8114.jpg,train,1493,1392,-214,2885,1279,required_80m_footprint_outside_source_frame
train:52799,train:8114,train,52799,8114,8114.jpg,3840,2160,5,buoy,2457.0,634.0,47.0,65.0,3055.0,34.29832733922585,39.7,mavic,NorthSea_Fri_DJI_0117.MP4,1995,data/raw/seadronessee/odv2/images/train/8114.jpg,train,1493,1734,-80,3227,1413,required_80m_footprint_outside_source_frame
train:52806,train:8114,train,52806,8114,8114.jpg,3840,2160,1,swimmer,2981.0,1476.0,55.0,64.0,3520.0,34.29832733922585,39.7,mavic,NorthSea_Fri_DJI_0117.MP4,1995,data/raw/seadronessee/odv2/images/train/8114.jpg,train,1493,2262,762,3755,2255,required_80m_footprint_outside_source_frame
train:52807,train:8114,train,52807,8114,8114.jpg,3840,2160,1,swimmer,2570.0,1478.0,48.0,37.0,1776.0,34.29832733922585,39.7,mavic,NorthSea_Fri_DJI_0117.MP4,1995,data/raw/seadronessee/odv2/images/train/8114.jpg,train,1493,1848,750,3341,2243,required_80m_footprint_outside_source_frame
train:52808,train:8114,train,52808,8114,8114.jpg,3840,2160,1,swimmer,2678.0,1503.0,32.0,37.0,1184.0,34.29832733922585,39.7,mavic,NorthSea_Fri_DJI_0117.MP4,1995,data/raw/seadronessee/odv2/images/train/8114.jpg,train,1493,1948,775,3441,2268,required_80m_footprint_outside_source_frame
train:52809,train:8114,train,52809,8114,8114.jpg,3840,2160,1,swimmer,3135.0,1653.0,107.0,82.0,8774.0,34.29832733922585,39.7,mavic,NorthSea_Fri_DJI_0117.MP4,1995,data/raw/seadronessee/odv2/images/train/8114.jpg,train,1493,2442,948,3935,2441,required_80m_footprint_outside_source_frame
train:54007,train:8388,train,54007,8388,8388.jpg,3840,2160,2,boat,1278.0,449.0,67.0,115.0,7705.0,33.29837610484608,16.4,mavic,NorthSea_Sat_DJI_0129.MP4,1965,data/raw/seadronessee/odv2/images/train/8388.jpg,val,1538,542,-262,2080,1276,required_80m_footprint_outside_source_frame
train:54008,train:8388,train,54008,8388,8388.jpg,3840,2160,2,boat,1515.0,402.0,76.0,126.0,9576.0,33.29837610484608,16.4,mavic,NorthSea_Sat_DJI_0129.MP4,1965,data/raw/seadronessee/odv2/images/train/8388.jpg,val,1538,784,-304,2322,1234,required_80m_footprint_outside_source_frame
train:54012,train:8388,train,54012,8388,8388.jpg,3840,2160,3,jetski,2221.0,709.0,27.0,12.0,324.0,33.29837610484608,16.4,mavic,NorthSea_Sat_DJI_0129.MP4,1965,data/raw/seadronessee/odv2/images/train/8388.jpg,val,1538,1466,-54,3004,1484,required_80m_footprint_outside_source_frame
train:54013,train:8388,train,54013,8388,8388.jpg,3840,2160,2,boat,450.0,364.0,24.0,67.0,1608.0,33.29837610484608,16.4,mavic,NorthSea_Sat_DJI_0129.MP4,1965,data/raw/seadronessee/odv2/images/train/8388.jpg,val,1538,-307,-372,1231,1166,required_80m_footprint_outside_source_frame
train:54014,train:8388,train,54014,8388,8388.jpg,3840,2160,5,buoy,2880.0,593.0,17.0,27.0,459.0,33.29837610484608,16.4,mavic,NorthSea_Sat_DJI_0129.MP4,1965,data/raw/seadronessee/odv2/images/train/8388.jpg,val,1538,2120,-162,3658,1376,required_80m_footprint_outside_source_frame
train:54027,train:8390,train,54027,8390,8390.jpg,3840,2160,2,boat,1257.0,454.0,68.0,117.0,7956.0,32.29842487046632,16.4,mavic,NorthSea_Sat_DJI_0129.MP4,1995,data/raw/seadronessee/odv2/images/train/8390.jpg,val,1585,498,-280,2083,1305,required_80m_footprint_outside_source_frame
train:54028,train:8390,train,54028,8390,8390.jpg,3840,2160,2,boat,1499.0,401.0,77.0,131.0,10087.0,32.29842487046632,16.4,mavic,NorthSea_Sat_DJI_0129.MP4,1995,data/raw/seadronessee/odv2/images/train/8390.jpg,val,1585,745,-326,2330,1259,required_80m_footprint_outside_source_frame
train:54032,train:8390,train,54032,8390,8390.jpg,3840,2160,3,jetski,2250.0,715.0,17.0,17.0,289.0,32.29842487046632,16.4,mavic,NorthSea_Sat_DJI_0129.MP4,1995,data/raw/seadronessee/odv2/images/train/8390.jpg,val,1585,1466,-69,3051,1516,required_80m_footprint_outside_source_frame
train:54033,train:8390,train,54033,8390,8390.jpg,3840,2160,2,boat,429.0,370.0,24.0,67.0,1608.0,32.29842487046632,16.4,mavic,NorthSea_Sat_DJI_0129.MP4,1995,data/raw/seadronessee/odv2/images/train/8390.jpg,val,1585,-352,-389,1233,1196,required_80m_footprint_outside_source_frame
train:54034,train:8390,train,54034,8390,8390.jpg,3840,2160,5,buoy,2912.0,595.0,17.0,27.0,459.0,32.29842487046632,16.4,mavic,NorthSea_Sat_DJI_0129.MP4,1995,data/raw/seadronessee/odv2/images/train/8390.jpg,val,1585,2128,-184,3713,1401,required_80m_footprint_outside_source_frame
train:54045,train:8392,train,54045,8392,8392.jpg,3840,2160,2,boat,1228.0,278.0,69.0,133.0,9177.0,32.3984199939043,17.2,mavic,NorthSea_Sat_DJI_0129.MP4,2025,data/raw/seadronessee/odv2/images/train/8392.jpg,val,1580,472,-446,2052,1134,required_80m_footprint_outside_source_frame
train:54046,train:8392,train,54046,8392,8392.jpg,3840,2160,2,boat,1475.0,233.0,78.0,129.0,10062.0,32.3984199939043,17.2,mavic,NorthSea_Sat_DJI_0129.MP4,2025,data/raw/seadronessee/odv2/images/train/8392.jpg,val,1580,724,-492,2304,1088,required_80m_footprint_outside_source_frame
train:54047,train:8392,train,54047,8392,8392.jpg,3840,2160,2,boat,2218.0,680.0,100.0,52.0,5200.0,32.3984199939043,17.2,mavic,NorthSea_Sat_DJI_0129.MP4,2025,data/raw/seadronessee/odv2/images/train/8392.jpg,val,1580,1478,-84,3058,1496,required_80m_footprint_outside_source_frame
train:54050,train:8392,train,54050,8392,8392.jpg,3840,2160,2,boat,1750.0,641.0,82.0,23.0,1886.0,32.3984199939043,17.2,mavic,NorthSea_Sat_DJI_0129.MP4,2025,data/raw/seadronessee/odv2/images/train/8392.jpg,val,1580,1001,-138,2581,1442,required_80m_footprint_outside_source_frame
train:54051,train:8392,train,54051,8392,8392.jpg,3840,2160,3,jetski,2278.0,571.0,16.0,14.0,224.0,32.3984199939043,17.2,mavic,NorthSea_Sat_DJI_0129.MP4,2025,data/raw/seadronessee/odv2/images/train/8392.jpg,val,1580,1496,-212,3076,1368,required_80m_footprint_outside_source_frame
train:54052,train:8392,train,54052,8392,8392.jpg,3840,2160,2,boat,391.0,194.0,24.0,72.0,1728.0,32.3984199939043,17.2,mavic,NorthSea_Sat_DJI_0129.MP4,2025,data/raw/seadronessee/odv2/images/train/8392.jpg,val,1580,-387,-560,1193,1020,required_80m_footprint_outside_source_frame
train:54053,train:8392,train,54053,8392,8392.jpg,3840,2160,5,buoy,2962.0,436.0,20.0,27.0,540.0,32.3984199939043,17.2,mavic,NorthSea_Sat_DJI_0129.MP4,2025,data/raw/seadronessee/odv2/images/train/8392.jpg,val,1580,2182,-340,3762,1240,required_80m_footprint_outside_source_frame
train:54065,train:8394,train,54065,8394,8394.jpg,3840,2160,2,boat,1204.0,286.0,68.0,134.0,9112.0,32.29842487046632,19.4,mavic,NorthSea_Sat_DJI_0129.MP4,2055,data/raw/seadronessee/odv2/images/train/8394.jpg,val,1585,446,-440,2031,1145,required_80m_footprint_outside_source_frame
train:54066,train:8394,train,54066,8394,8394.jpg,3840,2160,2,boat,1454.0,233.0,81.0,134.0,10854.0,32.29842487046632,19.4,mavic,NorthSea_Sat_DJI_0129.MP4,2055,data/raw/seadronessee/odv2/images/train/8394.jpg,val,1585,702,-492,2287,1093,required_80m_footprint_outside_source_frame
train:54067,train:8394,train,54067,8394,8394.jpg,3840,2160,2,boat,2251.0,717.0,105.0,56.0,5880.0,32.29842487046632,19.4,mavic,NorthSea_Sat_DJI_0129.MP4,2055,data/raw/seadronessee/odv2/images/train/8394.jpg,val,1585,1511,-48,3096,1537,required_80m_footprint_outside_source_frame
train:54069,train:8394,train,54069,8394,8394.jpg,3840,2160,5,buoy,712.0,1242.0,58.0,84.0,4872.0,32.29842487046632,19.4,mavic,NorthSea_Sat_DJI_0129.MP4,2055,data/raw/seadronessee/odv2/images/train/8394.jpg,val,1585,-52,492,1533,2077,required_80m_footprint_outside_source_frame
train:54070,train:8394,train,54070,8394,8394.jpg,3840,2160,2,boat,1749.0,674.0,87.0,24.0,2088.0,32.29842487046632,19.4,mavic,NorthSea_Sat_DJI_0129.MP4,2055,data/raw/seadronessee/odv2/images/train/8394.jpg,val,1585,1000,-106,2585,1479,required_80m_footprint_outside_source_frame
train:54071,train:8394,train,54071,8394,8394.jpg,3840,2160,3,jetski,2308.0,596.0,18.0,15.0,270.0,32.29842487046632,19.4,mavic,NorthSea_Sat_DJI_0129.MP4,2055,data/raw/seadronessee/odv2/images/train/8394.jpg,val,1585,1524,-189,3109,1396,required_80m_footprint_outside_source_frame
train:54072,train:8394,train,54072,8394,8394.jpg,3840,2160,2,boat,369.0,194.0,24.0,75.0,1800.0,32.29842487046632,19.4,mavic,NorthSea_Sat_DJI_0129.MP4,2055,data/raw/seadronessee/odv2/images/train/8394.jpg,val,1585,-412,-561,1173,1024,required_80m_footprint_outside_source_frame
train:54073,train:8394,train,54073,8394,8394.jpg,3840,2160,5,buoy,3011.0,450.0,20.0,28.0,560.0,32.29842487046632,19.4,mavic,NorthSea_Sat_DJI_0129.MP4,2055,data/raw/seadronessee/odv2/images/train/8394.jpg,val,1585,2228,-328,3813,1257,required_80m_footprint_outside_source_frame
train:54085,train:8396,train,54085,8396,8396.jpg,3840,2160,2,boat,1189.0,201.0,68.0,141.0,9588.0,32.19842974702834,19.4,mavic,NorthSea_Sat_DJI_0129.MP4,2085,data/raw/seadronessee/odv2/images/train/8396.jpg,val,1590,428,-524,2018,1066,required_80m_footprint_outside_source_frame
train:54086,train:8396,train,54086,8396,8396.jpg,3840,2160,2,boat,1449.0,146.0,82.0,139.0,11398.0,32.19842974702834,19.4,mavic,NorthSea_Sat_DJI_0129.MP4,2085,data/raw/seadronessee/odv2/images/train/8396.jpg,val,1590,695,-580,2285,1010,required_80m_footprint_outside_source_frame
train:54087,train:8396,train,54087,8396,8396.jpg,3840,2160,2,boat,2297.0,662.0,108.0,59.0,6372.0,32.19842974702834,19.4,mavic,NorthSea_Sat_DJI_0129.MP4,2085,data/raw/seadronessee/odv2/images/train/8396.jpg,val,1590,1556,-104,3146,1486,required_80m_footprint_outside_source_frame
train:54089,train:8396,train,54089,8396,8396.jpg,3840,2160,5,buoy,640.0,1263.0,67.0,92.0,6164.0,32.19842974702834,19.4,mavic,NorthSea_Sat_DJI_0129.MP4,2085,data/raw/seadronessee/odv2/images/train/8396.jpg,val,1590,-122,514,1468,2104,required_80m_footprint_outside_source_frame
train:54090,train:8396,train,54090,8396,8396.jpg,3840,2160,2,boat,1765.0,619.0,90.0,24.0,2160.0,32.19842974702834,19.4,mavic,NorthSea_Sat_DJI_0129.MP4,2085,data/raw/seadronessee/odv2/images/train/8396.jpg,val,1590,1015,-164,2605,1426,required_80m_footprint_outside_source_frame
train:54091,train:8396,train,54091,8396,8396.jpg,3840,2160,3,jetski,2348.0,537.0,18.0,14.0,252.0,32.19842974702834,19.4,mavic,NorthSea_Sat_DJI_0129.MP4,2085,data/raw/seadronessee/odv2/images/train/8396.jpg,val,1590,1562,-251,3152,1339,required_80m_footprint_outside_source_frame
train:54092,train:8396,train,54092,8396,8396.jpg,3840,2160,2,boat,348.0,106.0,25.0,76.0,1900.0,32.19842974702834,19.4,mavic,NorthSea_Sat_DJI_0129.MP4,2085,data/raw/seadronessee/odv2/images/train/8396.jpg,val,1590,-434,-651,1156,939,required_80m_footprint_outside_source_frame
train:54093,train:8396,train,54093,8396,8396.jpg,3840,2160,5,buoy,3073.0,376.0,20.0,28.0,560.0,32.19842974702834,19.4,mavic,NorthSea_Sat_DJI_0129.MP4,2085,data/raw/seadronessee/odv2/images/train/8396.jpg,val,1590,2288,-405,3878,1185,required_80m_footprint_outside_source_frame
train:54105,train:8398,train,54105,8398,8398.jpg,3840,2160,2,boat,1160.0,0.0,63.0,120.0,7560.0,32.19842974702834,20.3,mavic,NorthSea_Sat_DJI_0129.MP4,2115,data/raw/seadronessee/odv2/images/train/8398.jpg,val,1590,396,-735,1986,855,required_80m_footprint_outside_source_frame
train:54106,train:8398,train,54106,8398,8398.jpg,3840,2160,2,boat,1431.0,0.0,83.0,53.0,4399.0,32.19842974702834,20.3,mavic,NorthSea_Sat_DJI_0129.MP4,2115,data/raw/seadronessee/odv2/images/train/8398.jpg,val,1590,678,-768,2268,822,required_80m_footprint_outside_source_frame
train:54107,train:8398,train,54107,8398,8398.jpg,3840,2160,2,boat,2318.0,441.0,114.0,62.0,7068.0,32.19842974702834,20.3,mavic,NorthSea_Sat_DJI_0129.MP4,2115,data/raw/seadronessee/odv2/images/train/8398.jpg,val,1590,1580,-323,3170,1267,required_80m_footprint_outside_source_frame
train:54109,train:8398,train,54109,8398,8398.jpg,3840,2160,5,buoy,608.0,1093.0,71.0,95.0,6745.0,32.19842974702834,20.3,mavic,NorthSea_Sat_DJI_0129.MP4,2115,data/raw/seadronessee/odv2/images/train/8398.jpg,val,1590,-152,346,1438,1936,required_80m_footprint_outside_source_frame
train:54110,train:8398,train,54110,8398,8398.jpg,3840,2160,2,boat,1765.0,396.0,94.0,24.0,2256.0,32.19842974702834,20.3,mavic,NorthSea_Sat_DJI_0129.MP4,2115,data/raw/seadronessee/odv2/images/train/8398.jpg,val,1590,1017,-387,2607,1203,required_80m_footprint_outside_source_frame
train:54111,train:8398,train,54111,8398,8398.jpg,3840,2160,3,jetski,2370.0,314.0,27.0,13.0,351.0,32.19842974702834,20.3,mavic,NorthSea_Sat_DJI_0129.MP4,2115,data/raw/seadronessee/odv2/images/train/8398.jpg,val,1590,1588,-474,3178,1116,required_80m_footprint_outside_source_frame
train:54112,train:8398,train,54112,8398,8398.jpg,3840,2160,5,buoy,3119.0,135.0,22.0,29.0,638.0,32.19842974702834,20.3,mavic,NorthSea_Sat_DJI_0129.MP4,2115,data/raw/seadronessee/odv2/images/train/8398.jpg,val,1590,2335,-646,3925,944,required_80m_footprint_outside_source_frame
train:54118,train:8400,train,54118,8400,8400.jpg,3840,2160,2,boat,2328.0,256.0,117.0,62.0,7254.0,32.3984199939043,25.4,mavic,NorthSea_Sat_DJI_0129.MP4,2145,data/raw/seadronessee/odv2/images/train/8400.jpg,val,1580,1596,-503,3176,1077,required_80m_footprint_outside_source_frame
train:54119,train:8400,train,54119,8400,8400.jpg,3840,2160,1,swimmer,1547.0,602.0,20.0,20.0,400.0,32.3984199939043,25.4,mavic,NorthSea_Sat_DJI_0129.MP4,2145,data/raw/seadronessee/odv2/images/train/8400.jpg,val,1580,767,-178,2347,1402,required_80m_footprint_outside_source_frame
train:54121,train:8400,train,54121,8400,8400.jpg,3840,2160,1,swimmer,1915.0,487.0,19.0,21.0,399.0,32.3984199939043,25.4,mavic,NorthSea_Sat_DJI_0129.MP4,2145,data/raw/seadronessee/odv2/images/train/8400.jpg,val,1580,1134,-292,2714,1288,required_80m_footprint_outside_source_frame
train:54122,train:8400,train,54122,8400,8400.jpg,3840,2160,1,swimmer,1154.0,758.0,57.0,18.0,1026.0,32.3984199939043,25.4,mavic,NorthSea_Sat_DJI_0129.MP4,2145,data/raw/seadronessee/odv2/images/train/8400.jpg,val,1580,392,-23,1972,1557,required_80m_footprint_outside_source_frame
train:54123,train:8400,train,54123,8400,8400.jpg,3840,2160,1,swimmer,1554.0,531.0,33.0,21.0,693.0,32.3984199939043,25.4,mavic,NorthSea_Sat_DJI_0129.MP4,2145,data/raw/seadronessee/odv2/images/train/8400.jpg,val,1580,780,-248,2360,1332,required_80m_footprint_outside_source_frame
train:54124,train:8400,train,54124,8400,8400.jpg,3840,2160,1,swimmer,1676.0,470.0,21.0,13.0,273.0,32.3984199939043,25.4,mavic,NorthSea_Sat_DJI_0129.MP4,2145,data/raw/seadronessee/odv2/images/train/8400.jpg,val,1580,896,-314,2476,1266,required_80m_footprint_outside_source_frame
train:54125,train:8400,train,54125,8400,8400.jpg,3840,2160,1,swimmer,1128.0,738.0,21.0,23.0,483.0,32.3984199939043,25.4,mavic,NorthSea_Sat_DJI_0129.MP4,2145,data/raw/seadronessee/odv2/images/train/8400.jpg,val,1580,348,-40,1928,1540,required_80m_footprint_outside_source_frame
train:54126,train:8400,train,54126,8400,8400.jpg,3840,2160,1,swimmer,1318.0,662.0,19.0,18.0,342.0,32.3984199939043,25.4,mavic,NorthSea_Sat_DJI_0129.MP4,2145,data/raw/seadronessee/odv2/images/train/8400.jpg,val,1580,538,-119,2118,1461,required_80m_footprint_outside_source_frame
train:54127,train:8400,train,54127,8400,8400.jpg,3840,2160,5,buoy,605.0,919.0,73.0,97.0,7081.0,32.3984199939043,25.4,mavic,NorthSea_Sat_DJI_0129.MP4,2145,data/raw/seadronessee/odv2/images/train/8400.jpg,val,1580,-148,178,1432,1758,required_80m_footprint_outside_source_frame
train:54128,train:8400,train,54128,8400,8400.jpg,3840,2160,2,boat,1762.0,204.0,97.0,27.0,2619.0,32.3984199939043,25.4,mavic,NorthSea_Sat_DJI_0129.MP4,2145,data/raw/seadronessee/odv2/images/train/8400.jpg,val,1580,1020,-572,2600,1008,required_80m_footprint_outside_source_frame
train:54129,train:8400,train,54129,8400,8400.jpg,3840,2160,3,jetski,2377.0,123.0,32.0,16.0,512.0,32.3984199939043,25.4,mavic,NorthSea_Sat_DJI_0129.MP4,2145,data/raw/seadronessee/odv2/images/train/8400.jpg,val,1580,1603,-659,3183,921,required_80m_footprint_outside_source_frame
train:54147,train:8402,train,54147,8402,8402.jpg,3840,2160,2,boat,2330.0,258.0,117.0,61.0,7137.0,32.3984199939043,28.8,mavic,NorthSea_Sat_DJI_0129.MP4,2175,data/raw/seadronessee/odv2/images/train/8402.jpg,val,1580,1598,-502,3178,1078,required_80m_footprint_outside_source_frame
train:54148,train:8402,train,54148,8402,8402.jpg,3840,2160,1,swimmer,1536.0,612.0,20.0,20.0,400.0,32.3984199939043,28.8,mavic,NorthSea_Sat_DJI_0129.MP4,2175,data/raw/seadronessee/odv2/images/train/8402.jpg,val,1580,756,-168,2336,1412,required_80m_footprint_outside_source_frame
train:54150,train:8402,train,54150,8402,8402.jpg,3840,2160,1,swimmer,1888.0,494.0,42.0,27.0,1134.0,32.3984199939043,28.8,mavic,NorthSea_Sat_DJI_0129.MP4,2175,data/raw/seadronessee/odv2/images/train/8402.jpg,val,1580,1119,-282,2699,1298,required_80m_footprint_outside_source_frame
train:54151,train:8402,train,54151,8402,8402.jpg,3840,2160,1,swimmer,1119.0,771.0,73.0,29.0,2117.0,32.3984199939043,28.8,mavic,NorthSea_Sat_DJI_0129.MP4,2175,data/raw/seadronessee/odv2/images/train/8402.jpg,val,1580,366,-4,1946,1576,required_80m_footprint_outside_source_frame
train:54152,train:8402,train,54152,8402,8402.jpg,3840,2160,1,swimmer,1549.0,533.0,31.0,26.0,806.0,32.3984199939043,28.8,mavic,NorthSea_Sat_DJI_0129.MP4,2175,data/raw/seadronessee/odv2/images/train/8402.jpg,val,1580,774,-244,2354,1336,required_80m_footprint_outside_source_frame
train:54153,train:8402,train,54153,8402,8402.jpg,3840,2160,1,swimmer,1664.0,478.0,23.0,15.0,345.0,32.3984199939043,28.8,mavic,NorthSea_Sat_DJI_0129.MP4,2175,data/raw/seadronessee/odv2/images/train/8402.jpg,val,1580,886,-304,2466,1276,required_80m_footprint_outside_source_frame
train:54154,train:8402,train,54154,8402,8402.jpg,3840,2160,1,swimmer,1095.0,759.0,32.0,21.0,672.0,32.3984199939043,28.8,mavic,NorthSea_Sat_DJI_0129.MP4,2175,data/raw/seadronessee/odv2/images/train/8402.jpg,val,1580,321,-20,1901,1560,required_80m_footprint_outside_source_frame
train:54155,train:8402,train,54155,8402,8402.jpg,3840,2160,1,swimmer,1297.0,680.0,14.0,16.0,224.0,32.3984199939043,28.8,mavic,NorthSea_Sat_DJI_0129.MP4,2175,data/raw/seadronessee/odv2/images/train/8402.jpg,val,1580,514,-102,2094,1478,required_80m_footprint_outside_source_frame
train:54156,train:8402,train,54156,8402,8402.jpg,3840,2160,5,buoy,566.0,944.0,73.0,96.0,7008.0,32.3984199939043,28.8,mavic,NorthSea_Sat_DJI_0129.MP4,2175,data/raw/seadronessee/odv2/images/train/8402.jpg,val,1580,-188,202,1392,1782,required_80m_footprint_outside_source_frame
train:54157,train:8402,train,54157,8402,8402.jpg,3840,2160,2,boat,1750.0,202.0,97.0,28.0,2716.0,32.3984199939043,28.8,mavic,NorthSea_Sat_DJI_0129.MP4,2175,data/raw/seadronessee/odv2/images/train/8402.jpg,val,1580,1008,-574,2588,1006,required_80m_footprint_outside_source_frame
train:54158,train:8402,train,54158,8402,8402.jpg,3840,2160,3,jetski,2374.0,123.0,32.0,16.0,512.0,32.3984199939043,28.8,mavic,NorthSea_Sat_DJI_0129.MP4,2175,data/raw/seadronessee/odv2/images/train/8402.jpg,val,1580,1600,-659,3180,921,required_80m_footprint_outside_source_frame
train:54177,train:8404,train,54177,8404,8404.jpg,3840,2160,2,boat,2338.0,281.0,124.0,66.0,8184.0,32.59841024078025,28.8,mavic,NorthSea_Sat_DJI_0129.MP4,2205,data/raw/seadronessee/odv2/images/train/8404.jpg,val,1571,1614,-472,3185,1099,required_80m_footprint_outside_source_frame
train:54178,train:8404,train,54178,8404,8404.jpg,3840,2160,1,swimmer,1504.0,657.0,20.0,20.0,400.0,32.59841024078025,28.8,mavic,NorthSea_Sat_DJI_0129.MP4,2205,data/raw/seadronessee/odv2/images/train/8404.jpg,val,1571,728,-118,2299,1453,required_80m_footprint_outside_source_frame
train:54180,train:8404,train,54180,8404,8404.jpg,3840,2160,1,swimmer,1876.0,534.0,42.0,27.0,1134.0,32.59841024078025,28.8,mavic,NorthSea_Sat_DJI_0129.MP4,2205,data/raw/seadronessee/odv2/images/train/8404.jpg,val,1571,1112,-238,2683,1333,required_80m_footprint_outside_source_frame
train:54183,train:8404,train,54183,8404,8404.jpg,3840,2160,1,swimmer,1520.0,577.0,31.0,26.0,806.0,32.59841024078025,28.8,mavic,NorthSea_Sat_DJI_0129.MP4,2205,data/raw/seadronessee/odv2/images/train/8404.jpg,val,1571,750,-196,2321,1375,required_80m_footprint_outside_source_frame
train:54184,train:8404,train,54184,8404,8404.jpg,3840,2160,1,swimmer,1637.0,511.0,24.0,17.0,408.0,32.59841024078025,28.8,mavic,NorthSea_Sat_DJI_0129.MP4,2205,data/raw/seadronessee/odv2/images/train/8404.jpg,val,1571,864,-266,2435,1305,required_80m_footprint_outside_source_frame
train:54185,train:8404,train,54185,8404,8404.jpg,3840,2160,1,swimmer,1248.0,740.0,17.0,18.0,306.0,32.59841024078025,28.8,mavic,NorthSea_Sat_DJI_0129.MP4,2205,data/raw/seadronessee/odv2/images/train/8404.jpg,val,1571,471,-36,2042,1535,required_80m_footprint_outside_source_frame
train:54186,train:8404,train,54186,8404,8404.jpg,3840,2160,5,buoy,455.0,1029.0,78.0,101.0,7878.0,32.59841024078025,28.8,mavic,NorthSea_Sat_DJI_0129.MP4,2205,data/raw/seadronessee/odv2/images/train/8404.jpg,val,1571,-292,294,1279,1865,required_80m_footprint_outside_source_frame
train:54187,train:8404,train,54187,8404,8404.jpg,3840,2160,2,boat,1730.0,219.0,101.0,29.0,2929.0,32.59841024078025,28.8,mavic,NorthSea_Sat_DJI_0129.MP4,2205,data/raw/seadronessee/odv2/images/train/8404.jpg,val,1571,995,-552,2566,1019,required_80m_footprint_outside_source_frame
train:54188,train:8404,train,54188,8404,8404.jpg,3840,2160,3,jetski,2376.0,139.0,33.0,15.0,495.0,32.59841024078025,28.8,mavic,NorthSea_Sat_DJI_0129.MP4,2205,data/raw/seadronessee/odv2/images/train/8404.jpg,val,1571,1607,-639,3178,932,required_80m_footprint_outside_source_frame
train:54207,train:8406,train,54207,8406,8406.jpg,3840,2160,2,boat,2355.0,318.0,132.0,71.0,9372.0,32.49841511734228,28.8,mavic,NorthSea_Sat_DJI_0129.MP4,2235,data/raw/seadronessee/odv2/images/train/8406.jpg,val,1575,1634,-434,3209,1141,required_80m_footprint_outside_source_frame
train:54208,train:8406,train,54208,8406,8406.jpg,3840,2160,1,swimmer,1446.0,751.0,20.0,20.0,400.0,32.49841511734228,28.8,mavic,NorthSea_Sat_DJI_0129.MP4,2235,data/raw/seadronessee/odv2/images/train/8406.jpg,val,1575,668,-26,2243,1549,required_80m_footprint_outside_source_frame
train:54210,train:8406,train,54210,8406,8406.jpg,3840,2160,1,swimmer,1863.0,606.0,42.0,27.0,1134.0,32.49841511734228,28.8,mavic,NorthSea_Sat_DJI_0129.MP4,2235,data/raw/seadronessee/odv2/images/train/8406.jpg,val,1575,1096,-168,2671,1407,required_80m_footprint_outside_source_frame
train:54213,train:8406,train,54213,8406,8406.jpg,3840,2160,1,swimmer,1466.0,663.0,37.0,22.0,814.0,32.49841511734228,28.8,mavic,NorthSea_Sat_DJI_0129.MP4,2235,data/raw/seadronessee/odv2/images/train/8406.jpg,val,1575,697,-114,2272,1461,required_80m_footprint_outside_source_frame
train:54214,train:8406,train,54214,8406,8406.jpg,3840,2160,1,swimmer,1599.0,582.0,25.0,18.0,450.0,32.49841511734228,28.8,mavic,NorthSea_Sat_DJI_0129.MP4,2235,data/raw/seadronessee/odv2/images/train/8406.jpg,val,1575,824,-196,2399,1379,required_80m_footprint_outside_source_frame
train:54216,train:8406,train,54216,8406,8406.jpg,3840,2160,5,buoy,264.0,1199.0,88.0,113.0,9944.0,32.49841511734228,28.8,mavic,NorthSea_Sat_DJI_0129.MP4,2235,data/raw/seadronessee/odv2/images/train/8406.jpg,val,1575,-480,468,1095,2043,required_80m_footprint_outside_source_frame
train:54217,train:8406,train,54217,8406,8406.jpg,3840,2160,2,boat,1704.0,257.0,105.0,29.0,3045.0,32.49841511734228,28.8,mavic,NorthSea_Sat_DJI_0129.MP4,2235,data/raw/seadronessee/odv2/images/train/8406.jpg,val,1575,969,-516,2544,1059,required_80m_footprint_outside_source_frame
train:54218,train:8406,train,54218,8406,8406.jpg,3840,2160,3,jetski,2387.0,170.0,35.0,15.0,525.0,32.49841511734228,28.8,mavic,NorthSea_Sat_DJI_0129.MP4,2235,data/raw/seadronessee/odv2/images/train/8406.jpg,val,1575,1617,-610,3192,965,required_80m_footprint_outside_source_frame
train:54237,train:8408,train,54237,8408,8408.jpg,3840,2160,2,boat,2371.0,384.0,140.0,75.0,10500.0,32.29842487046632,28.8,mavic,NorthSea_Sat_DJI_0129.MP4,2265,data/raw/seadronessee/odv2/images/train/8408.jpg,val,1585,1648,-371,3233,1214,required_80m_footprint_outside_source_frame
train:54238,train:8408,train,54238,8408,8408.jpg,3840,2160,1,swimmer,930.0,1399.0,51.0,32.0,1632.0,32.29842487046632,28.8,mavic,NorthSea_Sat_DJI_0129.MP4,2265,data/raw/seadronessee/odv2/images/train/8408.jpg,val,1585,163,622,1748,2207,required_80m_footprint_outside_source_frame
train:54242,train:8408,train,54242,8408,8408.jpg,3840,2160,1,swimmer,1843.0,730.0,31.0,23.0,713.0,32.29842487046632,28.8,mavic,NorthSea_Sat_DJI_0129.MP4,2265,data/raw/seadronessee/odv2/images/train/8408.jpg,val,1585,1066,-51,2651,1534,required_80m_footprint_outside_source_frame
train:54244,train:8408,train,54244,8408,8408.jpg,3840,2160,1,swimmer,1543.0,691.0,31.0,22.0,682.0,32.29842487046632,28.8,mavic,NorthSea_Sat_DJI_0129.MP4,2265,data/raw/seadronessee/odv2/images/train/8408.jpg,val,1585,766,-90,2351,1495,required_80m_footprint_outside_source_frame
train:54246,train:8408,train,54246,8408,8408.jpg,3840,2160,2,boat,1666.0,314.0,111.0,32.0,3552.0,32.29842487046632,28.8,mavic,NorthSea_Sat_DJI_0129.MP4,2265,data/raw/seadronessee/odv2/images/train/8408.jpg,val,1585,929,-462,2514,1123,required_80m_footprint_outside_source_frame
train:54247,train:8408,train,54247,8408,8408.jpg,3840,2160,3,jetski,2397.0,217.0,44.0,20.0,880.0,32.29842487046632,28.8,mavic,NorthSea_Sat_DJI_0129.MP4,2265,data/raw/seadronessee/odv2/images/train/8408.jpg,val,1585,1626,-566,3211,1019,required_80m_footprint_outside_source_frame
train:54251,train:8408,train,54251,8408,8408.jpg,3840,2160,5,buoy,0.0,1485.0,87.0,128.0,11136.0,32.29842487046632,28.8,mavic,NorthSea_Sat_DJI_0129.MP4,2265,data/raw/seadronessee/odv2/images/train/8408.jpg,val,1585,-749,756,836,2341,required_80m_footprint_outside_source_frame
train:54266,train:8410,train,54266,8410,8410.jpg,3840,2160,2,boat,2395.0,278.0,150.0,81.0,12150.0,32.19842974702834,28.8,mavic,NorthSea_Sat_DJI_0129.MP4,2295,data/raw/seadronessee/odv2/images/train/8410.jpg,val,1590,1675,-476,3265,1114,required_80m_footprint_outside_source_frame
train:54267,train:8410,train,54267,8410,8410.jpg,3840,2160,1,swimmer,754.0,1522.0,60.0,38.0,2280.0,32.19842974702834,28.8,mavic,NorthSea_Sat_DJI_0129.MP4,2295,data/raw/seadronessee/odv2/images/train/8410.jpg,val,1590,-11,746,1579,2336,required_80m_footprint_outside_source_frame
train:54269,train:8410,train,54269,8410,8410.jpg,3840,2160,1,swimmer,690.0,1211.0,71.0,32.0,2272.0,32.19842974702834,28.8,mavic,NorthSea_Sat_DJI_0129.MP4,2295,data/raw/seadronessee/odv2/images/train/8410.jpg,val,1590,-70,432,1520,2022,required_80m_footprint_outside_source_frame
train:54270,train:8410,train,54270,8410,8410.jpg,3840,2160,1,swimmer,634.0,1168.0,66.0,31.0,2046.0,32.19842974702834,28.8,mavic,NorthSea_Sat_DJI_0129.MP4,2295,data/raw/seadronessee/odv2/images/train/8410.jpg,val,1590,-128,388,1462,1978,required_80m_footprint_outside_source_frame
train:54271,train:8410,train,54271,8410,8410.jpg,3840,2160,1,swimmer,1821.0,682.0,31.0,30.0,930.0,32.19842974702834,28.8,mavic,NorthSea_Sat_DJI_0129.MP4,2295,data/raw/seadronessee/odv2/images/train/8410.jpg,val,1590,1042,-98,2632,1492,required_80m_footprint_outside_source_frame
train:54272,train:8410,train,54272,8410,8410.jpg,3840,2160,1,swimmer,1353.0,755.0,33.0,23.0,759.0,32.19842974702834,28.8,mavic,NorthSea_Sat_DJI_0129.MP4,2295,data/raw/seadronessee/odv2/images/train/8410.jpg,val,1590,574,-28,2164,1562,required_80m_footprint_outside_source_frame
train:54273,train:8410,train,54273,8410,8410.jpg,3840,2160,1,swimmer,1480.0,635.0,35.0,20.0,700.0,32.19842974702834,28.8,mavic,NorthSea_Sat_DJI_0129.MP4,2295,data/raw/seadronessee/odv2/images/train/8410.jpg,val,1590,702,-150,2292,1440,required_80m_footprint_outside_source_frame
train:54275,train:8410,train,54275,8410,8410.jpg,3840,2160,2,boat,1619.0,186.0,122.0,38.0,4636.0,32.19842974702834,28.8,mavic,NorthSea_Sat_DJI_0129.MP4,2295,data/raw/seadronessee/odv2/images/train/8410.jpg,val,1590,885,-590,2475,1000,required_80m_footprint_outside_source_frame
train:54276,train:8410,train,54276,8410,8410.jpg,3840,2160,3,jetski,2412.0,75.0,48.0,22.0,1056.0,32.19842974702834,28.8,mavic,NorthSea_Sat_DJI_0129.MP4,2295,data/raw/seadronessee/odv2/images/train/8410.jpg,val,1590,1641,-709,3231,881,required_80m_footprint_outside_source_frame
train:54294,train:8412,train,54294,8412,8412.jpg,3840,2160,2,boat,2429.0,337.0,156.0,85.0,13260.0,32.19842974702834,32.3,mavic,NorthSea_Sat_DJI_0129.MP4,2325,data/raw/seadronessee/odv2/images/train/8412.jpg,val,1590,1712,-416,3302,1174,required_80m_footprint_outside_source_frame
train:54295,train:8412,train,54295,8412,8412.jpg,3840,2160,1,swimmer,656.0,1768.0,69.0,61.0,4209.0,32.19842974702834,32.3,mavic,NorthSea_Sat_DJI_0129.MP4,2325,data/raw/seadronessee/odv2/images/train/8412.jpg,val,1590,-104,1004,1486,2594,required_80m_footprint_outside_source_frame
train:54296,train:8412,train,54296,8412,8412.jpg,3840,2160,1,swimmer,589.0,1397.0,85.0,35.0,2975.0,32.19842974702834,32.3,mavic,NorthSea_Sat_DJI_0129.MP4,2325,data/raw/seadronessee/odv2/images/train/8412.jpg,val,1590,-164,620,1426,2210,required_80m_footprint_outside_source_frame
train:54297,train:8412,train,54297,8412,8412.jpg,3840,2160,1,swimmer,534.0,1341.0,79.0,38.0,3002.0,32.19842974702834,32.3,mavic,NorthSea_Sat_DJI_0129.MP4,2325,data/raw/seadronessee/odv2/images/train/8412.jpg,val,1590,-222,565,1368,2155,required_80m_footprint_outside_source_frame
train:54300,train:8412,train,54300,8412,8412.jpg,3840,2160,1,swimmer,1457.0,732.0,38.0,22.0,836.0,32.19842974702834,32.3,mavic,NorthSea_Sat_DJI_0129.MP4,2325,data/raw/seadronessee/odv2/images/train/8412.jpg,val,1590,681,-52,2271,1538,required_80m_footprint_outside_source_frame
train:54302,train:8412,train,54302,8412,8412.jpg,3840,2160,2,boat,1596.0,231.0,124.0,40.0,4960.0,32.19842974702834,32.3,mavic,NorthSea_Sat_DJI_0129.MP4,2325,data/raw/seadronessee/odv2/images/train/8412.jpg,val,1590,863,-544,2453,1046,required_80m_footprint_outside_source_frame
train:54303,train:8412,train,54303,8412,8412.jpg,3840,2160,3,jetski,2424.0,117.0,52.0,23.0,1196.0,32.19842974702834,32.3,mavic,NorthSea_Sat_DJI_0129.MP4,2325,data/raw/seadronessee/odv2/images/train/8412.jpg,val,1590,1655,-666,3245,924,required_80m_footprint_outside_source_frame
train:54322,train:8414,train,54322,8414,8414.jpg,3840,2160,2,boat,2465.0,354.0,159.0,88.0,13992.0,32.49841511734228,32.3,mavic,NorthSea_Sat_DJI_0129.MP4,2355,data/raw/seadronessee/odv2/images/train/8414.jpg,val,1575,1757,-390,3332,1185,required_80m_footprint_outside_source_frame
train:54323,train:8414,train,54323,8414,8414.jpg,3840,2160,1,swimmer,658.0,1881.0,100.0,65.0,6500.0,32.49841511734228,32.3,mavic,NorthSea_Sat_DJI_0129.MP4,2355,data/raw/seadronessee/odv2/images/train/8414.jpg,val,1575,-80,1126,1495,2701,required_80m_footprint_outside_source_frame
train:54324,train:8414,train,54324,8414,8414.jpg,3840,2160,1,swimmer,592.0,1474.0,86.0,43.0,3698.0,32.49841511734228,32.3,mavic,NorthSea_Sat_DJI_0129.MP4,2355,data/raw/seadronessee/odv2/images/train/8414.jpg,val,1575,-152,708,1423,2283,required_80m_footprint_outside_source_frame
train:54325,train:8414,train,54325,8414,8414.jpg,3840,2160,1,swimmer,540.0,1428.0,79.0,38.0,3002.0,32.49841511734228,32.3,mavic,NorthSea_Sat_DJI_0129.MP4,2355,data/raw/seadronessee/odv2/images/train/8414.jpg,val,1575,-208,660,1367,2235,required_80m_footprint_outside_source_frame
train:54330,train:8414,train,54330,8414,8414.jpg,3840,2160,2,boat,1589.0,248.0,123.0,43.0,5289.0,32.49841511734228,32.3,mavic,NorthSea_Sat_DJI_0129.MP4,2355,data/raw/seadronessee/odv2/images/train/8414.jpg,val,1575,863,-518,2438,1057,required_80m_footprint_outside_source_frame
train:54331,train:8414,train,54331,8414,8414.jpg,3840,2160,3,jetski,2436.0,135.0,55.0,22.0,1210.0,32.49841511734228,32.3,mavic,NorthSea_Sat_DJI_0129.MP4,2355,data/raw/seadronessee/odv2/images/train/8414.jpg,val,1575,1676,-642,3251,933,required_80m_footprint_outside_source_frame
train:54350,train:8416,train,54350,8416,8416.jpg,3840,2160,2,boat,2550.0,334.0,158.0,86.0,13588.0,32.49841511734228,32.3,mavic,NorthSea_Sat_DJI_0129.MP4,2385,data/raw/seadronessee/odv2/images/train/8416.jpg,val,1575,1842,-410,3417,1165,required_80m_footprint_outside_source_frame
train:54351,train:8416,train,54351,8416,8416.jpg,3840,2160,1,swimmer,835.0,1856.0,100.0,65.0,6500.0,32.49841511734228,32.3,mavic,NorthSea_Sat_DJI_0129.MP4,2385,data/raw/seadronessee/odv2/images/train/8416.jpg,val,1575,98,1101,1673,2676,required_80m_footprint_outside_source_frame
train:54352,train:8416,train,54352,8416,8416.jpg,3840,2160,1,swimmer,745.0,1457.0,96.0,43.0,4128.0,32.49841511734228,32.3,mavic,NorthSea_Sat_DJI_0129.MP4,2385,data/raw/seadronessee/odv2/images/train/8416.jpg,val,1575,6,691,1581,2266,required_80m_footprint_outside_source_frame
train:54353,train:8416,train,54353,8416,8416.jpg,3840,2160,1,swimmer,717.0,1406.0,58.0,43.0,2494.0,32.49841511734228,32.3,mavic,NorthSea_Sat_DJI_0129.MP4,2385,data/raw/seadronessee/odv2/images/train/8416.jpg,val,1575,-42,640,1533,2215,required_80m_footprint_outside_source_frame
train:54356,train:8416,train,54356,8416,8416.jpg,3840,2160,1,swimmer,1568.0,760.0,38.0,23.0,874.0,32.49841511734228,32.3,mavic,NorthSea_Sat_DJI_0129.MP4,2385,data/raw/seadronessee/odv2/images/train/8416.jpg,val,1575,800,-16,2375,1559,required_80m_footprint_outside_source_frame
train:54358,train:8416,train,54358,8416,8416.jpg,3840,2160,2,boat,1648.0,233.0,118.0,44.0,5192.0,32.49841511734228,32.3,mavic,NorthSea_Sat_DJI_0129.MP4,2385,data/raw/seadronessee/odv2/images/train/8416.jpg,val,1575,920,-532,2495,1043,required_80m_footprint_outside_source_frame
train:54359,train:8416,train,54359,8416,8416.jpg,3840,2160,3,jetski,2497.0,122.0,57.0,23.0,1311.0,32.49841511734228,32.3,mavic,NorthSea_Sat_DJI_0129.MP4,2385,data/raw/seadronessee/odv2/images/train/8416.jpg,val,1575,1738,-654,3313,921,required_80m_footprint_outside_source_frame
train:54376,train:8418,train,54376,8418,8418.jpg,3840,2160,2,boat,2573.0,188.0,163.0,89.0,14507.0,32.49841511734228,34.2,mavic,NorthSea_Sat_DJI_0129.MP4,2415,data/raw/seadronessee/odv2/images/train/8418.jpg,val,1575,1867,-555,3442,1020,required_80m_footprint_outside_source_frame
train:54377,train:8418,train,54377,8418,8418.jpg,3840,2160,1,swimmer,897.0,1707.0,100.0,65.0,6500.0,32.49841511734228,34.2,mavic,NorthSea_Sat_DJI_0129.MP4,2415,data/raw/seadronessee/odv2/images/train/8418.jpg,val,1575,160,952,1735,2527,required_80m_footprint_outside_source_frame
train:54380,train:8418,train,54380,8418,8418.jpg,3840,2160,1,swimmer,1981.0,678.0,35.0,29.0,1015.0,32.49841511734228,34.2,mavic,NorthSea_Sat_DJI_0129.MP4,2415,data/raw/seadronessee/odv2/images/train/8418.jpg,val,1575,1211,-95,2786,1480,required_80m_footprint_outside_source_frame
train:54381,train:8418,train,54381,8418,8418.jpg,3840,2160,1,swimmer,1480.0,771.0,36.0,25.0,900.0,32.49841511734228,34.2,mavic,NorthSea_Sat_DJI_0129.MP4,2415,data/raw/seadronessee/odv2/images/train/8418.jpg,val,1575,710,-4,2285,1571,required_80m_footprint_outside_source_frame
train:54382,train:8418,train,54382,8418,8418.jpg,3840,2160,1,swimmer,1586.0,625.0,40.0,26.0,1040.0,32.49841511734228,34.2,mavic,NorthSea_Sat_DJI_0129.MP4,2415,data/raw/seadronessee/odv2/images/train/8418.jpg,val,1575,818,-150,2393,1425,required_80m_footprint_outside_source_frame
train:54384,train:8418,train,54384,8418,8418.jpg,3840,2160,2,boat,1649.0,99.0,113.0,47.0,5311.0,32.49841511734228,34.2,mavic,NorthSea_Sat_DJI_0129.MP4,2415,data/raw/seadronessee/odv2/images/train/8418.jpg,val,1575,918,-665,2493,910,required_80m_footprint_outside_source_frame
train:54400,train:8420,train,54400,8420,8420.jpg,3840,2160,2,boat,2788.0,202.0,163.0,87.0,14181.0,32.3984199939043,34.9,mavic,NorthSea_Sat_DJI_0129.MP4,2445,data/raw/seadronessee/odv2/images/train/8420.jpg,val,1580,2080,-544,3660,1036,required_80m_footprint_outside_source_frame
train:54401,train:8420,train,54401,8420,8420.jpg,3840,2160,1,swimmer,1022.0,1631.0,100.0,65.0,6500.0,32.3984199939043,34.9,mavic,NorthSea_Sat_DJI_0129.MP4,2445,data/raw/seadronessee/odv2/images/train/8420.jpg,val,1580,282,874,1862,2454,required_80m_footprint_outside_source_frame
train:54403,train:8420,train,54403,8420,8420.jpg,3840,2160,1,swimmer,2135.0,671.0,35.0,31.0,1085.0,32.3984199939043,34.9,mavic,NorthSea_Sat_DJI_0129.MP4,2445,data/raw/seadronessee/odv2/images/train/8420.jpg,val,1580,1362,-104,2942,1476,required_80m_footprint_outside_source_frame
train:54405,train:8420,train,54405,8420,8420.jpg,3840,2160,1,swimmer,1657.0,750.0,35.0,24.0,840.0,32.3984199939043,34.9,mavic,NorthSea_Sat_DJI_0129.MP4,2445,data/raw/seadronessee/odv2/images/train/8420.jpg,val,1580,884,-28,2464,1552,required_80m_footprint_outside_source_frame
train:54406,train:8420,train,54406,8420,8420.jpg,3840,2160,1,swimmer,1765.0,614.0,40.0,24.0,960.0,32.3984199939043,34.9,mavic,NorthSea_Sat_DJI_0129.MP4,2445,data/raw/seadronessee/odv2/images/train/8420.jpg,val,1580,995,-164,2575,1416,required_80m_footprint_outside_source_frame
train:54408,train:8420,train,54408,8420,8420.jpg,3840,2160,2,boat,1860.0,100.0,108.0,46.0,4968.0,32.3984199939043,34.9,mavic,NorthSea_Sat_DJI_0129.MP4,2445,data/raw/seadronessee/odv2/images/train/8420.jpg,val,1580,1124,-667,2704,913,required_80m_footprint_outside_source_frame
train:54412,train:8420,train,54412,8420,8420.jpg,3840,2160,3,jetski,2733.0,0.0,71.0,26.0,1846.0,32.3984199939043,34.9,mavic,NorthSea_Sat_DJI_0129.MP4,2445,data/raw/seadronessee/odv2/images/train/8420.jpg,val,1580,1978,-777,3558,803,required_80m_footprint_outside_source_frame
train:54427,train:8422,train,54427,8422,8422.jpg,3840,2160,2,boat,3271.0,250.0,195.0,91.0,17745.0,32.49841511734228,34.9,mavic,NorthSea_Sat_DJI_0129.MP4,2475,data/raw/seadronessee/odv2/images/train/8422.jpg,val,1575,2581,-492,4156,1083,required_80m_footprint_outside_source_frame
train:54428,train:8422,train,54428,8422,8422.jpg,3840,2160,1,swimmer,1238.0,1468.0,100.0,65.0,6500.0,32.49841511734228,34.9,mavic,NorthSea_Sat_DJI_0129.MP4,2475,data/raw/seadronessee/odv2/images/train/8422.jpg,val,1575,500,713,2075,2288,required_80m_footprint_outside_source_frame
train:54429,train:8422,train,54429,8422,8422.jpg,3840,2160,1,swimmer,2476.0,688.0,38.0,32.0,1216.0,32.49841511734228,34.9,mavic,NorthSea_Sat_DJI_0129.MP4,2475,data/raw/seadronessee/odv2/images/train/8422.jpg,val,1575,1708,-84,3283,1491,required_80m_footprint_outside_source_frame
train:54431,train:8422,train,54431,8422,8422.jpg,3840,2160,1,swimmer,1980.0,706.0,49.0,32.0,1568.0,32.49841511734228,34.9,mavic,NorthSea_Sat_DJI_0129.MP4,2475,data/raw/seadronessee/odv2/images/train/8422.jpg,val,1575,1217,-66,2792,1509,required_80m_footprint_outside_source_frame
train:54432,train:8422,train,54432,8422,8422.jpg,3840,2160,1,swimmer,2125.0,594.0,47.0,23.0,1081.0,32.49841511734228,34.9,mavic,NorthSea_Sat_DJI_0129.MP4,2475,data/raw/seadronessee/odv2/images/train/8422.jpg,val,1575,1361,-182,2936,1393,required_80m_footprint_outside_source_frame
train:54435,train:8422,train,54435,8422,8422.jpg,3840,2160,2,boat,2318.0,98.0,104.0,45.0,4680.0,32.49841511734228,34.9,mavic,NorthSea_Sat_DJI_0129.MP4,2475,data/raw/seadronessee/odv2/images/train/8422.jpg,val,1575,1582,-667,3157,908,required_80m_footprint_outside_source_frame
train:54436,train:8422,train,54436,8422,8422.jpg,3840,2160,5,buoy,263.0,1460.0,99.0,136.0,13464.0,32.49841511734228,34.9,mavic,NorthSea_Sat_DJI_0129.MP4,2475,data/raw/seadronessee/odv2/images/train/8422.jpg,val,1575,-475,740,1100,2315,required_80m_footprint_outside_source_frame
train:54439,train:8422,train,54439,8422,8422.jpg,3840,2160,3,jetski,3258.0,29.0,78.0,33.0,2574.0,32.49841511734228,34.9,mavic,NorthSea_Sat_DJI_0129.MP4,2475,data/raw/seadronessee/odv2/images/train/8422.jpg,val,1575,2510,-742,4085,833,required_80m_footprint_outside_source_frame
train:54457,train:8424,train,54457,8424,8424.jpg,3840,2160,2,boat,3445.0,269.0,220.0,101.0,22220.0,32.3984199939043,34.9,mavic,NorthSea_Sat_DJI_0129.MP4,2505,data/raw/seadronessee/odv2/images/train/8424.jpg,val,1580,2765,-470,4345,1110,required_80m_footprint_outside_source_frame
train:54458,train:8424,train,54458,8424,8424.jpg,3840,2160,1,swimmer,1145.0,1343.0,100.0,59.0,5900.0,32.3984199939043,34.9,mavic,NorthSea_Sat_DJI_0129.MP4,2505,data/raw/seadronessee/odv2/images/train/8424.jpg,val,1580,405,582,1985,2162,required_80m_footprint_outside_source_frame
train:54461,train:8424,train,54461,8424,8424.jpg,3840,2160,1,swimmer,2027.0,673.0,36.0,26.0,936.0,32.3984199939043,34.9,mavic,NorthSea_Sat_DJI_0129.MP4,2505,data/raw/seadronessee/odv2/images/train/8424.jpg,val,1580,1255,-104,2835,1476,required_80m_footprint_outside_source_frame
train:54462,train:8424,train,54462,8424,8424.jpg,3840,2160,1,swimmer,2184.0,568.0,46.0,23.0,1058.0,32.3984199939043,34.9,mavic,NorthSea_Sat_DJI_0129.MP4,2505,data/raw/seadronessee/odv2/images/train/8424.jpg,val,1580,1417,-210,2997,1370,required_80m_footprint_outside_source_frame
train:54464,train:8424,train,54464,8424,8424.jpg,3840,2160,2,boat,2490.0,87.0,107.0,45.0,4815.0,32.3984199939043,34.9,mavic,NorthSea_Sat_DJI_0129.MP4,2505,data/raw/seadronessee/odv2/images/train/8424.jpg,val,1580,1754,-680,3334,900,required_80m_footprint_outside_source_frame
train:54465,train:8424,train,54465,8424,8424.jpg,3840,2160,5,buoy,281.0,1260.0,90.0,131.0,11790.0,32.3984199939043,34.9,mavic,NorthSea_Sat_DJI_0129.MP4,2505,data/raw/seadronessee/odv2/images/train/8424.jpg,val,1580,-464,536,1116,2116,required_80m_footprint_outside_source_frame
train:54468,train:8424,train,54468,8424,8424.jpg,3840,2160,3,jetski,3490.0,49.0,91.0,33.0,3003.0,32.3984199939043,34.9,mavic,NorthSea_Sat_DJI_0129.MP4,2505,data/raw/seadronessee/odv2/images/train/8424.jpg,val,1580,2746,-724,4326,856,required_80m_footprint_outside_source_frame
train:54487,train:8426,train,54487,8426,8426.jpg,3840,2160,1,swimmer,2548.0,706.0,43.0,32.0,1376.0,32.49841511734228,34.9,mavic,NorthSea_Sat_DJI_0129.MP4,2535,data/raw/seadronessee/odv2/images/train/8426.jpg,val,1575,1782,-66,3357,1509,required_80m_footprint_outside_source_frame
train:54489,train:8426,train,54489,8426,8426.jpg,3840,2160,2,boat,3605.0,322.0,230.0,100.0,23000.0,32.49841511734228,34.9,mavic,NorthSea_Sat_DJI_0129.MP4,2535,data/raw/seadronessee/odv2/images/train/8426.jpg,val,1575,2932,-416,4507,1159,required_80m_footprint_outside_source_frame
train:54490,train:8426,train,54490,8426,8426.jpg,3840,2160,1,swimmer,2052.0,682.0,44.0,29.0,1276.0,32.49841511734228,34.9,mavic,NorthSea_Sat_DJI_0129.MP4,2535,data/raw/seadronessee/odv2/images/train/8426.jpg,val,1575,1286,-91,2861,1484,required_80m_footprint_outside_source_frame
train:54491,train:8426,train,54491,8426,8426.jpg,3840,2160,1,swimmer,2239.0,576.0,50.0,26.0,1300.0,32.49841511734228,34.9,mavic,NorthSea_Sat_DJI_0129.MP4,2535,data/raw/seadronessee/odv2/images/train/8426.jpg,val,1575,1476,-198,3051,1377,required_80m_footprint_outside_source_frame
train:54494,train:8426,train,54494,8426,8426.jpg,3840,2160,2,boat,2621.0,95.0,101.0,48.0,4848.0,32.49841511734228,34.9,mavic,NorthSea_Sat_DJI_0129.MP4,2535,data/raw/seadronessee/odv2/images/train/8426.jpg,val,1575,1884,-668,3459,907,required_80m_footprint_outside_source_frame
train:54495,train:8426,train,54495,8426,8426.jpg,3840,2160,5,buoy,291.0,1148.0,86.0,118.0,10148.0,32.49841511734228,34.9,mavic,NorthSea_Sat_DJI_0129.MP4,2535,data/raw/seadronessee/odv2/images/train/8426.jpg,val,1575,-454,420,1121,1995,required_80m_footprint_outside_source_frame
train:54498,train:8426,train,54498,8426,8426.jpg,3840,2160,3,jetski,3680.0,90.0,101.0,37.0,3737.0,32.49841511734228,34.9,mavic,NorthSea_Sat_DJI_0129.MP4,2535,data/raw/seadronessee/odv2/images/train/8426.jpg,val,1575,2943,-679,4518,896,required_80m_footprint_outside_source_frame
train:54518,train:8428,train,54518,8428,8428.jpg,3840,2160,1,swimmer,2658.0,744.0,46.0,29.0,1334.0,32.49841511734228,34.9,mavic,NorthSea_Sat_DJI_0129.MP4,2565,data/raw/seadronessee/odv2/images/train/8428.jpg,val,1575,1894,-29,3469,1546,required_80m_footprint_outside_source_frame
train:54519,train:8428,train,54519,8428,8428.jpg,3840,2160,1,swimmer,2176.0,699.0,31.0,31.0,961.0,32.49841511734228,34.9,mavic,NorthSea_Sat_DJI_0129.MP4,2565,data/raw/seadronessee/odv2/images/train/8428.jpg,val,1575,1404,-73,2979,1502,required_80m_footprint_outside_source_frame
train:54520,train:8428,train,54520,8428,8428.jpg,3840,2160,1,swimmer,2360.0,600.0,58.0,26.0,1508.0,32.49841511734228,34.9,mavic,NorthSea_Sat_DJI_0129.MP4,2565,data/raw/seadronessee/odv2/images/train/8428.jpg,val,1575,1602,-174,3177,1401,required_80m_footprint_outside_source_frame
train:54522,train:8428,train,54522,8428,8428.jpg,3840,2160,2,boat,2816.0,119.0,110.0,46.0,5060.0,32.49841511734228,34.9,mavic,NorthSea_Sat_DJI_0129.MP4,2565,data/raw/seadronessee/odv2/images/train/8428.jpg,val,1575,2084,-646,3659,929,required_80m_footprint_outside_source_frame
train:54523,train:8428,train,54523,8428,8428.jpg,3840,2160,5,buoy,355.0,1079.0,81.0,122.0,9882.0,32.49841511734228,34.9,mavic,NorthSea_Sat_DJI_0129.MP4,2565,data/raw/seadronessee/odv2/images/train/8428.jpg,val,1575,-392,352,1183,1927,required_80m_footprint_outside_source_frame
train:54540,train:8430,train,54540,8430,8430.jpg,3840,2160,1,swimmer,991.0,1394.0,63.0,48.0,3024.0,32.698405364218225,34.9,mavic,NorthSea_Sat_DJI_0129.MP4,2595,data/raw/seadronessee/odv2/images/train/8430.jpg,val,1566,240,635,1806,2201,required_80m_footprint_outside_source_frame
train:54546,train:8430,train,54546,8430,8430.jpg,3840,2160,1,swimmer,2344.0,665.0,43.0,24.0,1032.0,32.698405364218225,34.9,mavic,NorthSea_Sat_DJI_0129.MP4,2595,data/raw/seadronessee/odv2/images/train/8430.jpg,val,1566,1582,-106,3148,1460,required_80m_footprint_outside_source_frame
train:54548,train:8430,train,54548,8430,8430.jpg,3840,2160,2,boat,2824.0,156.0,114.0,50.0,5700.0,32.698405364218225,34.9,mavic,NorthSea_Sat_DJI_0129.MP4,2595,data/raw/seadronessee/odv2/images/train/8430.jpg,val,1566,2098,-602,3664,964,required_80m_footprint_outside_source_frame
train:54549,train:8430,train,54549,8430,8430.jpg,3840,2160,5,buoy,188.0,1183.0,89.0,125.0,11125.0,32.698405364218225,34.9,mavic,NorthSea_Sat_DJI_0129.MP4,2595,data/raw/seadronessee/odv2/images/train/8430.jpg,val,1566,-550,462,1016,2028,required_80m_footprint_outside_source_frame
train:54566,train:8432,train,54566,8432,8432.jpg,3840,2160,1,swimmer,878.0,1494.0,68.0,54.0,3672.0,32.698405364218225,34.9,mavic,NorthSea_Sat_DJI_0129.MP4,2625,data/raw/seadronessee/odv2/images/train/8432.jpg,val,1566,129,738,1695,2304,required_80m_footprint_outside_source_frame
train:54572,train:8432,train,54572,8432,8432.jpg,3840,2160,1,swimmer,2278.0,711.0,56.0,24.0,1344.0,32.698405364218225,34.9,mavic,NorthSea_Sat_DJI_0129.MP4,2625,data/raw/seadronessee/odv2/images/train/8432.jpg,val,1566,1523,-60,3089,1506,required_80m_footprint_outside_source_frame
train:54574,train:8432,train,54574,8432,8432.jpg,3840,2160,2,boat,2788.0,183.0,116.0,49.0,5684.0,32.698405364218225,34.9,mavic,NorthSea_Sat_DJI_0129.MP4,2625,data/raw/seadronessee/odv2/images/train/8432.jpg,val,1566,2063,-576,3629,990,required_80m_footprint_outside_source_frame
train:54575,train:8432,train,54575,8432,8432.jpg,3840,2160,5,buoy,42.0,1275.0,91.0,135.0,12285.0,32.698405364218225,34.9,mavic,NorthSea_Sat_DJI_0129.MP4,2625,data/raw/seadronessee/odv2/images/train/8432.jpg,val,1566,-696,560,870,2126,required_80m_footprint_outside_source_frame
train:54592,train:8434,train,54592,8434,8434.jpg,3840,2160,1,swimmer,811.0,1612.0,68.0,54.0,3672.0,32.59841024078025,34.9,mavic,NorthSea_Sat_DJI_0129.MP4,2655,data/raw/seadronessee/odv2/images/train/8434.jpg,val,1571,60,854,1631,2425,required_80m_footprint_outside_source_frame
train:54598,train:8434,train,54598,8434,8434.jpg,3840,2160,1,swimmer,2276.0,767.0,47.0,28.0,1316.0,32.59841024078025,34.9,mavic,NorthSea_Sat_DJI_0129.MP4,2655,data/raw/seadronessee/odv2/images/train/8434.jpg,val,1571,1514,-4,3085,1567,required_80m_footprint_outside_source_frame
train:54600,train:8434,train,54600,8434,8434.jpg,3840,2160,2,boat,2792.0,209.0,117.0,51.0,5967.0,32.59841024078025,34.9,mavic,NorthSea_Sat_DJI_0129.MP4,2655,data/raw/seadronessee/odv2/images/train/8434.jpg,val,1571,2065,-551,3636,1020,required_80m_footprint_outside_source_frame
train:54603,train:8434,train,54603,8434,8434.jpg,3840,2160,5,buoy,0.0,1451.0,43.0,56.0,2408.0,32.59841024078025,34.9,mavic,NorthSea_Sat_DJI_0129.MP4,2655,data/raw/seadronessee/odv2/images/train/8434.jpg,val,1571,-764,694,807,2265,required_80m_footprint_outside_source_frame
train:54622,train:8436,train,54622,8436,8436.jpg,3840,2160,1,swimmer,726.0,1754.0,59.0,63.0,3717.0,32.698405364218225,34.9,mavic,NorthSea_Sat_DJI_0129.MP4,2685,data/raw/seadronessee/odv2/images/train/8436.jpg,val,1566,-28,1002,1538,2568,required_80m_footprint_outside_source_frame
train:54625,train:8436,train,54625,8436,8436.jpg,3840,2160,2,boat,2796.0,250.0,121.0,55.0,6655.0,32.698405364218225,34.9,mavic,NorthSea_Sat_DJI_0129.MP4,2685,data/raw/seadronessee/odv2/images/train/8436.jpg,val,1566,2074,-506,3640,1060,required_80m_footprint_outside_source_frame
train:54641,train:8438,train,54641,8438,8438.jpg,3840,2160,1,swimmer,703.0,1910.0,64.0,59.0,3776.0,32.698405364218225,34.9,mavic,NorthSea_Sat_DJI_0129.MP4,2715,data/raw/seadronessee/odv2/images/train/8438.jpg,val,1566,-48,1156,1518,2722,required_80m_footprint_outside_source_frame
train:54643,train:8438,train,54643,8438,8438.jpg,3840,2160,1,swimmer,1049.0,1454.0,33.0,52.0,1716.0,32.698405364218225,34.9,mavic,NorthSea_Sat_DJI_0129.MP4,2715,data/raw/seadronessee/odv2/images/train/8438.jpg,val,1566,282,697,1848,2263,required_80m_footprint_outside_source_frame
train:54644,train:8438,train,54644,8438,8438.jpg,3840,2160,1,swimmer,1055.0,1389.0,51.0,35.0,1785.0,32.698405364218225,34.9,mavic,NorthSea_Sat_DJI_0129.MP4,2715,data/raw/seadronessee/odv2/images/train/8438.jpg,val,1566,298,624,1864,2190,required_80m_footprint_outside_source_frame
train:54648,train:8438,train,54648,8438,8438.jpg,3840,2160,2,boat,2782.0,343.0,117.0,62.0,7254.0,32.698405364218225,34.9,mavic,NorthSea_Sat_DJI_0129.MP4,2715,data/raw/seadronessee/odv2/images/train/8438.jpg,val,1566,2058,-409,3624,1157,required_80m_footprint_outside_source_frame
train:54665,train:8440,train,54665,8440,8440.jpg,3840,2160,1,swimmer,736.0,1799.0,63.0,57.0,3591.0,32.698405364218225,29.2,mavic,NorthSea_Sat_DJI_0129.MP4,2745,data/raw/seadronessee/odv2/images/train/8440.jpg,val,1566,-16,1044,1550,2610,required_80m_footprint_outside_source_frame
train:54667,train:8440,train,54667,8440,8440.jpg,3840,2160,1,swimmer,1050.0,1372.0,44.0,50.0,2200.0,32.698405364218225,29.2,mavic,NorthSea_Sat_DJI_0129.MP4,2745,data/raw/seadronessee/odv2/images/train/8440.jpg,val,1566,289,614,1855,2180,required_80m_footprint_outside_source_frame
train:54672,train:8440,train,54672,8440,8440.jpg,3840,2160,2,boat,2776.0,317.0,118.0,48.0,5664.0,32.698405364218225,29.2,mavic,NorthSea_Sat_DJI_0129.MP4,2745,data/raw/seadronessee/odv2/images/train/8440.jpg,val,1566,2052,-442,3618,1124,required_80m_footprint_outside_source_frame
train:54689,train:8442,train,54689,8442,8442.jpg,3840,2160,1,swimmer,770.0,1539.0,63.0,50.0,3150.0,32.698405364218225,33.8,mavic,NorthSea_Sat_DJI_0129.MP4,2775,data/raw/seadronessee/odv2/images/train/8442.jpg,val,1566,18,781,1584,2347,required_80m_footprint_outside_source_frame
train:54693,train:8442,train,54693,8442,8442.jpg,3840,2160,1,swimmer,2269.0,645.0,48.0,24.0,1152.0,32.698405364218225,33.8,mavic,NorthSea_Sat_DJI_0129.MP4,2775,data/raw/seadronessee/odv2/images/train/8442.jpg,val,1566,1510,-126,3076,1440,required_80m_footprint_outside_source_frame
train:54695,train:8442,train,54695,8442,8442.jpg,3840,2160,2,boat,2787.0,47.0,121.0,51.0,6171.0,32.698405364218225,33.8,mavic,NorthSea_Sat_DJI_0129.MP4,2775,data/raw/seadronessee/odv2/images/train/8442.jpg,val,1566,2064,-710,3630,856,required_80m_footprint_outside_source_frame
train:54711,train:8444,train,54711,8444,8444.jpg,3840,2160,1,swimmer,1865.0,579.0,88.0,48.0,4224.0,32.59841024078025,38.2,mavic,NorthSea_Sat_DJI_0129.MP4,2805,data/raw/seadronessee/odv2/images/train/8444.jpg,val,1571,1124,-182,2695,1389,required_80m_footprint_outside_source_frame
train:54712,train:8444,train,54712,8444,8444.jpg,3840,2160,1,swimmer,2540.0,488.0,69.0,38.0,2622.0,32.59841024078025,38.2,mavic,NorthSea_Sat_DJI_0129.MP4,2805,data/raw/seadronessee/odv2/images/train/8444.jpg,val,1571,1789,-278,3360,1293,required_80m_footprint_outside_source_frame
train:54714,train:8444,train,54714,8444,8444.jpg,3840,2160,1,swimmer,1053.0,716.0,60.0,42.0,2520.0,32.59841024078025,38.2,mavic,NorthSea_Sat_DJI_0129.MP4,2805,data/raw/seadronessee/odv2/images/train/8444.jpg,val,1571,298,-48,1869,1523,required_80m_footprint_outside_source_frame
train:54715,train:8444,train,54715,8444,8444.jpg,3840,2160,1,swimmer,2029.0,409.0,51.0,43.0,2193.0,32.59841024078025,38.2,mavic,NorthSea_Sat_DJI_0129.MP4,2805,data/raw/seadronessee/odv2/images/train/8444.jpg,val,1571,1269,-355,2840,1216,required_80m_footprint_outside_source_frame
train:54716,train:8444,train,54716,8444,8444.jpg,3840,2160,1,swimmer,2266.0,278.0,52.0,26.0,1352.0,32.59841024078025,38.2,mavic,NorthSea_Sat_DJI_0129.MP4,2805,data/raw/seadronessee/odv2/images/train/8444.jpg,val,1571,1506,-494,3077,1077,required_80m_footprint_outside_source_frame
train:54717,train:8444,train,54717,8444,8444.jpg,3840,2160,1,swimmer,1267.0,680.0,42.0,21.0,882.0,32.59841024078025,38.2,mavic,NorthSea_Sat_DJI_0129.MP4,2805,data/raw/seadronessee/odv2/images/train/8444.jpg,val,1571,502,-95,2073,1476,required_80m_footprint_outside_source_frame
train:54733,train:8446,train,54733,8446,8446.jpg,3840,2160,1,swimmer,1871.0,592.0,88.0,48.0,4224.0,32.7984004876562,44.8,mavic,NorthSea_Sat_DJI_0129.MP4,2835,data/raw/seadronessee/odv2/images/train/8446.jpg,val,1561,1134,-164,2695,1397,required_80m_footprint_outside_source_frame
train:54734,train:8446,train,54734,8446,8446.jpg,3840,2160,1,swimmer,2522.0,501.0,69.0,38.0,2622.0,32.7984004876562,44.8,mavic,NorthSea_Sat_DJI_0129.MP4,2835,data/raw/seadronessee/odv2/images/train/8446.jpg,val,1561,1776,-260,3337,1301,required_80m_footprint_outside_source_frame
train:54736,train:8446,train,54736,8446,8446.jpg,3840,2160,1,swimmer,1078.0,744.0,44.0,31.0,1364.0,32.7984004876562,44.8,mavic,NorthSea_Sat_DJI_0129.MP4,2835,data/raw/seadronessee/odv2/images/train/8446.jpg,val,1561,320,-21,1881,1540,required_80m_footprint_outside_source_frame
train:54737,train:8446,train,54737,8446,8446.jpg,3840,2160,1,swimmer,2036.0,421.0,38.0,41.0,1558.0,32.7984004876562,44.8,mavic,NorthSea_Sat_DJI_0129.MP4,2835,data/raw/seadronessee/odv2/images/train/8446.jpg,val,1561,1274,-339,2835,1222,required_80m_footprint_outside_source_frame
train:54738,train:8446,train,54738,8446,8446.jpg,3840,2160,1,swimmer,2249.0,305.0,60.0,26.0,1560.0,32.7984004876562,44.8,mavic,NorthSea_Sat_DJI_0129.MP4,2835,data/raw/seadronessee/odv2/images/train/8446.jpg,val,1561,1498,-462,3059,1099,required_80m_footprint_outside_source_frame
train:54739,train:8446,train,54739,8446,8446.jpg,3840,2160,1,swimmer,1270.0,699.0,49.0,26.0,1274.0,32.7984004876562,44.8,mavic,NorthSea_Sat_DJI_0129.MP4,2835,data/raw/seadronessee/odv2/images/train/8446.jpg,val,1561,514,-68,2075,1493,required_80m_footprint_outside_source_frame
train:54755,train:8448,train,54755,8448,8448.jpg,3840,2160,1,swimmer,1881.0,600.0,68.0,61.0,4148.0,33.398371228284056,44.8,mavic,NorthSea_Sat_DJI_0129.MP4,2865,data/raw/seadronessee/odv2/images/train/8448.jpg,val,1533,1148,-136,2681,1397,required_80m_footprint_outside_source_frame
train:54756,train:8448,train,54756,8448,8448.jpg,3840,2160,1,swimmer,2498.0,529.0,69.0,38.0,2622.0,33.398371228284056,44.8,mavic,NorthSea_Sat_DJI_0129.MP4,2865,data/raw/seadronessee/odv2/images/train/8448.jpg,val,1533,1766,-218,3299,1315,required_80m_footprint_outside_source_frame
train:54759,train:8448,train,54759,8448,8448.jpg,3840,2160,1,swimmer,2035.0,444.0,34.0,40.0,1360.0,33.398371228284056,44.8,mavic,NorthSea_Sat_DJI_0129.MP4,2865,data/raw/seadronessee/odv2/images/train/8448.jpg,val,1533,1286,-302,2819,1231,required_80m_footprint_outside_source_frame
train:54760,train:8448,train,54760,8448,8448.jpg,3840,2160,1,swimmer,2249.0,329.0,50.0,24.0,1200.0,33.398371228284056,44.8,mavic,NorthSea_Sat_DJI_0129.MP4,2865,data/raw/seadronessee/odv2/images/train/8448.jpg,val,1533,1508,-426,3041,1107,required_80m_footprint_outside_source_frame
train:54761,train:8448,train,54761,8448,8448.jpg,3840,2160,1,swimmer,1270.0,711.0,45.0,26.0,1170.0,33.398371228284056,44.8,mavic,NorthSea_Sat_DJI_0129.MP4,2865,data/raw/seadronessee/odv2/images/train/8448.jpg,val,1533,526,-42,2059,1491,required_80m_footprint_outside_source_frame
train:54777,train:8450,train,54777,8450,8450.jpg,3840,2160,1,swimmer,1879.0,626.0,68.0,61.0,4148.0,33.89834684547394,44.8,mavic,NorthSea_Sat_DJI_0129.MP4,2895,data/raw/seadronessee/odv2/images/train/8450.jpg,val,1510,1158,-98,2668,1412,required_80m_footprint_outside_source_frame
train:54778,train:8450,train,54778,8450,8450.jpg,3840,2160,1,swimmer,2480.0,565.0,69.0,38.0,2622.0,33.89834684547394,44.8,mavic,NorthSea_Sat_DJI_0129.MP4,2895,data/raw/seadronessee/odv2/images/train/8450.jpg,val,1510,1760,-171,3270,1339,required_80m_footprint_outside_source_frame
train:54781,train:8450,train,54781,8450,8450.jpg,3840,2160,1,swimmer,2035.0,468.0,34.0,40.0,1360.0,33.89834684547394,44.8,mavic,NorthSea_Sat_DJI_0129.MP4,2895,data/raw/seadronessee/odv2/images/train/8450.jpg,val,1510,1297,-267,2807,1243,required_80m_footprint_outside_source_frame
train:54782,train:8450,train,54782,8450,8450.jpg,3840,2160,1,swimmer,2224.0,352.0,63.0,27.0,1701.0,33.89834684547394,44.8,mavic,NorthSea_Sat_DJI_0129.MP4,2895,data/raw/seadronessee/odv2/images/train/8450.jpg,val,1510,1500,-390,3010,1120,required_80m_footprint_outside_source_frame
train:54783,train:8450,train,54783,8450,8450.jpg,3840,2160,1,swimmer,1267.0,733.0,43.0,25.0,1075.0,33.89834684547394,44.8,mavic,NorthSea_Sat_DJI_0129.MP4,2895,data/raw/seadronessee/odv2/images/train/8450.jpg,val,1510,534,-10,2044,1500,required_80m_footprint_outside_source_frame
train:54799,train:8452,train,54799,8452,8452.jpg,3840,2160,1,swimmer,1874.0,664.0,68.0,61.0,4148.0,34.598312709539776,44.8,mavic,NorthSea_Sat_DJI_0129.MP4,2925,data/raw/seadronessee/odv2/images/train/8452.jpg,val,1480,1168,-46,2648,1434,required_80m_footprint_outside_source_frame
train:54800,train:8452,train,54800,8452,8452.jpg,3840,2160,1,swimmer,2464.0,596.0,69.0,38.0,2622.0,34.598312709539776,44.8,mavic,NorthSea_Sat_DJI_0129.MP4,2925,data/raw/seadronessee/odv2/images/train/8452.jpg,val,1480,1758,-125,3238,1355,required_80m_footprint_outside_source_frame
train:54803,train:8452,train,54803,8452,8452.jpg,3840,2160,1,swimmer,2021.0,499.0,41.0,35.0,1435.0,34.598312709539776,44.8,mavic,NorthSea_Sat_DJI_0129.MP4,2925,data/raw/seadronessee/odv2/images/train/8452.jpg,val,1480,1302,-224,2782,1256,required_80m_footprint_outside_source_frame
train:54804,train:8452,train,54804,8452,8452.jpg,3840,2160,1,swimmer,2227.0,377.0,49.0,26.0,1274.0,34.598312709539776,44.8,mavic,NorthSea_Sat_DJI_0129.MP4,2925,data/raw/seadronessee/odv2/images/train/8452.jpg,val,1480,1512,-350,2992,1130,required_80m_footprint_outside_source_frame
train:61133,train:9108,train,61133,9108,9108.jpg,3840,2160,5,buoy,1747.0,500.0,40.0,56.0,2240.0,34.598312709539776,27.7,mavic,NorthSea_Sat_DJI_0131.MP4,3735,data/raw/seadronessee/odv2/images/train/9108.jpg,val,1480,1027,-212,2507,1268,required_80m_footprint_outside_source_frame
train:61134,train:9108,train,61134,9108,9108.jpg,3840,2160,1,swimmer,1523.0,1742.0,58.0,42.0,2436.0,34.598312709539776,27.7,mavic,NorthSea_Sat_DJI_0131.MP4,3735,data/raw/seadronessee/odv2/images/train/9108.jpg,val,1480,812,1023,2292,2503,required_80m_footprint_outside_source_frame
train:61135,train:9108,train,61135,9108,9108.jpg,3840,2160,2,boat,1202.0,1788.0,266.0,206.0,54796.0,34.598312709539776,27.7,mavic,NorthSea_Sat_DJI_0131.MP4,3735,data/raw/seadronessee/odv2/images/train/9108.jpg,val,1480,595,1151,2075,2631,required_80m_footprint_outside_source_frame
train:61138,train:9108,train,61138,9108,9108.jpg,3840,2160,2,boat,3200.0,1316.0,304.0,158.0,48032.0,34.598312709539776,27.7,mavic,NorthSea_Sat_DJI_0131.MP4,3735,data/raw/seadronessee/odv2/images/train/9108.jpg,val,1480,2612,655,4092,2135,required_80m_footprint_outside_source_frame
train:61139,train:9108,train,61139,9108,9108.jpg,3840,2160,1,swimmer,1484.0,1516.0,60.0,42.0,2520.0,34.598312709539776,27.7,mavic,NorthSea_Sat_DJI_0131.MP4,3735,data/raw/seadronessee/odv2/images/train/9108.jpg,val,1480,774,797,2254,2277,required_80m_footprint_outside_source_frame
train:61141,train:9108,train,61141,9108,9108.jpg,3840,2160,1,swimmer,2758.0,1454.0,30.0,34.0,1020.0,34.598312709539776,27.7,mavic,NorthSea_Sat_DJI_0131.MP4,3735,data/raw/seadronessee/odv2/images/train/9108.jpg,val,1480,2033,731,3513,2211,required_80m_footprint_outside_source_frame
train:61142,train:9108,train,61142,9108,9108.jpg,3840,2160,1,swimmer,2325.0,1519.0,56.0,36.0,2016.0,34.598312709539776,27.7,mavic,NorthSea_Sat_DJI_0131.MP4,3735,data/raw/seadronessee/odv2/images/train/9108.jpg,val,1480,1613,797,3093,2277,required_80m_footprint_outside_source_frame
train:61153,train:9110,train,61153,9110,9110.jpg,3840,2160,5,buoy,1736.0,479.0,39.0,57.0,2223.0,33.19838098140811,27.7,mavic,NorthSea_Sat_DJI_0131.MP4,3765,data/raw/seadronessee/odv2/images/train/9110.jpg,val,1542,984,-264,2526,1278,required_80m_footprint_outside_source_frame
train:61155,train:9110,train,61155,9110,9110.jpg,3840,2160,1,swimmer,1512.0,1688.0,44.0,35.0,1540.0,33.19838098140811,27.7,mavic,NorthSea_Sat_DJI_0131.MP4,3765,data/raw/seadronessee/odv2/images/train/9110.jpg,val,1542,763,934,2305,2476,required_80m_footprint_outside_source_frame
train:61156,train:9110,train,61156,9110,9110.jpg,3840,2160,2,boat,1172.0,1739.0,278.0,212.0,58936.0,33.19838098140811,27.7,mavic,NorthSea_Sat_DJI_0131.MP4,3765,data/raw/seadronessee/odv2/images/train/9110.jpg,val,1542,540,1074,2082,2616,required_80m_footprint_outside_source_frame
train:61158,train:9110,train,61158,9110,9110.jpg,3840,2160,2,boat,3204.0,1281.0,308.0,160.0,49280.0,33.19838098140811,27.7,mavic,NorthSea_Sat_DJI_0131.MP4,3765,data/raw/seadronessee/odv2/images/train/9110.jpg,val,1542,2587,590,4129,2132,required_80m_footprint_outside_source_frame
train:61159,train:9110,train,61159,9110,9110.jpg,3840,2160,1,swimmer,1474.0,1481.0,49.0,41.0,2009.0,33.19838098140811,27.7,mavic,NorthSea_Sat_DJI_0131.MP4,3765,data/raw/seadronessee/odv2/images/train/9110.jpg,val,1542,728,730,2270,2272,required_80m_footprint_outside_source_frame
train:61162,train:9110,train,61162,9110,9110.jpg,3840,2160,1,swimmer,2734.0,1425.0,27.0,33.0,891.0,33.19838098140811,27.7,mavic,NorthSea_Sat_DJI_0131.MP4,3765,data/raw/seadronessee/odv2/images/train/9110.jpg,val,1542,1976,670,3518,2212,required_80m_footprint_outside_source_frame
train:61163,train:9110,train,61163,9110,9110.jpg,3840,2160,1,swimmer,2289.0,1484.0,55.0,35.0,1925.0,33.19838098140811,27.7,mavic,NorthSea_Sat_DJI_0131.MP4,3765,data/raw/seadronessee/odv2/images/train/9110.jpg,val,1542,1546,730,3088,2272,required_80m_footprint_outside_source_frame
train:61175,train:9112,train,61175,9112,9112.jpg,3840,2160,5,buoy,1731.0,442.0,39.0,59.0,2301.0,32.3984199939043,27.7,mavic,NorthSea_Sat_DJI_0131.MP4,3795,data/raw/seadronessee/odv2/images/train/9112.jpg,val,1580,960,-318,2540,1262,required_80m_footprint_outside_source_frame
train:61177,train:9112,train,61177,9112,9112.jpg,3840,2160,1,swimmer,1506.0,1628.0,62.0,42.0,2604.0,32.3984199939043,27.7,mavic,NorthSea_Sat_DJI_0131.MP4,3795,data/raw/seadronessee/odv2/images/train/9112.jpg,val,1580,747,859,2327,2439,required_80m_footprint_outside_source_frame
train:61178,train:9112,train,61178,9112,9112.jpg,3840,2160,2,boat,1160.0,1695.0,280.0,209.0,58520.0,32.3984199939043,27.7,mavic,NorthSea_Sat_DJI_0131.MP4,3795,data/raw/seadronessee/odv2/images/train/9112.jpg,val,1580,510,1010,2090,2590,required_80m_footprint_outside_source_frame
train:61180,train:9112,train,61180,9112,9112.jpg,3840,2160,2,boat,3224.0,1238.0,306.0,161.0,49266.0,32.3984199939043,27.7,mavic,NorthSea_Sat_DJI_0131.MP4,3795,data/raw/seadronessee/odv2/images/train/9112.jpg,val,1580,2587,528,4167,2108,required_80m_footprint_outside_source_frame
train:61181,train:9112,train,61181,9112,9112.jpg,3840,2160,1,swimmer,1467.0,1430.0,50.0,33.0,1650.0,32.3984199939043,27.7,mavic,NorthSea_Sat_DJI_0131.MP4,3795,data/raw/seadronessee/odv2/images/train/9112.jpg,val,1580,702,656,2282,2236,required_80m_footprint_outside_source_frame
train:61184,train:9112,train,61184,9112,9112.jpg,3840,2160,1,swimmer,2714.0,1373.0,28.0,34.0,952.0,32.3984199939043,27.7,mavic,NorthSea_Sat_DJI_0131.MP4,3795,data/raw/seadronessee/odv2/images/train/9112.jpg,val,1580,1938,600,3518,2180,required_80m_footprint_outside_source_frame
train:61185,train:9112,train,61185,9112,9112.jpg,3840,2160,1,swimmer,2271.0,1439.0,46.0,30.0,1380.0,32.3984199939043,27.7,mavic,NorthSea_Sat_DJI_0131.MP4,3795,data/raw/seadronessee/odv2/images/train/9112.jpg,val,1580,1504,664,3084,2244,required_80m_footprint_outside_source_frame
train:61197,train:9114,train,61197,9114,9114.jpg,3840,2160,5,buoy,1714.0,401.0,39.0,58.0,2262.0,30.698502895458702,27.7,mavic,NorthSea_Sat_DJI_0131.MP4,3825,data/raw/seadronessee/odv2/images/train/9114.jpg,val,1668,900,-404,2568,1264,required_80m_footprint_outside_source_frame
train:61199,train:9114,train,61199,9114,9114.jpg,3840,2160,1,swimmer,1475.0,1564.0,46.0,35.0,1610.0,30.698502895458702,27.7,mavic,NorthSea_Sat_DJI_0131.MP4,3825,data/raw/seadronessee/odv2/images/train/9114.jpg,val,1668,664,748,2332,2416,required_80m_footprint_outside_source_frame
train:61200,train:9114,train,61200,9114,9114.jpg,3840,2160,2,boat,1109.0,1635.0,289.0,201.0,58089.0,30.698502895458702,27.7,mavic,NorthSea_Sat_DJI_0131.MP4,3825,data/raw/seadronessee/odv2/images/train/9114.jpg,val,1668,420,902,2088,2570,required_80m_footprint_outside_source_frame
train:61202,train:9114,train,61202,9114,9114.jpg,3840,2160,2,boat,3219.0,1180.0,303.0,161.0,48783.0,30.698502895458702,27.7,mavic,NorthSea_Sat_DJI_0131.MP4,3825,data/raw/seadronessee/odv2/images/train/9114.jpg,val,1668,2536,426,4204,2094,required_80m_footprint_outside_source_frame
train:61203,train:9114,train,61203,9114,9114.jpg,3840,2160,1,swimmer,1430.0,1374.0,54.0,33.0,1782.0,30.698502895458702,27.7,mavic,NorthSea_Sat_DJI_0131.MP4,3825,data/raw/seadronessee/odv2/images/train/9114.jpg,val,1668,623,556,2291,2224,required_80m_footprint_outside_source_frame
train:61207,train:9114,train,61207,9114,9114.jpg,3840,2160,1,swimmer,2209.0,1378.0,57.0,34.0,1938.0,30.698502895458702,27.7,mavic,NorthSea_Sat_DJI_0131.MP4,3825,data/raw/seadronessee/odv2/images/train/9114.jpg,val,1668,1404,561,3072,2229,required_80m_footprint_outside_source_frame
train:61219,train:9116,train,61219,9116,9116.jpg,3840,2160,5,buoy,1696.0,378.0,40.0,58.0,2320.0,29.09858092045108,27.7,mavic,NorthSea_Sat_DJI_0131.MP4,3855,data/raw/seadronessee/odv2/images/train/9116.jpg,val,1760,836,-473,2596,1287,required_80m_footprint_outside_source_frame
train:61220,train:9116,train,61220,9116,9116.jpg,3840,2160,1,swimmer,1444.0,1517.0,56.0,34.0,1904.0,29.09858092045108,27.7,mavic,NorthSea_Sat_DJI_0131.MP4,3855,data/raw/seadronessee/odv2/images/train/9116.jpg,val,1760,592,654,2352,2414,required_80m_footprint_outside_source_frame
train:61221,train:9116,train,61221,9116,9116.jpg,3840,2160,2,boat,1059.0,1599.0,293.0,199.0,58307.0,29.09858092045108,27.7,mavic,NorthSea_Sat_DJI_0131.MP4,3855,data/raw/seadronessee/odv2/images/train/9116.jpg,val,1760,326,818,2086,2578,required_80m_footprint_outside_source_frame
train:61223,train:9116,train,61223,9116,9116.jpg,3840,2160,2,boat,3189.0,1133.0,315.0,156.0,49140.0,29.09858092045108,27.7,mavic,NorthSea_Sat_DJI_0131.MP4,3855,data/raw/seadronessee/odv2/images/train/9116.jpg,val,1760,2466,331,4226,2091,required_80m_footprint_outside_source_frame
train:61224,train:9116,train,61224,9116,9116.jpg,3840,2160,1,swimmer,1390.0,1337.0,40.0,33.0,1320.0,29.09858092045108,27.7,mavic,NorthSea_Sat_DJI_0131.MP4,3855,data/raw/seadronessee/odv2/images/train/9116.jpg,val,1760,530,474,2290,2234,required_80m_footprint_outside_source_frame
train:61228,train:9116,train,61228,9116,9116.jpg,3840,2160,1,swimmer,2160.0,1348.0,45.0,32.0,1440.0,29.09858092045108,27.7,mavic,NorthSea_Sat_DJI_0131.MP4,3855,data/raw/seadronessee/odv2/images/train/9116.jpg,val,1760,1302,484,3062,2244,required_80m_footprint_outside_source_frame
train:61241,train:9118,train,61241,9118,9118.jpg,3840,2160,5,buoy,1692.0,379.0,40.0,59.0,2360.0,27.99863456263334,27.7,mavic,NorthSea_Sat_DJI_0131.MP4,3885,data/raw/seadronessee/odv2/images/train/9118.jpg,val,1829,798,-506,2627,1323,required_80m_footprint_outside_source_frame
train:61242,train:9118,train,61242,9118,9118.jpg,3840,2160,1,swimmer,1436.0,1514.0,58.0,31.0,1798.0,27.99863456263334,27.7,mavic,NorthSea_Sat_DJI_0131.MP4,3885,data/raw/seadronessee/odv2/images/train/9118.jpg,val,1829,550,615,2379,2444,required_80m_footprint_outside_source_frame
train:61243,train:9118,train,61243,9118,9118.jpg,3840,2160,2,boat,1052.0,1601.0,297.0,204.0,60588.0,27.99863456263334,27.7,mavic,NorthSea_Sat_DJI_0131.MP4,3885,data/raw/seadronessee/odv2/images/train/9118.jpg,val,1829,286,788,2115,2617,required_80m_footprint_outside_source_frame
train:61245,train:9118,train,61245,9118,9118.jpg,3840,2160,2,boat,3198.0,1122.0,316.0,158.0,49928.0,27.99863456263334,27.7,mavic,NorthSea_Sat_DJI_0131.MP4,3885,data/raw/seadronessee/odv2/images/train/9118.jpg,val,1829,2442,286,4271,2115,required_80m_footprint_outside_source_frame
train:61246,train:9118,train,61246,9118,9118.jpg,3840,2160,1,swimmer,1383.0,1351.0,56.0,38.0,2128.0,27.99863456263334,27.7,mavic,NorthSea_Sat_DJI_0131.MP4,3885,data/raw/seadronessee/odv2/images/train/9118.jpg,val,1829,496,456,2325,2285,required_80m_footprint_outside_source_frame
train:61249,train:9118,train,61249,9118,9118.jpg,3840,2160,1,swimmer,2630.0,1266.0,43.0,36.0,1548.0,27.99863456263334,27.7,mavic,NorthSea_Sat_DJI_0131.MP4,3885,data/raw/seadronessee/odv2/images/train/9118.jpg,val,1829,1737,370,3566,2199,required_80m_footprint_outside_source_frame
train:61250,train:9118,train,61250,9118,9118.jpg,3840,2160,1,swimmer,2133.0,1360.0,34.0,26.0,884.0,27.99863456263334,27.7,mavic,NorthSea_Sat_DJI_0131.MP4,3885,data/raw/seadronessee/odv2/images/train/9118.jpg,val,1829,1236,458,3065,2287,required_80m_footprint_outside_source_frame
train:61263,train:9120,train,61263,9120,9120.jpg,3840,2160,5,buoy,1694.0,377.0,41.0,58.0,2378.0,27.79864431575739,27.7,mavic,NorthSea_Sat_DJI_0131.MP4,3915,data/raw/seadronessee/odv2/images/train/9120.jpg,val,1842,794,-515,2636,1327,required_80m_footprint_outside_source_frame
train:61264,train:9120,train,61264,9120,9120.jpg,3840,2160,1,swimmer,1438.0,1511.0,70.0,37.0,2590.0,27.79864431575739,27.7,mavic,NorthSea_Sat_DJI_0131.MP4,3915,data/raw/seadronessee/odv2/images/train/9120.jpg,val,1842,552,608,2394,2450,required_80m_footprint_outside_source_frame
train:61266,train:9120,train,61266,9120,9120.jpg,3840,2160,2,boat,1064.0,1606.0,302.0,200.0,60400.0,27.79864431575739,27.7,mavic,NorthSea_Sat_DJI_0131.MP4,3915,data/raw/seadronessee/odv2/images/train/9120.jpg,val,1842,294,785,2136,2627,required_80m_footprint_outside_source_frame
train:61267,train:9120,train,61267,9120,9120.jpg,3840,2160,2,boat,3218.0,1122.0,319.0,162.0,51678.0,27.79864431575739,27.7,mavic,NorthSea_Sat_DJI_0131.MP4,3915,data/raw/seadronessee/odv2/images/train/9120.jpg,val,1842,2456,282,4298,2124,required_80m_footprint_outside_source_frame
train:61268,train:9120,train,61268,9120,9120.jpg,3840,2160,1,swimmer,1388.0,1342.0,44.0,31.0,1364.0,27.79864431575739,27.7,mavic,NorthSea_Sat_DJI_0131.MP4,3915,data/raw/seadronessee/odv2/images/train/9120.jpg,val,1842,489,436,2331,2278,required_80m_footprint_outside_source_frame
train:61271,train:9120,train,61271,9120,9120.jpg,3840,2160,1,swimmer,2620.0,1285.0,44.0,36.0,1584.0,27.79864431575739,27.7,mavic,NorthSea_Sat_DJI_0131.MP4,3915,data/raw/seadronessee/odv2/images/train/9120.jpg,val,1842,1721,382,3563,2224,required_80m_footprint_outside_source_frame
train:61272,train:9120,train,61272,9120,9120.jpg,3840,2160,1,swimmer,2108.0,1370.0,41.0,28.0,1148.0,27.79864431575739,27.7,mavic,NorthSea_Sat_DJI_0131.MP4,3915,data/raw/seadronessee/odv2/images/train/9120.jpg,val,1842,1208,463,3050,2305,required_80m_footprint_outside_source_frame
train:61285,train:9122,train,61285,9122,9122.jpg,3840,2160,5,buoy,1645.0,376.0,41.0,58.0,2378.0,27.99863456263334,27.7,mavic,NorthSea_Sat_DJI_0131.MP4,3945,data/raw/seadronessee/odv2/images/train/9122.jpg,val,1829,751,-510,2580,1319,required_80m_footprint_outside_source_frame
train:61286,train:9122,train,61286,9122,9122.jpg,3840,2160,1,swimmer,1324.0,1479.0,103.0,53.0,5459.0,27.99863456263334,27.7,mavic,NorthSea_Sat_DJI_0131.MP4,3945,data/raw/seadronessee/odv2/images/train/9122.jpg,val,1829,461,591,2290,2420,required_80m_footprint_outside_source_frame
train:61288,train:9122,train,61288,9122,9122.jpg,3840,2160,2,boat,936.0,1591.0,310.0,206.0,63860.0,27.99863456263334,27.7,mavic,NorthSea_Sat_DJI_0131.MP4,3945,data/raw/seadronessee/odv2/images/train/9122.jpg,val,1829,176,780,2005,2609,required_80m_footprint_outside_source_frame
train:61289,train:9122,train,61289,9122,9122.jpg,3840,2160,2,boat,3129.0,1119.0,321.0,163.0,52323.0,27.99863456263334,27.7,mavic,NorthSea_Sat_DJI_0131.MP4,3945,data/raw/seadronessee/odv2/images/train/9122.jpg,val,1829,2375,286,4204,2115,required_80m_footprint_outside_source_frame
train:61290,train:9122,train,61290,9122,9122.jpg,3840,2160,1,swimmer,1285.0,1328.0,53.0,45.0,2385.0,27.99863456263334,27.7,mavic,NorthSea_Sat_DJI_0131.MP4,3945,data/raw/seadronessee/odv2/images/train/9122.jpg,val,1829,397,436,2226,2265,required_80m_footprint_outside_source_frame
train:61293,train:9122,train,61293,9122,9122.jpg,3840,2160,1,swimmer,2508.0,1285.0,52.0,33.0,1716.0,27.99863456263334,27.7,mavic,NorthSea_Sat_DJI_0131.MP4,3945,data/raw/seadronessee/odv2/images/train/9122.jpg,val,1829,1620,387,3449,2216,required_80m_footprint_outside_source_frame
train:61294,train:9122,train,61294,9122,9122.jpg,3840,2160,1,swimmer,1956.0,1370.0,48.0,32.0,1536.0,27.99863456263334,27.7,mavic,NorthSea_Sat_DJI_0131.MP4,3945,data/raw/seadronessee/odv2/images/train/9122.jpg,val,1829,1066,472,2895,2301,required_80m_footprint_outside_source_frame
train:61307,train:9124,train,61307,9124,9124.jpg,3840,2160,5,buoy,1548.0,364.0,41.0,58.0,2378.0,27.59865406888144,27.7,mavic,NorthSea_Sat_DJI_0131.MP4,3975,data/raw/seadronessee/odv2/images/train/9124.jpg,val,1855,641,-534,2496,1321,required_80m_footprint_outside_source_frame
train:61308,train:9124,train,61308,9124,9124.jpg,3840,2160,1,swimmer,1138.0,1453.0,99.0,51.0,5049.0,27.59865406888144,27.7,mavic,NorthSea_Sat_DJI_0131.MP4,3975,data/raw/seadronessee/odv2/images/train/9124.jpg,val,1855,260,551,2115,2406,required_80m_footprint_outside_source_frame
train:61311,train:9124,train,61311,9124,9124.jpg,3840,2160,2,boat,703.0,1568.0,319.0,204.0,65076.0,27.59865406888144,27.7,mavic,NorthSea_Sat_DJI_0131.MP4,3975,data/raw/seadronessee/odv2/images/train/9124.jpg,val,1855,-65,742,1790,2597,required_80m_footprint_outside_source_frame
train:61312,train:9124,train,61312,9124,9124.jpg,3840,2160,2,boat,2960.0,1102.0,320.0,165.0,52800.0,27.59865406888144,27.7,mavic,NorthSea_Sat_DJI_0131.MP4,3975,data/raw/seadronessee/odv2/images/train/9124.jpg,val,1855,2192,257,4047,2112,required_80m_footprint_outside_source_frame
train:61313,train:9124,train,61313,9124,9124.jpg,3840,2160,1,swimmer,1102.0,1310.0,47.0,32.0,1504.0,27.59865406888144,27.7,mavic,NorthSea_Sat_DJI_0131.MP4,3975,data/raw/seadronessee/odv2/images/train/9124.jpg,val,1855,198,398,2053,2253,required_80m_footprint_outside_source_frame
train:61314,train:9124,train,61314,9124,9124.jpg,3840,2160,1,swimmer,2315.0,1272.0,38.0,34.0,1292.0,27.59865406888144,27.7,mavic,NorthSea_Sat_DJI_0131.MP4,3975,data/raw/seadronessee/odv2/images/train/9124.jpg,val,1855,1406,362,3261,2217,required_80m_footprint_outside_source_frame
train:61315,train:9124,train,61315,9124,9124.jpg,3840,2160,1,swimmer,1734.0,1355.0,40.0,29.0,1160.0,27.59865406888144,27.7,mavic,NorthSea_Sat_DJI_0131.MP4,3975,data/raw/seadronessee/odv2/images/train/9124.jpg,val,1855,826,442,2681,2297,required_80m_footprint_outside_source_frame
train:61327,train:9126,train,61327,9126,9126.jpg,3840,2160,1,swimmer,1149.0,1438.0,118.0,54.0,6372.0,26.998683328253588,27.7,mavic,NorthSea_Sat_DJI_0131.MP4,4005,data/raw/seadronessee/odv2/images/train/9126.jpg,val,1896,260,517,2156,2413,required_80m_footprint_outside_source_frame
train:61329,train:9126,train,61329,9126,9126.jpg,3840,2160,5,buoy,1537.0,356.0,40.0,59.0,2360.0,26.998683328253588,27.7,mavic,NorthSea_Sat_DJI_0131.MP4,4005,data/raw/seadronessee/odv2/images/train/9126.jpg,val,1896,609,-562,2505,1334,required_80m_footprint_outside_source_frame
train:61330,train:9126,train,61330,9126,9126.jpg,3840,2160,1,swimmer,1092.0,1315.0,52.0,29.0,1508.0,26.998683328253588,27.7,mavic,NorthSea_Sat_DJI_0131.MP4,4005,data/raw/seadronessee/odv2/images/train/9126.jpg,val,1896,170,382,2066,2278,required_80m_footprint_outside_source_frame
train:61331,train:9126,train,61331,9126,9126.jpg,3840,2160,1,swimmer,2275.0,1290.0,45.0,30.0,1350.0,26.998683328253588,27.7,mavic,NorthSea_Sat_DJI_0131.MP4,4005,data/raw/seadronessee/odv2/images/train/9126.jpg,val,1896,1350,357,3246,2253,required_80m_footprint_outside_source_frame
train:61333,train:9126,train,61333,9126,9126.jpg,3840,2160,2,boat,686.0,1582.0,323.0,205.0,66215.0,26.998683328253588,27.7,mavic,NorthSea_Sat_DJI_0131.MP4,4005,data/raw/seadronessee/odv2/images/train/9126.jpg,val,1896,-100,736,1796,2632,required_80m_footprint_outside_source_frame
train:61334,train:9126,train,61334,9126,9126.jpg,3840,2160,2,boat,2962.0,1107.0,323.0,162.0,52326.0,26.998683328253588,27.7,mavic,NorthSea_Sat_DJI_0131.MP4,4005,data/raw/seadronessee/odv2/images/train/9126.jpg,val,1896,2176,240,4072,2136,required_80m_footprint_outside_source_frame
train:61335,train:9126,train,61335,9126,9126.jpg,3840,2160,1,swimmer,1693.0,1353.0,42.0,29.0,1218.0,26.998683328253588,27.7,mavic,NorthSea_Sat_DJI_0131.MP4,4005,data/raw/seadronessee/odv2/images/train/9126.jpg,val,1896,766,420,2662,2316,required_80m_footprint_outside_source_frame
train:61348,train:9128,train,61348,9128,9128.jpg,3840,2160,5,buoy,1569.0,352.0,42.0,58.0,2436.0,26.8986882048156,27.7,mavic,NorthSea_Sat_DJI_0131.MP4,4035,data/raw/seadronessee/odv2/images/train/9128.jpg,val,1903,638,-570,2541,1333,required_80m_footprint_outside_source_frame
train:61349,train:9128,train,61349,9128,9128.jpg,3840,2160,1,swimmer,1249.0,1439.0,99.0,55.0,5445.0,26.8986882048156,27.7,mavic,NorthSea_Sat_DJI_0131.MP4,4035,data/raw/seadronessee/odv2/images/train/9128.jpg,val,1903,347,515,2250,2418,required_80m_footprint_outside_source_frame
train:61350,train:9128,train,61350,9128,9128.jpg,3840,2160,1,swimmer,1146.0,1318.0,55.0,31.0,1705.0,26.8986882048156,27.7,mavic,NorthSea_Sat_DJI_0131.MP4,4035,data/raw/seadronessee/odv2/images/train/9128.jpg,val,1903,222,382,2125,2285,required_80m_footprint_outside_source_frame
train:61351,train:9128,train,61351,9128,9128.jpg,3840,2160,1,swimmer,2349.0,1285.0,27.0,34.0,918.0,26.8986882048156,27.7,mavic,NorthSea_Sat_DJI_0131.MP4,4035,data/raw/seadronessee/odv2/images/train/9128.jpg,val,1903,1411,350,3314,2253,required_80m_footprint_outside_source_frame
train:61353,train:9128,train,61353,9128,9128.jpg,3840,2160,2,boat,3042.0,1107.0,326.0,164.0,53464.0,26.8986882048156,27.7,mavic,NorthSea_Sat_DJI_0131.MP4,4035,data/raw/seadronessee/odv2/images/train/9128.jpg,val,1903,2254,238,4157,2141,required_80m_footprint_outside_source_frame
train:61354,train:9128,train,61354,9128,9128.jpg,3840,2160,2,boat,749.0,1593.0,326.0,206.0,67156.0,26.8986882048156,27.7,mavic,NorthSea_Sat_DJI_0131.MP4,4035,data/raw/seadronessee/odv2/images/train/9128.jpg,val,1903,-40,744,1863,2647,required_80m_footprint_outside_source_frame
train:61355,train:9128,train,61355,9128,9128.jpg,3840,2160,1,swimmer,1741.0,1360.0,44.0,30.0,1320.0,26.8986882048156,27.7,mavic,NorthSea_Sat_DJI_0131.MP4,4035,data/raw/seadronessee/odv2/images/train/9128.jpg,val,1903,812,424,2715,2327,required_80m_footprint_outside_source_frame
train:61368,train:9130,train,61368,9130,9130.jpg,3840,2160,5,buoy,1574.0,355.0,42.0,59.0,2478.0,26.8986882048156,27.7,mavic,NorthSea_Sat_DJI_0131.MP4,4065,data/raw/seadronessee/odv2/images/train/9130.jpg,val,1903,644,-567,2547,1336,required_80m_footprint_outside_source_frame
train:61369,train:9130,train,61369,9130,9130.jpg,3840,2160,1,swimmer,1239.0,1491.0,120.0,74.0,8880.0,26.8986882048156,27.7,mavic,NorthSea_Sat_DJI_0131.MP4,4065,data/raw/seadronessee/odv2/images/train/9130.jpg,val,1903,348,576,2251,2479,required_80m_footprint_outside_source_frame
train:61370,train:9130,train,61370,9130,9130.jpg,3840,2160,1,swimmer,1134.0,1376.0,49.0,32.0,1568.0,26.8986882048156,27.7,mavic,NorthSea_Sat_DJI_0131.MP4,4065,data/raw/seadronessee/odv2/images/train/9130.jpg,val,1903,207,440,2110,2343,required_80m_footprint_outside_source_frame
train:61371,train:9130,train,61371,9130,9130.jpg,3840,2160,1,swimmer,2396.0,1337.0,25.0,34.0,850.0,26.8986882048156,27.7,mavic,NorthSea_Sat_DJI_0131.MP4,4065,data/raw/seadronessee/odv2/images/train/9130.jpg,val,1903,1457,402,3360,2305,required_80m_footprint_outside_source_frame
train:61373,train:9130,train,61373,9130,9130.jpg,3840,2160,2,boat,3130.0,1146.0,343.0,173.0,59339.0,26.8986882048156,27.7,mavic,NorthSea_Sat_DJI_0131.MP4,4065,data/raw/seadronessee/odv2/images/train/9130.jpg,val,1903,2350,281,4253,2184,required_80m_footprint_outside_source_frame
train:61374,train:9130,train,61374,9130,9130.jpg,3840,2160,2,boat,706.0,1680.0,353.0,225.0,79425.0,26.8986882048156,27.7,mavic,NorthSea_Sat_DJI_0131.MP4,4065,data/raw/seadronessee/odv2/images/train/9130.jpg,val,1903,-69,841,1834,2744,required_80m_footprint_outside_source_frame
train:61375,train:9130,train,61375,9130,9130.jpg,3840,2160,1,swimmer,1732.0,1436.0,50.0,48.0,2400.0,26.8986882048156,27.7,mavic,NorthSea_Sat_DJI_0131.MP4,4065,data/raw/seadronessee/odv2/images/train/9130.jpg,val,1903,806,508,2709,2411,required_80m_footprint_outside_source_frame
train:61388,train:9132,train,61388,9132,9132.jpg,3840,2160,5,buoy,1561.0,340.0,42.0,62.0,2604.0,26.198722340749764,27.7,mavic,NorthSea_Sat_DJI_0131.MP4,4095,data/raw/seadronessee/odv2/images/train/9132.jpg,val,1954,605,-606,2559,1348,required_80m_footprint_outside_source_frame
train:61389,train:9132,train,61389,9132,9132.jpg,3840,2160,1,swimmer,1216.0,1563.0,118.0,65.0,7670.0,26.198722340749764,27.7,mavic,NorthSea_Sat_DJI_0131.MP4,4095,data/raw/seadronessee/odv2/images/train/9132.jpg,val,1954,298,618,2252,2572,required_80m_footprint_outside_source_frame
train:61390,train:9132,train,61390,9132,9132.jpg,3840,2160,1,swimmer,1077.0,1434.0,59.0,38.0,2242.0,26.198722340749764,27.7,mavic,NorthSea_Sat_DJI_0131.MP4,4095,data/raw/seadronessee/odv2/images/train/9132.jpg,val,1954,130,476,2084,2430,required_80m_footprint_outside_source_frame
train:61391,train:9132,train,61391,9132,9132.jpg,3840,2160,1,swimmer,2447.0,1406.0,29.0,38.0,1102.0,26.198722340749764,27.7,mavic,NorthSea_Sat_DJI_0131.MP4,4095,data/raw/seadronessee/odv2/images/train/9132.jpg,val,1954,1484,448,3438,2402,required_80m_footprint_outside_source_frame
train:61393,train:9132,train,61393,9132,9132.jpg,3840,2160,2,boat,3263.0,1188.0,376.0,190.0,71440.0,26.198722340749764,27.7,mavic,NorthSea_Sat_DJI_0131.MP4,4095,data/raw/seadronessee/odv2/images/train/9132.jpg,val,1954,2474,306,4428,2260,required_80m_footprint_outside_source_frame
train:61394,train:9132,train,61394,9132,9132.jpg,3840,2160,2,boat,559.0,1789.0,407.0,261.0,106227.0,26.198722340749764,27.7,mavic,NorthSea_Sat_DJI_0131.MP4,4095,data/raw/seadronessee/odv2/images/train/9132.jpg,val,1954,-214,942,1740,2896,required_80m_footprint_outside_source_frame
train:61395,train:9132,train,61395,9132,9132.jpg,3840,2160,1,swimmer,1687.0,1524.0,49.0,47.0,2303.0,26.198722340749764,27.7,mavic,NorthSea_Sat_DJI_0131.MP4,4095,data/raw/seadronessee/odv2/images/train/9132.jpg,val,1954,734,570,2688,2524,required_80m_footprint_outside_source_frame
train:62039,train:9208,train,62039,9208,9208.jpg,3840,2160,2,boat,1618.0,260.0,162.0,99.0,16038.0,25.398761353245963,35.7,mavic,NorthSea_Sat_DJI_0131.MP4,5235,data/raw/seadronessee/odv2/images/train/9208.jpg,val,2016,691,-698,2707,1318,required_80m_footprint_outside_source_frame
train:62040,train:9208,train,62040,9208,9208.jpg,3840,2160,3,jetski,1724.0,586.0,152.0,96.0,14592.0,25.398761353245963,35.7,mavic,NorthSea_Sat_DJI_0131.MP4,5235,data/raw/seadronessee/odv2/images/train/9208.jpg,val,2016,792,-374,2808,1642,required_80m_footprint_outside_source_frame
train:62041,train:9208,train,62041,9208,9208.jpg,3840,2160,1,swimmer,1899.0,512.0,24.0,24.0,576.0,25.398761353245963,35.7,mavic,NorthSea_Sat_DJI_0131.MP4,5235,data/raw/seadronessee/odv2/images/train/9208.jpg,val,2016,903,-484,2919,1532,required_80m_footprint_outside_source_frame
train:62043,train:9208,train,62043,9208,9208.jpg,3840,2160,1,swimmer,1962.0,525.0,41.0,35.0,1435.0,25.398761353245963,35.7,mavic,NorthSea_Sat_DJI_0131.MP4,5235,data/raw/seadronessee/odv2/images/train/9208.jpg,val,2016,974,-466,2990,1550,required_80m_footprint_outside_source_frame
train:62044,train:9208,train,62044,9208,9208.jpg,3840,2160,1,swimmer,1990.0,462.0,36.0,27.0,972.0,25.398761353245963,35.7,mavic,NorthSea_Sat_DJI_0131.MP4,5235,data/raw/seadronessee/odv2/images/train/9208.jpg,val,2016,1000,-532,3016,1484,required_80m_footprint_outside_source_frame
train:62046,train:9208,train,62046,9208,9208.jpg,3840,2160,2,boat,1774.0,1355.0,283.0,364.0,103012.0,25.398761353245963,35.7,mavic,NorthSea_Sat_DJI_0131.MP4,5235,data/raw/seadronessee/odv2/images/train/9208.jpg,val,2016,908,529,2924,2545,required_80m_footprint_outside_source_frame
train:62057,train:9210,train,62057,9210,9210.jpg,3840,2160,2,boat,1618.0,321.0,170.0,98.0,16660.0,25.298766229807985,35.7,mavic,NorthSea_Sat_DJI_0131.MP4,5265,data/raw/seadronessee/odv2/images/train/9210.jpg,val,2024,691,-642,2715,1382,required_80m_footprint_outside_source_frame
train:62058,train:9210,train,62058,9210,9210.jpg,3840,2160,3,jetski,1717.0,646.0,154.0,97.0,14938.0,25.298766229807985,35.7,mavic,NorthSea_Sat_DJI_0131.MP4,5265,data/raw/seadronessee/odv2/images/train/9210.jpg,val,2024,782,-318,2806,1706,required_80m_footprint_outside_source_frame
train:62059,train:9210,train,62059,9210,9210.jpg,3840,2160,1,swimmer,1892.0,575.0,32.0,24.0,768.0,25.298766229807985,35.7,mavic,NorthSea_Sat_DJI_0131.MP4,5265,data/raw/seadronessee/odv2/images/train/9210.jpg,val,2024,896,-425,2920,1599,required_80m_footprint_outside_source_frame
train:62061,train:9210,train,62061,9210,9210.jpg,3840,2160,1,swimmer,1967.0,582.0,37.0,34.0,1258.0,25.298766229807985,35.7,mavic,NorthSea_Sat_DJI_0131.MP4,5265,data/raw/seadronessee/odv2/images/train/9210.jpg,val,2024,974,-413,2998,1611,required_80m_footprint_outside_source_frame
train:62062,train:9210,train,62062,9210,9210.jpg,3840,2160,1,swimmer,1989.0,527.0,35.0,27.0,945.0,25.298766229807985,35.7,mavic,NorthSea_Sat_DJI_0131.MP4,5265,data/raw/seadronessee/odv2/images/train/9210.jpg,val,2024,994,-472,3018,1552,required_80m_footprint_outside_source_frame
train:62064,train:9210,train,62064,9210,9210.jpg,3840,2160,2,boat,1787.0,1477.0,295.0,387.0,114165.0,25.298766229807985,35.7,mavic,NorthSea_Sat_DJI_0131.MP4,5265,data/raw/seadronessee/odv2/images/train/9210.jpg,val,2024,922,658,2946,2682,required_80m_footprint_outside_source_frame
train:62075,train:9212,train,62075,9212,9212.jpg,3840,2160,2,boat,1615.0,338.0,167.0,101.0,16867.0,25.59875160012192,35.7,mavic,NorthSea_Sat_DJI_0131.MP4,5295,data/raw/seadronessee/odv2/images/train/9212.jpg,val,2000,698,-612,2698,1388,required_80m_footprint_outside_source_frame
train:62076,train:9212,train,62076,9212,9212.jpg,3840,2160,3,jetski,1710.0,667.0,153.0,97.0,14841.0,25.59875160012192,35.7,mavic,NorthSea_Sat_DJI_0131.MP4,5295,data/raw/seadronessee/odv2/images/train/9212.jpg,val,2000,786,-284,2786,1716,required_80m_footprint_outside_source_frame
train:62077,train:9212,train,62077,9212,9212.jpg,3840,2160,1,swimmer,1886.0,597.0,30.0,24.0,720.0,25.59875160012192,35.7,mavic,NorthSea_Sat_DJI_0131.MP4,5295,data/raw/seadronessee/odv2/images/train/9212.jpg,val,2000,901,-391,2901,1609,required_80m_footprint_outside_source_frame
train:62079,train:9212,train,62079,9212,9212.jpg,3840,2160,1,swimmer,1970.0,603.0,34.0,34.0,1156.0,25.59875160012192,35.7,mavic,NorthSea_Sat_DJI_0131.MP4,5295,data/raw/seadronessee/odv2/images/train/9212.jpg,val,2000,987,-380,2987,1620,required_80m_footprint_outside_source_frame
train:62080,train:9212,train,62080,9212,9212.jpg,3840,2160,1,swimmer,1975.0,547.0,71.0,35.0,2485.0,25.59875160012192,35.7,mavic,NorthSea_Sat_DJI_0131.MP4,5295,data/raw/seadronessee/odv2/images/train/9212.jpg,val,2000,1010,-436,3010,1564,required_80m_footprint_outside_source_frame
train:62082,train:9212,train,62082,9212,9212.jpg,3840,2160,2,boat,1802.0,1531.0,300.0,385.0,115500.0,25.59875160012192,35.7,mavic,NorthSea_Sat_DJI_0131.MP4,5295,data/raw/seadronessee/odv2/images/train/9212.jpg,val,2000,952,724,2952,2724,required_80m_footprint_outside_source_frame
train:62093,train:9214,train,62093,9214,9214.jpg,3840,2160,2,boat,1609.0,382.0,167.0,105.0,17535.0,26.098727217311797,35.7,mavic,NorthSea_Sat_DJI_0131.MP4,5325,data/raw/seadronessee/odv2/images/train/9214.jpg,val,1962,712,-546,2674,1416,required_80m_footprint_outside_source_frame
train:62094,train:9214,train,62094,9214,9214.jpg,3840,2160,3,jetski,1716.0,731.0,148.0,96.0,14208.0,26.098727217311797,35.7,mavic,NorthSea_Sat_DJI_0131.MP4,5325,data/raw/seadronessee/odv2/images/train/9214.jpg,val,1962,809,-202,2771,1760,required_80m_footprint_outside_source_frame
train:62095,train:9214,train,62095,9214,9214.jpg,3840,2160,1,swimmer,1879.0,652.0,38.0,28.0,1064.0,26.098727217311797,35.7,mavic,NorthSea_Sat_DJI_0131.MP4,5325,data/raw/seadronessee/odv2/images/train/9214.jpg,val,1962,917,-315,2879,1647,required_80m_footprint_outside_source_frame
train:62096,train:9214,train,62096,9214,9214.jpg,3840,2160,1,swimmer,1960.0,657.0,39.0,27.0,1053.0,26.098727217311797,35.7,mavic,NorthSea_Sat_DJI_0131.MP4,5325,data/raw/seadronessee/odv2/images/train/9214.jpg,val,1962,998,-310,2960,1652,required_80m_footprint_outside_source_frame
train:62098,train:9214,train,62098,9214,9214.jpg,3840,2160,1,swimmer,1951.0,604.0,94.0,43.0,4042.0,26.098727217311797,35.7,mavic,NorthSea_Sat_DJI_0131.MP4,5325,data/raw/seadronessee/odv2/images/train/9214.jpg,val,1962,1017,-356,2979,1606,required_80m_footprint_outside_source_frame
train:62100,train:9214,train,62100,9214,9214.jpg,3840,2160,2,boat,1802.0,1612.0,301.0,402.0,121002.0,26.098727217311797,35.7,mavic,NorthSea_Sat_DJI_0131.MP4,5325,data/raw/seadronessee/odv2/images/train/9214.jpg,val,1962,972,832,2934,2794,required_80m_footprint_outside_source_frame
train:72060,train:10392,train,72060,10392,10392.jpg,3840,2160,1,swimmer,1925.0,880.0,21.0,34.0,714.0,26.69869795793965,49.8,mavic,NorthSea_Sat_DJI_0126.MP4,5655,data/raw/seadronessee/odv2/images/train/10392.jpg,train,1918,976,-62,2894,1856,required_80m_footprint_outside_source_frame
train:72061,train:10392,train,72061,10392,10392.jpg,3840,2160,1,swimmer,2015.0,929.0,34.0,34.0,1156.0,26.69869795793965,49.8,mavic,NorthSea_Sat_DJI_0126.MP4,5655,data/raw/seadronessee/odv2/images/train/10392.jpg,train,1918,1073,-13,2991,1905,required_80m_footprint_outside_source_frame
train:72062,train:10392,train,72062,10392,10392.jpg,3840,2160,1,swimmer,2020.0,832.0,39.0,34.0,1326.0,26.69869795793965,49.8,mavic,NorthSea_Sat_DJI_0126.MP4,5655,data/raw/seadronessee/odv2/images/train/10392.jpg,train,1918,1080,-110,2998,1808,required_80m_footprint_outside_source_frame
train:72065,train:10392,train,72065,10392,10392.jpg,3840,2160,2,boat,1055.0,1568.0,195.0,373.0,72735.0,26.69869795793965,49.8,mavic,NorthSea_Sat_DJI_0126.MP4,5655,data/raw/seadronessee/odv2/images/train/10392.jpg,train,1918,194,796,2112,2714,required_80m_footprint_outside_source_frame
train:72066,train:10392,train,72066,10392,10392.jpg,3840,2160,1,swimmer,1308.0,810.0,51.0,38.0,1938.0,26.69869795793965,49.8,mavic,NorthSea_Sat_DJI_0126.MP4,5655,data/raw/seadronessee/odv2/images/train/10392.jpg,train,1918,374,-130,2292,1788,required_80m_footprint_outside_source_frame
train:72068,train:10392,train,72068,10392,10392.jpg,3840,2160,1,swimmer,1957.0,724.0,41.0,33.0,1353.0,26.69869795793965,49.8,mavic,NorthSea_Sat_DJI_0126.MP4,5655,data/raw/seadronessee/odv2/images/train/10392.jpg,train,1918,1018,-218,2936,1700,required_80m_footprint_outside_source_frame
train:72069,train:10392,train,72069,10392,10392.jpg,3840,2160,1,swimmer,1499.0,1314.0,41.0,45.0,1845.0,26.69869795793965,49.8,mavic,NorthSea_Sat_DJI_0126.MP4,5655,data/raw/seadronessee/odv2/images/train/10392.jpg,train,1918,560,378,2478,2296,required_80m_footprint_outside_source_frame
train:72070,train:10392,train,72070,10392,10392.jpg,3840,2160,1,swimmer,2118.0,855.0,29.0,34.0,986.0,26.69869795793965,49.8,mavic,NorthSea_Sat_DJI_0126.MP4,5655,data/raw/seadronessee/odv2/images/train/10392.jpg,train,1918,1174,-87,3092,1831,required_80m_footprint_outside_source_frame
train:72071,train:10392,train,72071,10392,10392.jpg,3840,2160,3,jetski,1198.0,1718.0,142.0,319.0,45298.0,26.69869795793965,49.8,mavic,NorthSea_Sat_DJI_0126.MP4,5655,data/raw/seadronessee/odv2/images/train/10392.jpg,train,1918,310,918,2228,2836,required_80m_footprint_outside_source_frame
train:72073,train:10392,train,72073,10392,10392.jpg,3840,2160,1,swimmer,1682.0,1403.0,47.0,45.0,2115.0,26.69869795793965,49.8,mavic,NorthSea_Sat_DJI_0126.MP4,5655,data/raw/seadronessee/odv2/images/train/10392.jpg,train,1918,746,466,2664,2384,required_80m_footprint_outside_source_frame
train:72074,train:10392,train,72074,10392,10392.jpg,3840,2160,5,buoy,544.0,0.0,88.0,69.0,6072.0,26.69869795793965,49.8,mavic,NorthSea_Sat_DJI_0126.MP4,5655,data/raw/seadronessee/odv2/images/train/10392.jpg,train,1918,-371,-924,1547,994,required_80m_footprint_outside_source_frame
train:72095,train:10394,train,72095,10394,10394.jpg,3840,2160,2,boat,1160.0,1597.0,182.0,359.0,65338.0,30.19852727826882,53.1,mavic,NorthSea_Sat_DJI_0126.MP4,5685,data/raw/seadronessee/odv2/images/train/10394.jpg,train,1695,404,929,2099,2624,required_80m_footprint_outside_source_frame
train:72098,train:10394,train,72098,10394,10394.jpg,3840,2160,1,swimmer,2065.0,812.0,36.0,35.0,1260.0,30.19852727826882,53.1,mavic,NorthSea_Sat_DJI_0126.MP4,5685,data/raw/seadronessee/odv2/images/train/10394.jpg,train,1695,1236,-18,2931,1677,required_80m_footprint_outside_source_frame
train:72099,train:10394,train,72099,10394,10394.jpg,3840,2160,1,swimmer,1602.0,1384.0,29.0,50.0,1450.0,30.19852727826882,53.1,mavic,NorthSea_Sat_DJI_0126.MP4,5685,data/raw/seadronessee/odv2/images/train/10394.jpg,train,1695,769,562,2464,2257,required_80m_footprint_outside_source_frame
train:72101,train:10394,train,72101,10394,10394.jpg,3840,2160,3,jetski,1285.0,1742.0,136.0,311.0,42296.0,30.19852727826882,53.1,mavic,NorthSea_Sat_DJI_0126.MP4,5685,data/raw/seadronessee/odv2/images/train/10394.jpg,train,1695,506,1050,2201,2745,required_80m_footprint_outside_source_frame
train:72103,train:10394,train,72103,10394,10394.jpg,3840,2160,1,swimmer,1772.0,1483.0,42.0,40.0,1680.0,30.19852727826882,53.1,mavic,NorthSea_Sat_DJI_0126.MP4,5685,data/raw/seadronessee/odv2/images/train/10394.jpg,train,1695,946,656,2641,2351,required_80m_footprint_outside_source_frame
train:72104,train:10394,train,72104,10394,10394.jpg,3840,2160,5,buoy,744.0,0.0,87.0,111.0,9657.0,30.19852727826882,53.1,mavic,NorthSea_Sat_DJI_0126.MP4,5685,data/raw/seadronessee/odv2/images/train/10394.jpg,train,1695,-60,-792,1635,903,required_80m_footprint_outside_source_frame
train:72126,train:10396,train,72126,10396,10396.jpg,3840,2160,2,boat,1045.0,1549.0,185.0,357.0,66045.0,34.098337092349894,54.6,mavic,NorthSea_Sat_DJI_0126.MP4,5715,data/raw/seadronessee/odv2/images/train/10396.jpg,train,1502,386,976,1888,2478,required_80m_footprint_outside_source_frame
train:72130,train:10396,train,72130,10396,10396.jpg,3840,2160,1,swimmer,1672.0,1468.0,33.0,35.0,1155.0,34.098337092349894,54.6,mavic,NorthSea_Sat_DJI_0126.MP4,5715,data/raw/seadronessee/odv2/images/train/10396.jpg,train,1502,938,734,2440,2236,required_80m_footprint_outside_source_frame
train:72132,train:10396,train,72132,10396,10396.jpg,3840,2160,3,jetski,1152.0,1696.0,148.0,308.0,45584.0,34.098337092349894,54.6,mavic,NorthSea_Sat_DJI_0126.MP4,5715,data/raw/seadronessee/odv2/images/train/10396.jpg,train,1502,475,1099,1977,2601,required_80m_footprint_outside_source_frame
train:72134,train:10396,train,72134,10396,10396.jpg,3840,2160,5,buoy,750.0,0.0,87.0,111.0,9657.0,34.098337092349894,54.6,mavic,NorthSea_Sat_DJI_0126.MP4,5715,data/raw/seadronessee/odv2/images/train/10396.jpg,train,1502,42,-696,1544,806,required_80m_footprint_outside_source_frame
train:79131,train:11213,train,79131,11213,11213.jpg,3840,2160,2,boat,2222.0,632.0,607.0,1319.0,800633.0,26.098727217311797,61.4,mavic,NorthSea_Thu_DJI_0106.MP4,1575,data/raw/seadronessee/odv2/images/train/11213.jpg,train,1962,1544,310,3506,2272,required_80m_footprint_outside_source_frame
train:79133,train:11215,train,79133,11215,11215.jpg,3840,2160,2,boat,2221.0,804.0,574.0,1211.0,695114.0,28.5986053032612,61.4,mavic,NorthSea_Thu_DJI_0106.MP4,1605,data/raw/seadronessee/odv2/images/train/11215.jpg,train,1790,1613,514,3403,2304,required_80m_footprint_outside_source_frame
train:79135,train:11217,train,79135,11217,11217.jpg,3840,2160,2,boat,2245.0,872.0,520.0,1242.0,645840.0,30.39851752514477,61.4,mavic,NorthSea_Thu_DJI_0106.MP4,1635,data/raw/seadronessee/odv2/images/train/11217.jpg,train,1684,1663,651,3347,2335,required_80m_footprint_outside_source_frame
train:79144,train:11226,train,79144,11226,11226.jpg,3840,2160,2,boat,3271.0,339.0,380.0,1033.0,392540.0,33.498366351722034,61.4,mavic,NorthSea_Thu_DJI_0106.MP4,1830,data/raw/seadronessee/odv2/images/train/11226.jpg,train,1528,2697,92,4225,1620,required_80m_footprint_outside_source_frame
train:79146,train:11228,train,79146,11228,11228.jpg,3840,2160,2,boat,2697.0,46.0,571.0,944.0,539024.0,33.498366351722034,61.5,mavic,NorthSea_Thu_DJI_0106.MP4,1860,data/raw/seadronessee/odv2/images/train/11228.jpg,train,1528,2218,-246,3746,1282,required_80m_footprint_outside_source_frame
train:79148,train:11230,train,79148,11230,11230.jpg,3840,2160,2,boat,2813.0,105.0,670.0,957.0,641190.0,33.398371228284056,61.4,mavic,NorthSea_Thu_DJI_0106.MP4,1890,data/raw/seadronessee/odv2/images/train/11230.jpg,train,1533,2382,-183,3915,1350,required_80m_footprint_outside_source_frame
train:79150,train:11232,train,79150,11232,11232.jpg,3840,2160,2,boat,3072.0,126.0,759.0,973.0,738507.0,33.398371228284056,61.4,mavic,NorthSea_Thu_DJI_0106.MP4,1920,data/raw/seadronessee/odv2/images/train/11232.jpg,train,1533,2685,-154,4218,1379,required_80m_footprint_outside_source_frame
train:81795,train:12268,train,81795,12268,12268.jpg,3840,2160,3,jetski,3758.0,1144.0,66.0,33.0,2178.0,32.7984004876562,11.7,mavic,NorthSea_Thu_DJI_0107.MP4,1125,data/raw/seadronessee/odv2/images/train/12268.jpg,train,1561,3010,380,4571,1941,required_80m_footprint_outside_source_frame
train:81801,train:12270,train,81801,12270,12270.jpg,3840,2160,3,jetski,3237.0,1102.0,87.0,34.0,2958.0,32.7984004876562,11.7,mavic,NorthSea_Thu_DJI_0107.MP4,1155,data/raw/seadronessee/odv2/images/train/12270.jpg,train,1561,2500,338,4061,1899,required_80m_footprint_outside_source_frame
train:81807,train:12272,train,81807,12272,12272.jpg,3840,2160,3,jetski,3252.0,1108.0,61.0,28.0,1708.0,32.7984004876562,11.7,mavic,NorthSea_Thu_DJI_0107.MP4,1185,data/raw/seadronessee/odv2/images/train/12272.jpg,train,1561,2502,342,4063,1903,required_80m_footprint_outside_source_frame
train:81813,train:12274,train,81813,12274,12274.jpg,3840,2160,3,jetski,3273.0,1112.0,59.0,29.0,1711.0,33.19838098140811,11.7,mavic,NorthSea_Thu_DJI_0107.MP4,1215,data/raw/seadronessee/odv2/images/train/12274.jpg,train,1542,2532,356,4074,1898,required_80m_footprint_outside_source_frame
train:81819,train:12276,train,81819,12276,12276.jpg,3840,2160,3,jetski,3306.0,1129.0,93.0,32.0,2976.0,33.19838098140811,11.7,mavic,NorthSea_Thu_DJI_0107.MP4,1245,data/raw/seadronessee/odv2/images/train/12276.jpg,train,1542,2582,374,4124,1916,required_80m_footprint_outside_source_frame
train:81825,train:12278,train,81825,12278,12278.jpg,3840,2160,3,jetski,3363.0,1148.0,96.0,32.0,3072.0,33.29837610484608,11.7,mavic,NorthSea_Thu_DJI_0107.MP4,1275,data/raw/seadronessee/odv2/images/train/12278.jpg,train,1538,2642,395,4180,1933,required_80m_footprint_outside_source_frame
train:81831,train:12280,train,81831,12280,12280.jpg,3840,2160,3,jetski,3450.0,1163.0,103.0,36.0,3708.0,33.09838585797013,11.7,mavic,NorthSea_Thu_DJI_0107.MP4,1305,data/raw/seadronessee/odv2/images/train/12280.jpg,train,1547,2728,408,4275,1955,required_80m_footprint_outside_source_frame
train:81837,train:12282,train,81837,12282,12282.jpg,3840,2160,3,jetski,3582.0,1189.0,114.0,38.0,4332.0,32.09843462359037,11.7,mavic,NorthSea_Thu_DJI_0107.MP4,1335,data/raw/seadronessee/odv2/images/train/12282.jpg,train,1595,2842,410,4437,2005,required_80m_footprint_outside_source_frame
train:81843,train:12284,train,81843,12284,12284.jpg,3840,2160,3,jetski,3741.0,1237.0,99.0,42.0,4158.0,30.39851752514477,11.7,mavic,NorthSea_Thu_DJI_0107.MP4,1365,data/raw/seadronessee/odv2/images/train/12284.jpg,train,1684,2948,416,4632,2100,required_80m_footprint_outside_source_frame
train:81847,train:12286,train,81847,12286,12286.jpg,3840,2160,1,swimmer,1991.0,1327.0,56.0,19.0,1064.0,29.09858092045108,11.7,mavic,NorthSea_Thu_DJI_0107.MP4,1395,data/raw/seadronessee/odv2/images/train/12286.jpg,train,1760,1139,456,2899,2216,required_80m_footprint_outside_source_frame
train:81848,train:12286,train,81848,12286,12286.jpg,3840,2160,1,swimmer,1984.0,1323.0,16.0,21.0,336.0,29.09858092045108,11.7,mavic,NorthSea_Thu_DJI_0107.MP4,1395,data/raw/seadronessee/odv2/images/train/12286.jpg,train,1760,1112,454,2872,2214,required_80m_footprint_outside_source_frame
train:81853,train:12288,train,81853,12288,12288.jpg,3840,2160,1,swimmer,1994.0,1384.0,51.0,18.0,918.0,28.998585797013103,11.7,mavic,NorthSea_Thu_DJI_0107.MP4,1425,data/raw/seadronessee/odv2/images/train/12288.jpg,train,1766,1136,510,2902,2276,required_80m_footprint_outside_source_frame
train:81854,train:12288,train,81854,12288,12288.jpg,3840,2160,1,swimmer,1981.0,1376.0,21.0,22.0,462.0,28.998585797013103,11.7,mavic,NorthSea_Thu_DJI_0107.MP4,1425,data/raw/seadronessee/odv2/images/train/12288.jpg,train,1766,1108,504,2874,2270,required_80m_footprint_outside_source_frame
train:81859,train:12290,train,81859,12290,12290.jpg,3840,2160,1,swimmer,1997.0,1384.0,52.0,23.0,1196.0,28.5986053032612,11.7,mavic,NorthSea_Thu_DJI_0107.MP4,1455,data/raw/seadronessee/odv2/images/train/12290.jpg,train,1790,1128,500,2918,2290,required_80m_footprint_outside_source_frame
train:81860,train:12290,train,81860,12290,12290.jpg,3840,2160,1,swimmer,1978.0,1379.0,26.0,22.0,572.0,28.5986053032612,11.7,mavic,NorthSea_Thu_DJI_0107.MP4,1455,data/raw/seadronessee/odv2/images/train/12290.jpg,train,1790,1096,495,2886,2285,required_80m_footprint_outside_source_frame
train:81865,train:12292,train,81865,12292,12292.jpg,3840,2160,1,swimmer,1988.0,1379.0,53.0,19.0,1007.0,27.198673575129533,11.7,mavic,NorthSea_Thu_DJI_0107.MP4,1485,data/raw/seadronessee/odv2/images/train/12292.jpg,train,1882,1074,448,2956,2330,required_80m_footprint_outside_source_frame
train:81866,train:12292,train,81866,12292,12292.jpg,3840,2160,1,swimmer,1963.0,1373.0,26.0,20.0,520.0,27.198673575129533,11.7,mavic,NorthSea_Thu_DJI_0107.MP4,1485,data/raw/seadronessee/odv2/images/train/12292.jpg,train,1882,1035,442,2917,2324,required_80m_footprint_outside_source_frame
train:81871,train:12294,train,81871,12294,12294.jpg,3840,2160,1,swimmer,1966.0,1362.0,56.0,17.0,952.0,25.998732093873816,11.7,mavic,NorthSea_Thu_DJI_0107.MP4,1515,data/raw/seadronessee/odv2/images/train/12294.jpg,train,1969,1010,386,2979,2355,required_80m_footprint_outside_source_frame
train:81872,train:12294,train,81872,12294,12294.jpg,3840,2160,1,swimmer,1944.0,1355.0,28.0,17.0,476.0,25.998732093873816,11.7,mavic,NorthSea_Thu_DJI_0107.MP4,1515,data/raw/seadronessee/odv2/images/train/12294.jpg,train,1969,974,379,2943,2348,required_80m_footprint_outside_source_frame
train:81942,train:12320,train,81942,12320,12320.jpg,3840,2160,1,swimmer,2008.0,697.0,31.0,24.0,744.0,27.498658945443463,28.1,mavic,NorthSea_Thu_DJI_0107.MP4,1905,data/raw/seadronessee/odv2/images/train/12320.jpg,train,1862,1092,-222,2954,1640,required_80m_footprint_outside_source_frame
train:81943,train:12320,train,81943,12320,12320.jpg,3840,2160,1,swimmer,1943.0,672.0,53.0,25.0,1325.0,27.498658945443463,28.1,mavic,NorthSea_Thu_DJI_0107.MP4,1905,data/raw/seadronessee/odv2/images/train/12320.jpg,train,1862,1038,-246,2900,1616,required_80m_footprint_outside_source_frame
train:81946,train:12322,train,81946,12322,12322.jpg,3840,2160,1,swimmer,2019.0,741.0,37.0,25.0,925.0,30.89849314233465,28.1,mavic,NorthSea_Thu_DJI_0107.MP4,1935,data/raw/seadronessee/odv2/images/train/12322.jpg,train,1657,1209,-75,2866,1582,required_80m_footprint_outside_source_frame
train:81947,train:12322,train,81947,12322,12322.jpg,3840,2160,1,swimmer,1955.0,722.0,53.0,21.0,1113.0,30.89849314233465,28.1,mavic,NorthSea_Thu_DJI_0107.MP4,1935,data/raw/seadronessee/odv2/images/train/12322.jpg,train,1657,1153,-96,2810,1561,required_80m_footprint_outside_source_frame
train:81951,train:12324,train,81951,12324,12324.jpg,3840,2160,1,swimmer,1958.0,757.0,56.0,23.0,1288.0,32.7984004876562,28.1,mavic,NorthSea_Thu_DJI_0107.MP4,1965,data/raw/seadronessee/odv2/images/train/12324.jpg,train,1561,1206,-12,2767,1549,required_80m_footprint_outside_source_frame
train:81959,train:12328,train,81959,12328,12328.jpg,3840,2160,1,swimmer,1925.0,1883.0,67.0,37.0,2479.0,32.89839561109417,28.1,mavic,NorthSea_Thu_DJI_0107.MP4,2025,data/raw/seadronessee/odv2/images/train/12328.jpg,train,1556,1180,1124,2736,2680,required_80m_footprint_outside_source_frame
train:81960,train:12328,train,81960,12328,12328.jpg,3840,2160,1,swimmer,2021.0,1928.0,66.0,35.0,2310.0,32.89839561109417,28.1,mavic,NorthSea_Thu_DJI_0107.MP4,2025,data/raw/seadronessee/odv2/images/train/12328.jpg,train,1556,1276,1168,2832,2724,required_80m_footprint_outside_source_frame
train:81981,train:12338,train,81981,12338,12338.jpg,3840,2160,1,swimmer,1925.0,690.0,101.0,57.0,5757.0,32.7984004876562,45.1,mavic,NorthSea_Thu_DJI_0107.MP4,2175,data/raw/seadronessee/odv2/images/train/12338.jpg,train,1561,1195,-62,2756,1499,required_80m_footprint_outside_source_frame
train:81985,train:12340,train,81985,12340,12340.jpg,3840,2160,1,swimmer,1900.0,735.0,107.0,55.0,5885.0,32.59841024078025,52.7,mavic,NorthSea_Thu_DJI_0107.MP4,2205,data/raw/seadronessee/odv2/images/train/12340.jpg,train,1571,1168,-23,2739,1548,required_80m_footprint_outside_source_frame
train:81989,train:12342,train,81989,12342,12342.jpg,3840,2160,1,swimmer,1909.0,762.0,108.0,53.0,5724.0,32.19842974702834,52.7,mavic,NorthSea_Thu_DJI_0107.MP4,2235,data/raw/seadronessee/odv2/images/train/12342.jpg,train,1590,1168,-6,2758,1584,required_80m_footprint_outside_source_frame
train:81993,train:12344,train,81993,12344,12344.jpg,3840,2160,1,swimmer,1922.0,763.0,107.0,50.0,5350.0,31.498463882962508,52.7,mavic,NorthSea_Thu_DJI_0107.MP4,2265,data/raw/seadronessee/odv2/images/train/12344.jpg,train,1625,1163,-24,2788,1601,required_80m_footprint_outside_source_frame
train:81997,train:12346,train,81997,12346,12346.jpg,3840,2160,1,swimmer,1933.0,619.0,111.0,57.0,6327.0,30.39851752514477,52.7,mavic,NorthSea_Thu_DJI_0107.MP4,2295,data/raw/seadronessee/odv2/images/train/12346.jpg,train,1684,1146,-194,2830,1490,required_80m_footprint_outside_source_frame
train:81998,train:12346,train,81998,12346,12346.jpg,3840,2160,1,swimmer,2177.0,728.0,124.0,69.0,8556.0,30.39851752514477,52.7,mavic,NorthSea_Thu_DJI_0107.MP4,2295,data/raw/seadronessee/odv2/images/train/12346.jpg,train,1684,1397,-80,3081,1604,required_80m_footprint_outside_source_frame
train:82001,train:12348,train,82001,12348,12348.jpg,3840,2160,1,swimmer,1988.0,500.0,106.0,54.0,5724.0,27.69864919231941,52.7,mavic,NorthSea_Thu_DJI_0107.MP4,2325,data/raw/seadronessee/odv2/images/train/12348.jpg,train,1848,1117,-397,2965,1451,required_80m_footprint_outside_source_frame
train:82002,train:12348,train,82002,12348,12348.jpg,3840,2160,1,swimmer,2193.0,592.0,118.0,83.0,9794.0,27.69864919231941,52.7,mavic,NorthSea_Thu_DJI_0107.MP4,2325,data/raw/seadronessee/odv2/images/train/12348.jpg,train,1848,1328,-290,3176,1558,required_80m_footprint_outside_source_frame
train:82006,train:12350,train,82006,12350,12350.jpg,3840,2160,1,swimmer,2225.0,1180.0,113.0,91.0,10283.0,25.69874672355989,52.5,mavic,NorthSea_Thu_DJI_0107.MP4,2355,data/raw/seadronessee/odv2/images/train/12350.jpg,train,1992,1286,230,3278,2222,required_80m_footprint_outside_source_frame
train:82162,train:12429,train,82162,12429,12429.jpg,3840,2160,1,swimmer,2420.0,870.0,81.0,152.0,12312.0,25.098775982932025,68.5,mavic,NorthSea_Thu_DJI_0107.MP4,3555,data/raw/seadronessee/odv2/images/train/12429.jpg,train,2040,1440,-74,3480,1966,required_80m_footprint_outside_source_frame
train:82163,train:12429,train,82163,12429,12429.jpg,3840,2160,1,swimmer,2196.0,916.0,90.0,66.0,5940.0,25.098775982932025,68.5,mavic,NorthSea_Thu_DJI_0107.MP4,3555,data/raw/seadronessee/odv2/images/train/12429.jpg,train,2040,1221,-71,3261,1969,required_80m_footprint_outside_source_frame
train:106583,train:15808,train,106583,15808,15808.jpg,3840,2160,2,boat,821.0,761.0,337.0,121.0,40777.0,30.19852727826882,47.2,m210,DJI_0001.mov,1485,data/raw/seadronessee/odv2/images/train/15808.jpg,train,1695,142,-26,1837,1669,required_80m_footprint_outside_source_frame
train:106584,train:15808,train,106584,15808,15808.jpg,3840,2160,1,swimmer,1270.0,520.0,43.0,30.0,1290.0,30.19852727826882,47.2,m210,DJI_0001.mov,1485,data/raw/seadronessee/odv2/images/train/15808.jpg,train,1695,444,-312,2139,1383,required_80m_footprint_outside_source_frame
train:106585,train:15808,train,106585,15808,15808.jpg,3840,2160,2,boat,990.0,132.0,260.0,83.0,21580.0,30.19852727826882,47.2,m210,DJI_0001.mov,1485,data/raw/seadronessee/odv2/images/train/15808.jpg,train,1695,272,-674,1967,1021,required_80m_footprint_outside_source_frame
train:106598,train:15810,train,106598,15810,15810.jpg,3840,2160,2,boat,2735.0,263.0,148.0,115.0,17020.0,30.19852727826882,45.0,m210,DJI_0001.mov,1515,data/raw/seadronessee/odv2/images/train/15810.jpg,train,1695,1962,-527,3657,1168,required_80m_footprint_outside_source_frame
train:106599,train:15811,train,106599,15811,15811.jpg,3840,2160,2,boat,6.0,18.0,67.0,50.0,3350.0,30.09853215483084,30.1,m210,DJI_0001.mov,5835,data/raw/seadronessee/odv2/images/train/15811.jpg,train,1701,-811,-808,890,893,required_80m_footprint_outside_source_frame
train:106600,train:15812,train,106600,15812,15812.jpg,3840,2160,2,boat,0.0,789.0,194.0,173.0,33562.0,29.89854190795489,34.0,m210,DJI_0001.mov,7560,data/raw/seadronessee/odv2/images/train/15812.jpg,train,1712,-759,20,953,1732,required_80m_footprint_outside_source_frame
train:106604,train:15814,train,106604,15814,15814.jpg,3840,2160,2,boat,1417.0,201.0,295.0,237.0,69915.0,29.89854190795489,37.3,m210,DJI_0001.mov,7590,data/raw/seadronessee/odv2/images/train/15814.jpg,train,1712,708,-536,2420,1176,required_80m_footprint_outside_source_frame
train:106608,train:15816,train,106608,15816,15816.jpg,3840,2160,2,boat,3008.0,91.0,270.0,292.0,78840.0,29.998537031392868,41.1,m210,DJI_0001.mov,7620,data/raw/seadronessee/odv2/images/train/15816.jpg,train,1707,2290,-616,3997,1091,required_80m_footprint_outside_source_frame
train:106610,train:15817,train,106610,15817,15817.jpg,3840,2160,2,boat,361.0,127.0,383.0,149.0,57067.0,29.998537031392868,47.2,m210,DJI_0001.mov,8400,data/raw/seadronessee/odv2/images/train/15817.jpg,train,1707,-301,-652,1406,1055,required_80m_footprint_outside_source_frame
train:106612,train:15818,train,106612,15818,15818.jpg,3840,2160,2,boat,3494.0,41.0,151.0,260.0,39260.0,29.89854190795489,50.2,m210,DJI_0001.mov,8460,data/raw/seadronessee/odv2/images/train/15818.jpg,train,1712,2714,-685,4426,1027,required_80m_footprint_outside_source_frame
train:106614,train:15819,train,106614,15819,15819.jpg,3840,2160,2,boat,546.0,0.0,282.0,117.0,32994.0,30.09853215483084,58.4,m210,DJI_0001.mov,9030,data/raw/seadronessee/odv2/images/train/15819.jpg,train,1701,-164,-792,1537,909,required_80m_footprint_outside_source_frame
train:106617,train:15821,train,106617,15821,15821.jpg,3840,2160,2,boat,174.0,187.0,288.0,217.0,62496.0,30.09853215483084,54.1,m210,DJI_0001.mov,9060,data/raw/seadronessee/odv2/images/train/15821.jpg,train,1701,-532,-555,1169,1146,required_80m_footprint_outside_source_frame
train:107670,train:16024,train,107670,16024,16024.jpg,3840,2160,2,boat,194.0,1117.0,115.0,62.0,7130.0,29.798546784516912,17.0,m210,DJI_0003.mov,0,data/raw/seadronessee/odv2/images/train/16024.jpg,train,1718,-608,289,1110,2007,required_80m_footprint_outside_source_frame
train:107671,train:16024,train,107671,16024,16024.jpg,3840,2160,2,boat,3425.0,1138.0,159.0,44.0,6996.0,29.798546784516912,17.0,m210,DJI_0003.mov,0,data/raw/seadronessee/odv2/images/train/16024.jpg,train,1718,2646,301,4364,2019,required_80m_footprint_outside_source_frame
train:107678,train:16026,train,107678,16026,16026.jpg,3840,2160,2,boat,90.0,1196.0,117.0,65.0,7605.0,29.798546784516912,17.0,m210,DJI_0003.mov,30,data/raw/seadronessee/odv2/images/train/16026.jpg,train,1718,-710,370,1008,2088,required_80m_footprint_outside_source_frame
train:107679,train:16026,train,107679,16026,16026.jpg,3840,2160,2,boat,3595.0,1196.0,166.0,59.0,9794.0,29.798546784516912,17.0,m210,DJI_0003.mov,30,data/raw/seadronessee/odv2/images/train/16026.jpg,train,1718,2819,366,4537,2084,required_80m_footprint_outside_source_frame
train:107686,train:16028,train,107686,16028,16028.jpg,3840,2160,2,boat,1779.0,1361.0,201.0,81.0,16281.0,29.798546784516912,17.0,m210,DJI_0003.mov,60,data/raw/seadronessee/odv2/images/train/16028.jpg,train,1718,1020,542,2738,2260,required_80m_footprint_outside_source_frame
train:107690,train:16030,train,107690,16030,16030.jpg,3840,2160,2,boat,1798.0,1515.0,223.0,86.0,19178.0,29.798546784516912,17.0,m210,DJI_0003.mov,90,data/raw/seadronessee/odv2/images/train/16030.jpg,train,1718,1050,699,2768,2417,required_80m_footprint_outside_source_frame
train:107695,train:16032,train,107695,16032,16032.jpg,3840,2160,2,boat,992.0,649.0,177.0,52.0,9204.0,29.798546784516912,17.0,m210,DJI_0003.mov,120,data/raw/seadronessee/odv2/images/train/16032.jpg,train,1718,222,-184,1940,1534,required_80m_footprint_outside_source_frame
train:107699,train:16034,train,107699,16034,16034.jpg,3840,2160,2,boat,931.0,298.0,183.0,64.0,11712.0,29.69855166107894,17.0,m210,DJI_0003.mov,150,data/raw/seadronessee/odv2/images/train/16034.jpg,train,1724,160,-532,1884,1192,required_80m_footprint_outside_source_frame
train:107702,train:16036,train,107702,16036,16036.jpg,3840,2160,2,boat,1838.0,721.0,309.0,151.0,46659.0,29.69855166107894,17.1,m210,DJI_0003.mov,180,data/raw/seadronessee/odv2/images/train/16036.jpg,train,1724,1130,-66,2854,1658,required_80m_footprint_outside_source_frame
train:107703,train:16036,train,107703,16036,16036.jpg,3840,2160,2,boat,861.0,21.0,186.0,77.0,14322.0,29.69855166107894,17.1,m210,DJI_0003.mov,180,data/raw/seadronessee/odv2/images/train/16036.jpg,train,1724,92,-802,1816,922,required_80m_footprint_outside_source_frame
train:107707,train:16038,train,107707,16038,16038.jpg,3840,2160,2,boat,790.0,120.0,186.0,90.0,16740.0,29.69855166107894,25.1,m210,DJI_0003.mov,210,data/raw/seadronessee/odv2/images/train/16038.jpg,train,1724,21,-697,1745,1027,required_80m_footprint_outside_source_frame
train:107712,train:16040,train,107712,16040,16040.jpg,3840,2160,2,boat,1858.0,1249.0,380.0,214.0,81320.0,29.798546784516912,33.1,m210,DJI_0003.mov,240,data/raw/seadronessee/odv2/images/train/16040.jpg,train,1718,1189,497,2907,2215,required_80m_footprint_outside_source_frame
train:107713,train:16040,train,107713,16040,16040.jpg,3840,2160,2,boat,718.0,229.0,180.0,107.0,19260.0,29.798546784516912,33.1,m210,DJI_0003.mov,240,data/raw/seadronessee/odv2/images/train/16040.jpg,train,1718,-51,-576,1667,1142,required_80m_footprint_outside_source_frame
train:107718,train:16042,train,107718,16042,16042.jpg,3840,2160,2,boat,1870.0,1574.0,421.0,247.0,103987.0,29.798546784516912,36.0,m210,DJI_0003.mov,270,data/raw/seadronessee/odv2/images/train/16042.jpg,train,1718,1222,838,2940,2556,required_80m_footprint_outside_source_frame
train:107719,train:16042,train,107719,16042,16042.jpg,3840,2160,2,boat,644.0,348.0,165.0,132.0,21780.0,29.798546784516912,36.0,m210,DJI_0003.mov,270,data/raw/seadronessee/odv2/images/train/16042.jpg,train,1718,-132,-445,1586,1273,required_80m_footprint_outside_source_frame
train:107724,train:16044,train,107724,16044,16044.jpg,3840,2160,2,boat,2068.0,1586.0,446.0,294.0,131124.0,29.89854190795489,36.0,m210,DJI_0003.mov,300,data/raw/seadronessee/odv2/images/train/16044.jpg,train,1712,1435,877,3147,2589,required_80m_footprint_outside_source_frame
train:107725,train:16044,train,107725,16044,16044.jpg,3840,2160,2,boat,808.0,142.0,155.0,129.0,19995.0,29.89854190795489,36.0,m210,DJI_0003.mov,300,data/raw/seadronessee/odv2/images/train/16044.jpg,train,1712,30,-650,1742,1062,required_80m_footprint_outside_source_frame
train:107729,train:16046,train,107729,16046,16046.jpg,3840,2160,2,boat,2210.0,1434.0,468.0,355.0,166140.0,29.89854190795489,36.0,m210,DJI_0003.mov,330,data/raw/seadronessee/odv2/images/train/16046.jpg,train,1712,1588,756,3300,2468,required_80m_footprint_outside_source_frame
train:107733,train:16048,train,107733,16048,16048.jpg,3840,2160,2,boat,2238.0,1798.0,489.0,362.0,177018.0,29.89854190795489,36.0,m210,DJI_0003.mov,360,data/raw/seadronessee/odv2/images/train/16048.jpg,train,1712,1626,1123,3338,2835,required_80m_footprint_outside_source_frame
train:107735,train:16049,train,107735,16049,16049.jpg,3840,2160,2,boat,2497.0,1835.0,403.0,325.0,130975.0,29.998537031392868,48.8,m210,DJI_0003.mov,420,data/raw/seadronessee/odv2/images/train/16049.jpg,train,1707,1845,1144,3552,2851,required_80m_footprint_outside_source_frame
train:107739,train:16051,train,107739,16051,16051.jpg,3840,2160,2,boat,2391.0,1234.0,452.0,589.0,266228.0,29.998537031392868,48.8,m210,DJI_0003.mov,450,data/raw/seadronessee/odv2/images/train/16051.jpg,train,1707,1764,675,3471,2382,required_80m_footprint_outside_source_frame
train:107745,train:16053,train,107745,16053,16053.jpg,3840,2160,2,boat,2285.0,1236.0,461.0,609.0,280749.0,30.09853215483084,48.8,m210,DJI_0003.mov,480,data/raw/seadronessee/odv2/images/train/16053.jpg,train,1701,1665,690,3366,2391,required_80m_footprint_outside_source_frame
train:107763,train:16059,train,107763,16059,16059.jpg,3840,2160,2,boat,2127.0,1094.0,467.0,625.0,291875.0,30.19852727826882,75.6,m210,DJI_0003.mov,570,data/raw/seadronessee/odv2/images/train/16059.jpg,train,1695,1513,559,3208,2254,required_80m_footprint_outside_source_frame
train:107769,train:16061,train,107769,16061,16061.jpg,3840,2160,2,boat,2117.0,1139.0,471.0,624.0,293904.0,30.19852727826882,83.4,m210,DJI_0003.mov,600,data/raw/seadronessee/odv2/images/train/16061.jpg,train,1695,1505,604,3200,2299,required_80m_footprint_outside_source_frame
train:107775,train:16063,train,107775,16063,16063.jpg,3840,2160,2,boat,2129.0,1153.0,468.0,628.0,293904.0,30.298522401706794,83.4,m210,DJI_0003.mov,630,data/raw/seadronessee/odv2/images/train/16063.jpg,train,1690,1518,622,3208,2312,required_80m_footprint_outside_source_frame
train:107781,train:16065,train,107781,16065,16065.jpg,3840,2160,2,boat,2151.0,1159.0,472.0,622.0,293584.0,30.298522401706794,83.4,m210,DJI_0003.mov,660,data/raw/seadronessee/odv2/images/train/16065.jpg,train,1690,1542,625,3232,2315,required_80m_footprint_outside_source_frame
train:107787,train:16067,train,107787,16067,16067.jpg,3840,2160,2,boat,2160.0,1160.0,465.0,623.0,289695.0,30.39851752514477,83.4,m210,DJI_0003.mov,690,data/raw/seadronessee/odv2/images/train/16067.jpg,train,1684,1550,630,3234,2314,required_80m_footprint_outside_source_frame
train:107793,train:16069,train,107793,16069,16069.jpg,3840,2160,2,boat,2178.0,1164.0,471.0,622.0,292962.0,30.39851752514477,83.4,m210,DJI_0003.mov,720,data/raw/seadronessee/odv2/images/train/16069.jpg,train,1684,1572,633,3256,2317,required_80m_footprint_outside_source_frame
train:107799,train:16071,train,107799,16071,16071.jpg,3840,2160,2,boat,2191.0,1176.0,467.0,620.0,289540.0,30.39851752514477,83.4,m210,DJI_0003.mov,750,data/raw/seadronessee/odv2/images/train/16071.jpg,train,1684,1582,644,3266,2328,required_80m_footprint_outside_source_frame
train:107805,train:16073,train,107805,16073,16073.jpg,3840,2160,2,boat,2195.0,1199.0,471.0,621.0,292491.0,30.39851752514477,83.4,m210,DJI_0003.mov,780,data/raw/seadronessee/odv2/images/train/16073.jpg,train,1684,1588,668,3272,2352,required_80m_footprint_outside_source_frame
train:109621,train:16270,train,109621,16270,16270.jpg,3840,2160,2,boat,3226.0,1032.0,111.0,63.0,6993.0,30.19852727826882,-7.5,m210,DJI_0010_d3.mov,345,data/raw/seadronessee/odv2/images/train/16270.jpg,train,1695,2434,216,4129,1911,required_80m_footprint_outside_source_frame
train:109623,train:16270,train,109623,16270,16270.jpg,3840,2160,2,boat,3169.0,1144.0,135.0,70.0,9450.0,30.19852727826882,-7.5,m210,DJI_0010_d3.mov,345,data/raw/seadronessee/odv2/images/train/16270.jpg,train,1695,2389,332,4084,2027,required_80m_footprint_outside_source_frame
train:109672,train:16274,train,109672,16274,16274.jpg,3840,2160,2,boat,3600.0,1177.0,182.0,71.0,12922.0,30.09853215483084,21.0,m210,DJI_0010_d3.mov,405,data/raw/seadronessee/odv2/images/train/16274.jpg,train,1701,2840,362,4541,2063,required_80m_footprint_outside_source_frame
train:109698,train:16276,train,109698,16276,16276.jpg,3840,2160,2,boat,3498.0,1160.0,184.0,72.0,13248.0,29.998537031392868,20.2,m210,DJI_0010_d3.mov,435,data/raw/seadronessee/odv2/images/train/16276.jpg,train,1707,2736,342,4443,2049,required_80m_footprint_outside_source_frame
train:109724,train:16278,train,109724,16278,16278.jpg,3840,2160,2,boat,3436.0,1151.0,187.0,71.0,13277.0,29.998537031392868,20.5,m210,DJI_0010_d3.mov,465,data/raw/seadronessee/odv2/images/train/16278.jpg,train,1707,2676,333,4383,2040,required_80m_footprint_outside_source_frame
train:109750,train:16280,train,109750,16280,16280.jpg,3840,2160,2,boat,3390.0,1135.0,188.0,71.0,13348.0,29.89854190795489,20.9,m210,DJI_0010_d3.mov,495,data/raw/seadronessee/odv2/images/train/16280.jpg,train,1712,2628,314,4340,2026,required_80m_footprint_outside_source_frame
train:109764,train:16282,train,109764,16282,16282.jpg,3840,2160,2,boat,734.0,1092.0,202.0,59.0,11918.0,29.89854190795489,21.3,m210,DJI_0010_d3.mov,525,data/raw/seadronessee/odv2/images/train/16282.jpg,train,1712,-21,266,1691,1978,required_80m_footprint_outside_source_frame
train:109776,train:16282,train,109776,16282,16282.jpg,3840,2160,2,boat,3352.0,1123.0,190.0,69.0,13110.0,29.89854190795489,21.3,m210,DJI_0010_d3.mov,525,data/raw/seadronessee/odv2/images/train/16282.jpg,train,1712,2591,302,4303,2014,required_80m_footprint_outside_source_frame
train:109790,train:16284,train,109790,16284,16284.jpg,3840,2160,2,boat,666.0,1089.0,208.0,61.0,12688.0,29.89854190795489,21.5,m210,DJI_0010_d3.mov,555,data/raw/seadronessee/odv2/images/train/16284.jpg,train,1712,-86,264,1626,1976,required_80m_footprint_outside_source_frame
train:109801,train:16284,train,109801,16284,16284.jpg,3840,2160,2,boat,3312.0,1107.0,193.0,72.0,13896.0,29.89854190795489,21.5,m210,DJI_0010_d3.mov,555,data/raw/seadronessee/odv2/images/train/16284.jpg,train,1712,2552,287,4264,1999,required_80m_footprint_outside_source_frame
train:109813,train:16286,train,109813,16286,16286.jpg,3840,2160,2,boat,600.0,1099.0,212.0,62.0,13144.0,29.89854190795489,22.0,m210,DJI_0010_d3.mov,585,data/raw/seadronessee/odv2/images/train/16286.jpg,train,1712,-150,274,1562,1986,required_80m_footprint_outside_source_frame
train:109817,train:16286,train,109817,16286,16286.jpg,3840,2160,1,swimmer,812.0,1191.0,26.0,23.0,598.0,29.89854190795489,22.0,m210,DJI_0010_d3.mov,585,data/raw/seadronessee/odv2/images/train/16286.jpg,train,1712,-31,346,1681,2058,required_80m_footprint_outside_source_frame
train:109824,train:16286,train,109824,16286,16286.jpg,3840,2160,2,boat,3267.0,1082.0,191.0,69.0,13179.0,29.89854190795489,22.0,m210,DJI_0010_d3.mov,585,data/raw/seadronessee/odv2/images/train/16286.jpg,train,1712,2506,260,4218,1972,required_80m_footprint_outside_source_frame
train:109825,train:16286,train,109825,16286,16286.jpg,3840,2160,2,boat,3784.0,275.0,36.0,25.0,900.0,29.89854190795489,22.0,m210,DJI_0010_d3.mov,585,data/raw/seadronessee/odv2/images/train/16286.jpg,train,1712,2946,-568,4658,1144,required_80m_footprint_outside_source_frame
train:109839,train:16288,train,109839,16288,16288.jpg,3840,2160,2,boat,534.0,1103.0,210.0,66.0,13860.0,29.89854190795489,22.3,m210,DJI_0010_d3.mov,615,data/raw/seadronessee/odv2/images/train/16288.jpg,train,1712,-217,280,1495,1992,required_80m_footprint_outside_source_frame
train:109843,train:16288,train,109843,16288,16288.jpg,3840,2160,1,swimmer,770.0,1196.0,26.0,26.0,676.0,29.89854190795489,22.3,m210,DJI_0010_d3.mov,615,data/raw/seadronessee/odv2/images/train/16288.jpg,train,1712,-73,353,1639,2065,required_80m_footprint_outside_source_frame
train:109850,train:16288,train,109850,16288,16288.jpg,3840,2160,2,boat,3222.0,1055.0,193.0,70.0,13510.0,29.89854190795489,22.3,m210,DJI_0010_d3.mov,615,data/raw/seadronessee/odv2/images/train/16288.jpg,train,1712,2462,234,4174,1946,required_80m_footprint_outside_source_frame
train:109851,train:16288,train,109851,16288,16288.jpg,3840,2160,2,boat,3663.0,236.0,38.0,26.0,988.0,29.89854190795489,22.3,m210,DJI_0010_d3.mov,615,data/raw/seadronessee/odv2/images/train/16288.jpg,train,1712,2826,-607,4538,1105,required_80m_footprint_outside_source_frame
train:109865,train:16290,train,109865,16290,16290.jpg,3840,2160,2,boat,476.0,1107.0,215.0,66.0,14190.0,29.89854190795489,22.5,m210,DJI_0010_d3.mov,645,data/raw/seadronessee/odv2/images/train/16290.jpg,train,1712,-272,284,1440,1996,required_80m_footprint_outside_source_frame
train:109869,train:16290,train,109869,16290,16290.jpg,3840,2160,1,swimmer,736.0,1205.0,24.0,25.0,600.0,29.89854190795489,22.5,m210,DJI_0010_d3.mov,645,data/raw/seadronessee/odv2/images/train/16290.jpg,train,1712,-108,362,1604,2074,required_80m_footprint_outside_source_frame
train:109876,train:16290,train,109876,16290,16290.jpg,3840,2160,2,boat,3184.0,1031.0,195.0,66.0,12870.0,29.89854190795489,22.5,m210,DJI_0010_d3.mov,645,data/raw/seadronessee/odv2/images/train/16290.jpg,train,1712,2426,208,4138,1920,required_80m_footprint_outside_source_frame
train:109877,train:16290,train,109877,16290,16290.jpg,3840,2160,2,boat,3547.0,199.0,39.0,26.0,1014.0,29.89854190795489,22.5,m210,DJI_0010_d3.mov,645,data/raw/seadronessee/odv2/images/train/16290.jpg,train,1712,2710,-644,4422,1068,required_80m_footprint_outside_source_frame
train:109890,train:16292,train,109890,16292,16292.jpg,3840,2160,2,boat,427.0,1117.0,214.0,70.0,14980.0,29.798546784516912,22.8,m210,DJI_0010_d3.mov,675,data/raw/seadronessee/odv2/images/train/16292.jpg,train,1718,-325,293,1393,2011,required_80m_footprint_outside_source_frame
train:109893,train:16292,train,109893,16292,16292.jpg,3840,2160,1,swimmer,706.0,1210.0,26.0,30.0,780.0,29.798546784516912,22.8,m210,DJI_0010_d3.mov,675,data/raw/seadronessee/odv2/images/train/16292.jpg,train,1718,-140,366,1578,2084,required_80m_footprint_outside_source_frame
train:109900,train:16292,train,109900,16292,16292.jpg,3840,2160,2,boat,3147.0,1010.0,197.0,70.0,13790.0,29.798546784516912,22.8,m210,DJI_0010_d3.mov,675,data/raw/seadronessee/odv2/images/train/16292.jpg,train,1718,2386,186,4104,1904,required_80m_footprint_outside_source_frame
train:109901,train:16292,train,109901,16292,16292.jpg,3840,2160,2,boat,3431.0,164.0,40.0,26.0,1040.0,29.798546784516912,22.8,m210,DJI_0010_d3.mov,675,data/raw/seadronessee/odv2/images/train/16292.jpg,train,1718,2592,-682,4310,1036,required_80m_footprint_outside_source_frame
train:109914,train:16294,train,109914,16294,16294.jpg,3840,2160,2,boat,376.0,1124.0,217.0,78.0,16926.0,29.89854190795489,23.1,m210,DJI_0010_d3.mov,705,data/raw/seadronessee/odv2/images/train/16294.jpg,train,1712,-372,307,1340,2019,required_80m_footprint_outside_source_frame
train:109917,train:16294,train,109917,16294,16294.jpg,3840,2160,1,swimmer,677.0,1223.0,27.0,31.0,837.0,29.89854190795489,23.1,m210,DJI_0010_d3.mov,705,data/raw/seadronessee/odv2/images/train/16294.jpg,train,1712,-166,382,1546,2094,required_80m_footprint_outside_source_frame
train:109923,train:16294,train,109923,16294,16294.jpg,3840,2160,2,boat,3102.0,989.0,199.0,66.0,13134.0,29.89854190795489,23.1,m210,DJI_0010_d3.mov,705,data/raw/seadronessee/odv2/images/train/16294.jpg,train,1712,2346,166,4058,1878,required_80m_footprint_outside_source_frame
train:109924,train:16294,train,109924,16294,16294.jpg,3840,2160,2,boat,3306.0,126.0,41.0,26.0,1066.0,29.89854190795489,23.1,m210,DJI_0010_d3.mov,705,data/raw/seadronessee/odv2/images/train/16294.jpg,train,1712,2470,-717,4182,995,required_80m_footprint_outside_source_frame
train:109936,train:16296,train,109936,16296,16296.jpg,3840,2160,2,boat,325.0,1136.0,222.0,78.0,17316.0,29.89854190795489,23.4,m210,DJI_0010_d3.mov,735,data/raw/seadronessee/odv2/images/train/16296.jpg,train,1712,-420,319,1292,2031,required_80m_footprint_outside_source_frame
train:109937,train:16296,train,109937,16296,16296.jpg,3840,2160,1,swimmer,832.0,1191.0,37.0,33.0,1221.0,29.89854190795489,23.4,m210,DJI_0010_d3.mov,735,data/raw/seadronessee/odv2/images/train/16296.jpg,train,1712,-6,352,1706,2064,required_80m_footprint_outside_source_frame
train:109939,train:16296,train,109939,16296,16296.jpg,3840,2160,1,swimmer,644.0,1232.0,26.0,25.0,650.0,29.89854190795489,23.4,m210,DJI_0010_d3.mov,735,data/raw/seadronessee/odv2/images/train/16296.jpg,train,1712,-199,388,1513,2100,required_80m_footprint_outside_source_frame
train:109945,train:16296,train,109945,16296,16296.jpg,3840,2160,2,boat,3054.0,959.0,198.0,67.0,13266.0,29.89854190795489,23.4,m210,DJI_0010_d3.mov,735,data/raw/seadronessee/odv2/images/train/16296.jpg,train,1712,2297,136,4009,1848,required_80m_footprint_outside_source_frame
train:109946,train:16296,train,109946,16296,16296.jpg,3840,2160,2,boat,3176.0,91.0,41.0,27.0,1107.0,29.89854190795489,23.4,m210,DJI_0010_d3.mov,735,data/raw/seadronessee/odv2/images/train/16296.jpg,train,1712,2340,-752,4052,960,required_80m_footprint_outside_source_frame
train:109958,train:16298,train,109958,16298,16298.jpg,3840,2160,2,boat,268.0,1148.0,221.0,85.0,18785.0,29.89854190795489,23.6,m210,DJI_0010_d3.mov,765,data/raw/seadronessee/odv2/images/train/16298.jpg,train,1712,-478,334,1234,2046,required_80m_footprint_outside_source_frame
train:109959,train:16298,train,109959,16298,16298.jpg,3840,2160,1,swimmer,767.0,1199.0,32.0,30.0,960.0,29.89854190795489,23.6,m210,DJI_0010_d3.mov,765,data/raw/seadronessee/odv2/images/train/16298.jpg,train,1712,-73,358,1639,2070,required_80m_footprint_outside_source_frame
train:109961,train:16298,train,109961,16298,16298.jpg,3840,2160,1,swimmer,606.0,1245.0,28.0,28.0,784.0,29.89854190795489,23.6,m210,DJI_0010_d3.mov,765,data/raw/seadronessee/odv2/images/train/16298.jpg,train,1712,-236,403,1476,2115,required_80m_footprint_outside_source_frame
train:109967,train:16298,train,109967,16298,16298.jpg,3840,2160,2,boat,3004.0,931.0,198.0,64.0,12672.0,29.89854190795489,23.6,m210,DJI_0010_d3.mov,765,data/raw/seadronessee/odv2/images/train/16298.jpg,train,1712,2247,107,3959,1819,required_80m_footprint_outside_source_frame
train:109968,train:16298,train,109968,16298,16298.jpg,3840,2160,2,boat,3041.0,58.0,42.0,27.0,1134.0,29.89854190795489,23.6,m210,DJI_0010_d3.mov,765,data/raw/seadronessee/odv2/images/train/16298.jpg,train,1712,2206,-784,3918,928,required_80m_footprint_outside_source_frame
train:109980,train:16300,train,109980,16300,16300.jpg,3840,2160,2,boat,221.0,1169.0,221.0,85.0,18785.0,29.89854190795489,23.8,m210,DJI_0010_d3.mov,795,data/raw/seadronessee/odv2/images/train/16300.jpg,train,1712,-524,356,1188,2068,required_80m_footprint_outside_source_frame
train:109981,train:16300,train,109981,16300,16300.jpg,3840,2160,1,swimmer,706.0,1214.0,34.0,30.0,1020.0,29.89854190795489,23.8,m210,DJI_0010_d3.mov,795,data/raw/seadronessee/odv2/images/train/16300.jpg,train,1712,-133,373,1579,2085,required_80m_footprint_outside_source_frame
train:109983,train:16300,train,109983,16300,16300.jpg,3840,2160,1,swimmer,576.0,1261.0,27.0,28.0,756.0,29.89854190795489,23.8,m210,DJI_0010_d3.mov,795,data/raw/seadronessee/odv2/images/train/16300.jpg,train,1712,-266,419,1446,2131,required_80m_footprint_outside_source_frame
train:109987,train:16300,train,109987,16300,16300.jpg,3840,2160,1,swimmer,1099.0,1291.0,46.0,29.0,1334.0,29.89854190795489,23.8,m210,DJI_0010_d3.mov,795,data/raw/seadronessee/odv2/images/train/16300.jpg,train,1712,266,450,1978,2162,required_80m_footprint_outside_source_frame
train:109989,train:16300,train,109989,16300,16300.jpg,3840,2160,2,boat,2952.0,911.0,197.0,64.0,12608.0,29.89854190795489,23.8,m210,DJI_0010_d3.mov,795,data/raw/seadronessee/odv2/images/train/16300.jpg,train,1712,2194,87,3906,1799,required_80m_footprint_outside_source_frame
train:109990,train:16300,train,109990,16300,16300.jpg,3840,2160,2,boat,2903.0,32.0,42.0,24.0,1008.0,29.89854190795489,23.8,m210,DJI_0010_d3.mov,795,data/raw/seadronessee/odv2/images/train/16300.jpg,train,1712,2068,-812,3780,900,required_80m_footprint_outside_source_frame
train:110002,train:16302,train,110002,16302,16302.jpg,3840,2160,2,boat,173.0,1181.0,223.0,89.0,19847.0,29.998537031392868,23.9,m210,DJI_0010_d3.mov,825,data/raw/seadronessee/odv2/images/train/16302.jpg,train,1707,-569,372,1138,2079,required_80m_footprint_outside_source_frame
train:110003,train:16302,train,110003,16302,16302.jpg,3840,2160,1,swimmer,648.0,1217.0,32.0,34.0,1088.0,29.998537031392868,23.9,m210,DJI_0010_d3.mov,825,data/raw/seadronessee/odv2/images/train/16302.jpg,train,1707,-190,380,1517,2087,required_80m_footprint_outside_source_frame
train:110005,train:16302,train,110005,16302,16302.jpg,3840,2160,1,swimmer,546.0,1273.0,28.0,31.0,868.0,29.998537031392868,23.9,m210,DJI_0010_d3.mov,825,data/raw/seadronessee/odv2/images/train/16302.jpg,train,1707,-294,435,1413,2142,required_80m_footprint_outside_source_frame
train:110009,train:16302,train,110009,16302,16302.jpg,3840,2160,1,swimmer,1074.0,1299.0,42.0,26.0,1092.0,29.998537031392868,23.9,m210,DJI_0010_d3.mov,825,data/raw/seadronessee/odv2/images/train/16302.jpg,train,1707,242,458,1949,2165,required_80m_footprint_outside_source_frame
train:110011,train:16302,train,110011,16302,16302.jpg,3840,2160,2,boat,2894.0,887.0,196.0,62.0,12152.0,29.998537031392868,23.9,m210,DJI_0010_d3.mov,825,data/raw/seadronessee/odv2/images/train/16302.jpg,train,1707,2138,64,3845,1771,required_80m_footprint_outside_source_frame
train:110012,train:16302,train,110012,16302,16302.jpg,3840,2160,2,boat,2761.0,0.0,43.0,24.0,1032.0,29.998537031392868,23.9,m210,DJI_0010_d3.mov,825,data/raw/seadronessee/odv2/images/train/16302.jpg,train,1707,1929,-842,3636,865,required_80m_footprint_outside_source_frame
train:110023,train:16304,train,110023,16304,16304.jpg,3840,2160,2,boat,124.0,1195.0,227.0,99.0,22473.0,29.998537031392868,24.1,m210,DJI_0010_d3.mov,855,data/raw/seadronessee/odv2/images/train/16304.jpg,train,1707,-616,391,1091,2098,required_80m_footprint_outside_source_frame
train:110024,train:16304,train,110024,16304,16304.jpg,3840,2160,1,swimmer,587.0,1232.0,32.0,31.0,992.0,29.998537031392868,24.1,m210,DJI_0010_d3.mov,855,data/raw/seadronessee/odv2/images/train/16304.jpg,train,1707,-250,394,1457,2101,required_80m_footprint_outside_source_frame
train:110026,train:16304,train,110026,16304,16304.jpg,3840,2160,1,swimmer,517.0,1285.0,28.0,30.0,840.0,29.998537031392868,24.1,m210,DJI_0010_d3.mov,855,data/raw/seadronessee/odv2/images/train/16304.jpg,train,1707,-322,446,1385,2153,required_80m_footprint_outside_source_frame
train:110030,train:16304,train,110030,16304,16304.jpg,3840,2160,1,swimmer,1042.0,1306.0,40.0,29.0,1160.0,29.998537031392868,24.1,m210,DJI_0010_d3.mov,855,data/raw/seadronessee/odv2/images/train/16304.jpg,train,1707,208,467,1915,2174,required_80m_footprint_outside_source_frame
train:110043,train:16306,train,110043,16306,16306.jpg,3840,2160,2,boat,80.0,1235.0,222.0,98.0,21756.0,29.998537031392868,24.2,m210,DJI_0010_d3.mov,885,data/raw/seadronessee/odv2/images/train/16306.jpg,train,1707,-662,430,1045,2137,required_80m_footprint_outside_source_frame
train:110044,train:16306,train,110044,16306,16306.jpg,3840,2160,1,swimmer,525.0,1256.0,31.0,33.0,1023.0,29.998537031392868,24.2,m210,DJI_0010_d3.mov,885,data/raw/seadronessee/odv2/images/train/16306.jpg,train,1707,-313,419,1394,2126,required_80m_footprint_outside_source_frame
train:110046,train:16306,train,110046,16306,16306.jpg,3840,2160,1,swimmer,489.0,1315.0,28.0,31.0,868.0,29.998537031392868,24.2,m210,DJI_0010_d3.mov,885,data/raw/seadronessee/odv2/images/train/16306.jpg,train,1707,-350,477,1357,2184,required_80m_footprint_outside_source_frame
train:110050,train:16306,train,110050,16306,16306.jpg,3840,2160,1,swimmer,1011.0,1330.0,34.0,29.0,986.0,29.998537031392868,24.2,m210,DJI_0010_d3.mov,885,data/raw/seadronessee/odv2/images/train/16306.jpg,train,1707,174,491,1881,2198,required_80m_footprint_outside_source_frame
train:110064,train:16308,train,110064,16308,16308.jpg,3840,2160,2,boat,35.0,1265.0,220.0,102.0,22440.0,29.89854190795489,24.2,m210,DJI_0010_d3.mov,915,data/raw/seadronessee/odv2/images/train/16308.jpg,train,1712,-711,460,1001,2172,required_80m_footprint_outside_source_frame
train:110065,train:16308,train,110065,16308,16308.jpg,3840,2160,1,swimmer,469.0,1286.0,31.0,35.0,1085.0,29.89854190795489,24.2,m210,DJI_0010_d3.mov,915,data/raw/seadronessee/odv2/images/train/16308.jpg,train,1712,-372,448,1340,2160,required_80m_footprint_outside_source_frame
train:110068,train:16308,train,110068,16308,16308.jpg,3840,2160,1,swimmer,465.0,1342.0,28.0,33.0,924.0,29.89854190795489,24.2,m210,DJI_0010_d3.mov,915,data/raw/seadronessee/odv2/images/train/16308.jpg,train,1712,-377,502,1335,2214,required_80m_footprint_outside_source_frame
train:110072,train:16308,train,110072,16308,16308.jpg,3840,2160,1,swimmer,989.0,1350.0,32.0,28.0,896.0,29.89854190795489,24.2,m210,DJI_0010_d3.mov,915,data/raw/seadronessee/odv2/images/train/16308.jpg,train,1712,149,508,1861,2220,required_80m_footprint_outside_source_frame
train:110086,train:16310,train,110086,16310,16310.jpg,3840,2160,2,boat,0.0,1295.0,221.0,103.0,22763.0,29.89854190795489,24.2,m210,DJI_0010_d3.mov,945,data/raw/seadronessee/odv2/images/train/16310.jpg,train,1712,-746,490,966,2202,required_80m_footprint_outside_source_frame
train:110087,train:16310,train,110087,16310,16310.jpg,3840,2160,1,swimmer,414.0,1313.0,34.0,32.0,1088.0,29.89854190795489,24.2,m210,DJI_0010_d3.mov,945,data/raw/seadronessee/odv2/images/train/16310.jpg,train,1712,-425,473,1287,2185,required_80m_footprint_outside_source_frame
train:110090,train:16310,train,110090,16310,16310.jpg,3840,2160,1,swimmer,445.0,1369.0,30.0,33.0,990.0,29.89854190795489,24.2,m210,DJI_0010_d3.mov,945,data/raw/seadronessee/odv2/images/train/16310.jpg,train,1712,-396,530,1316,2242,required_80m_footprint_outside_source_frame
train:110094,train:16310,train,110094,16310,16310.jpg,3840,2160,1,swimmer,969.0,1377.0,30.0,28.0,840.0,29.89854190795489,24.2,m210,DJI_0010_d3.mov,945,data/raw/seadronessee/odv2/images/train/16310.jpg,train,1712,128,535,1840,2247,required_80m_footprint_outside_source_frame
train:110096,train:16310,train,110096,16310,16310.jpg,3840,2160,2,boat,2638.0,828.0,192.0,53.0,10176.0,29.89854190795489,24.2,m210,DJI_0010_d3.mov,945,data/raw/seadronessee/odv2/images/train/16310.jpg,train,1712,1878,-2,3590,1710,required_80m_footprint_outside_source_frame
train:110108,train:16312,train,110108,16312,16312.jpg,3840,2160,2,boat,0.0,1329.0,196.0,117.0,22932.0,29.89854190795489,24.0,m210,DJI_0010_d3.mov,975,data/raw/seadronessee/odv2/images/train/16312.jpg,train,1712,-758,532,954,2244,required_80m_footprint_outside_source_frame
train:110109,train:16312,train,110109,16312,16312.jpg,3840,2160,1,swimmer,361.0,1345.0,31.0,32.0,992.0,29.89854190795489,24.0,m210,DJI_0010_d3.mov,975,data/raw/seadronessee/odv2/images/train/16312.jpg,train,1712,-480,505,1232,2217,required_80m_footprint_outside_source_frame
train:110112,train:16312,train,110112,16312,16312.jpg,3840,2160,1,swimmer,435.0,1399.0,31.0,34.0,1054.0,29.89854190795489,24.0,m210,DJI_0010_d3.mov,975,data/raw/seadronessee/odv2/images/train/16312.jpg,train,1712,-406,560,1306,2272,required_80m_footprint_outside_source_frame
train:110116,train:16312,train,110116,16312,16312.jpg,3840,2160,1,swimmer,955.0,1401.0,31.0,29.0,899.0,29.89854190795489,24.0,m210,DJI_0010_d3.mov,975,data/raw/seadronessee/odv2/images/train/16312.jpg,train,1712,114,560,1826,2272,required_80m_footprint_outside_source_frame
train:110118,train:16312,train,110118,16312,16312.jpg,3840,2160,2,boat,2572.0,824.0,194.0,55.0,10670.0,29.89854190795489,24.0,m210,DJI_0010_d3.mov,975,data/raw/seadronessee/odv2/images/train/16312.jpg,train,1712,1813,-4,3525,1708,required_80m_footprint_outside_source_frame
train:110130,train:16314,train,110130,16314,16314.jpg,3840,2160,2,boat,0.0,1378.0,159.0,115.0,18285.0,29.998537031392868,24.0,m210,DJI_0010_d3.mov,1005,data/raw/seadronessee/odv2/images/train/16314.jpg,train,1707,-774,582,933,2289,required_80m_footprint_outside_source_frame
train:110131,train:16314,train,110131,16314,16314.jpg,3840,2160,1,swimmer,315.0,1387.0,32.0,31.0,992.0,29.998537031392868,24.0,m210,DJI_0010_d3.mov,1005,data/raw/seadronessee/odv2/images/train/16314.jpg,train,1707,-522,549,1185,2256,required_80m_footprint_outside_source_frame
train:110134,train:16314,train,110134,16314,16314.jpg,3840,2160,1,swimmer,937.0,1427.0,31.0,27.0,837.0,29.998537031392868,24.0,m210,DJI_0010_d3.mov,1005,data/raw/seadronessee/odv2/images/train/16314.jpg,train,1707,99,587,1806,2294,required_80m_footprint_outside_source_frame
train:110135,train:16314,train,110135,16314,16314.jpg,3840,2160,1,swimmer,428.0,1436.0,29.0,31.0,899.0,29.998537031392868,24.0,m210,DJI_0010_d3.mov,1005,data/raw/seadronessee/odv2/images/train/16314.jpg,train,1707,-411,598,1296,2305,required_80m_footprint_outside_source_frame
train:110139,train:16314,train,110139,16314,16314.jpg,3840,2160,2,boat,2497.0,824.0,191.0,52.0,9932.0,29.998537031392868,24.0,m210,DJI_0010_d3.mov,1005,data/raw/seadronessee/odv2/images/train/16314.jpg,train,1707,1739,-4,3446,1703,required_80m_footprint_outside_source_frame
train:110151,train:16316,train,110151,16316,16316.jpg,3840,2160,1,swimmer,205.0,1431.0,30.0,28.0,840.0,29.89854190795489,23.7,m210,DJI_0010_d3.mov,1035,data/raw/seadronessee/odv2/images/train/16316.jpg,train,1712,-636,589,1076,2301,required_80m_footprint_outside_source_frame
train:110152,train:16316,train,110152,16316,16316.jpg,3840,2160,1,swimmer,355.0,1472.0,29.0,32.0,928.0,29.89854190795489,23.7,m210,DJI_0010_d3.mov,1035,data/raw/seadronessee/odv2/images/train/16316.jpg,train,1712,-486,632,1226,2344,required_80m_footprint_outside_source_frame
train:110154,train:16316,train,110154,16316,16316.jpg,3840,2160,1,swimmer,856.0,1456.0,32.0,31.0,992.0,29.89854190795489,23.7,m210,DJI_0010_d3.mov,1035,data/raw/seadronessee/odv2/images/train/16316.jpg,train,1712,16,616,1728,2328,required_80m_footprint_outside_source_frame
train:110158,train:16316,train,110158,16316,16316.jpg,3840,2160,2,boat,2368.0,818.0,188.0,53.0,9964.0,29.89854190795489,23.7,m210,DJI_0010_d3.mov,1035,data/raw/seadronessee/odv2/images/train/16316.jpg,train,1712,1606,-12,3318,1700,required_80m_footprint_outside_source_frame
train:110167,train:16318,train,110167,16318,16318.jpg,3840,2160,1,swimmer,73.0,1462.0,33.0,31.0,1023.0,29.998537031392868,23.7,m210,DJI_0010_d3.mov,1065,data/raw/seadronessee/odv2/images/train/16318.jpg,train,1707,-764,624,943,2331,required_80m_footprint_outside_source_frame
train:110168,train:16318,train,110168,16318,16318.jpg,3840,2160,1,swimmer,254.0,1494.0,28.0,32.0,896.0,29.998537031392868,23.7,m210,DJI_0010_d3.mov,1065,data/raw/seadronessee/odv2/images/train/16318.jpg,train,1707,-586,656,1121,2363,required_80m_footprint_outside_source_frame
train:110170,train:16318,train,110170,16318,16318.jpg,3840,2160,1,swimmer,744.0,1480.0,30.0,34.0,1020.0,29.998537031392868,23.7,m210,DJI_0010_d3.mov,1065,data/raw/seadronessee/odv2/images/train/16318.jpg,train,1707,-94,644,1613,2351,required_80m_footprint_outside_source_frame
train:110174,train:16318,train,110174,16318,16318.jpg,3840,2160,2,boat,2247.0,807.0,190.0,51.0,9690.0,29.998537031392868,23.7,m210,DJI_0010_d3.mov,1065,data/raw/seadronessee/odv2/images/train/16318.jpg,train,1707,1488,-21,3195,1686,required_80m_footprint_outside_source_frame
train:110183,train:16320,train,110183,16320,16320.jpg,3840,2160,1,swimmer,0.0,1456.0,30.0,30.0,900.0,29.998537031392868,23.5,m210,DJI_0010_d3.mov,1095,data/raw/seadronessee/odv2/images/train/16320.jpg,train,1707,-838,618,869,2325,required_80m_footprint_outside_source_frame
train:110184,train:16320,train,110184,16320,16320.jpg,3840,2160,1,swimmer,215.0,1486.0,27.0,33.0,891.0,29.998537031392868,23.5,m210,DJI_0010_d3.mov,1095,data/raw/seadronessee/odv2/images/train/16320.jpg,train,1707,-625,649,1082,2356,required_80m_footprint_outside_source_frame
train:110186,train:16320,train,110186,16320,16320.jpg,3840,2160,1,swimmer,688.0,1475.0,31.0,36.0,1116.0,29.998537031392868,23.5,m210,DJI_0010_d3.mov,1095,data/raw/seadronessee/odv2/images/train/16320.jpg,train,1707,-150,640,1557,2347,required_80m_footprint_outside_source_frame
train:110190,train:16320,train,110190,16320,16320.jpg,3840,2160,2,boat,2194.0,809.0,183.0,52.0,9516.0,29.998537031392868,23.5,m210,DJI_0010_d3.mov,1095,data/raw/seadronessee/odv2/images/train/16320.jpg,train,1707,1432,-18,3139,1689,required_80m_footprint_outside_source_frame
train:110198,train:16322,train,110198,16322,16322.jpg,3840,2160,1,swimmer,181.0,1486.0,39.0,35.0,1365.0,30.09853215483084,23.6,m210,DJI_0010_d3.mov,1125,data/raw/seadronessee/odv2/images/train/16322.jpg,train,1701,-650,653,1051,2354,required_80m_footprint_outside_source_frame
train:110200,train:16322,train,110200,16322,16322.jpg,3840,2160,1,swimmer,651.0,1475.0,36.0,37.0,1332.0,30.09853215483084,23.6,m210,DJI_0010_d3.mov,1125,data/raw/seadronessee/odv2/images/train/16322.jpg,train,1701,-182,643,1519,2344,required_80m_footprint_outside_source_frame
train:110204,train:16322,train,110204,16322,16322.jpg,3840,2160,2,boat,2159.0,817.0,190.0,50.0,9500.0,30.09853215483084,23.6,m210,DJI_0010_d3.mov,1125,data/raw/seadronessee/odv2/images/train/16322.jpg,train,1701,1404,-8,3105,1693,required_80m_footprint_outside_source_frame
train:110212,train:16324,train,110212,16324,16324.jpg,3840,2160,1,swimmer,175.0,1485.0,38.0,33.0,1254.0,30.09853215483084,23.6,m210,DJI_0010_d3.mov,1155,data/raw/seadronessee/odv2/images/train/16324.jpg,train,1701,-656,651,1045,2352,required_80m_footprint_outside_source_frame
train:110214,train:16324,train,110214,16324,16324.jpg,3840,2160,1,swimmer,625.0,1485.0,34.0,29.0,986.0,30.09853215483084,23.6,m210,DJI_0010_d3.mov,1155,data/raw/seadronessee/odv2/images/train/16324.jpg,train,1701,-208,649,1493,2350,required_80m_footprint_outside_source_frame
train:110218,train:16324,train,110218,16324,16324.jpg,3840,2160,2,boat,2136.0,820.0,190.0,52.0,9880.0,30.09853215483084,23.6,m210,DJI_0010_d3.mov,1155,data/raw/seadronessee/odv2/images/train/16324.jpg,train,1701,1380,-4,3081,1697,required_80m_footprint_outside_source_frame
train:110226,train:16326,train,110226,16326,16326.jpg,3840,2160,1,swimmer,178.0,1488.0,38.0,32.0,1216.0,30.09853215483084,23.6,m210,DJI_0010_d3.mov,1185,data/raw/seadronessee/odv2/images/train/16326.jpg,train,1701,-654,654,1047,2355,required_80m_footprint_outside_source_frame
train:110228,train:16326,train,110228,16326,16326.jpg,3840,2160,1,swimmer,606.0,1491.0,34.0,33.0,1122.0,30.09853215483084,23.6,m210,DJI_0010_d3.mov,1185,data/raw/seadronessee/odv2/images/train/16326.jpg,train,1701,-228,657,1473,2358,required_80m_footprint_outside_source_frame
train:110232,train:16326,train,110232,16326,16326.jpg,3840,2160,2,boat,2118.0,822.0,191.0,52.0,9932.0,30.09853215483084,23.6,m210,DJI_0010_d3.mov,1185,data/raw/seadronessee/odv2/images/train/16326.jpg,train,1701,1363,-2,3064,1699,required_80m_footprint_outside_source_frame
train:110240,train:16328,train,110240,16328,16328.jpg,3840,2160,1,swimmer,186.0,1486.0,38.0,33.0,1254.0,30.09853215483084,23.6,m210,DJI_0010_d3.mov,1215,data/raw/seadronessee/odv2/images/train/16328.jpg,train,1701,-646,652,1055,2353,required_80m_footprint_outside_source_frame
train:110242,train:16328,train,110242,16328,16328.jpg,3840,2160,1,swimmer,594.0,1494.0,30.0,30.0,900.0,30.09853215483084,23.6,m210,DJI_0010_d3.mov,1215,data/raw/seadronessee/odv2/images/train/16328.jpg,train,1701,-242,658,1459,2359,required_80m_footprint_outside_source_frame
train:110254,train:16330,train,110254,16330,16330.jpg,3840,2160,1,swimmer,194.0,1486.0,36.0,35.0,1260.0,29.998537031392868,23.6,m210,DJI_0010_d3.mov,1245,data/raw/seadronessee/odv2/images/train/16330.jpg,train,1707,-642,650,1065,2357,required_80m_footprint_outside_source_frame
train:110256,train:16330,train,110256,16330,16330.jpg,3840,2160,1,swimmer,575.0,1496.0,31.0,32.0,992.0,29.998537031392868,23.6,m210,DJI_0010_d3.mov,1245,data/raw/seadronessee/odv2/images/train/16330.jpg,train,1707,-263,658,1444,2365,required_80m_footprint_outside_source_frame
train:110268,train:16332,train,110268,16332,16332.jpg,3840,2160,1,swimmer,201.0,1484.0,35.0,36.0,1260.0,29.998537031392868,23.6,m210,DJI_0010_d3.mov,1275,data/raw/seadronessee/odv2/images/train/16332.jpg,train,1707,-635,648,1072,2355,required_80m_footprint_outside_source_frame
train:110270,train:16332,train,110270,16332,16332.jpg,3840,2160,1,swimmer,556.0,1506.0,32.0,34.0,1088.0,29.998537031392868,23.6,m210,DJI_0010_d3.mov,1275,data/raw/seadronessee/odv2/images/train/16332.jpg,train,1707,-282,670,1425,2377,required_80m_footprint_outside_source_frame
train:110282,train:16334,train,110282,16334,16334.jpg,3840,2160,1,swimmer,207.0,1485.0,37.0,35.0,1295.0,29.998537031392868,23.6,m210,DJI_0010_d3.mov,1305,data/raw/seadronessee/odv2/images/train/16334.jpg,train,1707,-628,649,1079,2356,required_80m_footprint_outside_source_frame
train:110284,train:16334,train,110284,16334,16334.jpg,3840,2160,1,swimmer,538.0,1510.0,35.0,33.0,1155.0,29.998537031392868,23.6,m210,DJI_0010_d3.mov,1305,data/raw/seadronessee/odv2/images/train/16334.jpg,train,1707,-298,673,1409,2380,required_80m_footprint_outside_source_frame
train:110296,train:16336,train,110296,16336,16336.jpg,3840,2160,1,swimmer,213.0,1491.0,36.0,34.0,1224.0,30.09853215483084,23.6,m210,DJI_0010_d3.mov,1335,data/raw/seadronessee/odv2/images/train/16336.jpg,train,1701,-620,658,1081,2359,required_80m_footprint_outside_source_frame
train:110298,train:16336,train,110298,16336,16336.jpg,3840,2160,1,swimmer,524.0,1511.0,32.0,33.0,1056.0,30.09853215483084,23.6,m210,DJI_0010_d3.mov,1335,data/raw/seadronessee/odv2/images/train/16336.jpg,train,1701,-310,677,1391,2378,required_80m_footprint_outside_source_frame
train:110310,train:16338,train,110310,16338,16338.jpg,3840,2160,1,swimmer,212.0,1492.0,35.0,35.0,1225.0,29.998537031392868,23.6,m210,DJI_0010_d3.mov,1365,data/raw/seadronessee/odv2/images/train/16338.jpg,train,1707,-624,656,1083,2363,required_80m_footprint_outside_source_frame
train:110312,train:16338,train,110312,16338,16338.jpg,3840,2160,1,swimmer,509.0,1521.0,32.0,36.0,1152.0,29.998537031392868,23.6,m210,DJI_0010_d3.mov,1365,data/raw/seadronessee/odv2/images/train/16338.jpg,train,1707,-328,686,1379,2393,required_80m_footprint_outside_source_frame
train:110324,train:16340,train,110324,16340,16340.jpg,3840,2160,1,swimmer,211.0,1506.0,41.0,35.0,1435.0,30.09853215483084,23.6,m210,DJI_0010_d3.mov,1395,data/raw/seadronessee/odv2/images/train/16340.jpg,train,1701,-619,673,1082,2374,required_80m_footprint_outside_source_frame
train:110326,train:16340,train,110326,16340,16340.jpg,3840,2160,1,swimmer,495.0,1541.0,35.0,31.0,1085.0,30.09853215483084,23.6,m210,DJI_0010_d3.mov,1395,data/raw/seadronessee/odv2/images/train/16340.jpg,train,1701,-338,706,1363,2407,required_80m_footprint_outside_source_frame
train:110338,train:16342,train,110338,16342,16342.jpg,3840,2160,1,swimmer,197.0,1513.0,35.0,39.0,1365.0,29.998537031392868,23.6,m210,DJI_0010_d3.mov,1425,data/raw/seadronessee/odv2/images/train/16342.jpg,train,1707,-639,679,1068,2386,required_80m_footprint_outside_source_frame
train:110339,train:16342,train,110339,16342,16342.jpg,3840,2160,2,boat,778.0,1088.0,117.0,110.0,12870.0,29.998537031392868,23.6,m210,DJI_0010_d3.mov,1425,data/raw/seadronessee/odv2/images/train/16342.jpg,train,1707,-17,290,1690,1997,required_80m_footprint_outside_source_frame
train:110340,train:16342,train,110340,16342,16342.jpg,3840,2160,1,swimmer,474.0,1555.0,35.0,36.0,1260.0,29.998537031392868,23.6,m210,DJI_0010_d3.mov,1425,data/raw/seadronessee/odv2/images/train/16342.jpg,train,1707,-362,720,1345,2427,required_80m_footprint_outside_source_frame
train:110344,train:16342,train,110344,16342,16342.jpg,3840,2160,2,boat,2039.0,813.0,199.0,55.0,10945.0,29.998537031392868,23.6,m210,DJI_0010_d3.mov,1425,data/raw/seadronessee/odv2/images/train/16342.jpg,train,1707,1285,-13,2992,1694,required_80m_footprint_outside_source_frame
train:110352,train:16344,train,110352,16344,16344.jpg,3840,2160,1,swimmer,173.0,1537.0,35.0,43.0,1505.0,29.998537031392868,23.7,m210,DJI_0010_d3.mov,1455,data/raw/seadronessee/odv2/images/train/16344.jpg,train,1707,-663,705,1044,2412,required_80m_footprint_outside_source_frame
train:110353,train:16344,train,110353,16344,16344.jpg,3840,2160,2,boat,755.0,1076.0,121.0,118.0,14278.0,29.998537031392868,23.7,m210,DJI_0010_d3.mov,1455,data/raw/seadronessee/odv2/images/train/16344.jpg,train,1707,-38,282,1669,1989,required_80m_footprint_outside_source_frame
train:110354,train:16344,train,110354,16344,16344.jpg,3840,2160,1,swimmer,448.0,1583.0,34.0,38.0,1292.0,29.998537031392868,23.7,m210,DJI_0010_d3.mov,1455,data/raw/seadronessee/odv2/images/train/16344.jpg,train,1707,-388,748,1319,2455,required_80m_footprint_outside_source_frame
train:110358,train:16344,train,110358,16344,16344.jpg,3840,2160,2,boat,2042.0,783.0,204.0,57.0,11628.0,29.998537031392868,23.7,m210,DJI_0010_d3.mov,1455,data/raw/seadronessee/odv2/images/train/16344.jpg,train,1707,1290,-42,2997,1665,required_80m_footprint_outside_source_frame
train:110366,train:16346,train,110366,16346,16346.jpg,3840,2160,1,swimmer,93.0,1596.0,83.0,73.0,6059.0,29.998537031392868,24.8,m210,DJI_0010_d3.mov,1485,data/raw/seadronessee/odv2/images/train/16346.jpg,train,1707,-719,779,988,2486,required_80m_footprint_outside_source_frame
train:110367,train:16346,train,110367,16346,16346.jpg,3840,2160,2,boat,720.0,1107.0,127.0,123.0,15621.0,29.998537031392868,24.8,m210,DJI_0010_d3.mov,1485,data/raw/seadronessee/odv2/images/train/16346.jpg,train,1707,-70,315,1637,2022,required_80m_footprint_outside_source_frame
train:110368,train:16346,train,110368,16346,16346.jpg,3840,2160,1,swimmer,407.0,1648.0,36.0,40.0,1440.0,29.998537031392868,24.8,m210,DJI_0010_d3.mov,1485,data/raw/seadronessee/odv2/images/train/16346.jpg,train,1707,-428,814,1279,2521,required_80m_footprint_outside_source_frame
train:110372,train:16346,train,110372,16346,16346.jpg,3840,2160,2,boat,2039.0,783.0,209.0,57.0,11913.0,29.998537031392868,24.8,m210,DJI_0010_d3.mov,1485,data/raw/seadronessee/odv2/images/train/16346.jpg,train,1707,1290,-42,2997,1665,required_80m_footprint_outside_source_frame
train:110380,train:16348,train,110380,16348,16348.jpg,3840,2160,1,swimmer,64.0,1614.0,74.0,64.0,4736.0,29.89854190795489,25.8,m210,DJI_0010_d3.mov,1515,data/raw/seadronessee/odv2/images/train/16348.jpg,train,1712,-755,790,957,2502,required_80m_footprint_outside_source_frame
train:110381,train:16348,train,110381,16348,16348.jpg,3840,2160,2,boat,676.0,1097.0,133.0,129.0,17157.0,29.89854190795489,25.8,m210,DJI_0010_d3.mov,1515,data/raw/seadronessee/odv2/images/train/16348.jpg,train,1712,-114,306,1598,2018,required_80m_footprint_outside_source_frame
train:110382,train:16348,train,110382,16348,16348.jpg,3840,2160,1,swimmer,368.0,1683.0,37.0,35.0,1295.0,29.89854190795489,25.8,m210,DJI_0010_d3.mov,1515,data/raw/seadronessee/odv2/images/train/16348.jpg,train,1712,-470,844,1242,2556,required_80m_footprint_outside_source_frame
train:110386,train:16348,train,110386,16348,16348.jpg,3840,2160,2,boat,2024.0,745.0,214.0,59.0,12626.0,29.89854190795489,25.8,m210,DJI_0010_d3.mov,1515,data/raw/seadronessee/odv2/images/train/16348.jpg,train,1712,1275,-82,2987,1630,required_80m_footprint_outside_source_frame
train:110394,train:16350,train,110394,16350,16350.jpg,3840,2160,1,swimmer,13.0,1645.0,104.0,82.0,8528.0,29.798546784516912,26.4,m210,DJI_0010_d3.mov,1545,data/raw/seadronessee/odv2/images/train/16350.jpg,train,1718,-794,827,924,2545,required_80m_footprint_outside_source_frame
train:110395,train:16350,train,110395,16350,16350.jpg,3840,2160,2,boat,624.0,1090.0,141.0,140.0,19740.0,29.798546784516912,26.4,m210,DJI_0010_d3.mov,1545,data/raw/seadronessee/odv2/images/train/16350.jpg,train,1718,-164,301,1554,2019,required_80m_footprint_outside_source_frame
train:110396,train:16350,train,110396,16350,16350.jpg,3840,2160,1,swimmer,322.0,1725.0,37.0,35.0,1295.0,29.798546784516912,26.4,m210,DJI_0010_d3.mov,1545,data/raw/seadronessee/odv2/images/train/16350.jpg,train,1718,-518,884,1200,2602,required_80m_footprint_outside_source_frame
train:110400,train:16350,train,110400,16350,16350.jpg,3840,2160,2,boat,1998.0,703.0,218.0,59.0,12862.0,29.798546784516912,26.4,m210,DJI_0010_d3.mov,1545,data/raw/seadronessee/odv2/images/train/16350.jpg,train,1718,1248,-126,2966,1592,required_80m_footprint_outside_source_frame
train:110409,train:16352,train,110409,16352,16352.jpg,3840,2160,1,swimmer,0.0,1677.0,52.0,72.0,3744.0,29.798546784516912,27.6,m210,DJI_0010_d3.mov,1575,data/raw/seadronessee/odv2/images/train/16352.jpg,train,1718,-833,854,885,2572,required_80m_footprint_outside_source_frame
train:110410,train:16352,train,110410,16352,16352.jpg,3840,2160,2,boat,562.0,1092.0,144.0,140.0,20160.0,29.798546784516912,27.6,m210,DJI_0010_d3.mov,1575,data/raw/seadronessee/odv2/images/train/16352.jpg,train,1718,-225,303,1493,2021,required_80m_footprint_outside_source_frame
train:110411,train:16352,train,110411,16352,16352.jpg,3840,2160,1,swimmer,229.0,1770.0,83.0,54.0,4482.0,29.798546784516912,27.6,m210,DJI_0010_d3.mov,1575,data/raw/seadronessee/odv2/images/train/16352.jpg,train,1718,-588,938,1130,2656,required_80m_footprint_outside_source_frame
train:110416,train:16352,train,110416,16352,16352.jpg,3840,2160,2,boat,1963.0,659.0,223.0,63.0,14049.0,29.798546784516912,27.6,m210,DJI_0010_d3.mov,1575,data/raw/seadronessee/odv2/images/train/16352.jpg,train,1718,1216,-168,2934,1550,required_80m_footprint_outside_source_frame
train:110424,train:16354,train,110424,16354,16354.jpg,3840,2160,2,boat,493.0,1058.0,150.0,151.0,22650.0,29.89854190795489,28.7,m210,DJI_0010_d3.mov,1605,data/raw/seadronessee/odv2/images/train/16354.jpg,train,1712,-288,278,1424,1990,required_80m_footprint_outside_source_frame
train:110425,train:16354,train,110425,16354,16354.jpg,3840,2160,1,swimmer,179.0,1787.0,96.0,101.0,9696.0,29.89854190795489,28.7,m210,DJI_0010_d3.mov,1605,data/raw/seadronessee/odv2/images/train/16354.jpg,train,1712,-629,982,1083,2694,required_80m_footprint_outside_source_frame
train:110430,train:16354,train,110430,16354,16354.jpg,3840,2160,2,boat,1920.0,583.0,227.0,65.0,14755.0,29.89854190795489,28.7,m210,DJI_0010_d3.mov,1605,data/raw/seadronessee/odv2/images/train/16354.jpg,train,1712,1178,-240,2890,1472,required_80m_footprint_outside_source_frame
train:110438,train:16356,train,110438,16356,16356.jpg,3840,2160,2,boat,420.0,1026.0,157.0,167.0,26219.0,29.89854190795489,29.9,m210,DJI_0010_d3.mov,1635,data/raw/seadronessee/odv2/images/train/16356.jpg,train,1712,-358,254,1354,1966,required_80m_footprint_outside_source_frame
train:110439,train:16356,train,110439,16356,16356.jpg,3840,2160,1,swimmer,128.0,1804.0,68.0,104.0,7072.0,29.89854190795489,29.9,m210,DJI_0010_d3.mov,1635,data/raw/seadronessee/odv2/images/train/16356.jpg,train,1712,-694,1000,1018,2712,required_80m_footprint_outside_source_frame
train:110444,train:16356,train,110444,16356,16356.jpg,3840,2160,2,boat,1874.0,504.0,233.0,68.0,15844.0,29.89854190795489,29.9,m210,DJI_0010_d3.mov,1635,data/raw/seadronessee/odv2/images/train/16356.jpg,train,1712,1134,-318,2846,1394,required_80m_footprint_outside_source_frame
train:110452,train:16358,train,110452,16358,16358.jpg,3840,2160,2,boat,336.0,994.0,163.0,170.0,27710.0,29.998537031392868,31.2,m210,DJI_0010_d3.mov,1665,data/raw/seadronessee/odv2/images/train/16358.jpg,train,1707,-436,226,1271,1933,required_80m_footprint_outside_source_frame
train:110453,train:16358,train,110453,16358,16358.jpg,3840,2160,1,swimmer,59.0,1834.0,78.0,115.0,8970.0,29.998537031392868,31.2,m210,DJI_0010_d3.mov,1665,data/raw/seadronessee/odv2/images/train/16358.jpg,train,1707,-756,1038,951,2745,required_80m_footprint_outside_source_frame
train:110458,train:16358,train,110458,16358,16358.jpg,3840,2160,2,boat,1812.0,408.0,241.0,68.0,16388.0,29.998537031392868,31.2,m210,DJI_0010_d3.mov,1665,data/raw/seadronessee/odv2/images/train/16358.jpg,train,1707,1079,-412,2786,1295,required_80m_footprint_outside_source_frame
train:110466,train:16360,train,110466,16360,16360.jpg,3840,2160,2,boat,240.0,1005.0,172.0,179.0,30788.0,29.998537031392868,32.1,m210,DJI_0010_d3.mov,1695,data/raw/seadronessee/odv2/images/train/16360.jpg,train,1707,-528,241,1179,1948,required_80m_footprint_outside_source_frame
train:110467,train:16360,train,110467,16360,16360.jpg,3840,2160,1,swimmer,0.0,1907.0,75.0,117.0,8775.0,29.998537031392868,32.1,m210,DJI_0010_d3.mov,1695,data/raw/seadronessee/odv2/images/train/16360.jpg,train,1707,-816,1112,891,2819,required_80m_footprint_outside_source_frame
train:110470,train:16360,train,110470,16360,16360.jpg,3840,2160,2,boat,644.0,1122.0,282.0,217.0,61194.0,29.998537031392868,32.1,m210,DJI_0010_d3.mov,1695,data/raw/seadronessee/odv2/images/train/16360.jpg,train,1707,-68,377,1639,2084,required_80m_footprint_outside_source_frame
train:110472,train:16360,train,110472,16360,16360.jpg,3840,2160,2,boat,1741.0,349.0,246.0,73.0,17958.0,29.998537031392868,32.1,m210,DJI_0010_d3.mov,1695,data/raw/seadronessee/odv2/images/train/16360.jpg,train,1707,1010,-468,2717,1239,required_80m_footprint_outside_source_frame
train:110479,train:16362,train,110479,16362,16362.jpg,3840,2160,2,boat,137.0,961.0,182.0,192.0,34944.0,30.09853215483084,33.6,m210,DJI_0010_d3.mov,1725,data/raw/seadronessee/odv2/images/train/16362.jpg,train,1701,-622,206,1079,1907,required_80m_footprint_outside_source_frame
train:110482,train:16362,train,110482,16362,16362.jpg,3840,2160,2,boat,566.0,1081.0,297.0,231.0,68607.0,30.09853215483084,33.6,m210,DJI_0010_d3.mov,1725,data/raw/seadronessee/odv2/images/train/16362.jpg,train,1701,-136,346,1565,2047,required_80m_footprint_outside_source_frame
train:110484,train:16362,train,110484,16362,16362.jpg,3840,2160,2,boat,1660.0,232.0,251.0,76.0,19076.0,30.09853215483084,33.6,m210,DJI_0010_d3.mov,1725,data/raw/seadronessee/odv2/images/train/16362.jpg,train,1701,935,-580,2636,1121,required_80m_footprint_outside_source_frame
train:110491,train:16364,train,110491,16364,16364.jpg,3840,2160,2,boat,32.0,977.0,192.0,206.0,39552.0,29.998537031392868,35.1,m210,DJI_0010_d3.mov,1755,data/raw/seadronessee/odv2/images/train/16364.jpg,train,1707,-726,226,981,1933,required_80m_footprint_outside_source_frame
train:110494,train:16364,train,110494,16364,16364.jpg,3840,2160,2,boat,480.0,1101.0,312.0,237.0,73944.0,29.998537031392868,35.1,m210,DJI_0010_d3.mov,1755,data/raw/seadronessee/odv2/images/train/16364.jpg,train,1707,-218,366,1489,2073,required_80m_footprint_outside_source_frame
train:110496,train:16364,train,110496,16364,16364.jpg,3840,2160,2,boat,1563.0,156.0,258.0,82.0,21156.0,29.998537031392868,35.1,m210,DJI_0010_d3.mov,1755,data/raw/seadronessee/odv2/images/train/16364.jpg,train,1707,838,-656,2545,1051,required_80m_footprint_outside_source_frame
train:110505,train:16366,train,110505,16366,16366.jpg,3840,2160,2,boat,383.0,1153.0,329.0,246.0,80934.0,29.998537031392868,36.7,m210,DJI_0010_d3.mov,1785,data/raw/seadronessee/odv2/images/train/16366.jpg,train,1707,-306,422,1401,2129,required_80m_footprint_outside_source_frame
train:110507,train:16366,train,110507,16366,16366.jpg,3840,2160,2,boat,1445.0,112.0,263.0,81.0,21303.0,29.998537031392868,36.7,m210,DJI_0010_d3.mov,1785,data/raw/seadronessee/odv2/images/train/16366.jpg,train,1707,723,-701,2430,1006,required_80m_footprint_outside_source_frame
train:110515,train:16368,train,110515,16368,16368.jpg,3840,2160,2,boat,278.0,1209.0,349.0,254.0,88646.0,29.89854190795489,38.3,m210,DJI_0010_d3.mov,1815,data/raw/seadronessee/odv2/images/train/16368.jpg,train,1712,-404,480,1308,2192,required_80m_footprint_outside_source_frame
train:110517,train:16368,train,110517,16368,16368.jpg,3840,2160,2,boat,1307.0,19.0,268.0,134.0,35912.0,29.89854190795489,38.3,m210,DJI_0010_d3.mov,1815,data/raw/seadronessee/odv2/images/train/16368.jpg,train,1712,585,-770,2297,942,required_80m_footprint_outside_source_frame
train:110525,train:16370,train,110525,16370,16370.jpg,3840,2160,2,boat,179.0,1323.0,370.0,261.0,96570.0,29.998537031392868,39.5,m210,DJI_0010_d3.mov,1845,data/raw/seadronessee/odv2/images/train/16370.jpg,train,1707,-490,600,1217,2307,required_80m_footprint_outside_source_frame
train:110527,train:16370,train,110527,16370,16370.jpg,3840,2160,2,boat,1157.0,43.0,272.0,97.0,26384.0,29.998537031392868,39.5,m210,DJI_0010_d3.mov,1845,data/raw/seadronessee/odv2/images/train/16370.jpg,train,1707,440,-762,2147,945,required_80m_footprint_outside_source_frame
train:110535,train:16372,train,110535,16372,16372.jpg,3840,2160,2,boat,92.0,1452.0,393.0,269.0,105717.0,29.998537031392868,41.1,m210,DJI_0010_d3.mov,1875,data/raw/seadronessee/odv2/images/train/16372.jpg,train,1707,-565,733,1142,2440,required_80m_footprint_outside_source_frame
train:110537,train:16372,train,110537,16372,16372.jpg,3840,2160,2,boat,995.0,0.0,274.0,142.0,38908.0,29.998537031392868,41.1,m210,DJI_0010_d3.mov,1875,data/raw/seadronessee/odv2/images/train/16372.jpg,train,1707,278,-782,1985,925,required_80m_footprint_outside_source_frame
train:110545,train:16374,train,110545,16374,16374.jpg,3840,2160,2,boat,11.0,1599.0,420.0,266.0,111720.0,29.998537031392868,42.5,m210,DJI_0010_d3.mov,1905,data/raw/seadronessee/odv2/images/train/16374.jpg,train,1707,-632,878,1075,2585,required_80m_footprint_outside_source_frame
train:110547,train:16374,train,110547,16374,16374.jpg,3840,2160,2,boat,815.0,36.0,280.0,117.0,32760.0,29.998537031392868,42.5,m210,DJI_0010_d3.mov,1905,data/raw/seadronessee/odv2/images/train/16374.jpg,train,1707,102,-759,1809,948,required_80m_footprint_outside_source_frame
train:110556,train:16376,train,110556,16376,16376.jpg,3840,2160,2,boat,619.0,10.0,280.0,171.0,47880.0,29.89854190795489,44.0,m210,DJI_0010_d3.mov,1935,data/raw/seadronessee/odv2/images/train/16376.jpg,train,1712,-97,-760,1615,952,required_80m_footprint_outside_source_frame
train:110557,train:16376,train,110557,16376,16376.jpg,3840,2160,2,boat,0.0,1761.0,398.0,271.0,107858.0,29.89854190795489,44.0,m210,DJI_0010_d3.mov,1935,data/raw/seadronessee/odv2/images/train/16376.jpg,train,1712,-657,1040,1055,2752,required_80m_footprint_outside_source_frame
train:110566,train:16378,train,110566,16378,16378.jpg,3840,2160,2,boat,408.0,66.0,283.0,182.0,51506.0,29.89854190795489,45.1,m210,DJI_0010_d3.mov,1965,data/raw/seadronessee/odv2/images/train/16378.jpg,train,1712,-306,-699,1406,1013,required_80m_footprint_outside_source_frame
train:110572,train:16380,train,110572,16380,16380.jpg,3840,2160,2,boat,191.0,144.0,282.0,197.0,55554.0,29.89854190795489,46.3,m210,DJI_0010_d3.mov,1995,data/raw/seadronessee/odv2/images/train/16380.jpg,train,1712,-524,-614,1188,1098,required_80m_footprint_outside_source_frame
train:110578,train:16382,train,110578,16382,16382.jpg,3840,2160,2,boat,0.0,256.0,265.0,212.0,56180.0,29.89854190795489,47.0,m210,DJI_0010_d3.mov,2025,data/raw/seadronessee/odv2/images/train/16382.jpg,train,1712,-724,-494,988,1218,required_80m_footprint_outside_source_frame
val:23858,val:4865,val,23858,4865,4865.jpg,3840,2160,1,swimmer,1633.0,1503.0,133.0,86.0,11438.0,26.69869795793965,51.6,mavic,NorthSea_Fri_DJI_0112.MP4,5415,data/raw/seadronessee/odv2/images/val/4865.jpg,train,1918,740,587,2658,2505,required_80m_footprint_outside_source_frame
val:23860,val:4865,val,23860,4865,4865.jpg,3840,2160,1,swimmer,1729.0,1889.0,59.0,119.0,7021.0,26.69869795793965,51.6,mavic,NorthSea_Fri_DJI_0112.MP4,5415,data/raw/seadronessee/odv2/images/val/4865.jpg,train,1918,800,990,2718,2908,required_80m_footprint_outside_source_frame
val:23864,val:4867,val,23864,4867,4867.jpg,3840,2160,1,swimmer,1655.0,1334.0,135.0,87.0,11745.0,28.298619932947272,51.6,mavic,NorthSea_Fri_DJI_0112.MP4,5445,data/raw/seadronessee/odv2/images/val/4867.jpg,train,1809,818,473,2627,2282,required_80m_footprint_outside_source_frame
val:23866,val:4867,val,23866,4867,4867.jpg,3840,2160,1,swimmer,1740.0,1687.0,58.0,94.0,5452.0,28.298619932947272,51.6,mavic,NorthSea_Fri_DJI_0112.MP4,5445,data/raw/seadronessee/odv2/images/val/4867.jpg,train,1809,864,830,2673,2639,required_80m_footprint_outside_source_frame
val:23870,val:4869,val,23870,4869,4869.jpg,3840,2160,1,swimmer,1684.0,1271.0,125.0,90.0,11250.0,28.79859555013715,51.6,mavic,NorthSea_Fri_DJI_0112.MP4,5475,data/raw/seadronessee/odv2/images/val/4869.jpg,train,1778,858,427,2636,2205,required_80m_footprint_outside_source_frame
val:23872,val:4869,val,23872,4869,4869.jpg,3840,2160,1,swimmer,1777.0,1615.0,49.0,84.0,4116.0,28.79859555013715,51.6,mavic,NorthSea_Fri_DJI_0112.MP4,5475,data/raw/seadronessee/odv2/images/val/4869.jpg,train,1778,912,768,2690,2546,required_80m_footprint_outside_source_frame
val:23876,val:4871,val,23876,4871,4871.jpg,3840,2160,1,swimmer,1678.0,1309.0,125.0,87.0,10875.0,28.79859555013715,51.6,mavic,NorthSea_Fri_DJI_0112.MP4,5505,data/raw/seadronessee/odv2/images/val/4871.jpg,train,1778,852,464,2630,2242,required_80m_footprint_outside_source_frame
val:23878,val:4871,val,23878,4871,4871.jpg,3840,2160,1,swimmer,1780.0,1603.0,50.0,78.0,3900.0,28.79859555013715,51.6,mavic,NorthSea_Fri_DJI_0112.MP4,5505,data/raw/seadronessee/odv2/images/val/4871.jpg,train,1778,916,753,2694,2531,required_80m_footprint_outside_source_frame
val:23882,val:4873,val,23882,4873,4873.jpg,3840,2160,1,swimmer,1674.0,1357.0,130.0,94.0,12220.0,28.998585797013103,51.6,mavic,NorthSea_Fri_DJI_0112.MP4,5535,data/raw/seadronessee/odv2/images/val/4873.jpg,train,1766,856,521,2622,2287,required_80m_footprint_outside_source_frame
val:23884,val:4873,val,23884,4873,4873.jpg,3840,2160,1,swimmer,1785.0,1643.0,50.0,68.0,3400.0,28.998585797013103,51.6,mavic,NorthSea_Fri_DJI_0112.MP4,5535,data/raw/seadronessee/odv2/images/val/4873.jpg,train,1766,927,794,2693,2560,required_80m_footprint_outside_source_frame
val:23890,val:4875,val,23890,4875,4875.jpg,3840,2160,1,swimmer,1794.0,1450.0,53.0,82.0,4346.0,29.798546784516912,51.6,mavic,NorthSea_Fri_DJI_0112.MP4,5565,data/raw/seadronessee/odv2/images/val/4875.jpg,train,1718,962,632,2680,2350,required_80m_footprint_outside_source_frame
val:23894,val:4877,val,23894,4877,4877.jpg,3840,2160,1,swimmer,1654.0,667.0,133.0,82.0,10906.0,30.598507772020724,51.6,mavic,NorthSea_Fri_DJI_0112.MP4,5595,data/raw/seadronessee/odv2/images/val/4877.jpg,train,1673,884,-128,2557,1545,required_80m_footprint_outside_source_frame
val:23895,val:4877,val,23895,4877,4877.jpg,3840,2160,5,buoy,1389.0,324.0,105.0,129.0,13545.0,30.598507772020724,51.6,mavic,NorthSea_Fri_DJI_0112.MP4,5595,data/raw/seadronessee/odv2/images/val/4877.jpg,train,1673,605,-448,2278,1225,required_80m_footprint_outside_source_frame
val:23900,val:4879,val,23900,4879,4879.jpg,3840,2160,1,swimmer,1688.0,1311.0,108.0,78.0,8424.0,30.39851752514477,56.0,mavic,NorthSea_Fri_DJI_0112.MP4,5625,data/raw/seadronessee/odv2/images/val/4879.jpg,train,1684,900,508,2584,2192,required_80m_footprint_outside_source_frame
val:23902,val:4879,val,23902,4879,4879.jpg,3840,2160,1,swimmer,1797.0,1513.0,44.0,49.0,2156.0,30.39851752514477,56.0,mavic,NorthSea_Fri_DJI_0112.MP4,5625,data/raw/seadronessee/odv2/images/val/4879.jpg,train,1684,977,696,2661,2380,required_80m_footprint_outside_source_frame
val:23903,val:4879,val,23903,4879,4879.jpg,3840,2160,2,boat,1770.0,66.0,255.0,133.0,33915.0,30.39851752514477,56.0,mavic,NorthSea_Fri_DJI_0112.MP4,5625,data/raw/seadronessee/odv2/images/val/4879.jpg,train,1684,1056,-710,2740,974,required_80m_footprint_outside_source_frame
val:23908,val:4881,val,23908,4881,4881.jpg,3840,2160,1,swimmer,1688.0,1561.0,117.0,77.0,9009.0,30.298522401706794,48.6,mavic,NorthSea_Fri_DJI_0112.MP4,5655,data/raw/seadronessee/odv2/images/val/4881.jpg,train,1690,902,754,2592,2444,required_80m_footprint_outside_source_frame
val:23910,val:4881,val,23910,4881,4881.jpg,3840,2160,1,swimmer,1822.0,1763.0,44.0,54.0,2376.0,30.298522401706794,48.6,mavic,NorthSea_Fri_DJI_0112.MP4,5655,data/raw/seadronessee/odv2/images/val/4881.jpg,train,1690,999,945,2689,2635,required_80m_footprint_outside_source_frame
val:23911,val:4881,val,23911,4881,4881.jpg,3840,2160,2,boat,1822.0,365.0,242.0,126.0,30492.0,30.298522401706794,48.6,mavic,NorthSea_Fri_DJI_0112.MP4,5655,data/raw/seadronessee/odv2/images/val/4881.jpg,train,1690,1098,-417,2788,1273,required_80m_footprint_outside_source_frame
val:23916,val:4883,val,23916,4883,4883.jpg,3840,2160,1,swimmer,1720.0,1476.0,103.0,66.0,6798.0,30.298522401706794,39.1,mavic,NorthSea_Fri_DJI_0112.MP4,5685,data/raw/seadronessee/odv2/images/val/4883.jpg,train,1690,926,664,2616,2354,required_80m_footprint_outside_source_frame
val:23918,val:4883,val,23918,4883,4883.jpg,3840,2160,1,swimmer,1844.0,1659.0,43.0,51.0,2193.0,30.298522401706794,39.1,mavic,NorthSea_Fri_DJI_0112.MP4,5685,data/raw/seadronessee/odv2/images/val/4883.jpg,train,1690,1020,840,2710,2530,required_80m_footprint_outside_source_frame
val:23919,val:4883,val,23919,4883,4883.jpg,3840,2160,2,boat,1872.0,348.0,241.0,122.0,29402.0,30.298522401706794,39.1,mavic,NorthSea_Fri_DJI_0112.MP4,5685,data/raw/seadronessee/odv2/images/val/4883.jpg,train,1690,1148,-436,2838,1254,required_80m_footprint_outside_source_frame
val:23924,val:4885,val,23924,4885,4885.jpg,3840,2160,1,swimmer,1773.0,1410.0,90.0,46.0,4140.0,30.39851752514477,37.1,mavic,NorthSea_Fri_DJI_0112.MP4,5715,data/raw/seadronessee/odv2/images/val/4885.jpg,train,1684,976,591,2660,2275,required_80m_footprint_outside_source_frame
val:23926,val:4885,val,23926,4885,4885.jpg,3840,2160,1,swimmer,1888.0,1573.0,39.0,43.0,1677.0,30.39851752514477,37.1,mavic,NorthSea_Fri_DJI_0112.MP4,5715,data/raw/seadronessee/odv2/images/val/4885.jpg,train,1684,1066,752,2750,2436,required_80m_footprint_outside_source_frame
val:23927,val:4885,val,23927,4885,4885.jpg,3840,2160,2,boat,1919.0,351.0,255.0,120.0,30600.0,30.39851752514477,37.1,mavic,NorthSea_Fri_DJI_0112.MP4,5715,data/raw/seadronessee/odv2/images/val/4885.jpg,train,1684,1204,-431,2888,1253,required_80m_footprint_outside_source_frame
val:23934,val:4887,val,23934,4887,4887.jpg,3840,2160,1,swimmer,1904.0,1420.0,33.0,36.0,1188.0,30.39851752514477,37.1,mavic,NorthSea_Fri_DJI_0112.MP4,5745,data/raw/seadronessee/odv2/images/val/4887.jpg,train,1684,1078,596,2762,2280,required_80m_footprint_outside_source_frame
val:23935,val:4887,val,23935,4887,4887.jpg,3840,2160,2,boat,1978.0,304.0,250.0,122.0,30500.0,30.39851752514477,37.1,mavic,NorthSea_Fri_DJI_0112.MP4,5745,data/raw/seadronessee/odv2/images/val/4887.jpg,train,1684,1261,-477,2945,1207,required_80m_footprint_outside_source_frame
val:23943,val:4889,val,23943,4889,4889.jpg,3840,2160,2,boat,2037.0,271.0,239.0,117.0,27963.0,30.598507772020724,37.1,mavic,NorthSea_Fri_DJI_0112.MP4,5775,data/raw/seadronessee/odv2/images/val/4889.jpg,train,1673,1320,-507,2993,1166,required_80m_footprint_outside_source_frame
val:23951,val:4891,val,23951,4891,4891.jpg,3840,2160,2,boat,2087.0,250.0,234.0,118.0,27612.0,30.39851752514477,37.1,mavic,NorthSea_Fri_DJI_0112.MP4,5805,data/raw/seadronessee/odv2/images/val/4891.jpg,train,1684,1362,-533,3046,1151,required_80m_footprint_outside_source_frame
val:23959,val:4893,val,23959,4893,4893.jpg,3840,2160,2,boat,2190.0,245.0,228.0,109.0,24852.0,30.39851752514477,37.1,mavic,NorthSea_Fri_DJI_0112.MP4,5835,data/raw/seadronessee/odv2/images/val/4893.jpg,train,1684,1462,-542,3146,1142,required_80m_footprint_outside_source_frame
val:23967,val:4895,val,23967,4895,4895.jpg,3840,2160,2,boat,2226.0,263.0,238.0,118.0,28084.0,30.498512648582743,37.1,mavic,NorthSea_Fri_DJI_0112.MP4,5865,data/raw/seadronessee/odv2/images/val/4895.jpg,train,1679,1506,-518,3185,1161,required_80m_footprint_outside_source_frame
val:23973,val:4897,val,23973,4897,4897.jpg,3840,2160,5,buoy,2101.0,782.0,76.0,105.0,7980.0,30.39851752514477,37.1,mavic,NorthSea_Fri_DJI_0112.MP4,5895,data/raw/seadronessee/odv2/images/val/4897.jpg,train,1684,1297,-8,2981,1676,required_80m_footprint_outside_source_frame
val:23975,val:4897,val,23975,4897,4897.jpg,3840,2160,2,boat,2884.0,319.0,255.0,122.0,31110.0,30.39851752514477,37.1,mavic,NorthSea_Fri_DJI_0112.MP4,5895,data/raw/seadronessee/odv2/images/val/4897.jpg,train,1684,2170,-462,3854,1222,required_80m_footprint_outside_source_frame
val:23981,val:4899,val,23981,4899,4899.jpg,3840,2160,5,buoy,2249.0,784.0,77.0,102.0,7854.0,30.498512648582743,37.1,mavic,NorthSea_Fri_DJI_0112.MP4,5925,data/raw/seadronessee/odv2/images/val/4899.jpg,train,1679,1448,-4,3127,1675,required_80m_footprint_outside_source_frame
val:23983,val:4899,val,23983,4899,4899.jpg,3840,2160,2,boat,3168.0,382.0,265.0,139.0,36835.0,30.498512648582743,37.1,mavic,NorthSea_Fri_DJI_0112.MP4,5925,data/raw/seadronessee/odv2/images/val/4899.jpg,train,1679,2461,-388,4140,1291,required_80m_footprint_outside_source_frame
val:23989,val:4901,val,23989,4901,4901.jpg,3840,2160,5,buoy,2188.0,779.0,76.0,105.0,7980.0,30.598507772020724,37.1,mavic,NorthSea_Fri_DJI_0112.MP4,5955,data/raw/seadronessee/odv2/images/val/4901.jpg,train,1673,1390,-5,3063,1668,required_80m_footprint_outside_source_frame
val:23991,val:4901,val,23991,4901,4901.jpg,3840,2160,2,boat,3164.0,418.0,260.0,134.0,34840.0,30.598507772020724,37.1,mavic,NorthSea_Fri_DJI_0112.MP4,5955,data/raw/seadronessee/odv2/images/val/4901.jpg,train,1673,2458,-352,4131,1321,required_80m_footprint_outside_source_frame
val:23997,val:4903,val,23997,4903,4903.jpg,3840,2160,5,buoy,1993.0,778.0,75.0,105.0,7875.0,30.498512648582743,37.1,mavic,NorthSea_Fri_DJI_0112.MP4,5985,data/raw/seadronessee/odv2/images/val/4903.jpg,train,1679,1191,-9,2870,1670,required_80m_footprint_outside_source_frame
val:23999,val:4903,val,23999,4903,4903.jpg,3840,2160,2,boat,3042.0,432.0,261.0,137.0,35757.0,30.498512648582743,37.1,mavic,NorthSea_Fri_DJI_0112.MP4,5985,data/raw/seadronessee/odv2/images/val/4903.jpg,train,1679,2333,-339,4012,1340,required_80m_footprint_outside_source_frame
val:24007,val:4905,val,24007,4905,4905.jpg,3840,2160,2,boat,2839.0,452.0,267.0,143.0,38181.0,30.598507772020724,37.1,mavic,NorthSea_Fri_DJI_0112.MP4,6015,data/raw/seadronessee/odv2/images/val/4905.jpg,train,1673,2136,-313,3809,1360,required_80m_footprint_outside_source_frame
val:24015,val:4907,val,24015,4907,4907.jpg,3840,2160,2,boat,2623.0,461.0,242.0,138.0,33396.0,30.498512648582743,37.1,mavic,NorthSea_Fri_DJI_0112.MP4,6045,data/raw/seadronessee/odv2/images/val/4907.jpg,train,1679,1904,-310,3583,1369,required_80m_footprint_outside_source_frame
val:24021,val:4909,val,24021,4909,4909.jpg,3840,2160,5,buoy,1366.0,781.0,81.0,100.0,8100.0,30.39851752514477,37.1,mavic,NorthSea_Fri_DJI_0112.MP4,6075,data/raw/seadronessee/odv2/images/val/4909.jpg,train,1684,564,-11,2248,1673,required_80m_footprint_outside_source_frame
val:24023,val:4909,val,24023,4909,4909.jpg,3840,2160,2,boat,2604.0,481.0,249.0,149.0,37101.0,30.39851752514477,37.1,mavic,NorthSea_Fri_DJI_0112.MP4,6075,data/raw/seadronessee/odv2/images/val/4909.jpg,train,1684,1886,-286,3570,1398,required_80m_footprint_outside_source_frame
val:24029,val:4911,val,24029,4911,4911.jpg,3840,2160,5,buoy,1534.0,756.0,78.0,101.0,7878.0,30.39851752514477,37.1,mavic,NorthSea_Fri_DJI_0112.MP4,6105,data/raw/seadronessee/odv2/images/val/4911.jpg,train,1684,731,-36,2415,1648,required_80m_footprint_outside_source_frame
val:24031,val:4911,val,24031,4911,4911.jpg,3840,2160,2,boat,2845.0,538.0,252.0,163.0,41076.0,30.39851752514477,37.1,mavic,NorthSea_Fri_DJI_0112.MP4,6105,data/raw/seadronessee/odv2/images/val/4911.jpg,train,1684,2129,-222,3813,1462,required_80m_footprint_outside_source_frame
val:24037,val:4913,val,24037,4913,4913.jpg,3840,2160,5,buoy,1736.0,741.0,77.0,111.0,8547.0,30.698502895458702,37.1,mavic,NorthSea_Fri_DJI_0112.MP4,6135,data/raw/seadronessee/odv2/images/val/4913.jpg,train,1668,940,-38,2608,1630,required_80m_footprint_outside_source_frame
val:24039,val:4913,val,24039,4913,4913.jpg,3840,2160,2,boat,3128.0,609.0,274.0,179.0,49046.0,30.698502895458702,37.1,mavic,NorthSea_Fri_DJI_0112.MP4,6135,data/raw/seadronessee/odv2/images/val/4913.jpg,train,1668,2431,-136,4099,1532,required_80m_footprint_outside_source_frame
val:24045,val:4915,val,24045,4915,4915.jpg,3840,2160,5,buoy,1981.0,750.0,75.0,105.0,7875.0,30.698502895458702,37.1,mavic,NorthSea_Fri_DJI_0112.MP4,6165,data/raw/seadronessee/odv2/images/val/4915.jpg,train,1668,1184,-32,2852,1636,required_80m_footprint_outside_source_frame
val:24047,val:4915,val,24047,4915,4915.jpg,3840,2160,2,boat,3462.0,705.0,304.0,191.0,58064.0,30.698502895458702,37.1,mavic,NorthSea_Fri_DJI_0112.MP4,6165,data/raw/seadronessee/odv2/images/val/4915.jpg,train,1668,2780,-34,4448,1634,required_80m_footprint_outside_source_frame
val:24053,val:4917,val,24053,4917,4917.jpg,3840,2160,5,buoy,1980.0,745.0,74.0,102.0,7548.0,30.598507772020724,37.1,mavic,NorthSea_Fri_DJI_0112.MP4,6195,data/raw/seadronessee/odv2/images/val/4917.jpg,train,1673,1180,-40,2853,1633,required_80m_footprint_outside_source_frame
val:24055,val:4917,val,24055,4917,4917.jpg,3840,2160,2,boat,3509.0,738.0,298.0,201.0,59898.0,30.598507772020724,37.1,mavic,NorthSea_Fri_DJI_0112.MP4,6195,data/raw/seadronessee/odv2/images/val/4917.jpg,train,1673,2822,2,4495,1675,required_80m_footprint_outside_source_frame
val:24061,val:4919,val,24061,4919,4919.jpg,3840,2160,5,buoy,1987.0,745.0,74.0,103.0,7622.0,30.498512648582743,37.1,mavic,NorthSea_Fri_DJI_0112.MP4,6225,data/raw/seadronessee/odv2/images/val/4919.jpg,train,1679,1184,-43,2863,1636,required_80m_footprint_outside_source_frame
val:24070,val:4921,val,24070,4921,4921.jpg,3840,2160,5,buoy,1982.0,728.0,73.0,100.0,7300.0,30.598507772020724,37.1,mavic,NorthSea_Fri_DJI_0112.MP4,6255,data/raw/seadronessee/odv2/images/val/4921.jpg,train,1673,1182,-58,2855,1615,required_80m_footprint_outside_source_frame
val:24080,val:4923,val,24080,4923,4923.jpg,3840,2160,5,buoy,2001.0,706.0,77.0,113.0,8701.0,30.698502895458702,37.1,mavic,NorthSea_Fri_DJI_0112.MP4,6285,data/raw/seadronessee/odv2/images/val/4923.jpg,train,1668,1206,-72,2874,1596,required_80m_footprint_outside_source_frame
val:25131,val:5146,val,25131,5146,5146.jpg,3840,2160,2,boat,1322.0,1928.0,279.0,232.0,64728.0,30.298522401706794,30.7,mavic,DJI_0059.MP4,3600,data/raw/seadronessee/odv2/images/val/5146.jpg,test,1690,616,1199,2306,2889,required_80m_footprint_outside_source_frame
val:25132,val:5146,val,25132,5146,5146.jpg,3840,2160,2,boat,1607.0,644.0,188.0,68.0,12784.0,30.298522401706794,30.7,mavic,DJI_0059.MP4,3600,data/raw/seadronessee/odv2/images/val/5146.jpg,test,1690,856,-167,2546,1523,required_80m_footprint_outside_source_frame
val:25135,val:5146,val,25135,5146,5146.jpg,3840,2160,2,boat,1544.0,407.0,131.0,106.0,13886.0,30.298522401706794,30.7,mavic,DJI_0059.MP4,3600,data/raw/seadronessee/odv2/images/val/5146.jpg,test,1690,764,-385,2454,1305,required_80m_footprint_outside_source_frame
val:25147,val:5148,val,25147,5148,5148.jpg,3840,2160,2,boat,1844.0,1920.0,220.0,230.0,50600.0,30.39851752514477,30.7,mavic,DJI_0059.MP4,3630,data/raw/seadronessee/odv2/images/val/5148.jpg,test,1684,1112,1193,2796,2877,required_80m_footprint_outside_source_frame
val:25148,val:5148,val,25148,5148,5148.jpg,3840,2160,2,boat,1679.0,644.0,191.0,69.0,13179.0,30.39851752514477,30.7,mavic,DJI_0059.MP4,3630,data/raw/seadronessee/odv2/images/val/5148.jpg,test,1684,932,-164,2616,1520,required_80m_footprint_outside_source_frame
val:25151,val:5148,val,25151,5148,5148.jpg,3840,2160,2,boat,1549.0,408.0,141.0,109.0,15369.0,30.39851752514477,30.7,mavic,DJI_0059.MP4,3630,data/raw/seadronessee/odv2/images/val/5148.jpg,test,1684,778,-380,2462,1304,required_80m_footprint_outside_source_frame
val:25163,val:5150,val,25163,5150,5150.jpg,3840,2160,2,boat,2409.0,1898.0,182.0,262.0,47684.0,30.298522401706794,30.7,mavic,DJI_0059.MP4,3660,data/raw/seadronessee/odv2/images/val/5150.jpg,test,1690,1655,1184,3345,2874,required_80m_footprint_outside_source_frame
val:25164,val:5150,val,25164,5150,5150.jpg,3840,2160,2,boat,1966.0,649.0,190.0,69.0,13110.0,30.298522401706794,30.7,mavic,DJI_0059.MP4,3660,data/raw/seadronessee/odv2/images/val/5150.jpg,test,1690,1216,-162,2906,1528,required_80m_footprint_outside_source_frame
val:25167,val:5150,val,25167,5150,5150.jpg,3840,2160,2,boat,1798.0,422.0,145.0,108.0,15660.0,30.298522401706794,30.7,mavic,DJI_0059.MP4,3660,data/raw/seadronessee/odv2/images/val/5150.jpg,test,1690,1026,-369,2716,1321,required_80m_footprint_outside_source_frame
val:25179,val:5152,val,25179,5152,5152.jpg,3840,2160,2,boat,2556.0,1881.0,181.0,275.0,49775.0,30.19852727826882,30.7,mavic,DJI_0059.MP4,3690,data/raw/seadronessee/odv2/images/val/5152.jpg,test,1695,1799,1171,3494,2866,required_80m_footprint_outside_source_frame
val:25180,val:5152,val,25180,5152,5152.jpg,3840,2160,2,boat,2050.0,652.0,198.0,70.0,13860.0,30.19852727826882,30.7,mavic,DJI_0059.MP4,3690,data/raw/seadronessee/odv2/images/val/5152.jpg,test,1695,1302,-160,2997,1535,required_80m_footprint_outside_source_frame
val:25183,val:5152,val,25183,5152,5152.jpg,3840,2160,2,boat,1879.0,458.0,147.0,74.0,10878.0,30.19852727826882,30.7,mavic,DJI_0059.MP4,3690,data/raw/seadronessee/odv2/images/val/5152.jpg,test,1695,1105,-352,2800,1343,required_80m_footprint_outside_source_frame
val:37474,val:6641,val,37474,6641,6641.jpg,3840,2160,1,swimmer,1589.0,1403.0,34.0,31.0,1054.0,31.698454129838463,26.7,mavic,NorthSea_Fri_DJI_0114.MP4,5415,data/raw/seadronessee/odv2/images/val/6641.jpg,train,1615,798,611,2413,2226,required_80m_footprint_outside_source_frame
val:37475,val:6641,val,37475,6641,6641.jpg,3840,2160,1,swimmer,1484.0,1409.0,44.0,32.0,1408.0,31.698454129838463,26.7,mavic,NorthSea_Fri_DJI_0114.MP4,5415,data/raw/seadronessee/odv2/images/val/6641.jpg,train,1615,698,618,2313,2233,required_80m_footprint_outside_source_frame
val:37476,val:6641,val,37476,6641,6641.jpg,3840,2160,1,swimmer,1482.0,1469.0,35.0,35.0,1225.0,31.698454129838463,26.7,mavic,NorthSea_Fri_DJI_0114.MP4,5415,data/raw/seadronessee/odv2/images/val/6641.jpg,train,1615,692,679,2307,2294,required_80m_footprint_outside_source_frame
val:37497,val:6643,val,37497,6643,6643.jpg,3840,2160,1,swimmer,1535.0,1339.0,34.0,28.0,952.0,31.698454129838463,26.7,mavic,NorthSea_Fri_DJI_0114.MP4,5445,data/raw/seadronessee/odv2/images/val/6643.jpg,train,1615,744,546,2359,2161,required_80m_footprint_outside_source_frame
val:37499,val:6643,val,37499,6643,6643.jpg,3840,2160,5,buoy,95.0,1441.0,87.0,114.0,9918.0,31.698454129838463,26.7,mavic,NorthSea_Fri_DJI_0114.MP4,5445,data/raw/seadronessee/odv2/images/val/6643.jpg,train,1615,-669,690,946,2305,required_80m_footprint_outside_source_frame
val:37521,val:6645,val,37521,6645,6645.jpg,3840,2160,5,buoy,130.0,1409.0,86.0,114.0,9804.0,31.79844925327644,26.7,mavic,NorthSea_Fri_DJI_0114.MP4,5475,data/raw/seadronessee/odv2/images/val/6645.jpg,train,1610,-632,661,978,2271,required_80m_footprint_outside_source_frame
val:37543,val:6647,val,37543,6647,6647.jpg,3840,2160,5,buoy,129.0,1418.0,85.0,113.0,9605.0,31.89844437671441,26.7,mavic,NorthSea_Fri_DJI_0114.MP4,5505,data/raw/seadronessee/odv2/images/val/6647.jpg,train,1605,-631,672,974,2277,required_80m_footprint_outside_source_frame
val:37564,val:6649,val,37564,6649,6649.jpg,3840,2160,1,swimmer,1515.0,1355.0,57.0,24.0,1368.0,31.89844437671441,26.7,mavic,NorthSea_Fri_DJI_0114.MP4,5535,data/raw/seadronessee/odv2/images/val/6649.jpg,train,1605,741,564,2346,2169,required_80m_footprint_outside_source_frame
val:37565,val:6649,val,37565,6649,6649.jpg,3840,2160,5,buoy,139.0,1409.0,86.0,113.0,9718.0,31.89844437671441,26.7,mavic,NorthSea_Fri_DJI_0114.MP4,5535,data/raw/seadronessee/odv2/images/val/6649.jpg,train,1605,-620,663,985,2268,required_80m_footprint_outside_source_frame
val:37588,val:6651,val,37588,6651,6651.jpg,3840,2160,5,buoy,342.0,1336.0,81.0,106.0,8586.0,31.89844437671441,26.7,mavic,NorthSea_Fri_DJI_0114.MP4,5565,data/raw/seadronessee/odv2/images/val/6651.jpg,train,1605,-420,586,1185,2191,required_80m_footprint_outside_source_frame
val:37589,val:6651,val,37589,6651,6651.jpg,3840,2160,2,boat,123.0,3.0,145.0,250.0,36250.0,31.89844437671441,26.7,mavic,NorthSea_Fri_DJI_0114.MP4,5565,data/raw/seadronessee/odv2/images/val/6651.jpg,train,1605,-607,-674,998,931,required_80m_footprint_outside_source_frame
val:37612,val:6653,val,37612,6653,6653.jpg,3840,2160,5,buoy,413.0,1286.0,78.0,104.0,8112.0,31.89844437671441,26.7,mavic,NorthSea_Fri_DJI_0114.MP4,5595,data/raw/seadronessee/odv2/images/val/6653.jpg,train,1605,-350,536,1255,2141,required_80m_footprint_outside_source_frame
val:37613,val:6653,val,37613,6653,6653.jpg,3840,2160,2,boat,258.0,3.0,145.0,242.0,35090.0,31.89844437671441,26.7,mavic,NorthSea_Fri_DJI_0114.MP4,5595,data/raw/seadronessee/odv2/images/val/6653.jpg,train,1605,-472,-678,1133,927,required_80m_footprint_outside_source_frame
val:37636,val:6655,val,37636,6655,6655.jpg,3840,2160,5,buoy,566.0,1220.0,73.0,100.0,7300.0,31.89844437671441,26.7,mavic,NorthSea_Fri_DJI_0114.MP4,5625,data/raw/seadronessee/odv2/images/val/6655.jpg,train,1605,-200,468,1405,2073,required_80m_footprint_outside_source_frame
val:37637,val:6655,val,37637,6655,6655.jpg,3840,2160,2,boat,477.0,0.0,143.0,238.0,34034.0,31.89844437671441,26.7,mavic,NorthSea_Fri_DJI_0114.MP4,5625,data/raw/seadronessee/odv2/images/val/6655.jpg,train,1605,-254,-684,1351,921,required_80m_footprint_outside_source_frame
val:37661,val:6657,val,37661,6657,6657.jpg,3840,2160,5,buoy,648.0,1170.0,71.0,97.0,6887.0,31.89844437671441,26.7,mavic,NorthSea_Fri_DJI_0114.MP4,5655,data/raw/seadronessee/odv2/images/val/6657.jpg,train,1605,-119,416,1486,2021,required_80m_footprint_outside_source_frame
val:37662,val:6657,val,37662,6657,6657.jpg,3840,2160,2,boat,629.0,0.0,137.0,224.0,30688.0,31.89844437671441,26.7,mavic,NorthSea_Fri_DJI_0114.MP4,5655,data/raw/seadronessee/odv2/images/val/6657.jpg,train,1605,-105,-690,1500,915,required_80m_footprint_outside_source_frame
val:37686,val:6659,val,37686,6659,6659.jpg,3840,2160,5,buoy,517.0,1161.0,73.0,94.0,6862.0,31.698454129838463,26.7,mavic,NorthSea_Fri_DJI_0114.MP4,5685,data/raw/seadronessee/odv2/images/val/6659.jpg,train,1615,-254,400,1361,2015,required_80m_footprint_outside_source_frame
val:37687,val:6659,val,37687,6659,6659.jpg,3840,2160,2,boat,562.0,0.0,143.0,230.0,32890.0,31.698454129838463,26.7,mavic,NorthSea_Fri_DJI_0114.MP4,5685,data/raw/seadronessee/odv2/images/val/6659.jpg,train,1615,-174,-692,1441,923,required_80m_footprint_outside_source_frame
val:37712,val:6661,val,37712,6661,6661.jpg,3840,2160,5,buoy,411.0,1159.0,72.0,92.0,6624.0,31.59845900640049,26.7,mavic,NorthSea_Fri_DJI_0114.MP4,5715,data/raw/seadronessee/odv2/images/val/6661.jpg,train,1620,-363,395,1257,2015,required_80m_footprint_outside_source_frame
val:37713,val:6661,val,37713,6661,6661.jpg,3840,2160,2,boat,538.0,0.0,144.0,226.0,32544.0,31.59845900640049,26.7,mavic,NorthSea_Fri_DJI_0114.MP4,5715,data/raw/seadronessee/odv2/images/val/6661.jpg,train,1620,-200,-697,1420,923,required_80m_footprint_outside_source_frame
val:37738,val:6663,val,37738,6663,6663.jpg,3840,2160,5,buoy,568.0,1093.0,68.0,89.0,6052.0,31.698454129838463,26.7,mavic,NorthSea_Fri_DJI_0114.MP4,5745,data/raw/seadronessee/odv2/images/val/6663.jpg,train,1615,-206,330,1409,1945,required_80m_footprint_outside_source_frame
val:37739,val:6663,val,37739,6663,6663.jpg,3840,2160,2,boat,796.0,0.0,154.0,200.0,30800.0,31.698454129838463,26.7,mavic,NorthSea_Fri_DJI_0114.MP4,5745,data/raw/seadronessee/odv2/images/val/6663.jpg,train,1615,66,-708,1681,907,required_80m_footprint_outside_source_frame
val:37740,val:6663,val,37740,6663,6663.jpg,3840,2160,2,boat,159.0,19.0,167.0,245.0,40915.0,31.698454129838463,26.7,mavic,NorthSea_Fri_DJI_0114.MP4,5745,data/raw/seadronessee/odv2/images/val/6663.jpg,train,1615,-565,-666,1050,949,required_80m_footprint_outside_source_frame
val:37757,val:6665,val,37757,6665,6665.jpg,3840,2160,2,boat,2434.0,4.0,126.0,59.0,7434.0,31.698454129838463,26.7,mavic,NorthSea_Fri_DJI_0114.MP4,5775,data/raw/seadronessee/odv2/images/val/6665.jpg,train,1615,1690,-774,3305,841,required_80m_footprint_outside_source_frame
val:37764,val:6665,val,37764,6665,6665.jpg,3840,2160,5,buoy,670.0,1024.0,64.0,85.0,5440.0,31.698454129838463,26.7,mavic,NorthSea_Fri_DJI_0114.MP4,5775,data/raw/seadronessee/odv2/images/val/6665.jpg,train,1615,-106,259,1509,1874,required_80m_footprint_outside_source_frame
val:37765,val:6665,val,37765,6665,6665.jpg,3840,2160,2,boat,1011.0,0.0,146.0,194.0,28324.0,31.698454129838463,26.7,mavic,NorthSea_Fri_DJI_0114.MP4,5775,data/raw/seadronessee/odv2/images/val/6665.jpg,train,1615,276,-710,1891,905,required_80m_footprint_outside_source_frame
val:37766,val:6665,val,37766,6665,6665.jpg,3840,2160,2,boat,397.0,6.0,165.0,241.0,39765.0,31.698454129838463,26.7,mavic,NorthSea_Fri_DJI_0114.MP4,5775,data/raw/seadronessee/odv2/images/val/6665.jpg,train,1615,-328,-681,1287,934,required_80m_footprint_outside_source_frame
val:37784,val:6667,val,37784,6667,6667.jpg,3840,2160,2,boat,2627.0,5.0,135.0,64.0,8640.0,31.79844925327644,26.7,mavic,NorthSea_Fri_DJI_0114.MP4,5805,data/raw/seadronessee/odv2/images/val/6667.jpg,train,1610,1890,-768,3500,842,required_80m_footprint_outside_source_frame
val:37791,val:6667,val,37791,6667,6667.jpg,3840,2160,5,buoy,750.0,972.0,60.0,82.0,4920.0,31.79844925327644,26.7,mavic,NorthSea_Fri_DJI_0114.MP4,5805,data/raw/seadronessee/odv2/images/val/6667.jpg,train,1610,-25,208,1585,1818,required_80m_footprint_outside_source_frame
val:37792,val:6667,val,37792,6667,6667.jpg,3840,2160,2,boat,1189.0,0.0,143.0,186.0,26598.0,31.79844925327644,26.7,mavic,NorthSea_Fri_DJI_0114.MP4,5805,data/raw/seadronessee/odv2/images/val/6667.jpg,train,1610,456,-712,2066,898,required_80m_footprint_outside_source_frame
val:37793,val:6667,val,37793,6667,6667.jpg,3840,2160,2,boat,607.0,0.0,153.0,224.0,34272.0,31.79844925327644,26.7,mavic,NorthSea_Fri_DJI_0114.MP4,5805,data/raw/seadronessee/odv2/images/val/6667.jpg,train,1610,-122,-693,1488,917,required_80m_footprint_outside_source_frame
val:37794,val:6667,val,37794,6667,6667.jpg,3840,2160,5,buoy,169.0,116.0,26.0,29.0,754.0,31.79844925327644,26.7,mavic,NorthSea_Fri_DJI_0114.MP4,5805,data/raw/seadronessee/odv2/images/val/6667.jpg,train,1610,-623,-674,987,936,required_80m_footprint_outside_source_frame
val:37812,val:6669,val,37812,6669,6669.jpg,3840,2160,2,boat,2818.0,5.0,144.0,65.0,9360.0,31.79844925327644,26.7,mavic,NorthSea_Fri_DJI_0114.MP4,5835,data/raw/seadronessee/odv2/images/val/6669.jpg,train,1610,2085,-768,3695,842,required_80m_footprint_outside_source_frame
val:37820,val:6669,val,37820,6669,6669.jpg,3840,2160,2,boat,1357.0,0.0,136.0,168.0,22848.0,31.79844925327644,26.7,mavic,NorthSea_Fri_DJI_0114.MP4,5835,data/raw/seadronessee/odv2/images/val/6669.jpg,train,1610,620,-721,2230,889,required_80m_footprint_outside_source_frame
val:37821,val:6669,val,37821,6669,6669.jpg,3840,2160,2,boat,793.0,0.0,145.0,202.0,29290.0,31.79844925327644,26.7,mavic,NorthSea_Fri_DJI_0114.MP4,5835,data/raw/seadronessee/odv2/images/val/6669.jpg,train,1610,60,-704,1670,906,required_80m_footprint_outside_source_frame
val:37822,val:6669,val,37822,6669,6669.jpg,3840,2160,5,buoy,453.0,85.0,24.0,26.0,624.0,31.79844925327644,26.7,mavic,NorthSea_Fri_DJI_0114.MP4,5835,data/raw/seadronessee/odv2/images/val/6669.jpg,train,1610,-340,-707,1270,903,required_80m_footprint_outside_source_frame
val:37838,val:6671,val,37838,6671,6671.jpg,3840,2160,2,boat,1544.0,721.0,173.0,97.0,16781.0,31.89844437671441,26.7,mavic,NorthSea_Fri_DJI_0114.MP4,5865,data/raw/seadronessee/odv2/images/val/6671.jpg,train,1605,828,-33,2433,1572,required_80m_footprint_outside_source_frame
val:37840,val:6671,val,37840,6671,6671.jpg,3840,2160,2,boat,3049.0,5.0,155.0,71.0,11005.0,31.89844437671441,26.7,mavic,NorthSea_Fri_DJI_0114.MP4,5865,data/raw/seadronessee/odv2/images/val/6671.jpg,train,1605,2324,-762,3929,843,required_80m_footprint_outside_source_frame
val:37848,val:6671,val,37848,6671,6671.jpg,3840,2160,2,boat,1552.0,0.0,133.0,154.0,20482.0,31.89844437671441,26.7,mavic,NorthSea_Fri_DJI_0114.MP4,5865,data/raw/seadronessee/odv2/images/val/6671.jpg,train,1605,816,-726,2421,879,required_80m_footprint_outside_source_frame
val:37849,val:6671,val,37849,6671,6671.jpg,3840,2160,2,boat,1017.0,0.0,129.0,177.0,22833.0,31.89844437671441,26.7,mavic,NorthSea_Fri_DJI_0114.MP4,5865,data/raw/seadronessee/odv2/images/val/6671.jpg,train,1605,279,-714,1884,891,required_80m_footprint_outside_source_frame
val:37850,val:6671,val,37850,6671,6671.jpg,3840,2160,5,buoy,748.0,58.0,22.0,25.0,550.0,31.89844437671441,26.7,mavic,NorthSea_Fri_DJI_0114.MP4,5865,data/raw/seadronessee/odv2/images/val/6671.jpg,train,1605,-44,-732,1561,873,required_80m_footprint_outside_source_frame
val:37866,val:6673,val,37866,6673,6673.jpg,3840,2160,2,boat,1601.0,697.0,133.0,93.0,12369.0,31.89844437671441,26.7,mavic,NorthSea_Fri_DJI_0114.MP4,5895,data/raw/seadronessee/odv2/images/val/6673.jpg,train,1605,865,-59,2470,1546,required_80m_footprint_outside_source_frame
val:37868,val:6673,val,37868,6673,6673.jpg,3840,2160,2,boat,3277.0,11.0,170.0,74.0,12580.0,31.89844437671441,26.7,mavic,NorthSea_Fri_DJI_0114.MP4,5895,data/raw/seadronessee/odv2/images/val/6673.jpg,train,1605,2560,-754,4165,851,required_80m_footprint_outside_source_frame
val:37876,val:6673,val,37876,6673,6673.jpg,3840,2160,2,boat,1743.0,0.0,129.0,143.0,18447.0,31.89844437671441,26.7,mavic,NorthSea_Fri_DJI_0114.MP4,5895,data/raw/seadronessee/odv2/images/val/6673.jpg,train,1605,1005,-731,2610,874,required_80m_footprint_outside_source_frame
val:37877,val:6673,val,37877,6673,6673.jpg,3840,2160,2,boat,1205.0,0.0,139.0,155.0,21545.0,31.89844437671441,26.7,mavic,NorthSea_Fri_DJI_0114.MP4,5895,data/raw/seadronessee/odv2/images/val/6673.jpg,train,1605,472,-725,2077,880,required_80m_footprint_outside_source_frame
val:37878,val:6673,val,37878,6673,6673.jpg,3840,2160,5,buoy,1025.0,34.0,20.0,24.0,480.0,31.89844437671441,26.7,mavic,NorthSea_Fri_DJI_0114.MP4,5895,data/raw/seadronessee/odv2/images/val/6673.jpg,train,1605,232,-756,1837,849,required_80m_footprint_outside_source_frame
val:37894,val:6675,val,37894,6675,6675.jpg,3840,2160,2,boat,1682.0,646.0,98.0,105.0,10290.0,31.79844925327644,26.7,mavic,NorthSea_Fri_DJI_0114.MP4,5925,data/raw/seadronessee/odv2/images/val/6675.jpg,train,1610,926,-106,2536,1504,required_80m_footprint_outside_source_frame
val:37896,val:6675,val,37896,6675,6675.jpg,3840,2160,2,boat,3524.0,12.0,185.0,83.0,15355.0,31.79844925327644,26.7,mavic,NorthSea_Fri_DJI_0114.MP4,5925,data/raw/seadronessee/odv2/images/val/6675.jpg,train,1610,2812,-752,4422,858,required_80m_footprint_outside_source_frame
val:37903,val:6675,val,37903,6675,6675.jpg,3840,2160,5,buoy,1094.0,741.0,49.0,67.0,3283.0,31.79844925327644,26.7,mavic,NorthSea_Fri_DJI_0114.MP4,5925,data/raw/seadronessee/odv2/images/val/6675.jpg,train,1610,314,-30,1924,1580,required_80m_footprint_outside_source_frame
val:37904,val:6675,val,37904,6675,6675.jpg,3840,2160,2,boat,1937.0,0.0,127.0,129.0,16383.0,31.79844925327644,26.7,mavic,NorthSea_Fri_DJI_0114.MP4,5925,data/raw/seadronessee/odv2/images/val/6675.jpg,train,1610,1196,-740,2806,870,required_80m_footprint_outside_source_frame
val:37905,val:6675,val,37905,6675,6675.jpg,3840,2160,2,boat,1419.0,0.0,129.0,135.0,17415.0,31.79844925327644,26.7,mavic,NorthSea_Fri_DJI_0114.MP4,5925,data/raw/seadronessee/odv2/images/val/6675.jpg,train,1610,678,-738,2288,872,required_80m_footprint_outside_source_frame
val:37906,val:6675,val,37906,6675,6675.jpg,3840,2160,5,buoy,1292.0,17.0,22.0,23.0,506.0,31.79844925327644,26.7,mavic,NorthSea_Fri_DJI_0114.MP4,5925,data/raw/seadronessee/odv2/images/val/6675.jpg,train,1610,498,-776,2108,834,required_80m_footprint_outside_source_frame
val:37922,val:6677,val,37922,6677,6677.jpg,3840,2160,2,boat,1587.0,625.0,111.0,86.0,9546.0,31.79844925327644,26.7,mavic,NorthSea_Fri_DJI_0114.MP4,5955,data/raw/seadronessee/odv2/images/val/6677.jpg,train,1610,838,-137,2448,1473,required_80m_footprint_outside_source_frame
val:37924,val:6677,val,37924,6677,6677.jpg,3840,2160,2,boat,3557.0,11.0,194.0,89.0,17266.0,31.79844925327644,26.7,mavic,NorthSea_Fri_DJI_0114.MP4,5955,data/raw/seadronessee/odv2/images/val/6677.jpg,train,1610,2849,-750,4459,860,required_80m_footprint_outside_source_frame
val:37931,val:6677,val,37931,6677,6677.jpg,3840,2160,5,buoy,1007.0,713.0,52.0,64.0,3328.0,31.79844925327644,26.7,mavic,NorthSea_Fri_DJI_0114.MP4,5955,data/raw/seadronessee/odv2/images/val/6677.jpg,train,1610,228,-60,1838,1550,required_80m_footprint_outside_source_frame
val:37932,val:6677,val,37932,6677,6677.jpg,3840,2160,2,boat,1957.0,0.0,126.0,120.0,15120.0,31.79844925327644,26.7,mavic,NorthSea_Fri_DJI_0114.MP4,5955,data/raw/seadronessee/odv2/images/val/6677.jpg,train,1610,1215,-745,2825,865,required_80m_footprint_outside_source_frame
val:37933,val:6677,val,37933,6677,6677.jpg,3840,2160,2,boat,1453.0,0.0,124.0,121.0,15004.0,31.79844925327644,26.7,mavic,NorthSea_Fri_DJI_0114.MP4,5955,data/raw/seadronessee/odv2/images/val/6677.jpg,train,1610,710,-744,2320,866,required_80m_footprint_outside_source_frame
val:37934,val:6677,val,37934,6677,6677.jpg,3840,2160,5,buoy,1384.0,5.0,15.0,22.0,330.0,31.79844925327644,26.7,mavic,NorthSea_Fri_DJI_0114.MP4,5955,data/raw/seadronessee/odv2/images/val/6677.jpg,train,1610,586,-789,2196,821,required_80m_footprint_outside_source_frame
val:37950,val:6679,val,37950,6679,6679.jpg,3840,2160,2,boat,1407.0,601.0,142.0,87.0,12354.0,31.79844925327644,26.7,mavic,NorthSea_Fri_DJI_0114.MP4,5985,data/raw/seadronessee/odv2/images/val/6679.jpg,train,1610,673,-160,2283,1450,required_80m_footprint_outside_source_frame
val:37952,val:6679,val,37952,6679,6679.jpg,3840,2160,2,boat,3424.0,5.0,185.0,78.0,14430.0,31.79844925327644,26.7,mavic,NorthSea_Fri_DJI_0114.MP4,5985,data/raw/seadronessee/odv2/images/val/6679.jpg,train,1610,2712,-761,4322,849,required_80m_footprint_outside_source_frame
val:37954,val:6679,val,37954,6679,6679.jpg,3840,2160,1,swimmer,1764.0,770.0,22.0,20.0,440.0,31.79844925327644,26.7,mavic,NorthSea_Fri_DJI_0114.MP4,5985,data/raw/seadronessee/odv2/images/val/6679.jpg,train,1610,970,-25,2580,1585,required_80m_footprint_outside_source_frame
val:37959,val:6679,val,37959,6679,6679.jpg,3840,2160,5,buoy,852.0,702.0,48.0,64.0,3072.0,31.79844925327644,26.7,mavic,NorthSea_Fri_DJI_0114.MP4,5985,data/raw/seadronessee/odv2/images/val/6679.jpg,train,1610,71,-71,1681,1539,required_80m_footprint_outside_source_frame
val:37960,val:6679,val,37960,6679,6679.jpg,3840,2160,2,boat,1844.0,0.0,124.0,105.0,13020.0,31.79844925327644,26.7,mavic,NorthSea_Fri_DJI_0114.MP4,5985,data/raw/seadronessee/odv2/images/val/6679.jpg,train,1610,1101,-752,2711,858,required_80m_footprint_outside_source_frame
val:37961,val:6679,val,37961,6679,6679.jpg,3840,2160,2,boat,1347.0,0.0,122.0,105.0,12810.0,31.79844925327644,26.7,mavic,NorthSea_Fri_DJI_0114.MP4,5985,data/raw/seadronessee/odv2/images/val/6679.jpg,train,1610,603,-752,2213,858,required_80m_footprint_outside_source_frame
val:37962,val:6679,val,37962,6679,6679.jpg,3840,2160,5,buoy,1328.0,0.0,12.0,16.0,192.0,31.79844925327644,26.7,mavic,NorthSea_Fri_DJI_0114.MP4,5985,data/raw/seadronessee/odv2/images/val/6679.jpg,train,1610,529,-797,2139,813,required_80m_footprint_outside_source_frame
val:37977,val:6681,val,37977,6681,6681.jpg,3840,2160,2,boat,1352.0,579.0,167.0,86.0,14362.0,31.79844925327644,26.7,mavic,NorthSea_Fri_DJI_0114.MP4,6015,data/raw/seadronessee/odv2/images/val/6681.jpg,train,1610,630,-183,2240,1427,required_80m_footprint_outside_source_frame
val:37979,val:6681,val,37979,6681,6681.jpg,3840,2160,2,boat,3352.0,5.0,184.0,69.0,12696.0,31.79844925327644,26.7,mavic,NorthSea_Fri_DJI_0114.MP4,6015,data/raw/seadronessee/odv2/images/val/6681.jpg,train,1610,2639,-766,4249,844,required_80m_footprint_outside_source_frame
val:37981,val:6681,val,37981,6681,6681.jpg,3840,2160,1,swimmer,1697.0,753.0,25.0,21.0,525.0,31.79844925327644,26.7,mavic,NorthSea_Fri_DJI_0114.MP4,6015,data/raw/seadronessee/odv2/images/val/6681.jpg,train,1610,904,-42,2514,1568,required_80m_footprint_outside_source_frame
val:37986,val:6681,val,37986,6681,6681.jpg,3840,2160,5,buoy,805.0,681.0,48.0,64.0,3072.0,31.79844925327644,26.7,mavic,NorthSea_Fri_DJI_0114.MP4,6015,data/raw/seadronessee/odv2/images/val/6681.jpg,train,1610,24,-92,1634,1518,required_80m_footprint_outside_source_frame
val:37987,val:6681,val,37987,6681,6681.jpg,3840,2160,2,boat,1786.0,0.0,120.0,92.0,11040.0,31.79844925327644,26.7,mavic,NorthSea_Fri_DJI_0114.MP4,6015,data/raw/seadronessee/odv2/images/val/6681.jpg,train,1610,1041,-759,2651,851,required_80m_footprint_outside_source_frame
val:37988,val:6681,val,37988,6681,6681.jpg,3840,2160,2,boat,1290.0,0.0,121.0,91.0,11011.0,31.79844925327644,26.7,mavic,NorthSea_Fri_DJI_0114.MP4,6015,data/raw/seadronessee/odv2/images/val/6681.jpg,train,1610,546,-760,2156,850,required_80m_footprint_outside_source_frame
val:38003,val:6683,val,38003,6683,6683.jpg,3840,2160,2,boat,1358.0,569.0,194.0,83.0,16102.0,31.59845900640049,26.7,mavic,NorthSea_Fri_DJI_0114.MP4,6045,data/raw/seadronessee/odv2/images/val/6683.jpg,train,1620,645,-200,2265,1420,required_80m_footprint_outside_source_frame
val:38005,val:6683,val,38005,6683,6683.jpg,3840,2160,2,boat,3317.0,5.0,188.0,61.0,11468.0,31.59845900640049,26.7,mavic,NorthSea_Fri_DJI_0114.MP4,6045,data/raw/seadronessee/odv2/images/val/6683.jpg,train,1620,2601,-774,4221,846,required_80m_footprint_outside_source_frame
val:38007,val:6683,val,38007,6683,6683.jpg,3840,2160,1,swimmer,1690.0,744.0,22.0,17.0,374.0,31.59845900640049,26.7,mavic,NorthSea_Fri_DJI_0114.MP4,6045,data/raw/seadronessee/odv2/images/val/6683.jpg,train,1620,891,-58,2511,1562,required_80m_footprint_outside_source_frame
val:38012,val:6683,val,38012,6683,6683.jpg,3840,2160,5,buoy,808.0,672.0,49.0,64.0,3136.0,31.59845900640049,26.7,mavic,NorthSea_Fri_DJI_0114.MP4,6045,data/raw/seadronessee/odv2/images/val/6683.jpg,train,1620,22,-106,1642,1514,required_80m_footprint_outside_source_frame
val:38013,val:6683,val,38013,6683,6683.jpg,3840,2160,2,boat,1752.0,0.0,120.0,82.0,9840.0,31.59845900640049,26.7,mavic,NorthSea_Fri_DJI_0114.MP4,6045,data/raw/seadronessee/odv2/images/val/6683.jpg,train,1620,1002,-769,2622,851,required_80m_footprint_outside_source_frame
val:38014,val:6683,val,38014,6683,6683.jpg,3840,2160,2,boat,1256.0,0.0,122.0,84.0,10248.0,31.59845900640049,26.7,mavic,NorthSea_Fri_DJI_0114.MP4,6045,data/raw/seadronessee/odv2/images/val/6683.jpg,train,1620,507,-768,2127,852,required_80m_footprint_outside_source_frame
val:38029,val:6685,val,38029,6685,6685.jpg,3840,2160,2,boat,1383.0,565.0,197.0,79.0,15563.0,31.59845900640049,26.7,mavic,NorthSea_Fri_DJI_0114.MP4,6075,data/raw/seadronessee/odv2/images/val/6685.jpg,train,1620,672,-206,2292,1414,required_80m_footprint_outside_source_frame
val:38031,val:6685,val,38031,6685,6685.jpg,3840,2160,2,boat,3279.0,6.0,186.0,67.0,12462.0,31.59845900640049,26.7,mavic,NorthSea_Fri_DJI_0114.MP4,6075,data/raw/seadronessee/odv2/images/val/6685.jpg,train,1620,2562,-770,4182,850,required_80m_footprint_outside_source_frame
val:38033,val:6685,val,38033,6685,6685.jpg,3840,2160,1,swimmer,1682.0,742.0,22.0,17.0,374.0,31.59845900640049,26.7,mavic,NorthSea_Fri_DJI_0114.MP4,6075,data/raw/seadronessee/odv2/images/val/6685.jpg,train,1620,883,-60,2503,1560,required_80m_footprint_outside_source_frame
val:38038,val:6685,val,38038,6685,6685.jpg,3840,2160,5,buoy,804.0,672.0,48.0,63.0,3024.0,31.59845900640049,26.7,mavic,NorthSea_Fri_DJI_0114.MP4,6075,data/raw/seadronessee/odv2/images/val/6685.jpg,train,1620,18,-106,1638,1514,required_80m_footprint_outside_source_frame
val:38039,val:6685,val,38039,6685,6685.jpg,3840,2160,2,boat,1717.0,0.0,121.0,85.0,10285.0,31.59845900640049,26.7,mavic,NorthSea_Fri_DJI_0114.MP4,6075,data/raw/seadronessee/odv2/images/val/6685.jpg,train,1620,968,-768,2588,852,required_80m_footprint_outside_source_frame
val:38040,val:6685,val,38040,6685,6685.jpg,3840,2160,2,boat,1225.0,0.0,121.0,82.0,9922.0,31.59845900640049,26.7,mavic,NorthSea_Fri_DJI_0114.MP4,6075,data/raw/seadronessee/odv2/images/val/6685.jpg,train,1620,476,-769,2096,851,required_80m_footprint_outside_source_frame
val:38055,val:6687,val,38055,6687,6687.jpg,3840,2160,2,boat,1400.0,564.0,197.0,76.0,14972.0,31.59845900640049,26.7,mavic,NorthSea_Fri_DJI_0114.MP4,6105,data/raw/seadronessee/odv2/images/val/6687.jpg,train,1620,688,-208,2308,1412,required_80m_footprint_outside_source_frame
val:38057,val:6687,val,38057,6687,6687.jpg,3840,2160,2,boat,3236.0,6.0,189.0,64.0,12096.0,31.59845900640049,26.7,mavic,NorthSea_Fri_DJI_0114.MP4,6105,data/raw/seadronessee/odv2/images/val/6687.jpg,train,1620,2520,-772,4140,848,required_80m_footprint_outside_source_frame
val:38059,val:6687,val,38059,6687,6687.jpg,3840,2160,1,swimmer,1669.0,736.0,21.0,15.0,315.0,31.59845900640049,26.7,mavic,NorthSea_Fri_DJI_0114.MP4,6105,data/raw/seadronessee/odv2/images/val/6687.jpg,train,1620,870,-66,2490,1554,required_80m_footprint_outside_source_frame
val:38064,val:6687,val,38064,6687,6687.jpg,3840,2160,5,buoy,801.0,681.0,49.0,63.0,3087.0,31.59845900640049,26.7,mavic,NorthSea_Fri_DJI_0114.MP4,6105,data/raw/seadronessee/odv2/images/val/6687.jpg,train,1620,16,-98,1636,1522,required_80m_footprint_outside_source_frame
val:38065,val:6687,val,38065,6687,6687.jpg,3840,2160,2,boat,1685.0,0.0,122.0,87.0,10614.0,31.59845900640049,26.7,mavic,NorthSea_Fri_DJI_0114.MP4,6105,data/raw/seadronessee/odv2/images/val/6687.jpg,train,1620,936,-766,2556,854,required_80m_footprint_outside_source_frame
val:38066,val:6687,val,38066,6687,6687.jpg,3840,2160,2,boat,1189.0,0.0,123.0,83.0,10209.0,31.59845900640049,26.7,mavic,NorthSea_Fri_DJI_0114.MP4,6105,data/raw/seadronessee/odv2/images/val/6687.jpg,train,1620,440,-768,2060,852,required_80m_footprint_outside_source_frame
val:38081,val:6689,val,38081,6689,6689.jpg,3840,2160,2,boat,1418.0,558.0,194.0,77.0,14938.0,31.59845900640049,26.7,mavic,NorthSea_Fri_DJI_0114.MP4,6135,data/raw/seadronessee/odv2/images/val/6689.jpg,train,1620,705,-214,2325,1406,required_80m_footprint_outside_source_frame
val:38083,val:6689,val,38083,6689,6689.jpg,3840,2160,2,boat,3193.0,5.0,190.0,63.0,11970.0,31.59845900640049,26.7,mavic,NorthSea_Fri_DJI_0114.MP4,6135,data/raw/seadronessee/odv2/images/val/6689.jpg,train,1620,2478,-774,4098,846,required_80m_footprint_outside_source_frame
val:38085,val:6689,val,38085,6689,6689.jpg,3840,2160,1,swimmer,1663.0,735.0,21.0,15.0,315.0,31.59845900640049,26.7,mavic,NorthSea_Fri_DJI_0114.MP4,6135,data/raw/seadronessee/odv2/images/val/6689.jpg,train,1620,864,-68,2484,1552,required_80m_footprint_outside_source_frame
val:38090,val:6689,val,38090,6689,6689.jpg,3840,2160,5,buoy,796.0,679.0,49.0,64.0,3136.0,31.59845900640049,26.7,mavic,NorthSea_Fri_DJI_0114.MP4,6135,data/raw/seadronessee/odv2/images/val/6689.jpg,train,1620,10,-99,1630,1521,required_80m_footprint_outside_source_frame
val:38091,val:6689,val,38091,6689,6689.jpg,3840,2160,2,boat,1649.0,0.0,119.0,87.0,10353.0,31.59845900640049,26.7,mavic,NorthSea_Fri_DJI_0114.MP4,6135,data/raw/seadronessee/odv2/images/val/6689.jpg,train,1620,898,-766,2518,854,required_80m_footprint_outside_source_frame
val:38092,val:6689,val,38092,6689,6689.jpg,3840,2160,2,boat,1156.0,0.0,117.0,82.0,9594.0,31.59845900640049,26.7,mavic,NorthSea_Fri_DJI_0114.MP4,6135,data/raw/seadronessee/odv2/images/val/6689.jpg,train,1620,404,-769,2024,851,required_80m_footprint_outside_source_frame
val:38107,val:6691,val,38107,6691,6691.jpg,3840,2160,2,boat,1440.0,561.0,189.0,74.0,13986.0,31.59845900640049,26.7,mavic,NorthSea_Fri_DJI_0114.MP4,6165,data/raw/seadronessee/odv2/images/val/6691.jpg,train,1620,724,-212,2344,1408,required_80m_footprint_outside_source_frame
val:38109,val:6691,val,38109,6691,6691.jpg,3840,2160,2,boat,3156.0,5.0,184.0,63.0,11592.0,31.59845900640049,26.7,mavic,NorthSea_Fri_DJI_0114.MP4,6165,data/raw/seadronessee/odv2/images/val/6691.jpg,train,1620,2438,-774,4058,846,required_80m_footprint_outside_source_frame
val:38111,val:6691,val,38111,6691,6691.jpg,3840,2160,1,swimmer,1653.0,728.0,21.0,16.0,336.0,31.59845900640049,26.7,mavic,NorthSea_Fri_DJI_0114.MP4,6165,data/raw/seadronessee/odv2/images/val/6691.jpg,train,1620,854,-74,2474,1546,required_80m_footprint_outside_source_frame
val:38116,val:6691,val,38116,6691,6691.jpg,3840,2160,5,buoy,795.0,681.0,49.0,65.0,3185.0,31.59845900640049,26.7,mavic,NorthSea_Fri_DJI_0114.MP4,6165,data/raw/seadronessee/odv2/images/val/6691.jpg,train,1620,10,-96,1630,1524,required_80m_footprint_outside_source_frame
val:38117,val:6691,val,38117,6691,6691.jpg,3840,2160,2,boat,1613.0,0.0,120.0,87.0,10440.0,31.59845900640049,26.7,mavic,NorthSea_Fri_DJI_0114.MP4,6165,data/raw/seadronessee/odv2/images/val/6691.jpg,train,1620,863,-766,2483,854,required_80m_footprint_outside_source_frame
val:38118,val:6691,val,38118,6691,6691.jpg,3840,2160,2,boat,1119.0,0.0,119.0,83.0,9877.0,31.59845900640049,26.7,mavic,NorthSea_Fri_DJI_0114.MP4,6165,data/raw/seadronessee/odv2/images/val/6691.jpg,train,1620,368,-768,1988,852,required_80m_footprint_outside_source_frame
val:38133,val:6693,val,38133,6693,6693.jpg,3840,2160,2,boat,1464.0,553.0,183.0,80.0,14640.0,31.59845900640049,26.7,mavic,NorthSea_Fri_DJI_0114.MP4,6195,data/raw/seadronessee/odv2/images/val/6693.jpg,train,1620,746,-217,2366,1403,required_80m_footprint_outside_source_frame
val:38135,val:6693,val,38135,6693,6693.jpg,3840,2160,2,boat,3116.0,4.0,185.0,65.0,12025.0,31.59845900640049,26.7,mavic,NorthSea_Fri_DJI_0114.MP4,6195,data/raw/seadronessee/odv2/images/val/6693.jpg,train,1620,2398,-774,4018,846,required_80m_footprint_outside_source_frame
val:38137,val:6693,val,38137,6693,6693.jpg,3840,2160,1,swimmer,1643.0,729.0,22.0,16.0,352.0,31.59845900640049,26.7,mavic,NorthSea_Fri_DJI_0114.MP4,6195,data/raw/seadronessee/odv2/images/val/6693.jpg,train,1620,844,-73,2464,1547,required_80m_footprint_outside_source_frame
val:38142,val:6693,val,38142,6693,6693.jpg,3840,2160,5,buoy,795.0,688.0,49.0,64.0,3136.0,31.59845900640049,26.7,mavic,NorthSea_Fri_DJI_0114.MP4,6195,data/raw/seadronessee/odv2/images/val/6693.jpg,train,1620,10,-90,1630,1530,required_80m_footprint_outside_source_frame
val:38143,val:6693,val,38143,6693,6693.jpg,3840,2160,2,boat,1576.0,0.0,119.0,88.0,10472.0,31.59845900640049,26.7,mavic,NorthSea_Fri_DJI_0114.MP4,6195,data/raw/seadronessee/odv2/images/val/6693.jpg,train,1620,826,-766,2446,854,required_80m_footprint_outside_source_frame
val:38144,val:6693,val,38144,6693,6693.jpg,3840,2160,2,boat,1081.0,0.0,119.0,83.0,9877.0,31.59845900640049,26.7,mavic,NorthSea_Fri_DJI_0114.MP4,6195,data/raw/seadronessee/odv2/images/val/6693.jpg,train,1620,330,-768,1950,852,required_80m_footprint_outside_source_frame
val:38159,val:6695,val,38159,6695,6695.jpg,3840,2160,2,boat,1486.0,556.0,183.0,80.0,14640.0,31.59845900640049,26.7,mavic,NorthSea_Fri_DJI_0114.MP4,6225,data/raw/seadronessee/odv2/images/val/6695.jpg,train,1620,768,-214,2388,1406,required_80m_footprint_outside_source_frame
val:38161,val:6695,val,38161,6695,6695.jpg,3840,2160,2,boat,3075.0,7.0,185.0,64.0,11840.0,31.59845900640049,26.7,mavic,NorthSea_Fri_DJI_0114.MP4,6225,data/raw/seadronessee/odv2/images/val/6695.jpg,train,1620,2358,-771,3978,849,required_80m_footprint_outside_source_frame
val:38163,val:6695,val,38163,6695,6695.jpg,3840,2160,1,swimmer,1630.0,733.0,21.0,16.0,336.0,31.59845900640049,26.7,mavic,NorthSea_Fri_DJI_0114.MP4,6225,data/raw/seadronessee/odv2/images/val/6695.jpg,train,1620,830,-69,2450,1551,required_80m_footprint_outside_source_frame
val:38168,val:6695,val,38168,6695,6695.jpg,3840,2160,5,buoy,792.0,681.0,49.0,65.0,3185.0,31.59845900640049,26.7,mavic,NorthSea_Fri_DJI_0114.MP4,6225,data/raw/seadronessee/odv2/images/val/6695.jpg,train,1620,6,-96,1626,1524,required_80m_footprint_outside_source_frame
val:38169,val:6695,val,38169,6695,6695.jpg,3840,2160,2,boat,1535.0,0.0,123.0,90.0,11070.0,31.59845900640049,26.7,mavic,NorthSea_Fri_DJI_0114.MP4,6225,data/raw/seadronessee/odv2/images/val/6695.jpg,train,1620,786,-765,2406,855,required_80m_footprint_outside_source_frame
val:38170,val:6695,val,38170,6695,6695.jpg,3840,2160,2,boat,1043.0,0.0,120.0,85.0,10200.0,31.59845900640049,26.7,mavic,NorthSea_Fri_DJI_0114.MP4,6225,data/raw/seadronessee/odv2/images/val/6695.jpg,train,1620,293,-768,1913,852,required_80m_footprint_outside_source_frame
val:38185,val:6697,val,38185,6697,6697.jpg,3840,2160,2,boat,1512.0,562.0,177.0,78.0,13806.0,31.59845900640049,26.7,mavic,NorthSea_Fri_DJI_0114.MP4,6255,data/raw/seadronessee/odv2/images/val/6697.jpg,train,1620,790,-209,2410,1411,required_80m_footprint_outside_source_frame
val:38187,val:6697,val,38187,6697,6697.jpg,3840,2160,2,boat,3029.0,6.0,191.0,67.0,12797.0,31.59845900640049,26.7,mavic,NorthSea_Fri_DJI_0114.MP4,6255,data/raw/seadronessee/odv2/images/val/6697.jpg,train,1620,2314,-770,3934,850,required_80m_footprint_outside_source_frame
val:38189,val:6697,val,38189,6697,6697.jpg,3840,2160,1,swimmer,1624.0,729.0,20.0,16.0,320.0,31.59845900640049,26.7,mavic,NorthSea_Fri_DJI_0114.MP4,6255,data/raw/seadronessee/odv2/images/val/6697.jpg,train,1620,824,-73,2444,1547,required_80m_footprint_outside_source_frame
val:38194,val:6697,val,38194,6697,6697.jpg,3840,2160,5,buoy,793.0,690.0,49.0,64.0,3136.0,31.59845900640049,26.7,mavic,NorthSea_Fri_DJI_0114.MP4,6255,data/raw/seadronessee/odv2/images/val/6697.jpg,train,1620,8,-88,1628,1532,required_80m_footprint_outside_source_frame
val:38195,val:6697,val,38195,6697,6697.jpg,3840,2160,2,boat,1497.0,0.0,121.0,91.0,11011.0,31.59845900640049,26.7,mavic,NorthSea_Fri_DJI_0114.MP4,6255,data/raw/seadronessee/odv2/images/val/6697.jpg,train,1620,748,-764,2368,856,required_80m_footprint_outside_source_frame
val:38196,val:6697,val,38196,6697,6697.jpg,3840,2160,2,boat,1011.0,0.0,117.0,89.0,10413.0,31.59845900640049,26.7,mavic,NorthSea_Fri_DJI_0114.MP4,6255,data/raw/seadronessee/odv2/images/val/6697.jpg,train,1620,260,-766,1880,854,required_80m_footprint_outside_source_frame
val:38211,val:6699,val,38211,6699,6699.jpg,3840,2160,2,boat,1540.0,565.0,176.0,81.0,14256.0,31.59845900640049,26.7,mavic,NorthSea_Fri_DJI_0114.MP4,6285,data/raw/seadronessee/odv2/images/val/6699.jpg,train,1620,818,-204,2438,1416,required_80m_footprint_outside_source_frame
val:38213,val:6699,val,38213,6699,6699.jpg,3840,2160,2,boat,2980.0,3.0,184.0,72.0,13248.0,31.59845900640049,26.7,mavic,NorthSea_Fri_DJI_0114.MP4,6285,data/raw/seadronessee/odv2/images/val/6699.jpg,train,1620,2262,-771,3882,849,required_80m_footprint_outside_source_frame
val:38215,val:6699,val,38215,6699,6699.jpg,3840,2160,1,swimmer,1620.0,725.0,18.0,18.0,324.0,31.59845900640049,26.7,mavic,NorthSea_Fri_DJI_0114.MP4,6285,data/raw/seadronessee/odv2/images/val/6699.jpg,train,1620,819,-76,2439,1544,required_80m_footprint_outside_source_frame
val:38220,val:6699,val,38220,6699,6699.jpg,3840,2160,5,buoy,793.0,686.0,50.0,64.0,3200.0,31.59845900640049,26.7,mavic,NorthSea_Fri_DJI_0114.MP4,6285,data/raw/seadronessee/odv2/images/val/6699.jpg,train,1620,8,-92,1628,1528,required_80m_footprint_outside_source_frame
val:38221,val:6699,val,38221,6699,6699.jpg,3840,2160,2,boat,1456.0,0.0,122.0,92.0,11224.0,31.59845900640049,26.7,mavic,NorthSea_Fri_DJI_0114.MP4,6285,data/raw/seadronessee/odv2/images/val/6699.jpg,train,1620,707,-764,2327,856,required_80m_footprint_outside_source_frame
val:38222,val:6699,val,38222,6699,6699.jpg,3840,2160,2,boat,977.0,0.0,118.0,92.0,10856.0,31.59845900640049,26.7,mavic,NorthSea_Fri_DJI_0114.MP4,6285,data/raw/seadronessee/odv2/images/val/6699.jpg,train,1620,226,-764,1846,856,required_80m_footprint_outside_source_frame
val:52822,val:8116,val,52822,8116,8116.jpg,3840,2160,1,swimmer,2080.0,0.0,190.0,76.0,14440.0,34.29832733922585,40.4,mavic,NorthSea_Fri_DJI_0117.MP4,2025,data/raw/seadronessee/odv2/images/val/8116.jpg,train,1493,1428,-708,2921,785,required_80m_footprint_outside_source_frame
val:52823,val:8116,val,52823,8116,8116.jpg,3840,2160,5,buoy,2479.0,128.0,52.0,69.0,3588.0,34.29832733922585,40.4,mavic,NorthSea_Fri_DJI_0117.MP4,2025,data/raw/seadronessee/odv2/images/val/8116.jpg,train,1493,1758,-584,3251,909,required_80m_footprint_outside_source_frame
val:52824,val:8116,val,52824,8116,8116.jpg,3840,2160,3,jetski,1942.0,337.0,130.0,55.0,7150.0,34.29832733922585,40.4,mavic,NorthSea_Fri_DJI_0117.MP4,2025,data/raw/seadronessee/odv2/images/val/8116.jpg,train,1493,1260,-382,2753,1111,required_80m_footprint_outside_source_frame
val:52825,val:8116,val,52825,8116,8116.jpg,3840,2160,1,swimmer,2384.0,489.0,20.0,26.0,520.0,34.29832733922585,40.4,mavic,NorthSea_Fri_DJI_0117.MP4,2025,data/raw/seadronessee/odv2/images/val/8116.jpg,train,1493,1648,-244,3141,1249,required_80m_footprint_outside_source_frame
val:52826,val:8116,val,52826,8116,8116.jpg,3840,2160,1,swimmer,2452.0,599.0,33.0,23.0,759.0,34.29832733922585,40.4,mavic,NorthSea_Fri_DJI_0117.MP4,2025,data/raw/seadronessee/odv2/images/val/8116.jpg,train,1493,1722,-136,3215,1357,required_80m_footprint_outside_source_frame
val:52827,val:8116,val,52827,8116,8116.jpg,3840,2160,1,swimmer,2292.0,501.0,29.0,23.0,667.0,34.29832733922585,40.4,mavic,NorthSea_Fri_DJI_0117.MP4,2025,data/raw/seadronessee/odv2/images/val/8116.jpg,train,1493,1560,-234,3053,1259,required_80m_footprint_outside_source_frame
val:52828,val:8116,val,52828,8116,8116.jpg,3840,2160,1,swimmer,2208.0,506.0,27.0,24.0,648.0,34.29832733922585,40.4,mavic,NorthSea_Fri_DJI_0117.MP4,2025,data/raw/seadronessee/odv2/images/val/8116.jpg,train,1493,1475,-228,2968,1265,required_80m_footprint_outside_source_frame
val:52829,val:8116,val,52829,8116,8116.jpg,3840,2160,1,swimmer,1985.0,541.0,53.0,30.0,1590.0,34.29832733922585,40.4,mavic,NorthSea_Fri_DJI_0117.MP4,2025,data/raw/seadronessee/odv2/images/val/8116.jpg,train,1493,1265,-190,2758,1303,required_80m_footprint_outside_source_frame
val:52832,val:8116,val,52832,8116,8116.jpg,3840,2160,1,swimmer,3132.0,1156.0,100.0,73.0,7300.0,34.29832733922585,40.4,mavic,NorthSea_Fri_DJI_0117.MP4,2025,data/raw/seadronessee/odv2/images/val/8116.jpg,train,1493,2436,446,3929,1939,required_80m_footprint_outside_source_frame
val:52840,val:8118,val,52840,8118,8118.jpg,3840,2160,1,swimmer,3193.0,109.0,83.0,87.0,7221.0,34.29832733922585,-0.0,mavic,NorthSea_Fri_DJI_0117.MP4,2055,data/raw/seadronessee/odv2/images/val/8118.jpg,train,1493,2488,-594,3981,899,required_80m_footprint_outside_source_frame
val:62111,val:9216,val,62111,9216,9216.jpg,3840,2160,2,boat,1614.0,436.0,164.0,103.0,16892.0,27.298668698567507,35.7,mavic,NorthSea_Sat_DJI_0131.MP4,5355,data/raw/seadronessee/odv2/images/val/9216.jpg,val,1876,758,-450,2634,1426,required_80m_footprint_outside_source_frame
val:62112,val:9216,val,62112,9216,9216.jpg,3840,2160,3,jetski,1729.0,791.0,135.0,105.0,14175.0,27.298668698567507,35.7,mavic,NorthSea_Sat_DJI_0131.MP4,5355,data/raw/seadronessee/odv2/images/val/9216.jpg,val,1876,858,-94,2734,1782,required_80m_footprint_outside_source_frame
val:62113,val:9216,val,62113,9216,9216.jpg,3840,2160,1,swimmer,1871.0,711.0,41.0,24.0,984.0,27.298668698567507,35.7,mavic,NorthSea_Sat_DJI_0131.MP4,5355,data/raw/seadronessee/odv2/images/val/9216.jpg,val,1876,954,-215,2830,1661,required_80m_footprint_outside_source_frame
val:62114,val:9216,val,62114,9216,9216.jpg,3840,2160,1,swimmer,1961.0,707.0,33.0,31.0,1023.0,27.298668698567507,35.7,mavic,NorthSea_Sat_DJI_0131.MP4,5355,data/raw/seadronessee/odv2/images/val/9216.jpg,val,1876,1040,-216,2916,1660,required_80m_footprint_outside_source_frame
val:62116,val:9216,val,62116,9216,9216.jpg,3840,2160,1,swimmer,1943.0,671.0,88.0,38.0,3344.0,27.298668698567507,35.7,mavic,NorthSea_Sat_DJI_0131.MP4,5355,data/raw/seadronessee/odv2/images/val/9216.jpg,val,1876,1049,-248,2925,1628,required_80m_footprint_outside_source_frame
val:62118,val:9216,val,62118,9216,9216.jpg,3840,2160,2,boat,1794.0,1667.0,296.0,408.0,120768.0,27.298668698567507,35.7,mavic,NorthSea_Sat_DJI_0131.MP4,5355,data/raw/seadronessee/odv2/images/val/9216.jpg,val,1876,1004,933,2880,2809,required_80m_footprint_outside_source_frame
val:62129,val:9218,val,62129,9218,9218.jpg,3840,2160,2,boat,1622.0,490.0,163.0,108.0,17604.0,28.998585797013103,35.7,mavic,NorthSea_Sat_DJI_0131.MP4,5385,data/raw/seadronessee/odv2/images/val/9218.jpg,val,1766,820,-339,2586,1427,required_80m_footprint_outside_source_frame
val:62131,val:9218,val,62131,9218,9218.jpg,3840,2160,1,swimmer,1868.0,771.0,37.0,26.0,962.0,28.998585797013103,35.7,mavic,NorthSea_Sat_DJI_0131.MP4,5385,data/raw/seadronessee/odv2/images/val/9218.jpg,val,1766,1004,-99,2770,1667,required_80m_footprint_outside_source_frame
val:62132,val:9218,val,62132,9218,9218.jpg,3840,2160,1,swimmer,1954.0,772.0,39.0,28.0,1092.0,28.998585797013103,35.7,mavic,NorthSea_Sat_DJI_0131.MP4,5385,data/raw/seadronessee/odv2/images/val/9218.jpg,val,1766,1090,-97,2856,1669,required_80m_footprint_outside_source_frame
val:62134,val:9218,val,62134,9218,9218.jpg,3840,2160,1,swimmer,1935.0,743.0,83.0,29.0,2407.0,28.998585797013103,35.7,mavic,NorthSea_Sat_DJI_0131.MP4,5385,data/raw/seadronessee/odv2/images/val/9218.jpg,val,1766,1094,-126,2860,1640,required_80m_footprint_outside_source_frame
val:62136,val:9218,val,62136,9218,9218.jpg,3840,2160,2,boat,1794.0,1737.0,286.0,411.0,117546.0,28.998585797013103,35.7,mavic,NorthSea_Sat_DJI_0131.MP4,5385,data/raw/seadronessee/odv2/images/val/9218.jpg,val,1766,1054,1060,2820,2826,required_80m_footprint_outside_source_frame
val:62148,val:9220,val,62148,9220,9220.jpg,3840,2160,2,boat,1628.0,560.0,161.0,107.0,17227.0,31.098483389210607,35.7,mavic,NorthSea_Sat_DJI_0131.MP4,5415,data/raw/seadronessee/odv2/images/val/9220.jpg,val,1646,886,-210,2532,1436,required_80m_footprint_outside_source_frame
val:62155,val:9220,val,62155,9220,9220.jpg,3840,2160,2,boat,1803.0,1849.0,274.0,311.0,85214.0,31.098483389210607,35.7,mavic,NorthSea_Sat_DJI_0131.MP4,5415,data/raw/seadronessee/odv2/images/val/9220.jpg,val,1646,1117,1182,2763,2828,required_80m_footprint_outside_source_frame
val:62166,val:9222,val,62166,9222,9222.jpg,3840,2160,2,boat,1634.0,637.0,159.0,105.0,16695.0,33.19838098140811,35.7,mavic,NorthSea_Sat_DJI_0131.MP4,5445,data/raw/seadronessee/odv2/images/val/9222.jpg,val,1542,942,-82,2484,1460,required_80m_footprint_outside_source_frame
val:62175,val:9222,val,62175,9222,9222.jpg,3840,2160,2,boat,1813.0,1969.0,243.0,191.0,46413.0,33.19838098140811,35.7,mavic,NorthSea_Sat_DJI_0131.MP4,5445,data/raw/seadronessee/odv2/images/val/9222.jpg,val,1542,1164,1294,2706,2836,required_80m_footprint_outside_source_frame
val:72425,val:10418,val,72425,10418,10418.jpg,3840,2160,1,swimmer,3122.0,1457.0,53.0,93.0,4929.0,34.4983175861018,54.6,mavic,NorthSea_Sat_DJI_0126.MP4,6045,data/raw/seadronessee/odv2/images/val/10418.jpg,train,1484,2406,762,3890,2246,required_80m_footprint_outside_source_frame
val:72426,val:10418,val,72426,10418,10418.jpg,3840,2160,1,swimmer,2868.0,1648.0,40.0,37.0,1480.0,34.4983175861018,54.6,mavic,NorthSea_Sat_DJI_0126.MP4,6045,data/raw/seadronessee/odv2/images/val/10418.jpg,train,1484,2146,924,3630,2408,required_80m_footprint_outside_source_frame
val:72427,val:10418,val,72427,10418,10418.jpg,3840,2160,2,boat,2242.0,596.0,338.0,147.0,49686.0,34.4983175861018,54.6,mavic,NorthSea_Sat_DJI_0126.MP4,6045,data/raw/seadronessee/odv2/images/val/10418.jpg,train,1484,1669,-72,3153,1412,required_80m_footprint_outside_source_frame
val:72428,val:10418,val,72428,10418,10418.jpg,3840,2160,1,swimmer,3239.0,1433.0,84.0,76.0,6384.0,34.4983175861018,54.6,mavic,NorthSea_Sat_DJI_0126.MP4,6045,data/raw/seadronessee/odv2/images/val/10418.jpg,train,1484,2539,729,4023,2213,required_80m_footprint_outside_source_frame
val:72429,val:10418,val,72429,10418,10418.jpg,3840,2160,3,jetski,2166.0,676.0,264.0,100.0,26400.0,34.4983175861018,54.6,mavic,NorthSea_Sat_DJI_0126.MP4,6045,data/raw/seadronessee/odv2/images/val/10418.jpg,train,1484,1556,-16,3040,1468,required_80m_footprint_outside_source_frame
val:72431,val:10418,val,72431,10418,10418.jpg,3840,2160,1,swimmer,3237.0,1598.0,74.0,66.0,4884.0,34.4983175861018,54.6,mavic,NorthSea_Sat_DJI_0126.MP4,6045,data/raw/seadronessee/odv2/images/val/10418.jpg,train,1484,2532,889,4016,2373,required_80m_footprint_outside_source_frame
val:72432,val:10418,val,72432,10418,10418.jpg,3840,2160,1,swimmer,3265.0,1540.0,39.0,45.0,1755.0,34.4983175861018,54.6,mavic,NorthSea_Sat_DJI_0126.MP4,6045,data/raw/seadronessee/odv2/images/val/10418.jpg,train,1484,2542,820,4026,2304,required_80m_footprint_outside_source_frame
val:72433,val:10418,val,72433,10418,10418.jpg,3840,2160,1,swimmer,3459.0,1478.0,64.0,105.0,6720.0,34.4983175861018,54.6,mavic,NorthSea_Sat_DJI_0126.MP4,6045,data/raw/seadronessee/odv2/images/val/10418.jpg,train,1484,2749,788,4233,2272,required_80m_footprint_outside_source_frame
val:72434,val:10418,val,72434,10418,10418.jpg,3840,2160,1,swimmer,2862.0,1879.0,89.0,60.0,5340.0,34.4983175861018,54.6,mavic,NorthSea_Sat_DJI_0126.MP4,6045,data/raw/seadronessee/odv2/images/val/10418.jpg,train,1484,2164,1167,3648,2651,required_80m_footprint_outside_source_frame
val:72435,val:10418,val,72435,10418,10418.jpg,3840,2160,1,swimmer,3437.0,880.0,134.0,55.0,7370.0,34.4983175861018,54.6,mavic,NorthSea_Sat_DJI_0126.MP4,6045,data/raw/seadronessee/odv2/images/val/10418.jpg,train,1484,2762,166,4246,1650,required_80m_footprint_outside_source_frame
val:72448,val:10420,val,72448,10420,10420.jpg,3840,2160,1,swimmer,3517.0,1189.0,61.0,51.0,3111.0,32.19842974702834,54.6,mavic,NorthSea_Sat_DJI_0126.MP4,6075,data/raw/seadronessee/odv2/images/val/10420.jpg,train,1590,2752,420,4342,2010,required_80m_footprint_outside_source_frame
val:72449,val:10420,val,72449,10420,10420.jpg,3840,2160,1,swimmer,3338.0,1936.0,50.0,44.0,2200.0,32.19842974702834,54.6,mavic,NorthSea_Sat_DJI_0126.MP4,6075,data/raw/seadronessee/odv2/images/val/10420.jpg,train,1590,2568,1163,4158,2753,required_80m_footprint_outside_source_frame
val:72450,val:10420,val,72450,10420,10420.jpg,3840,2160,1,swimmer,3431.0,1312.0,45.0,45.0,2025.0,32.19842974702834,54.6,mavic,NorthSea_Sat_DJI_0126.MP4,6075,data/raw/seadronessee/odv2/images/val/10420.jpg,train,1590,2658,540,4248,2130,required_80m_footprint_outside_source_frame
val:72451,val:10420,val,72451,10420,10420.jpg,3840,2160,2,boat,3131.0,712.0,377.0,237.0,89349.0,32.19842974702834,54.6,mavic,NorthSea_Sat_DJI_0126.MP4,6075,data/raw/seadronessee/odv2/images/val/10420.jpg,train,1590,2524,36,4114,1626,required_80m_footprint_outside_source_frame
val:72452,val:10420,val,72452,10420,10420.jpg,3840,2160,3,jetski,3027.0,756.0,266.0,171.0,45486.0,32.19842974702834,54.6,mavic,NorthSea_Sat_DJI_0126.MP4,6075,data/raw/seadronessee/odv2/images/val/10420.jpg,train,1590,2365,46,3955,1636,required_80m_footprint_outside_source_frame
val:72453,val:10420,val,72453,10420,10420.jpg,3840,2160,1,swimmer,3199.0,1202.0,62.0,48.0,2976.0,32.19842974702834,54.6,mavic,NorthSea_Sat_DJI_0126.MP4,6075,data/raw/seadronessee/odv2/images/val/10420.jpg,train,1590,2435,431,4025,2021,required_80m_footprint_outside_source_frame
val:72455,val:10420,val,72455,10420,10420.jpg,3840,2160,1,swimmer,3727.0,2084.0,103.0,70.0,7210.0,32.19842974702834,54.6,mavic,NorthSea_Sat_DJI_0126.MP4,6075,data/raw/seadronessee/odv2/images/val/10420.jpg,train,1590,2984,1324,4574,2914,required_80m_footprint_outside_source_frame
val:72456,val:10420,val,72456,10420,10420.jpg,3840,2160,1,swimmer,3687.0,1887.0,58.0,105.0,6090.0,32.19842974702834,54.6,mavic,NorthSea_Sat_DJI_0126.MP4,6075,data/raw/seadronessee/odv2/images/val/10420.jpg,train,1590,2921,1144,4511,2734,required_80m_footprint_outside_source_frame
val:72469,val:10422,val,72469,10422,10422.jpg,3840,2160,1,swimmer,3371.0,1153.0,70.0,55.0,3850.0,31.89844437671441,54.6,mavic,NorthSea_Sat_DJI_0126.MP4,6105,data/raw/seadronessee/odv2/images/val/10422.jpg,train,1605,2604,378,4209,1983,required_80m_footprint_outside_source_frame
val:72470,val:10422,val,72470,10422,10422.jpg,3840,2160,1,swimmer,3072.0,1153.0,77.0,49.0,3773.0,31.89844437671441,54.6,mavic,NorthSea_Sat_DJI_0126.MP4,6105,data/raw/seadronessee/odv2/images/val/10422.jpg,train,1605,2308,375,3913,1980,required_80m_footprint_outside_source_frame
val:72471,val:10422,val,72471,10422,10422.jpg,3840,2160,1,swimmer,3519.0,1856.0,83.0,85.0,7055.0,31.89844437671441,54.6,mavic,NorthSea_Sat_DJI_0126.MP4,6105,data/raw/seadronessee/odv2/images/val/10422.jpg,train,1605,2758,1096,4363,2701,required_80m_footprint_outside_source_frame
val:72472,val:10422,val,72472,10422,10422.jpg,3840,2160,1,swimmer,3166.0,1890.0,49.0,44.0,2156.0,31.89844437671441,54.6,mavic,NorthSea_Sat_DJI_0126.MP4,6105,data/raw/seadronessee/odv2/images/val/10422.jpg,train,1605,2388,1110,3993,2715,required_80m_footprint_outside_source_frame
val:72473,val:10422,val,72473,10422,10422.jpg,3840,2160,1,swimmer,3279.0,1277.0,51.0,42.0,2142.0,31.89844437671441,54.6,mavic,NorthSea_Sat_DJI_0126.MP4,6105,data/raw/seadronessee/odv2/images/val/10422.jpg,train,1605,2502,496,4107,2101,required_80m_footprint_outside_source_frame
val:72474,val:10422,val,72474,10422,10422.jpg,3840,2160,2,boat,3006.0,689.0,369.0,236.0,87084.0,31.89844437671441,54.6,mavic,NorthSea_Sat_DJI_0126.MP4,6105,data/raw/seadronessee/odv2/images/val/10422.jpg,train,1605,2388,4,3993,1609,required_80m_footprint_outside_source_frame
val:72475,val:10422,val,72475,10422,10422.jpg,3840,2160,1,swimmer,3559.0,2036.0,94.0,64.0,6016.0,31.89844437671441,54.6,mavic,NorthSea_Sat_DJI_0126.MP4,6105,data/raw/seadronessee/odv2/images/val/10422.jpg,train,1605,2804,1266,4409,2871,required_80m_footprint_outside_source_frame
val:72478,val:10422,val,72478,10422,10422.jpg,3840,2160,1,swimmer,3643.0,1961.0,48.0,92.0,4416.0,31.89844437671441,54.6,mavic,NorthSea_Sat_DJI_0126.MP4,6105,data/raw/seadronessee/odv2/images/val/10422.jpg,train,1605,2864,1204,4469,2809,required_80m_footprint_outside_source_frame
val:72479,val:10422,val,72479,10422,10422.jpg,3840,2160,1,swimmer,3713.0,1873.0,51.0,74.0,3774.0,31.89844437671441,54.6,mavic,NorthSea_Sat_DJI_0126.MP4,6105,data/raw/seadronessee/odv2/images/val/10422.jpg,train,1605,2936,1108,4541,2713,required_80m_footprint_outside_source_frame
val:72480,val:10422,val,72480,10422,10422.jpg,3840,2160,1,swimmer,3040.0,2106.0,60.0,54.0,3240.0,31.89844437671441,54.6,mavic,NorthSea_Sat_DJI_0126.MP4,6105,data/raw/seadronessee/odv2/images/val/10422.jpg,train,1605,2268,1330,3873,2935,required_80m_footprint_outside_source_frame
val:72491,val:10424,val,72491,10424,10424.jpg,3840,2160,1,swimmer,3296.0,1213.0,75.0,54.0,4050.0,30.89849314233465,54.6,mavic,NorthSea_Sat_DJI_0126.MP4,6135,data/raw/seadronessee/odv2/images/val/10424.jpg,train,1657,2505,412,4162,2069,required_80m_footprint_outside_source_frame
val:72493,val:10424,val,72493,10424,10424.jpg,3840,2160,1,swimmer,3336.0,1927.0,103.0,87.0,8961.0,30.89849314233465,54.6,mavic,NorthSea_Sat_DJI_0126.MP4,6135,data/raw/seadronessee/odv2/images/val/10424.jpg,train,1657,2559,1142,4216,2799,required_80m_footprint_outside_source_frame
val:72494,val:10424,val,72494,10424,10424.jpg,3840,2160,1,swimmer,2964.0,1911.0,48.0,46.0,2208.0,30.89849314233465,54.6,mavic,NorthSea_Sat_DJI_0126.MP4,6135,data/raw/seadronessee/odv2/images/val/10424.jpg,train,1657,2160,1106,3817,2763,required_80m_footprint_outside_source_frame
val:72495,val:10424,val,72495,10424,10424.jpg,3840,2160,1,swimmer,3189.0,1306.0,50.0,56.0,2800.0,30.89849314233465,54.6,mavic,NorthSea_Sat_DJI_0126.MP4,6135,data/raw/seadronessee/odv2/images/val/10424.jpg,train,1657,2386,506,4043,2163,required_80m_footprint_outside_source_frame
val:72496,val:10424,val,72496,10424,10424.jpg,3840,2160,2,boat,3003.0,684.0,364.0,269.0,97916.0,30.89849314233465,54.6,mavic,NorthSea_Sat_DJI_0126.MP4,6135,data/raw/seadronessee/odv2/images/val/10424.jpg,train,1657,2356,-10,4013,1647,required_80m_footprint_outside_source_frame
val:72497,val:10424,val,72497,10424,10424.jpg,3840,2160,3,jetski,2895.0,706.0,230.0,203.0,46690.0,30.89849314233465,54.6,mavic,NorthSea_Sat_DJI_0126.MP4,6135,data/raw/seadronessee/odv2/images/val/10424.jpg,train,1657,2182,-21,3839,1636,required_80m_footprint_outside_source_frame
val:72499,val:10424,val,72499,10424,10424.jpg,3840,2160,1,swimmer,3509.0,1940.0,80.0,131.0,10480.0,30.89849314233465,54.6,mavic,NorthSea_Sat_DJI_0126.MP4,6135,data/raw/seadronessee/odv2/images/val/10424.jpg,train,1657,2720,1177,4377,2834,required_80m_footprint_outside_source_frame
val:72500,val:10424,val,72500,10424,10424.jpg,3840,2160,1,swimmer,3438.0,2050.0,71.0,64.0,4544.0,30.89849314233465,54.6,mavic,NorthSea_Sat_DJI_0126.MP4,6135,data/raw/seadronessee/odv2/images/val/10424.jpg,train,1657,2645,1254,4302,2911,required_80m_footprint_outside_source_frame
val:72501,val:10424,val,72501,10424,10424.jpg,3840,2160,1,swimmer,3359.0,2112.0,101.0,48.0,4848.0,30.89849314233465,54.6,mavic,NorthSea_Sat_DJI_0126.MP4,6135,data/raw/seadronessee/odv2/images/val/10424.jpg,train,1657,2581,1308,4238,2965,required_80m_footprint_outside_source_frame
val:72502,val:10424,val,72502,10424,10424.jpg,3840,2160,1,swimmer,2755.0,2111.0,67.0,49.0,3283.0,30.89849314233465,54.6,mavic,NorthSea_Sat_DJI_0126.MP4,6135,data/raw/seadronessee/odv2/images/val/10424.jpg,train,1657,1960,1307,3617,2964,required_80m_footprint_outside_source_frame
val:72518,val:10426,val,72518,10426,10426.jpg,3840,2160,1,swimmer,2688.0,1766.0,98.0,81.0,7938.0,30.798498018896677,54.6,mavic,NorthSea_Sat_DJI_0126.MP4,6165,data/raw/seadronessee/odv2/images/val/10426.jpg,train,1662,1906,976,3568,2638,required_80m_footprint_outside_source_frame
val:72519,val:10426,val,72519,10426,10426.jpg,3840,2160,1,swimmer,2339.0,1746.0,46.0,46.0,2116.0,30.798498018896677,54.6,mavic,NorthSea_Sat_DJI_0126.MP4,6165,data/raw/seadronessee/odv2/images/val/10426.jpg,train,1662,1531,938,3193,2600,required_80m_footprint_outside_source_frame
val:72521,val:10426,val,72521,10426,10426.jpg,3840,2160,2,boat,2508.0,577.0,342.0,255.0,87210.0,30.798498018896677,54.6,mavic,NorthSea_Sat_DJI_0126.MP4,6165,data/raw/seadronessee/odv2/images/val/10426.jpg,train,1662,1848,-126,3510,1536,required_80m_footprint_outside_source_frame
val:72522,val:10426,val,72522,10426,10426.jpg,3840,2160,3,jetski,2402.0,598.0,214.0,184.0,39376.0,30.798498018896677,54.6,mavic,NorthSea_Sat_DJI_0126.MP4,6165,data/raw/seadronessee/odv2/images/val/10426.jpg,train,1662,1678,-141,3340,1521,required_80m_footprint_outside_source_frame
val:72524,val:10426,val,72524,10426,10426.jpg,3840,2160,1,swimmer,2887.0,1804.0,40.0,101.0,4040.0,30.798498018896677,54.6,mavic,NorthSea_Sat_DJI_0126.MP4,6165,data/raw/seadronessee/odv2/images/val/10426.jpg,train,1662,2076,1024,3738,2686,required_80m_footprint_outside_source_frame
val:72525,val:10426,val,72525,10426,10426.jpg,3840,2160,1,swimmer,2787.0,1879.0,64.0,68.0,4352.0,30.798498018896677,54.6,mavic,NorthSea_Sat_DJI_0126.MP4,6165,data/raw/seadronessee/odv2/images/val/10426.jpg,train,1662,1988,1082,3650,2744,required_80m_footprint_outside_source_frame
val:72526,val:10426,val,72526,10426,10426.jpg,3840,2160,1,swimmer,2694.0,1942.0,97.0,60.0,5820.0,30.798498018896677,54.6,mavic,NorthSea_Sat_DJI_0126.MP4,6165,data/raw/seadronessee/odv2/images/val/10426.jpg,train,1662,1912,1141,3574,2803,required_80m_footprint_outside_source_frame
val:72527,val:10426,val,72527,10426,10426.jpg,3840,2160,1,swimmer,2998.0,1953.0,93.0,77.0,7161.0,30.798498018896677,54.6,mavic,NorthSea_Sat_DJI_0126.MP4,6165,data/raw/seadronessee/odv2/images/val/10426.jpg,train,1662,2214,1160,3876,2822,required_80m_footprint_outside_source_frame
val:72528,val:10426,val,72528,10426,10426.jpg,3840,2160,1,swimmer,2122.0,1934.0,55.0,74.0,4070.0,30.798498018896677,54.6,mavic,NorthSea_Sat_DJI_0126.MP4,6165,data/raw/seadronessee/odv2/images/val/10426.jpg,train,1662,1318,1140,2980,2802,required_80m_footprint_outside_source_frame
val:72529,val:10426,val,72529,10426,10426.jpg,3840,2160,1,swimmer,3695.0,1486.0,145.0,115.0,16675.0,30.798498018896677,54.6,mavic,NorthSea_Sat_DJI_0126.MP4,6165,data/raw/seadronessee/odv2/images/val/10426.jpg,train,1662,2936,712,4598,2374,required_80m_footprint_outside_source_frame
val:72547,val:10428,val,72547,10428,10428.jpg,3840,2160,1,swimmer,2301.0,1597.0,91.0,76.0,6916.0,29.89854190795489,54.6,mavic,NorthSea_Sat_DJI_0126.MP4,6195,data/raw/seadronessee/odv2/images/val/10428.jpg,train,1712,1490,779,3202,2491,required_80m_footprint_outside_source_frame
val:72548,val:10428,val,72548,10428,10428.jpg,3840,2160,1,swimmer,1964.0,1578.0,41.0,42.0,1722.0,29.89854190795489,54.6,mavic,NorthSea_Sat_DJI_0126.MP4,6195,data/raw/seadronessee/odv2/images/val/10428.jpg,train,1712,1128,743,2840,2455,required_80m_footprint_outside_source_frame
val:72549,val:10428,val,72549,10428,10428.jpg,3840,2160,2,boat,2207.0,448.0,328.0,247.0,81016.0,29.89854190795489,54.6,mavic,NorthSea_Sat_DJI_0126.MP4,6195,data/raw/seadronessee/odv2/images/val/10428.jpg,train,1712,1515,-284,3227,1428,required_80m_footprint_outside_source_frame
val:72550,val:10428,val,72550,10428,10428.jpg,3840,2160,3,jetski,2111.0,465.0,189.0,184.0,34776.0,29.89854190795489,54.6,mavic,NorthSea_Sat_DJI_0126.MP4,6195,data/raw/seadronessee/odv2/images/val/10428.jpg,train,1712,1350,-299,3062,1413,required_80m_footprint_outside_source_frame
val:72552,val:10428,val,72552,10428,10428.jpg,3840,2160,1,swimmer,2461.0,1618.0,65.0,123.0,7995.0,29.89854190795489,54.6,mavic,NorthSea_Sat_DJI_0126.MP4,6195,data/raw/seadronessee/odv2/images/val/10428.jpg,train,1712,1638,824,3350,2536,required_80m_footprint_outside_source_frame
val:72553,val:10428,val,72553,10428,10428.jpg,3840,2160,1,swimmer,2401.0,1732.0,57.0,55.0,3135.0,29.89854190795489,54.6,mavic,NorthSea_Sat_DJI_0126.MP4,6195,data/raw/seadronessee/odv2/images/val/10428.jpg,train,1712,1574,904,3286,2616,required_80m_footprint_outside_source_frame
val:72554,val:10428,val,72554,10428,10428.jpg,3840,2160,1,swimmer,2304.0,1777.0,81.0,57.0,4617.0,29.89854190795489,54.6,mavic,NorthSea_Sat_DJI_0126.MP4,6195,data/raw/seadronessee/odv2/images/val/10428.jpg,train,1712,1488,950,3200,2662,required_80m_footprint_outside_source_frame
val:72555,val:10428,val,72555,10428,10428.jpg,3840,2160,1,swimmer,2622.0,1788.0,60.0,78.0,4680.0,29.89854190795489,54.6,mavic,NorthSea_Sat_DJI_0126.MP4,6195,data/raw/seadronessee/odv2/images/val/10428.jpg,train,1712,1796,971,3508,2683,required_80m_footprint_outside_source_frame
val:72556,val:10428,val,72556,10428,10428.jpg,3840,2160,1,swimmer,1264.0,1951.0,207.0,82.0,16974.0,29.89854190795489,54.6,mavic,NorthSea_Sat_DJI_0126.MP4,6195,data/raw/seadronessee/odv2/images/val/10428.jpg,train,1712,512,1136,2224,2848,required_80m_footprint_outside_source_frame
val:72557,val:10428,val,72557,10428,10428.jpg,3840,2160,1,swimmer,1734.0,1751.0,53.0,71.0,3763.0,29.89854190795489,54.6,mavic,NorthSea_Sat_DJI_0126.MP4,6195,data/raw/seadronessee/odv2/images/val/10428.jpg,train,1712,904,930,2616,2642,required_80m_footprint_outside_source_frame
val:72558,val:10428,val,72558,10428,10428.jpg,3840,2160,1,swimmer,3336.0,1350.0,169.0,77.0,13013.0,29.89854190795489,54.6,mavic,NorthSea_Sat_DJI_0126.MP4,6195,data/raw/seadronessee/odv2/images/val/10428.jpg,train,1712,2564,532,4276,2244,required_80m_footprint_outside_source_frame
val:72572,val:10430,val,72572,10430,10430.jpg,3840,2160,1,swimmer,2948.0,1100.0,67.0,51.0,3417.0,29.69855166107894,54.6,mavic,NorthSea_Sat_DJI_0126.MP4,6225,data/raw/seadronessee/odv2/images/val/10430.jpg,train,1724,2120,264,3844,1988,required_80m_footprint_outside_source_frame
val:72574,val:10430,val,72574,10430,10430.jpg,3840,2160,1,swimmer,2661.0,1716.0,109.0,67.0,7303.0,29.69855166107894,54.6,mavic,NorthSea_Sat_DJI_0126.MP4,6225,data/raw/seadronessee/odv2/images/val/10430.jpg,train,1724,1854,888,3578,2612,required_80m_footprint_outside_source_frame
val:72575,val:10430,val,72575,10430,10430.jpg,3840,2160,1,swimmer,2340.0,1604.0,44.0,44.0,1936.0,29.69855166107894,54.6,mavic,NorthSea_Sat_DJI_0126.MP4,6225,data/raw/seadronessee/odv2/images/val/10430.jpg,train,1724,1500,764,3224,2488,required_80m_footprint_outside_source_frame
val:72576,val:10430,val,72576,10430,10430.jpg,3840,2160,1,swimmer,2073.0,1716.0,50.0,101.0,5050.0,29.69855166107894,54.6,mavic,NorthSea_Sat_DJI_0126.MP4,6225,data/raw/seadronessee/odv2/images/val/10430.jpg,train,1724,1236,904,2960,2628,required_80m_footprint_outside_source_frame
val:72577,val:10430,val,72577,10430,10430.jpg,3840,2160,2,boat,2859.0,561.0,320.0,298.0,95360.0,29.69855166107894,54.6,mavic,NorthSea_Sat_DJI_0126.MP4,6225,data/raw/seadronessee/odv2/images/val/10430.jpg,train,1724,2157,-152,3881,1572,required_80m_footprint_outside_source_frame
val:72578,val:10430,val,72578,10430,10430.jpg,3840,2160,1,swimmer,2628.0,1904.0,84.0,57.0,4788.0,29.69855166107894,54.6,mavic,NorthSea_Sat_DJI_0126.MP4,6225,data/raw/seadronessee/odv2/images/val/10430.jpg,train,1724,1808,1070,3532,2794,required_80m_footprint_outside_source_frame
val:72579,val:10430,val,72579,10430,10430.jpg,3840,2160,3,jetski,2770.0,565.0,152.0,210.0,31920.0,29.69855166107894,54.6,mavic,NorthSea_Sat_DJI_0126.MP4,6225,data/raw/seadronessee/odv2/images/val/10430.jpg,train,1724,1984,-192,3708,1532,required_80m_footprint_outside_source_frame
val:72581,val:10430,val,72581,10430,10430.jpg,3840,2160,1,swimmer,2838.0,1762.0,41.0,113.0,4633.0,29.69855166107894,54.6,mavic,NorthSea_Sat_DJI_0126.MP4,6225,data/raw/seadronessee/odv2/images/val/10430.jpg,train,1724,1996,956,3720,2680,required_80m_footprint_outside_source_frame
val:72582,val:10430,val,72582,10430,10430.jpg,3840,2160,1,swimmer,2746.0,1867.0,56.0,71.0,3976.0,29.69855166107894,54.6,mavic,NorthSea_Sat_DJI_0126.MP4,6225,data/raw/seadronessee/odv2/images/val/10430.jpg,train,1724,1912,1040,3636,2764,required_80m_footprint_outside_source_frame
val:72583,val:10430,val,72583,10430,10430.jpg,3840,2160,1,swimmer,2946.0,2027.0,61.0,44.0,2684.0,29.69855166107894,54.6,mavic,NorthSea_Sat_DJI_0126.MP4,6225,data/raw/seadronessee/odv2/images/val/10430.jpg,train,1724,2114,1187,3838,2911,required_80m_footprint_outside_source_frame
val:72584,val:10430,val,72584,10430,10430.jpg,3840,2160,1,swimmer,1504.0,1827.0,196.0,69.0,13524.0,29.69855166107894,54.6,mavic,NorthSea_Sat_DJI_0126.MP4,6225,data/raw/seadronessee/odv2/images/val/10430.jpg,train,1724,740,1000,2464,2724,required_80m_footprint_outside_source_frame
val:72598,val:10432,val,72598,10432,10432.jpg,3840,2160,1,swimmer,2976.0,1113.0,68.0,55.0,3740.0,28.698600426699173,54.6,mavic,NorthSea_Sat_DJI_0126.MP4,6255,data/raw/seadronessee/odv2/images/val/10432.jpg,train,1784,2118,248,3902,2032,required_80m_footprint_outside_source_frame
val:72600,val:10432,val,72600,10432,10432.jpg,3840,2160,1,swimmer,2673.0,1717.0,108.0,67.0,7236.0,28.698600426699173,54.6,mavic,NorthSea_Sat_DJI_0126.MP4,6255,data/raw/seadronessee/odv2/images/val/10432.jpg,train,1784,1835,858,3619,2642,required_80m_footprint_outside_source_frame
val:72601,val:10432,val,72601,10432,10432.jpg,3840,2160,1,swimmer,2362.0,1611.0,43.0,42.0,1806.0,28.698600426699173,54.6,mavic,NorthSea_Sat_DJI_0126.MP4,6255,data/raw/seadronessee/odv2/images/val/10432.jpg,train,1784,1492,740,3276,2524,required_80m_footprint_outside_source_frame
val:72602,val:10432,val,72602,10432,10432.jpg,3840,2160,1,swimmer,2081.0,1725.0,40.0,68.0,2720.0,28.698600426699173,54.6,mavic,NorthSea_Sat_DJI_0126.MP4,6255,data/raw/seadronessee/odv2/images/val/10432.jpg,train,1784,1209,867,2993,2651,required_80m_footprint_outside_source_frame
val:72603,val:10432,val,72603,10432,10432.jpg,3840,2160,2,boat,2886.0,579.0,320.0,299.0,95680.0,28.698600426699173,54.6,mavic,NorthSea_Sat_DJI_0126.MP4,6255,data/raw/seadronessee/odv2/images/val/10432.jpg,train,1784,2154,-164,3938,1620,required_80m_footprint_outside_source_frame
val:72604,val:10432,val,72604,10432,10432.jpg,3840,2160,1,swimmer,2641.0,1905.0,84.0,55.0,4620.0,28.698600426699173,54.6,mavic,NorthSea_Sat_DJI_0126.MP4,6255,data/raw/seadronessee/odv2/images/val/10432.jpg,train,1784,1791,1040,3575,2824,required_80m_footprint_outside_source_frame
val:72605,val:10432,val,72605,10432,10432.jpg,3840,2160,3,jetski,2795.0,588.0,152.0,204.0,31008.0,28.698600426699173,54.6,mavic,NorthSea_Sat_DJI_0126.MP4,6255,data/raw/seadronessee/odv2/images/val/10432.jpg,train,1784,1979,-202,3763,1582,required_80m_footprint_outside_source_frame
val:72607,val:10432,val,72607,10432,10432.jpg,3840,2160,1,swimmer,1419.0,1805.0,206.0,127.0,26162.0,28.698600426699173,54.6,mavic,NorthSea_Sat_DJI_0126.MP4,6255,data/raw/seadronessee/odv2/images/val/10432.jpg,train,1784,630,976,2414,2760,required_80m_footprint_outside_source_frame
val:72608,val:10432,val,72608,10432,10432.jpg,3840,2160,1,swimmer,2928.0,1986.0,109.0,74.0,8066.0,28.698600426699173,54.6,mavic,NorthSea_Sat_DJI_0126.MP4,6255,data/raw/seadronessee/odv2/images/val/10432.jpg,train,1784,2090,1131,3874,2915,required_80m_footprint_outside_source_frame
val:72609,val:10432,val,72609,10432,10432.jpg,3840,2160,1,swimmer,2767.0,1877.0,55.0,62.0,3410.0,28.698600426699173,54.6,mavic,NorthSea_Sat_DJI_0126.MP4,6255,data/raw/seadronessee/odv2/images/val/10432.jpg,train,1784,1902,1016,3686,2800,required_80m_footprint_outside_source_frame
val:72610,val:10432,val,72610,10432,10432.jpg,3840,2160,1,swimmer,2851.0,1780.0,37.0,88.0,3256.0,28.698600426699173,54.6,mavic,NorthSea_Sat_DJI_0126.MP4,6255,data/raw/seadronessee/odv2/images/val/10432.jpg,train,1784,1978,932,3762,2716,required_80m_footprint_outside_source_frame
val:72624,val:10434,val,72624,10434,10434.jpg,3840,2160,1,swimmer,3052.0,1228.0,121.0,52.0,6292.0,28.998585797013103,54.6,mavic,NorthSea_Sat_DJI_0126.MP4,6285,data/raw/seadronessee/odv2/images/val/10434.jpg,train,1766,2230,371,3996,2137,required_80m_footprint_outside_source_frame
val:72626,val:10434,val,72626,10434,10434.jpg,3840,2160,1,swimmer,2753.0,1890.0,94.0,65.0,6110.0,28.998585797013103,54.6,mavic,NorthSea_Sat_DJI_0126.MP4,6285,data/raw/seadronessee/odv2/images/val/10434.jpg,train,1766,1917,1040,3683,2806,required_80m_footprint_outside_source_frame
val:72627,val:10434,val,72627,10434,10434.jpg,3840,2160,1,swimmer,2413.0,1773.0,49.0,48.0,2352.0,28.998585797013103,54.6,mavic,NorthSea_Sat_DJI_0126.MP4,6285,data/raw/seadronessee/odv2/images/val/10434.jpg,train,1766,1554,914,3320,2680,required_80m_footprint_outside_source_frame
val:72628,val:10434,val,72628,10434,10434.jpg,3840,2160,1,swimmer,2091.0,1895.0,57.0,59.0,3363.0,28.998585797013103,54.6,mavic,NorthSea_Sat_DJI_0126.MP4,6285,data/raw/seadronessee/odv2/images/val/10434.jpg,train,1766,1236,1042,3002,2808,required_80m_footprint_outside_source_frame
val:72629,val:10434,val,72629,10434,10434.jpg,3840,2160,2,boat,2952.0,662.0,353.0,312.0,110136.0,28.998585797013103,54.6,mavic,NorthSea_Sat_DJI_0126.MP4,6285,data/raw/seadronessee/odv2/images/val/10434.jpg,train,1766,2246,-65,4012,1701,required_80m_footprint_outside_source_frame
val:72630,val:10434,val,72630,10434,10434.jpg,3840,2160,1,swimmer,2712.0,2093.0,101.0,64.0,6464.0,28.998585797013103,54.6,mavic,NorthSea_Sat_DJI_0126.MP4,6285,data/raw/seadronessee/odv2/images/val/10434.jpg,train,1766,1880,1242,3646,3008,required_80m_footprint_outside_source_frame
val:72631,val:10434,val,72631,10434,10434.jpg,3840,2160,3,jetski,2857.0,664.0,164.0,219.0,35916.0,28.998585797013103,54.6,mavic,NorthSea_Sat_DJI_0126.MP4,6285,data/raw/seadronessee/odv2/images/val/10434.jpg,train,1766,2056,-110,3822,1656,required_80m_footprint_outside_source_frame
val:72633,val:10434,val,72633,10434,10434.jpg,3840,2160,1,swimmer,1316.0,2012.0,197.0,103.0,20291.0,28.998585797013103,54.6,mavic,NorthSea_Sat_DJI_0126.MP4,6285,data/raw/seadronessee/odv2/images/val/10434.jpg,train,1766,532,1180,2298,2946,required_80m_footprint_outside_source_frame
val:72634,val:10434,val,72634,10434,10434.jpg,3840,2160,1,swimmer,2845.0,2062.0,66.0,64.0,4224.0,28.998585797013103,54.6,mavic,NorthSea_Sat_DJI_0126.MP4,6285,data/raw/seadronessee/odv2/images/val/10434.jpg,train,1766,1995,1211,3761,2977,required_80m_footprint_outside_source_frame
val:72635,val:10434,val,72635,10434,10434.jpg,3840,2160,1,swimmer,2899.0,1953.0,88.0,98.0,8624.0,28.998585797013103,54.6,mavic,NorthSea_Sat_DJI_0126.MP4,6285,data/raw/seadronessee/odv2/images/val/10434.jpg,train,1766,2060,1119,3826,2885,required_80m_footprint_outside_source_frame
val:72643,val:10436,val,72643,10436,10436.jpg,3840,2160,1,swimmer,3128.0,1566.0,95.0,77.0,7315.0,29.09858092045108,54.6,mavic,NorthSea_Sat_DJI_0126.MP4,6315,data/raw/seadronessee/odv2/images/val/10436.jpg,train,1760,2296,724,4056,2484,required_80m_footprint_outside_source_frame
val:72644,val:10436,val,72644,10436,10436.jpg,3840,2160,1,swimmer,2765.0,1381.0,51.0,43.0,2193.0,29.09858092045108,54.6,mavic,NorthSea_Sat_DJI_0126.MP4,6315,data/raw/seadronessee/odv2/images/val/10436.jpg,train,1760,1910,522,3670,2282,required_80m_footprint_outside_source_frame
val:72645,val:10436,val,72645,10436,10436.jpg,3840,2160,2,boat,2999.0,899.0,375.0,347.0,130125.0,29.09858092045108,54.6,mavic,NorthSea_Sat_DJI_0126.MP4,6315,data/raw/seadronessee/odv2/images/val/10436.jpg,train,1760,2306,192,4066,1952,required_80m_footprint_outside_source_frame
val:72646,val:10436,val,72646,10436,10436.jpg,3840,2160,3,jetski,2898.0,889.0,173.0,255.0,44115.0,29.09858092045108,54.6,mavic,NorthSea_Sat_DJI_0126.MP4,6315,data/raw/seadronessee/odv2/images/val/10436.jpg,train,1760,2104,136,3864,1896,required_80m_footprint_outside_source_frame
val:72653,val:10438,val,72653,10438,10438.jpg,3840,2160,1,swimmer,3129.0,1632.0,103.0,77.0,7931.0,27.69864919231941,54.6,mavic,NorthSea_Sat_DJI_0126.MP4,6345,data/raw/seadronessee/odv2/images/val/10438.jpg,train,1848,2256,746,4104,2594,required_80m_footprint_outside_source_frame
val:72654,val:10438,val,72654,10438,10438.jpg,3840,2160,1,swimmer,2772.0,1416.0,56.0,58.0,3248.0,27.69864919231941,54.6,mavic,NorthSea_Sat_DJI_0126.MP4,6345,data/raw/seadronessee/odv2/images/val/10438.jpg,train,1848,1876,521,3724,2369,required_80m_footprint_outside_source_frame
val:72655,val:10438,val,72655,10438,10438.jpg,3840,2160,2,boat,3005.0,916.0,376.0,362.0,136112.0,27.69864919231941,54.6,mavic,NorthSea_Sat_DJI_0126.MP4,6345,data/raw/seadronessee/odv2/images/val/10438.jpg,train,1848,2269,173,4117,2021,required_80m_footprint_outside_source_frame
val:72656,val:10438,val,72656,10438,10438.jpg,3840,2160,3,jetski,2902.0,908.0,178.0,267.0,47526.0,27.69864919231941,54.6,mavic,NorthSea_Sat_DJI_0126.MP4,6345,data/raw/seadronessee/odv2/images/val/10438.jpg,train,1848,2067,118,3915,1966,required_80m_footprint_outside_source_frame
val:72663,val:10440,val,72663,10440,10440.jpg,3840,2160,1,swimmer,3164.0,1541.0,94.0,66.0,6204.0,27.398663822005485,54.6,mavic,NorthSea_Sat_DJI_0126.MP4,6375,data/raw/seadronessee/odv2/images/val/10440.jpg,train,1869,2276,640,4145,2509,required_80m_footprint_outside_source_frame
val:72664,val:10440,val,72664,10440,10440.jpg,3840,2160,1,swimmer,2803.0,1313.0,39.0,61.0,2379.0,27.398663822005485,54.6,mavic,NorthSea_Sat_DJI_0126.MP4,6375,data/raw/seadronessee/odv2/images/val/10440.jpg,train,1869,1888,409,3757,2278,required_80m_footprint_outside_source_frame
val:72665,val:10440,val,72665,10440,10440.jpg,3840,2160,2,boat,3030.0,799.0,387.0,379.0,146673.0,27.398663822005485,54.6,mavic,NorthSea_Sat_DJI_0126.MP4,6375,data/raw/seadronessee/odv2/images/val/10440.jpg,train,1869,2289,54,4158,1923,required_80m_footprint_outside_source_frame
val:72666,val:10440,val,72666,10440,10440.jpg,3840,2160,3,jetski,2911.0,790.0,198.0,272.0,53856.0,27.398663822005485,54.6,mavic,NorthSea_Sat_DJI_0126.MP4,6375,data/raw/seadronessee/odv2/images/val/10440.jpg,train,1869,2076,-8,3945,1861,required_80m_footprint_outside_source_frame
val:72674,val:10442,val,72674,10442,10442.jpg,3840,2160,1,swimmer,3044.0,1411.0,59.0,67.0,3953.0,26.79869308137763,54.6,mavic,NorthSea_Sat_DJI_0126.MP4,6405,data/raw/seadronessee/odv2/images/val/10442.jpg,train,1911,2118,489,4029,2400,required_80m_footprint_outside_source_frame
val:72675,val:10442,val,72675,10442,10442.jpg,3840,2160,1,swimmer,2712.0,1225.0,66.0,46.0,3036.0,26.79869308137763,54.6,mavic,NorthSea_Sat_DJI_0126.MP4,6405,data/raw/seadronessee/odv2/images/val/10442.jpg,train,1911,1790,292,3701,2203,required_80m_footprint_outside_source_frame
val:72676,val:10442,val,72676,10442,10442.jpg,3840,2160,1,swimmer,2395.0,1979.0,46.0,52.0,2392.0,26.79869308137763,54.6,mavic,NorthSea_Sat_DJI_0126.MP4,6405,data/raw/seadronessee/odv2/images/val/10442.jpg,train,1911,1462,1050,3373,2961,required_80m_footprint_outside_source_frame
val:72677,val:10442,val,72677,10442,10442.jpg,3840,2160,2,boat,2931.0,754.0,345.0,345.0,119025.0,26.79869308137763,54.6,mavic,NorthSea_Sat_DJI_0126.MP4,6405,data/raw/seadronessee/odv2/images/val/10442.jpg,train,1911,2148,-29,4059,1882,required_80m_footprint_outside_source_frame
val:72678,val:10442,val,72678,10442,10442.jpg,3840,2160,3,jetski,2831.0,752.0,160.0,249.0,39840.0,26.79869308137763,54.6,mavic,NorthSea_Sat_DJI_0126.MP4,6405,data/raw/seadronessee/odv2/images/val/10442.jpg,train,1911,1956,-79,3867,1832,required_80m_footprint_outside_source_frame
val:72680,val:10442,val,72680,10442,10442.jpg,3840,2160,1,swimmer,2045.0,2102.0,73.0,58.0,4234.0,26.79869308137763,54.6,mavic,NorthSea_Sat_DJI_0126.MP4,6405,data/raw/seadronessee/odv2/images/val/10442.jpg,train,1911,1126,1176,3037,3087,required_80m_footprint_outside_source_frame
val:72681,val:10442,val,72681,10442,10442.jpg,3840,2160,1,swimmer,2727.0,2126.0,96.0,34.0,3264.0,26.79869308137763,54.6,mavic,NorthSea_Sat_DJI_0126.MP4,6405,data/raw/seadronessee/odv2/images/val/10442.jpg,train,1911,1820,1188,3731,3099,required_80m_footprint_outside_source_frame
val:72719,val:10446,val,72719,10446,10446.jpg,3840,2160,1,swimmer,2508.0,833.0,37.0,34.0,1258.0,27.59865406888144,54.6,mavic,NorthSea_Sat_DJI_0126.MP4,6465,data/raw/seadronessee/odv2/images/val/10446.jpg,train,1855,1599,-78,3454,1777,required_80m_footprint_outside_source_frame
val:72720,val:10446,val,72720,10446,10446.jpg,3840,2160,1,swimmer,2463.0,1388.0,78.0,55.0,4290.0,27.59865406888144,54.6,mavic,NorthSea_Sat_DJI_0126.MP4,6465,data/raw/seadronessee/odv2/images/val/10446.jpg,train,1855,1574,488,3429,2343,required_80m_footprint_outside_source_frame
val:72721,val:10446,val,72721,10446,10446.jpg,3840,2160,1,swimmer,2240.0,1304.0,36.0,38.0,1368.0,27.59865406888144,54.6,mavic,NorthSea_Sat_DJI_0126.MP4,6465,data/raw/seadronessee/odv2/images/val/10446.jpg,train,1855,1330,396,3185,2251,required_80m_footprint_outside_source_frame
val:72722,val:10446,val,72722,10446,10446.jpg,3840,2160,1,swimmer,2446.0,1539.0,72.0,47.0,3384.0,27.59865406888144,54.6,mavic,NorthSea_Sat_DJI_0126.MP4,6465,data/raw/seadronessee/odv2/images/val/10446.jpg,train,1855,1554,635,3409,2490,required_80m_footprint_outside_source_frame
val:72723,val:10446,val,72723,10446,10446.jpg,3840,2160,1,swimmer,1988.0,1381.0,68.0,64.0,4352.0,27.59865406888144,54.6,mavic,NorthSea_Sat_DJI_0126.MP4,6465,data/raw/seadronessee/odv2/images/val/10446.jpg,train,1855,1094,486,2949,2341,required_80m_footprint_outside_source_frame
val:72724,val:10446,val,72724,10446,10446.jpg,3840,2160,1,swimmer,3657.0,1482.0,143.0,89.0,12727.0,27.59865406888144,54.6,mavic,NorthSea_Sat_DJI_0126.MP4,6465,data/raw/seadronessee/odv2/images/val/10446.jpg,train,1855,2801,599,4656,2454,required_80m_footprint_outside_source_frame
val:72725,val:10446,val,72725,10446,10446.jpg,3840,2160,2,boat,2669.0,499.0,263.0,244.0,64172.0,27.59865406888144,54.6,mavic,NorthSea_Sat_DJI_0126.MP4,6465,data/raw/seadronessee/odv2/images/val/10446.jpg,train,1855,1873,-306,3728,1549,required_80m_footprint_outside_source_frame
val:72726,val:10446,val,72726,10446,10446.jpg,3840,2160,1,swimmer,2605.0,1425.0,40.0,78.0,3120.0,27.59865406888144,54.6,mavic,NorthSea_Sat_DJI_0126.MP4,6465,data/raw/seadronessee/odv2/images/val/10446.jpg,train,1855,1698,536,3553,2391,required_80m_footprint_outside_source_frame
val:72727,val:10446,val,72727,10446,10446.jpg,3840,2160,3,jetski,2607.0,508.0,98.0,167.0,16366.0,27.59865406888144,54.6,mavic,NorthSea_Sat_DJI_0126.MP4,6465,data/raw/seadronessee/odv2/images/val/10446.jpg,train,1855,1728,-336,3583,1519,required_80m_footprint_outside_source_frame
val:72729,val:10446,val,72729,10446,10446.jpg,3840,2160,1,swimmer,2519.0,1493.0,56.0,74.0,4144.0,27.59865406888144,54.6,mavic,NorthSea_Sat_DJI_0126.MP4,6465,data/raw/seadronessee/odv2/images/val/10446.jpg,train,1855,1620,602,3475,2457,required_80m_footprint_outside_source_frame
val:72730,val:10446,val,72730,10446,10446.jpg,3840,2160,1,swimmer,2666.0,1562.0,95.0,79.0,7505.0,27.59865406888144,54.6,mavic,NorthSea_Sat_DJI_0126.MP4,6465,data/raw/seadronessee/odv2/images/val/10446.jpg,train,1855,1786,674,3641,2529,required_80m_footprint_outside_source_frame
val:72731,val:10446,val,72731,10446,10446.jpg,3840,2160,1,swimmer,1052.0,1562.0,115.0,50.0,5750.0,27.59865406888144,54.6,mavic,NorthSea_Sat_DJI_0126.MP4,6465,data/raw/seadronessee/odv2/images/val/10446.jpg,train,1855,182,660,2037,2515,required_80m_footprint_outside_source_frame
val:72747,val:10448,val,72747,10448,10448.jpg,3840,2160,1,swimmer,2470.0,721.0,40.0,28.0,1120.0,32.29842487046632,54.6,mavic,NorthSea_Sat_DJI_0126.MP4,6495,data/raw/seadronessee/odv2/images/val/10448.jpg,train,1585,1698,-58,3283,1527,required_80m_footprint_outside_source_frame
val:72751,val:10448,val,72751,10448,10448.jpg,3840,2160,1,swimmer,2402.0,1381.0,69.0,43.0,2967.0,32.29842487046632,54.6,mavic,NorthSea_Sat_DJI_0126.MP4,6495,data/raw/seadronessee/odv2/images/val/10448.jpg,train,1585,1644,610,3229,2195,required_80m_footprint_outside_source_frame
val:72752,val:10448,val,72752,10448,10448.jpg,3840,2160,1,swimmer,3589.0,1316.0,137.0,77.0,10549.0,32.29842487046632,54.6,mavic,NorthSea_Sat_DJI_0126.MP4,6495,data/raw/seadronessee/odv2/images/val/10448.jpg,train,1585,2865,562,4450,2147,required_80m_footprint_outside_source_frame
val:72753,val:10448,val,72753,10448,10448.jpg,3840,2160,2,boat,2627.0,390.0,253.0,233.0,58949.0,32.29842487046632,54.6,mavic,NorthSea_Sat_DJI_0126.MP4,6495,data/raw/seadronessee/odv2/images/val/10448.jpg,train,1585,1961,-286,3546,1299,required_80m_footprint_outside_source_frame
val:72755,val:10448,val,72755,10448,10448.jpg,3840,2160,3,jetski,2567.0,395.0,95.0,162.0,15390.0,32.29842487046632,54.6,mavic,NorthSea_Sat_DJI_0126.MP4,6495,data/raw/seadronessee/odv2/images/val/10448.jpg,train,1585,1822,-316,3407,1269,required_80m_footprint_outside_source_frame
val:72757,val:10448,val,72757,10448,10448.jpg,3840,2160,1,swimmer,2487.0,1356.0,40.0,49.0,1960.0,32.29842487046632,54.6,mavic,NorthSea_Sat_DJI_0126.MP4,6495,data/raw/seadronessee/odv2/images/val/10448.jpg,train,1585,1714,588,3299,2173,required_80m_footprint_outside_source_frame
val:72758,val:10448,val,72758,10448,10448.jpg,3840,2160,1,swimmer,2629.0,1390.0,52.0,53.0,2756.0,32.29842487046632,54.6,mavic,NorthSea_Sat_DJI_0126.MP4,6495,data/raw/seadronessee/odv2/images/val/10448.jpg,train,1585,1862,624,3447,2209,required_80m_footprint_outside_source_frame
val:72759,val:10448,val,72759,10448,10448.jpg,3840,2160,1,swimmer,998.0,1381.0,171.0,54.0,9234.0,32.29842487046632,54.6,mavic,NorthSea_Sat_DJI_0126.MP4,6495,data/raw/seadronessee/odv2/images/val/10448.jpg,train,1585,291,616,1876,2201,required_80m_footprint_outside_source_frame
val:72775,val:10450,val,72775,10450,10450.jpg,3840,2160,1,swimmer,2461.0,694.0,38.0,29.0,1102.0,33.69835659859799,54.6,mavic,NorthSea_Sat_DJI_0126.MP4,6525,data/raw/seadronessee/odv2/images/val/10450.jpg,train,1519,1720,-51,3239,1468,required_80m_footprint_outside_source_frame
val:72779,val:10450,val,72779,10450,10450.jpg,3840,2160,1,swimmer,2384.0,1380.0,62.0,42.0,2604.0,33.69835659859799,54.6,mavic,NorthSea_Sat_DJI_0126.MP4,6525,data/raw/seadronessee/odv2/images/val/10450.jpg,train,1519,1656,642,3175,2161,required_80m_footprint_outside_source_frame
val:72780,val:10450,val,72780,10450,10450.jpg,3840,2160,1,swimmer,3584.0,1298.0,143.0,80.0,11440.0,33.69835659859799,54.6,mavic,NorthSea_Sat_DJI_0126.MP4,6525,data/raw/seadronessee/odv2/images/val/10450.jpg,train,1519,2896,578,4415,2097,required_80m_footprint_outside_source_frame
val:72781,val:10450,val,72781,10450,10450.jpg,3840,2160,2,boat,2598.0,362.0,252.0,233.0,58716.0,33.69835659859799,54.6,mavic,NorthSea_Sat_DJI_0126.MP4,6525,data/raw/seadronessee/odv2/images/val/10450.jpg,train,1519,1964,-281,3483,1238,required_80m_footprint_outside_source_frame
val:72783,val:10450,val,72783,10450,10450.jpg,3840,2160,3,jetski,2535.0,359.0,108.0,170.0,18360.0,33.69835659859799,54.6,mavic,NorthSea_Sat_DJI_0126.MP4,6525,data/raw/seadronessee/odv2/images/val/10450.jpg,train,1519,1830,-316,3349,1203,required_80m_footprint_outside_source_frame
val:72786,val:10450,val,72786,10450,10450.jpg,3840,2160,1,swimmer,2580.0,1375.0,100.0,52.0,5200.0,33.69835659859799,54.6,mavic,NorthSea_Sat_DJI_0126.MP4,6525,data/raw/seadronessee/odv2/images/val/10450.jpg,train,1519,1870,642,3389,2161,required_80m_footprint_outside_source_frame
val:72787,val:10450,val,72787,10450,10450.jpg,3840,2160,1,swimmer,986.0,1382.0,121.0,53.0,6413.0,33.69835659859799,54.6,mavic,NorthSea_Sat_DJI_0126.MP4,6525,data/raw/seadronessee/odv2/images/val/10450.jpg,train,1519,287,649,1806,2168,required_80m_footprint_outside_source_frame
val:72807,val:10452,val,72807,10452,10452.jpg,3840,2160,1,swimmer,2354.0,1472.0,66.0,39.0,2574.0,33.79835172203596,54.6,mavic,NorthSea_Sat_DJI_0126.MP4,6555,data/raw/seadronessee/odv2/images/val/10452.jpg,train,1515,1630,734,3145,2249,required_80m_footprint_outside_source_frame
val:72808,val:10452,val,72808,10452,10452.jpg,3840,2160,1,swimmer,3523.0,1395.0,134.0,86.0,11524.0,33.79835172203596,54.6,mavic,NorthSea_Sat_DJI_0126.MP4,6555,data/raw/seadronessee/odv2/images/val/10452.jpg,train,1515,2832,680,4347,2195,required_80m_footprint_outside_source_frame
val:72809,val:10452,val,72809,10452,10452.jpg,3840,2160,2,boat,2557.0,457.0,238.0,231.0,54978.0,33.79835172203596,54.6,mavic,NorthSea_Sat_DJI_0126.MP4,6555,data/raw/seadronessee/odv2/images/val/10452.jpg,train,1515,1918,-185,3433,1330,required_80m_footprint_outside_source_frame
val:72811,val:10452,val,72811,10452,10452.jpg,3840,2160,1,swimmer,1000.0,1489.0,107.0,49.0,5243.0,33.79835172203596,54.6,mavic,NorthSea_Sat_DJI_0126.MP4,6555,data/raw/seadronessee/odv2/images/val/10452.jpg,train,1515,296,756,1811,2271,required_80m_footprint_outside_source_frame
val:72812,val:10452,val,72812,10452,10452.jpg,3840,2160,3,jetski,2491.0,460.0,115.0,160.0,18400.0,33.79835172203596,54.6,mavic,NorthSea_Sat_DJI_0126.MP4,6555,data/raw/seadronessee/odv2/images/val/10452.jpg,train,1515,1791,-218,3306,1297,required_80m_footprint_outside_source_frame
val:72813,val:10452,val,72813,10452,10452.jpg,3840,2160,1,swimmer,2436.0,1440.0,40.0,46.0,1840.0,33.79835172203596,54.6,mavic,NorthSea_Sat_DJI_0126.MP4,6555,data/raw/seadronessee/odv2/images/val/10452.jpg,train,1515,1698,706,3213,2221,required_80m_footprint_outside_source_frame
val:72814,val:10452,val,72814,10452,10452.jpg,3840,2160,1,swimmer,2580.0,1485.0,61.0,39.0,2379.0,33.79835172203596,54.6,mavic,NorthSea_Sat_DJI_0126.MP4,6555,data/raw/seadronessee/odv2/images/val/10452.jpg,train,1515,1853,747,3368,2262,required_80m_footprint_outside_source_frame
val:72834,val:10454,val,72834,10454,10454.jpg,3840,2160,1,swimmer,2489.0,1411.0,48.0,48.0,2304.0,33.99834196891192,54.6,mavic,NorthSea_Sat_DJI_0126.MP4,6585,data/raw/seadronessee/odv2/images/val/10454.jpg,train,1506,1760,682,3266,2188,required_80m_footprint_outside_source_frame
val:72835,val:10454,val,72835,10454,10454.jpg,3840,2160,1,swimmer,2340.0,1518.0,58.0,35.0,2030.0,33.99834196891192,54.6,mavic,NorthSea_Sat_DJI_0126.MP4,6585,data/raw/seadronessee/odv2/images/val/10454.jpg,train,1506,1616,782,3122,2288,required_80m_footprint_outside_source_frame
val:72836,val:10454,val,72836,10454,10454.jpg,3840,2160,1,swimmer,3482.0,1454.0,142.0,95.0,13490.0,33.99834196891192,54.6,mavic,NorthSea_Sat_DJI_0126.MP4,6585,data/raw/seadronessee/odv2/images/val/10454.jpg,train,1506,2800,748,4306,2254,required_80m_footprint_outside_source_frame
val:72837,val:10454,val,72837,10454,10454.jpg,3840,2160,2,boat,2540.0,523.0,225.0,230.0,51750.0,33.99834196891192,54.6,mavic,NorthSea_Sat_DJI_0126.MP4,6585,data/raw/seadronessee/odv2/images/val/10454.jpg,train,1506,1900,-115,3406,1391,required_80m_footprint_outside_source_frame
val:72838,val:10454,val,72838,10454,10454.jpg,3840,2160,1,swimmer,1000.0,1536.0,90.0,54.0,4860.0,33.99834196891192,54.6,mavic,NorthSea_Sat_DJI_0126.MP4,6585,data/raw/seadronessee/odv2/images/val/10454.jpg,train,1506,292,810,1798,2316,required_80m_footprint_outside_source_frame
val:72839,val:10454,val,72839,10454,10454.jpg,3840,2160,3,jetski,2467.0,533.0,112.0,156.0,17472.0,33.99834196891192,54.6,mavic,NorthSea_Sat_DJI_0126.MP4,6585,data/raw/seadronessee/odv2/images/val/10454.jpg,train,1506,1770,-142,3276,1364,required_80m_footprint_outside_source_frame
val:72840,val:10454,val,72840,10454,10454.jpg,3840,2160,1,swimmer,2401.0,1467.0,48.0,48.0,2304.0,33.99834196891192,54.6,mavic,NorthSea_Sat_DJI_0126.MP4,6585,data/raw/seadronessee/odv2/images/val/10454.jpg,train,1506,1672,738,3178,2244,required_80m_footprint_outside_source_frame
val:72841,val:10454,val,72841,10454,10454.jpg,3840,2160,1,swimmer,2554.0,1516.0,58.0,46.0,2668.0,33.99834196891192,54.6,mavic,NorthSea_Sat_DJI_0126.MP4,6585,data/raw/seadronessee/odv2/images/val/10454.jpg,train,1506,1830,786,3336,2292,required_80m_footprint_outside_source_frame
val:79152,val:11234,val,79152,11234,11234.jpg,3840,2160,2,boat,3120.0,0.0,709.0,1111.0,787699.0,33.398371228284056,61.4,mavic,NorthSea_Thu_DJI_0106.MP4,1950,data/raw/seadronessee/odv2/images/val/11234.jpg,train,1533,2708,-211,4241,1322,required_80m_footprint_outside_source_frame
val:79154,val:11236,val,79154,11236,11236.jpg,3840,2160,2,boat,2982.0,0.0,799.0,1099.0,878101.0,31.59845900640049,61.4,mavic,NorthSea_Thu_DJI_0106.MP4,1980,data/raw/seadronessee/odv2/images/val/11236.jpg,train,1620,2572,-260,4192,1360,required_80m_footprint_outside_source_frame
val:79165,val:11247,val,79165,11247,11247.jpg,3840,2160,2,boat,3096.0,129.0,626.0,1192.0,746192.0,28.298619932947272,61.4,mavic,NorthSea_Thu_DJI_0106.MP4,2145,data/raw/seadronessee/odv2/images/val/11247.jpg,train,1809,2504,-180,4313,1629,required_80m_footprint_outside_source_frame
val:79167,val:11249,val,79167,11249,11249.jpg,3840,2160,2,boat,2576.0,168.0,472.0,1182.0,557904.0,28.298619932947272,61.4,mavic,NorthSea_Thu_DJI_0106.MP4,2175,data/raw/seadronessee/odv2/images/val/11249.jpg,train,1809,1908,-146,3717,1663,required_80m_footprint_outside_source_frame
val:79169,val:11251,val,79169,11251,11251.jpg,3840,2160,2,boat,2189.0,202.0,442.0,1202.0,531284.0,28.19862480950929,61.4,mavic,NorthSea_Thu_DJI_0106.MP4,2205,data/raw/seadronessee/odv2/images/val/11251.jpg,train,1816,1502,-105,3318,1711,required_80m_footprint_outside_source_frame
val:79171,val:11253,val,79171,11253,11253.jpg,3840,2160,2,boat,2143.0,313.0,433.0,1172.0,507476.0,27.79864431575739,61.4,mavic,NorthSea_Thu_DJI_0106.MP4,2235,data/raw/seadronessee/odv2/images/val/11253.jpg,train,1842,1438,-22,3280,1820,required_80m_footprint_outside_source_frame
val:107811,val:16075,val,107811,16075,16075.jpg,3840,2160,2,boat,2197.0,1222.0,466.0,626.0,291716.0,30.39851752514477,83.4,m210,DJI_0003.mov,810,data/raw/seadronessee/odv2/images/val/16075.jpg,train,1684,1588,693,3272,2377,required_80m_footprint_outside_source_frame
val:107817,val:16077,val,107817,16077,16077.jpg,3840,2160,2,boat,2200.0,1249.0,466.0,624.0,290784.0,30.39851752514477,83.4,m210,DJI_0003.mov,840,data/raw/seadronessee/odv2/images/val/16077.jpg,train,1684,1591,719,3275,2403,required_80m_footprint_outside_source_frame
val:107823,val:16079,val,107823,16079,16079.jpg,3840,2160,2,boat,2204.0,1268.0,464.0,623.0,289072.0,30.298522401706794,83.4,m210,DJI_0003.mov,870,data/raw/seadronessee/odv2/images/val/16079.jpg,train,1690,1591,734,3281,2424,required_80m_footprint_outside_source_frame
val:107829,val:16081,val,107829,16081,16081.jpg,3840,2160,2,boat,2210.0,1282.0,472.0,625.0,295000.0,30.298522401706794,83.4,m210,DJI_0003.mov,900,data/raw/seadronessee/odv2/images/val/16081.jpg,train,1690,1601,750,3291,2440,required_80m_footprint_outside_source_frame
val:107835,val:16083,val,107835,16083,16083.jpg,3840,2160,2,boat,2230.0,1262.0,470.0,630.0,296100.0,30.39851752514477,83.4,m210,DJI_0003.mov,930,data/raw/seadronessee/odv2/images/val/16083.jpg,train,1684,1623,735,3307,2419,required_80m_footprint_outside_source_frame
