object_key,image_key,source_split,annotation_id,image_id,file_name,image_width,image_height,category_id,category_name,bbox_x,bbox_y,bbox_width,bbox_height,bbox_area,altitude_m,gimbal_pitch_deg,drone,video,frame_no,image_path,split,source_side_px,crop_left_px,crop_top_px,crop_right_px,crop_bottom_px,pair_id,target_altitude_m,output_side_px,actual_linear_scale,synthetic_bbox_x,synthetic_bbox_y,synthetic_bbox_width,synthetic_bbox_height,synthetic_bbox_area,calibrated_transmission,calibration_config_sha256,geometry_image_path,calibrated_image_path
train:23853,train:4863,train,23853,4863,4863.jpg,3840,2160,5,buoy,1238.0,940.0,136.0,148.0,20128.0,25.398761353245963,51.6,mavic,NorthSea_Fri_DJI_0112.MP4,5385,data/raw/seadronessee/odv2/images/train/4863.jpg,train,2016,298,6,2314,2022,train_00023853,80.0,640,0.31746031746031744,298.4126984126984,296.5079365079365,43.17460317460317,46.98412698412698,2028.5210380448473,1.0,8fe6c319c145bfe6c41b4bd884be5417741d8218678ea8dfc0735cca6b82988f,data/synthetic/seadronessee_30m_to_80m/geometry_only/train/train_00023853.png,data/synthetic/seadronessee_30m_to_80m/calibrated/train/train_00023853.png
train:36480,train:6551,train,36480,6551,6551.jpg,3840,2160,5,buoy,1492.0,904.0,50.0,72.0,3600.0,33.69835659859799,24.0,mavic,NorthSea_Fri_DJI_0114.MP4,4065,data/raw/seadronessee/odv2/images/train/6551.jpg,train,1519,758,180,2277,1699,train_00036480,80.0,640,0.42132982225148125,309.2560895325872,305.0427913100724,21.066491112574063,30.33574720210665,639.0677488264732,1.0,8fe6c319c145bfe6c41b4bd884be5417741d8218678ea8dfc0735cca6b82988f,data/synthetic/seadronessee_30m_to_80m/geometry_only/train/train_00036480.png,data/synthetic/seadronessee_30m_to_80m/calibrated/train/train_00036480.png
train:36483,train:6551,train,36483,6551,6551.jpg,3840,2160,1,swimmer,2533.0,807.0,18.0,13.0,234.0,33.69835659859799,24.0,mavic,NorthSea_Fri_DJI_0114.MP4,4065,data/raw/seadronessee/odv2/images/train/6551.jpg,train,1519,1782,54,3301,1573,train_00036483,80.0,640,0.42132982225148125,316.4186965108624,317.2613561553654,7.583936800526662,5.477287689269256,41.53940367372076,1.0,8fe6c319c145bfe6c41b4bd884be5417741d8218678ea8dfc0735cca6b82988f,data/synthetic/seadronessee_30m_to_80m/geometry_only/train/train_00036483.png,data/synthetic/seadronessee_30m_to_80m/calibrated/train/train_00036483.png
train:36484,train:6551,train,36484,6551,6551.jpg,3840,2160,1,swimmer,2601.0,830.0,41.0,22.0,902.0,33.69835659859799,24.0,mavic,NorthSea_Fri_DJI_0114.MP4,4065,data/raw/seadronessee/odv2/images/train/6551.jpg,train,1519,1862,82,3381,1601,train_00036484,80.0,640,0.42132982225148125,311.36273864384464,315.15470704410797,17.27452271231073,9.269256089532588,160.12197484485523,1.0,8fe6c319c145bfe6c41b4bd884be5417741d8218678ea8dfc0735cca6b82988f,data/synthetic/seadronessee_30m_to_80m/geometry_only/train/train_00036484.png,data/synthetic/seadronessee_30m_to_80m/calibrated/train/train_00036484.png
train:36485,train:6551,train,36485,6551,6551.jpg,3840,2160,1,swimmer,2404.0,814.0,34.0,21.0,714.0,33.69835659859799,24.0,mavic,NorthSea_Fri_DJI_0114.MP4,4065,data/raw/seadronessee/odv2/images/train/6551.jpg,train,1519,1662,65,3181,1584,train_00036485,80.0,640,0.42132982225148125,312.62672811059906,315.57603686635946,14.325213956550362,8.847926267281107,126.74843685058386,1.0,8fe6c319c145bfe6c41b4bd884be5417741d8218678ea8dfc0735cca6b82988f,data/synthetic/seadronessee_30m_to_80m/geometry_only/train/train_00036485.png,data/synthetic/seadronessee_30m_to_80m/calibrated/train/train_00036485.png
train:36486,train:6551,train,36486,6551,6551.jpg,3840,2160,1,swimmer,2429.0,897.0,25.0,20.0,500.0,33.69835659859799,24.0,mavic,NorthSea_Fri_DJI_0114.MP4,4065,data/raw/seadronessee/odv2/images/train/6551.jpg,train,1519,1682,148,3201,1667,train_00036486,80.0,640,0.42132982225148125,314.7333772218565,315.57603686635946,10.533245556287032,8.426596445029626,88.7594095592324,1.0,8fe6c319c145bfe6c41b4bd884be5417741d8218678ea8dfc0735cca6b82988f,data/synthetic/seadronessee_30m_to_80m/geometry_only/train/train_00036486.png,data/synthetic/seadronessee_30m_to_80m/calibrated/train/train_00036486.png
train:36487,train:6551,train,36487,6551,6551.jpg,3840,2160,1,swimmer,2313.0,877.0,31.0,19.0,589.0,33.69835659859799,24.0,mavic,NorthSea_Fri_DJI_0114.MP4,4065,data/raw/seadronessee/odv2/images/train/6551.jpg,train,1519,1569,127,3088,1646,train_00036487,80.0,640,0.42132982225148125,313.46938775510205,315.99736668861095,13.061224489795919,8.005266622778144,104.55858446077576,1.0,8fe6c319c145bfe6c41b4bd884be5417741d8218678ea8dfc0735cca6b82988f,data/synthetic/seadronessee_30m_to_80m/geometry_only/train/train_00036487.png,data/synthetic/seadronessee_30m_to_80m/calibrated/train/train_00036487.png
train:36488,train:6551,train,36488,6551,6551.jpg,3840,2160,1,swimmer,2339.0,890.0,45.0,22.0,990.0,33.69835659859799,24.0,mavic,NorthSea_Fri_DJI_0114.MP4,4065,data/raw/seadronessee/odv2/images/train/6551.jpg,train,1519,1602,142,3121,1661,train_00036488,80.0,640,0.42132982225148125,310.5200789993417,315.15470704410797,18.959842001316655,9.269256089532588,175.74363092728012,1.0,8fe6c319c145bfe6c41b4bd884be5417741d8218678ea8dfc0735cca6b82988f,data/synthetic/seadronessee_30m_to_80m/geometry_only/train/train_00036488.png,data/synthetic/seadronessee_30m_to_80m/calibrated/train/train_00036488.png
train:36492,train:6551,train,36492,6551,6551.jpg,3840,2160,1,swimmer,2658.0,960.0,29.0,24.0,696.0,33.69835659859799,24.0,mavic,NorthSea_Fri_DJI_0114.MP4,4065,data/raw/seadronessee/odv2/images/train/6551.jpg,train,1519,1913,212,3432,1731,train_00036492,80.0,640,0.42132982225148125,313.89071757735354,315.15470704410797,12.218564845292956,10.11191573403555,123.5530981064515,1.0,8fe6c319c145bfe6c41b4bd884be5417741d8218678ea8dfc0735cca6b82988f,data/synthetic/seadronessee_30m_to_80m/geometry_only/train/train_00036492.png,data/synthetic/seadronessee_30m_to_80m/calibrated/train/train_00036492.png
train:36493,train:6551,train,36493,6551,6551.jpg,3840,2160,1,swimmer,2550.0,956.0,34.0,22.0,748.0,33.69835659859799,24.0,mavic,NorthSea_Fri_DJI_0114.MP4,4065,data/raw/seadronessee/odv2/images/train/6551.jpg,train,1519,1808,208,3327,1727,train_00036493,80.0,640,0.42132982225148125,312.62672811059906,315.15470704410797,14.325213956550362,9.269256089532588,132.78407670061165,1.0,8fe6c319c145bfe6c41b4bd884be5417741d8218678ea8dfc0735cca6b82988f,data/synthetic/seadronessee_30m_to_80m/geometry_only/train/train_00036493.png,data/synthetic/seadronessee_30m_to_80m/calibrated/train/train_00036493.png
train:36508,train:6553,train,36508,6553,6553.jpg,3840,2160,5,buoy,1485.0,851.0,49.0,71.0,3479.0,31.698454129838463,24.0,mavic,NorthSea_Fri_DJI_0114.MP4,4095,data/raw/seadronessee/odv2/images/train/6553.jpg,train,1615,702,79,2317,1694,train_00036508,80.0,640,0.39628482972136225,310.2910216718266,305.93188854489165,19.41795665634675,28.13622291021672,546.3479569438987,1.0,8fe6c319c145bfe6c41b4bd884be5417741d8218678ea8dfc0735cca6b82988f,data/synthetic/seadronessee_30m_to_80m/geometry_only/train/train_00036508.png,data/synthetic/seadronessee_30m_to_80m/calibrated/train/train_00036508.png
train:36514,train:6553,train,36514,6553,6553.jpg,3840,2160,1,swimmer,2416.0,832.0,28.0,25.0,700.0,31.698454129838463,24.0,mavic,NorthSea_Fri_DJI_0114.MP4,4095,data/raw/seadronessee/odv2/images/train/6553.jpg,train,1615,1622,37,3237,1652,train_00036514,80.0,640,0.39628482972136225,314.6501547987616,315.046439628483,11.095975232198143,9.907120743034056,109.92916638710236,1.0,8fe6c319c145bfe6c41b4bd884be5417741d8218678ea8dfc0735cca6b82988f,data/synthetic/seadronessee_30m_to_80m/geometry_only/train/train_00036514.png,data/synthetic/seadronessee_30m_to_80m/calibrated/train/train_00036514.png
train:36515,train:6553,train,36515,6553,6553.jpg,3840,2160,1,swimmer,2320.0,809.0,26.0,22.0,572.0,31.698454129838463,24.0,mavic,NorthSea_Fri_DJI_0114.MP4,4095,data/raw/seadronessee/odv2/images/train/6553.jpg,train,1615,1526,12,3141,1627,train_00036515,80.0,640,0.39628482972136225,314.6501547987616,315.8390092879257,10.303405572755418,8.71826625386997,89.82783310488935,1.0,8fe6c319c145bfe6c41b4bd884be5417741d8218678ea8dfc0735cca6b82988f,data/synthetic/seadronessee_30m_to_80m/geometry_only/train/train_00036515.png,data/synthetic/seadronessee_30m_to_80m/calibrated/train/train_00036515.png
train:36516,train:6553,train,36516,6553,6553.jpg,3840,2160,1,swimmer,2339.0,823.0,39.0,21.0,819.0,31.698454129838463,24.0,mavic,NorthSea_Fri_DJI_0114.MP4,4095,data/raw/seadronessee/odv2/images/train/6553.jpg,train,1615,1551,26,3166,1641,train_00036516,80.0,640,0.39628482972136225,312.27244582043346,315.8390092879257,15.455108359133128,8.321981424148607,128.61712467290974,1.0,8fe6c319c145bfe6c41b4bd884be5417741d8218678ea8dfc0735cca6b82988f,data/synthetic/seadronessee_30m_to_80m/geometry_only/train/train_00036516.png,data/synthetic/seadronessee_30m_to_80m/calibrated/train/train_00036516.png
train:36519,train:6553,train,36519,6553,6553.jpg,3840,2160,1,swimmer,2644.0,909.0,22.0,21.0,462.0,31.698454129838463,24.0,mavic,NorthSea_Fri_DJI_0114.MP4,4095,data/raw/seadronessee/odv2/images/train/6553.jpg,train,1615,1848,112,3463,1727,train_00036519,80.0,640,0.39628482972136225,315.44272445820434,315.8390092879257,8.71826625386997,8.321981424148607,72.55324981548756,1.0,8fe6c319c145bfe6c41b4bd884be5417741d8218678ea8dfc0735cca6b82988f,data/synthetic/seadronessee_30m_to_80m/geometry_only/train/train_00036519.png,data/synthetic/seadronessee_30m_to_80m/calibrated/train/train_00036519.png
train:36520,train:6553,train,36520,6553,6553.jpg,3840,2160,1,swimmer,2527.0,898.0,22.0,20.0,440.0,31.698454129838463,24.0,mavic,NorthSea_Fri_DJI_0114.MP4,4095,data/raw/seadronessee/odv2/images/train/6553.jpg,train,1615,1730,100,3345,1715,train_00036520,80.0,640,0.39628482972136225,315.8390092879257,316.2352941176471,8.71826625386997,7.9256965944272455,69.0983331576072,1.0,8fe6c319c145bfe6c41b4bd884be5417741d8218678ea8dfc0735cca6b82988f,data/synthetic/seadronessee_30m_to_80m/geometry_only/train/train_00036520.png,data/synthetic/seadronessee_30m_to_80m/calibrated/train/train_00036520.png
train:36531,train:6555,train,36531,6555,6555.jpg,3840,2160,5,buoy,1480.0,879.0,49.0,73.0,3577.0,31.79844925327644,26.9,mavic,NorthSea_Fri_DJI_0114.MP4,4125,data/raw/seadronessee/odv2/images/train/6555.jpg,train,1610,700,110,2310,1720,train_00036531,80.0,640,0.39751552795031053,310.0621118012422,305.6894409937888,19.478260869565215,29.01863354037267,565.2325141776937,1.0,8fe6c319c145bfe6c41b4bd884be5417741d8218678ea8dfc0735cca6b82988f,data/synthetic/seadronessee_30m_to_80m/geometry_only/train/train_00036531.png,data/synthetic/seadronessee_30m_to_80m/calibrated/train/train_00036531.png
train:36533,train:6555,train,36533,6555,6555.jpg,3840,2160,1,swimmer,2604.0,798.0,39.0,24.0,936.0,31.79844925327644,26.9,mavic,NorthSea_Fri_DJI_0114.MP4,4125,data/raw/seadronessee/odv2/images/train/6555.jpg,train,1610,1818,5,3428,1615,train_00036533,80.0,640,0.39751552795031053,312.4472049689441,315.22981366459624,15.50310559006211,9.540372670807454,147.90540488407083,1.0,8fe6c319c145bfe6c41b4bd884be5417741d8218678ea8dfc0735cca6b82988f,data/synthetic/seadronessee_30m_to_80m/geometry_only/train/train_00036533.png,data/synthetic/seadronessee_30m_to_80m/calibrated/train/train_00036533.png
train:36534,train:6555,train,36534,6555,6555.jpg,3840,2160,1,swimmer,2350.0,859.0,43.0,21.0,903.0,31.79844925327644,26.9,mavic,NorthSea_Fri_DJI_0114.MP4,4125,data/raw/seadronessee/odv2/images/train/6555.jpg,train,1610,1566,64,3176,1674,train_00036534,80.0,640,0.39751552795031053,311.65217391304344,316.0248447204969,17.093167701863354,8.347826086956522,142.69079125033755,1.0,8fe6c319c145bfe6c41b4bd884be5417741d8218678ea8dfc0735cca6b82988f,data/synthetic/seadronessee_30m_to_80m/geometry_only/train/train_00036534.png,data/synthetic/seadronessee_30m_to_80m/calibrated/train/train_00036534.png
train:36537,train:6555,train,36537,6555,6555.jpg,3840,2160,1,swimmer,2333.0,846.0,28.0,22.0,616.0,31.79844925327644,26.9,mavic,NorthSea_Fri_DJI_0114.MP4,4125,data/raw/seadronessee/odv2/images/train/6555.jpg,train,1610,1542,52,3152,1662,train_00036537,80.0,640,0.39751552795031053,314.4347826086956,315.62732919254654,11.130434782608695,8.745341614906831,97.33945449635429,1.0,8fe6c319c145bfe6c41b4bd884be5417741d8218678ea8dfc0735cca6b82988f,data/synthetic/seadronessee_30m_to_80m/geometry_only/train/train_00036537.png,data/synthetic/seadronessee_30m_to_80m/calibrated/train/train_00036537.png
train:36538,train:6555,train,36538,6555,6555.jpg,3840,2160,1,swimmer,2422.0,865.0,25.0,23.0,575.0,31.79844925327644,26.9,mavic,NorthSea_Fri_DJI_0114.MP4,4125,data/raw/seadronessee/odv2/images/train/6555.jpg,train,1610,1630,72,3240,1682,train_00036538,80.0,640,0.39751552795031053,314.83229813664593,315.22981366459624,9.937888198757763,9.142857142857142,90.86069210292811,1.0,8fe6c319c145bfe6c41b4bd884be5417741d8218678ea8dfc0735cca6b82988f,data/synthetic/seadronessee_30m_to_80m/geometry_only/train/train_00036538.png,data/synthetic/seadronessee_30m_to_80m/calibrated/train/train_00036538.png
train:36539,train:6555,train,36539,6555,6555.jpg,3840,2160,1,swimmer,2639.0,943.0,24.0,16.0,384.0,31.79844925327644,26.9,mavic,NorthSea_Fri_DJI_0114.MP4,4125,data/raw/seadronessee/odv2/images/train/6555.jpg,train,1610,1846,146,3456,1756,train_00036539,80.0,640,0.39751552795031053,315.22981366459624,316.8198757763975,9.540372670807454,6.3602484472049685,60.67914046525983,1.0,8fe6c319c145bfe6c41b4bd884be5417741d8218678ea8dfc0735cca6b82988f,data/synthetic/seadronessee_30m_to_80m/geometry_only/train/train_00036539.png,data/synthetic/seadronessee_30m_to_80m/calibrated/train/train_00036539.png
train:36540,train:6555,train,36540,6555,6555.jpg,3840,2160,1,swimmer,2519.0,922.0,23.0,18.0,414.0,31.79844925327644,26.9,mavic,NorthSea_Fri_DJI_0114.MP4,4125,data/raw/seadronessee/odv2/images/train/6555.jpg,train,1610,1726,126,3336,1736,train_00036540,80.0,640,0.39751552795031053,315.22981366459624,316.4223602484472,9.142857142857142,7.155279503105589,65.41969831410825,1.0,8fe6c319c145bfe6c41b4bd884be5417741d8218678ea8dfc0735cca6b82988f,data/synthetic/seadronessee_30m_to_80m/geometry_only/train/train_00036540.png,data/synthetic/seadronessee_30m_to_80m/calibrated/train/train_00036540.png
train:36557,train:6557,train,36557,6557,6557.jpg,3840,2160,5,buoy,1473.0,977.0,50.0,73.0,3650.0,31.89844437671441,22.0,mavic,NorthSea_Fri_DJI_0114.MP4,4155,data/raw/seadronessee/odv2/images/train/6557.jpg,train,1605,696,211,2301,1816,train_00036557,80.0,640,0.3987538940809969,309.83177570093454,305.4454828660436,19.937694704049843,29.109034267912772,580.3670383633698,1.0,8fe6c319c145bfe6c41b4bd884be5417741d8218678ea8dfc0735cca6b82988f,data/synthetic/seadronessee_30m_to_80m/geometry_only/train/train_00036557.png,data/synthetic/seadronessee_30m_to_80m/calibrated/train/train_00036557.png
train:36559,train:6557,train,36559,6557,6557.jpg,3840,2160,1,swimmer,2606.0,891.0,40.0,21.0,840.0,31.89844437671441,22.0,mavic,NorthSea_Fri_DJI_0114.MP4,4155,data/raw/seadronessee/odv2/images/train/6557.jpg,train,1605,1824,99,3429,1704,train_00036559,80.0,640,0.3987538940809969,311.82554517133957,315.8130841121495,15.950155763239875,8.373831775700934,133.56392115759743,1.0,8fe6c319c145bfe6c41b4bd884be5417741d8218678ea8dfc0735cca6b82988f,data/synthetic/seadronessee_30m_to_80m/geometry_only/train/train_00036559.png,data/synthetic/seadronessee_30m_to_80m/calibrated/train/train_00036559.png
train:36560,train:6557,train,36560,6557,6557.jpg,3840,2160,1,swimmer,2353.0,961.0,47.0,19.0,893.0,31.89844437671441,22.0,mavic,NorthSea_Fri_DJI_0114.MP4,4155,data/raw/seadronessee/odv2/images/train/6557.jpg,train,1605,1574,168,3179,1773,train_00036560,80.0,640,0.3987538940809969,310.62928348909657,316.2118380062305,18.741433021806852,7.576323987538941,141.99116856396967,1.0,8fe6c319c145bfe6c41b4bd884be5417741d8218678ea8dfc0735cca6b82988f,data/synthetic/seadronessee_30m_to_80m/geometry_only/train/train_00036560.png,data/synthetic/seadronessee_30m_to_80m/calibrated/train/train_00036560.png
train:36561,train:6557,train,36561,6557,6557.jpg,3840,2160,1,swimmer,2533.0,875.0,14.0,18.0,252.0,31.89844437671441,22.0,mavic,NorthSea_Fri_DJI_0114.MP4,4155,data/raw/seadronessee/odv2/images/train/6557.jpg,train,1605,1738,82,3343,1687,train_00036561,80.0,640,0.3987538940809969,317.0093457943925,316.2118380062305,5.582554517133956,7.177570093457944,40.06917634727924,1.0,8fe6c319c145bfe6c41b4bd884be5417741d8218678ea8dfc0735cca6b82988f,data/synthetic/seadronessee_30m_to_80m/geometry_only/train/train_00036561.png,data/synthetic/seadronessee_30m_to_80m/calibrated/train/train_00036561.png
train:36562,train:6557,train,36562,6557,6557.jpg,3840,2160,1,swimmer,2424.0,882.0,24.0,19.0,456.0,31.89844437671441,22.0,mavic,NorthSea_Fri_DJI_0114.MP4,4155,data/raw/seadronessee/odv2/images/train/6557.jpg,train,1605,1634,89,3239,1694,train_00036562,80.0,640,0.3987538940809969,315.01557632398755,316.2118380062305,9.570093457943925,7.576323987538941,72.50612862841004,1.0,8fe6c319c145bfe6c41b4bd884be5417741d8218678ea8dfc0735cca6b82988f,data/synthetic/seadronessee_30m_to_80m/geometry_only/train/train_00036562.png,data/synthetic/seadronessee_30m_to_80m/calibrated/train/train_00036562.png
train:36563,train:6557,train,36563,6557,6557.jpg,3840,2160,1,swimmer,2333.0,949.0,24.0,17.0,408.0,31.89844437671441,22.0,mavic,NorthSea_Fri_DJI_0114.MP4,4155,data/raw/seadronessee/odv2/images/train/6557.jpg,train,1605,1542,155,3147,1760,train_00036563,80.0,640,0.3987538940809969,315.4143302180685,316.61059190031153,9.570093457943925,6.778816199376947,64.87390456226161,1.0,8fe6c319c145bfe6c41b4bd884be5417741d8218678ea8dfc0735cca6b82988f,data/synthetic/seadronessee_30m_to_80m/geometry_only/train/train_00036563.png,data/synthetic/seadronessee_30m_to_80m/calibrated/train/train_00036563.png
train:36564,train:6557,train,36564,6557,6557.jpg,3840,2160,1,swimmer,2421.0,966.0,25.0,25.0,625.0,31.89844437671441,22.0,mavic,NorthSea_Fri_DJI_0114.MP4,4155,data/raw/seadronessee/odv2/images/train/6557.jpg,train,1605,1631,176,3236,1781,train_00036564,80.0,640,0.3987538940809969,315.01557632398755,315.01557632398755,9.968847352024921,9.968847352024921,99.37791752797429,1.0,8fe6c319c145bfe6c41b4bd884be5417741d8218678ea8dfc0735cca6b82988f,data/synthetic/seadronessee_30m_to_80m/geometry_only/train/train_00036564.png,data/synthetic/seadronessee_30m_to_80m/calibrated/train/train_00036564.png
train:36565,train:6557,train,36565,6557,6557.jpg,3840,2160,1,swimmer,2636.0,1037.0,20.0,14.0,280.0,31.89844437671441,22.0,mavic,NorthSea_Fri_DJI_0114.MP4,4155,data/raw/seadronessee/odv2/images/train/6557.jpg,train,1605,1844,242,3449,1847,train_00036565,80.0,640,0.3987538940809969,315.8130841121495,317.0093457943925,7.975077881619938,5.582554517133956,44.521307052532485,1.0,8fe6c319c145bfe6c41b4bd884be5417741d8218678ea8dfc0735cca6b82988f,data/synthetic/seadronessee_30m_to_80m/geometry_only/train/train_00036565.png,data/synthetic/seadronessee_30m_to_80m/calibrated/train/train_00036565.png
train:36566,train:6557,train,36566,6557,6557.jpg,3840,2160,1,swimmer,2509.0,1016.0,26.0,18.0,468.0,31.89844437671441,22.0,mavic,NorthSea_Fri_DJI_0114.MP4,4155,data/raw/seadronessee/odv2/images/train/6557.jpg,train,1605,1720,222,3325,1827,train_00036566,80.0,640,0.3987538940809969,314.6168224299065,316.61059190031153,10.367601246105918,7.177570093457944,74.41418464494716,1.0,8fe6c319c145bfe6c41b4bd884be5417741d8218678ea8dfc0735cca6b82988f,data/synthetic/seadronessee_30m_to_80m/geometry_only/train/train_00036566.png,data/synthetic/seadronessee_30m_to_80m/calibrated/train/train_00036566.png
train:36583,train:6559,train,36583,6559,6559.jpg,3840,2160,5,buoy,1305.0,988.0,52.0,74.0,3848.0,31.79844925327644,22.0,mavic,NorthSea_Fri_DJI_0114.MP4,4185,data/raw/seadronessee/odv2/images/train/6559.jpg,train,1610,526,220,2136,1830,train_00036583,80.0,640,0.39751552795031053,309.6645962732919,305.2919254658385,20.67080745341615,29.41614906832298,608.0555534122911,1.0,8fe6c319c145bfe6c41b4bd884be5417741d8218678ea8dfc0735cca6b82988f,data/synthetic/seadronessee_30m_to_80m/geometry_only/train/train_00036583.png,data/synthetic/seadronessee_30m_to_80m/calibrated/train/train_00036583.png
train:36585,train:6559,train,36585,6559,6559.jpg,3840,2160,1,swimmer,2454.0,884.0,45.0,21.0,945.0,31.79844925327644,22.0,mavic,NorthSea_Fri_DJI_0114.MP4,4185,data/raw/seadronessee/odv2/images/train/6559.jpg,train,1610,1672,90,3282,1700,train_00036585,80.0,640,0.39751552795031053,310.85714285714283,315.62732919254654,17.888198757763973,8.347826086956522,149.32757223872534,1.0,8fe6c319c145bfe6c41b4bd884be5417741d8218678ea8dfc0735cca6b82988f,data/synthetic/seadronessee_30m_to_80m/geometry_only/train/train_00036585.png,data/synthetic/seadronessee_30m_to_80m/calibrated/train/train_00036585.png
train:36586,train:6559,train,36586,6559,6559.jpg,3840,2160,1,swimmer,2375.0,878.0,19.0,14.0,266.0,31.79844925327644,22.0,mavic,NorthSea_Fri_DJI_0114.MP4,4185,data/raw/seadronessee/odv2/images/train/6559.jpg,train,1610,1580,80,3190,1690,train_00036586,80.0,640,0.39751552795031053,316.0248447204969,317.2173913043478,7.5527950310559,5.565217391304348,42.032946259789355,1.0,8fe6c319c145bfe6c41b4bd884be5417741d8218678ea8dfc0735cca6b82988f,data/synthetic/seadronessee_30m_to_80m/geometry_only/train/train_00036586.png,data/synthetic/seadronessee_30m_to_80m/calibrated/train/train_00036586.png
train:36587,train:6559,train,36587,6559,6559.jpg,3840,2160,1,swimmer,2263.0,886.0,23.0,15.0,345.0,31.79844925327644,22.0,mavic,NorthSea_Fri_DJI_0114.MP4,4185,data/raw/seadronessee/odv2/images/train/6559.jpg,train,1610,1470,88,3080,1698,train_00036587,80.0,640,0.39751552795031053,315.22981366459624,317.2173913043478,9.142857142857142,5.962732919254658,54.51641526175687,1.0,8fe6c319c145bfe6c41b4bd884be5417741d8218678ea8dfc0735cca6b82988f,data/synthetic/seadronessee_30m_to_80m/geometry_only/train/train_00036587.png,data/synthetic/seadronessee_30m_to_80m/calibrated/train/train_00036587.png
train:36588,train:6559,train,36588,6559,6559.jpg,3840,2160,1,swimmer,2269.0,968.0,24.0,26.0,624.0,31.79844925327644,22.0,mavic,NorthSea_Fri_DJI_0114.MP4,4185,data/raw/seadronessee/odv2/images/train/6559.jpg,train,1610,1476,176,3086,1786,train_00036588,80.0,640,0.39751552795031053,315.22981366459624,314.83229813664593,9.540372670807454,10.335403726708075,98.60360325604722,1.0,8fe6c319c145bfe6c41b4bd884be5417741d8218678ea8dfc0735cca6b82988f,data/synthetic/seadronessee_30m_to_80m/geometry_only/train/train_00036588.png,data/synthetic/seadronessee_30m_to_80m/calibrated/train/train_00036588.png
train:36589,train:6559,train,36589,6559,6559.jpg,3840,2160,1,swimmer,2487.0,1027.0,20.0,20.0,400.0,31.79844925327644,22.0,mavic,NorthSea_Fri_DJI_0114.MP4,4185,data/raw/seadronessee/odv2/images/train/6559.jpg,train,1610,1692,232,3302,1842,train_00036589,80.0,640,0.39751552795031053,316.0248447204969,316.0248447204969,7.95031055900621,7.95031055900621,63.20743798464564,1.0,8fe6c319c145bfe6c41b4bd884be5417741d8218678ea8dfc0735cca6b82988f,data/synthetic/seadronessee_30m_to_80m/geometry_only/train/train_00036589.png,data/synthetic/seadronessee_30m_to_80m/calibrated/train/train_00036589.png
train:36590,train:6559,train,36590,6559,6559.jpg,3840,2160,1,swimmer,2350.0,1010.0,25.0,18.0,450.0,31.79844925327644,22.0,mavic,NorthSea_Fri_DJI_0114.MP4,4185,data/raw/seadronessee/odv2/images/train/6559.jpg,train,1610,1558,214,3168,1824,train_00036590,80.0,640,0.39751552795031053,314.83229813664593,316.4223602484472,9.937888198757763,7.155279503105589,71.10836773272635,1.0,8fe6c319c145bfe6c41b4bd884be5417741d8218678ea8dfc0735cca6b82988f,data/synthetic/seadronessee_30m_to_80m/geometry_only/train/train_00036590.png,data/synthetic/seadronessee_30m_to_80m/calibrated/train/train_00036590.png
train:36593,train:6559,train,36593,6559,6559.jpg,3840,2160,1,swimmer,2186.0,950.0,21.0,20.0,420.0,31.79844925327644,22.0,mavic,NorthSea_Fri_DJI_0114.MP4,4185,data/raw/seadronessee/odv2/images/train/6559.jpg,train,1610,1392,155,3002,1765,train_00036593,80.0,640,0.39751552795031053,315.62732919254654,316.0248447204969,8.347826086956522,7.95031055900621,66.36780988387792,1.0,8fe6c319c145bfe6c41b4bd884be5417741d8218678ea8dfc0735cca6b82988f,data/synthetic/seadronessee_30m_to_80m/geometry_only/train/train_00036593.png,data/synthetic/seadronessee_30m_to_80m/calibrated/train/train_00036593.png
train:36595,train:6559,train,36595,6559,6559.jpg,3840,2160,1,swimmer,2217.0,960.0,29.0,18.0,522.0,31.79844925327644,22.0,mavic,NorthSea_Fri_DJI_0114.MP4,4185,data/raw/seadronessee/odv2/images/train/6559.jpg,train,1610,1426,164,3036,1774,train_00036595,80.0,640,0.39751552795031053,314.4347826086956,316.4223602484472,11.527950310559005,7.155279503105589,82.48570656996256,1.0,8fe6c319c145bfe6c41b4bd884be5417741d8218678ea8dfc0735cca6b82988f,data/synthetic/seadronessee_30m_to_80m/geometry_only/train/train_00036595.png,data/synthetic/seadronessee_30m_to_80m/calibrated/train/train_00036595.png
train:36609,train:6561,train,36609,6561,6561.jpg,3840,2160,5,buoy,1234.0,1010.0,51.0,76.0,3876.0,31.79844925327644,22.0,mavic,NorthSea_Fri_DJI_0114.MP4,4215,data/raw/seadronessee/odv2/images/train/6561.jpg,train,1610,454,243,2064,1853,train_00036609,80.0,640,0.39751552795031053,310.0621118012422,304.89440993788816,20.273291925465838,30.2111801242236,612.4800740712163,1.0,8fe6c319c145bfe6c41b4bd884be5417741d8218678ea8dfc0735cca6b82988f,data/synthetic/seadronessee_30m_to_80m/geometry_only/train/train_00036609.png,data/synthetic/seadronessee_30m_to_80m/calibrated/train/train_00036609.png
train:36611,train:6561,train,36611,6561,6561.jpg,3840,2160,1,swimmer,2402.0,897.0,45.0,23.0,1035.0,31.79844925327644,22.0,mavic,NorthSea_Fri_DJI_0114.MP4,4215,data/raw/seadronessee/odv2/images/train/6561.jpg,train,1610,1620,104,3230,1714,train_00036611,80.0,640,0.39751552795031053,310.85714285714283,315.22981366459624,17.888198757763973,9.142857142857142,163.5492457852706,1.0,8fe6c319c145bfe6c41b4bd884be5417741d8218678ea8dfc0735cca6b82988f,data/synthetic/seadronessee_30m_to_80m/geometry_only/train/train_00036611.png,data/synthetic/seadronessee_30m_to_80m/calibrated/train/train_00036611.png
train:36612,train:6561,train,36612,6561,6561.jpg,3840,2160,1,swimmer,2312.0,893.0,17.0,12.0,204.0,31.79844925327644,22.0,mavic,NorthSea_Fri_DJI_0114.MP4,4215,data/raw/seadronessee/odv2/images/train/6561.jpg,train,1610,1516,94,3126,1704,train_00036612,80.0,640,0.39751552795031053,316.4223602484472,317.6149068322981,6.757763975155279,4.770186335403727,32.23579337216928,1.0,8fe6c319c145bfe6c41b4bd884be5417741d8218678ea8dfc0735cca6b82988f,data/synthetic/seadronessee_30m_to_80m/geometry_only/train/train_00036612.png,data/synthetic/seadronessee_30m_to_80m/calibrated/train/train_00036612.png
train:36613,train:6561,train,36613,6561,6561.jpg,3840,2160,1,swimmer,2181.0,891.0,39.0,19.0,741.0,31.79844925327644,22.0,mavic,NorthSea_Fri_DJI_0114.MP4,4215,data/raw/seadronessee/odv2/images/train/6561.jpg,train,1610,1396,96,3006,1706,train_00036613,80.0,640,0.39751552795031053,312.04968944099375,316.0248447204969,15.50310559006211,7.5527950310559,117.09177886655606,1.0,8fe6c319c145bfe6c41b4bd884be5417741d8218678ea8dfc0735cca6b82988f,data/synthetic/seadronessee_30m_to_80m/geometry_only/train/train_00036613.png,data/synthetic/seadronessee_30m_to_80m/calibrated/train/train_00036613.png
train:36614,train:6561,train,36614,6561,6561.jpg,3840,2160,1,swimmer,2204.0,982.0,26.0,28.0,728.0,31.79844925327644,22.0,mavic,NorthSea_Fri_DJI_0114.MP4,4215,data/raw/seadronessee/odv2/images/train/6561.jpg,train,1610,1412,191,3022,1801,train_00036614,80.0,640,0.39751552795031053,314.83229813664593,314.4347826086956,10.335403726708075,11.130434782608695,115.03753713205509,1.0,8fe6c319c145bfe6c41b4bd884be5417741d8218678ea8dfc0735cca6b82988f,data/synthetic/seadronessee_30m_to_80m/geometry_only/train/train_00036614.png,data/synthetic/seadronessee_30m_to_80m/calibrated/train/train_00036614.png
train:36615,train:6561,train,36615,6561,6561.jpg,3840,2160,1,swimmer,2433.0,1042.0,21.0,20.0,420.0,31.79844925327644,22.0,mavic,NorthSea_Fri_DJI_0114.MP4,4215,data/raw/seadronessee/odv2/images/train/6561.jpg,train,1610,1638,247,3248,1857,train_00036615,80.0,640,0.39751552795031053,316.0248447204969,316.0248447204969,8.347826086956522,7.95031055900621,66.36780988387792,1.0,8fe6c319c145bfe6c41b4bd884be5417741d8218678ea8dfc0735cca6b82988f,data/synthetic/seadronessee_30m_to_80m/geometry_only/train/train_00036615.png,data/synthetic/seadronessee_30m_to_80m/calibrated/train/train_00036615.png
train:36616,train:6561,train,36616,6561,6561.jpg,3840,2160,1,swimmer,2288.0,1025.0,25.0,17.0,425.0,31.79844925327644,22.0,mavic,NorthSea_Fri_DJI_0114.MP4,4215,data/raw/seadronessee/odv2/images/train/6561.jpg,train,1610,1496,228,3106,1838,train_00036616,80.0,640,0.39751552795031053,314.83229813664593,316.8198757763975,9.937888198757763,6.757763975155279,67.157902858686,1.0,8fe6c319c145bfe6c41b4bd884be5417741d8218678ea8dfc0735cca6b82988f,data/synthetic/seadronessee_30m_to_80m/geometry_only/train/train_00036616.png,data/synthetic/seadronessee_30m_to_80m/calibrated/train/train_00036616.png
train:36619,train:6561,train,36619,6561,6561.jpg,3840,2160,1,swimmer,2119.0,962.0,24.0,21.0,504.0,31.79844925327644,22.0,mavic,NorthSea_Fri_DJI_0114.MP4,4215,data/raw/seadronessee/odv2/images/train/6561.jpg,train,1610,1326,168,2936,1778,train_00036619,80.0,640,0.39751552795031053,315.22981366459624,315.62732919254654,9.540372670807454,8.347826086956522,79.64137186065352,1.0,8fe6c319c145bfe6c41b4bd884be5417741d8218678ea8dfc0735cca6b82988f,data/synthetic/seadronessee_30m_to_80m/geometry_only/train/train_00036619.png,data/synthetic/seadronessee_30m_to_80m/calibrated/train/train_00036619.png
train:36621,train:6561,train,36621,6561,6561.jpg,3840,2160,1,swimmer,2157.0,973.0,27.0,19.0,513.0,31.79844925327644,22.0,mavic,NorthSea_Fri_DJI_0114.MP4,4215,data/raw/seadronessee/odv2/images/train/6561.jpg,train,1610,1366,178,2976,1788,train_00036621,80.0,640,0.39751552795031053,314.4347826086956,316.0248447204969,10.732919254658384,7.5527950310559,81.06353921530804,1.0,8fe6c319c145bfe6c41b4bd884be5417741d8218678ea8dfc0735cca6b82988f,data/synthetic/seadronessee_30m_to_80m/geometry_only/train/train_00036621.png,data/synthetic/seadronessee_30m_to_80m/calibrated/train/train_00036621.png
train:36635,train:6563,train,36635,6563,6563.jpg,3840,2160,5,buoy,1182.0,1069.0,54.0,80.0,4320.0,31.59845900640049,22.0,mavic,NorthSea_Fri_DJI_0114.MP4,4245,data/raw/seadronessee/odv2/images/train/6563.jpg,train,1620,399,299,2019,1919,train_00036635,80.0,640,0.3950617283950617,309.3333333333333,304.1975308641975,21.333333333333332,31.604938271604937,674.2386831275719,1.0,8fe6c319c145bfe6c41b4bd884be5417741d8218678ea8dfc0735cca6b82988f,data/synthetic/seadronessee_30m_to_80m/geometry_only/train/train_00036635.png,data/synthetic/seadronessee_30m_to_80m/calibrated/train/train_00036635.png
train:36637,train:6563,train,36637,6563,6563.jpg,3840,2160,1,swimmer,2362.0,929.0,54.0,24.0,1296.0,31.59845900640049,22.0,mavic,NorthSea_Fri_DJI_0114.MP4,4245,data/raw/seadronessee/odv2/images/train/6563.jpg,train,1620,1579,131,3199,1751,train_00036637,80.0,640,0.3950617283950617,309.3333333333333,315.25925925925924,21.333333333333332,9.481481481481481,202.2716049382716,1.0,8fe6c319c145bfe6c41b4bd884be5417741d8218678ea8dfc0735cca6b82988f,data/synthetic/seadronessee_30m_to_80m/geometry_only/train/train_00036637.png,data/synthetic/seadronessee_30m_to_80m/calibrated/train/train_00036637.png
train:36638,train:6563,train,36638,6563,6563.jpg,3840,2160,1,swimmer,2277.0,919.0,20.0,14.0,280.0,31.59845900640049,22.0,mavic,NorthSea_Fri_DJI_0114.MP4,4245,data/raw/seadronessee/odv2/images/train/6563.jpg,train,1620,1477,116,3097,1736,train_00036638,80.0,640,0.3950617283950617,316.04938271604937,317.2345679012345,7.901234567901234,5.530864197530864,43.70065538789818,1.0,8fe6c319c145bfe6c41b4bd884be5417741d8218678ea8dfc0735cca6b82988f,data/synthetic/seadronessee_30m_to_80m/geometry_only/train/train_00036638.png,data/synthetic/seadronessee_30m_to_80m/calibrated/train/train_00036638.png
train:36639,train:6563,train,36639,6563,6563.jpg,3840,2160,1,swimmer,2149.0,914.0,42.0,22.0,924.0,31.59845900640049,22.0,mavic,NorthSea_Fri_DJI_0114.MP4,4245,data/raw/seadronessee/odv2/images/train/6563.jpg,train,1620,1360,115,2980,1735,train_00036639,80.0,640,0.3950617283950617,311.7037037037037,315.65432098765433,16.59259259259259,8.691358024691358,144.212162780064,1.0,8fe6c319c145bfe6c41b4bd884be5417741d8218678ea8dfc0735cca6b82988f,data/synthetic/seadronessee_30m_to_80m/geometry_only/train/train_00036639.png,data/synthetic/seadronessee_30m_to_80m/calibrated/train/train_00036639.png
train:36640,train:6563,train,36640,6563,6563.jpg,3840,2160,1,swimmer,2167.0,1020.0,29.0,27.0,783.0,31.59845900640049,22.0,mavic,NorthSea_Fri_DJI_0114.MP4,4245,data/raw/seadronessee/odv2/images/train/6563.jpg,train,1620,1372,224,2992,1844,train_00036640,80.0,640,0.3950617283950617,314.0740740740741,314.4691358024691,11.45679012345679,10.666666666666666,122.20576131687241,1.0,8fe6c319c145bfe6c41b4bd884be5417741d8218678ea8dfc0735cca6b82988f,data/synthetic/seadronessee_30m_to_80m/geometry_only/train/train_00036640.png,data/synthetic/seadronessee_30m_to_80m/calibrated/train/train_00036640.png
train:36641,train:6563,train,36641,6563,6563.jpg,3840,2160,1,swimmer,2405.0,1092.0,22.0,21.0,462.0,31.59845900640049,22.0,mavic,NorthSea_Fri_DJI_0114.MP4,4245,data/raw/seadronessee/odv2/images/train/6563.jpg,train,1620,1606,292,3226,1912,train_00036641,80.0,640,0.3950617283950617,315.65432098765433,316.04938271604937,8.691358024691358,8.296296296296296,72.106081390032,1.0,8fe6c319c145bfe6c41b4bd884be5417741d8218678ea8dfc0735cca6b82988f,data/synthetic/seadronessee_30m_to_80m/geometry_only/train/train_00036641.png,data/synthetic/seadronessee_30m_to_80m/calibrated/train/train_00036641.png
train:36642,train:6563,train,36642,6563,6563.jpg,3840,2160,1,swimmer,2251.0,1065.0,33.0,22.0,726.0,31.59845900640049,22.0,mavic,NorthSea_Fri_DJI_0114.MP4,4245,data/raw/seadronessee/odv2/images/train/6563.jpg,train,1620,1458,266,3078,1886,train_00036642,80.0,640,0.3950617283950617,313.28395061728395,315.65432098765433,13.037037037037036,8.691358024691358,113.30955647005028,1.0,8fe6c319c145bfe6c41b4bd884be5417741d8218678ea8dfc0735cca6b82988f,data/synthetic/seadronessee_30m_to_80m/geometry_only/train/train_00036642.png,data/synthetic/seadronessee_30m_to_80m/calibrated/train/train_00036642.png
train:36645,train:6563,train,36645,6563,6563.jpg,3840,2160,1,swimmer,2090.0,983.0,23.0,22.0,506.0,31.59845900640049,22.0,mavic,NorthSea_Fri_DJI_0114.MP4,4245,data/raw/seadronessee/odv2/images/train/6563.jpg,train,1620,1292,184,2912,1804,train_00036645,80.0,640,0.3950617283950617,315.25925925925924,315.65432098765433,9.08641975308642,8.691358024691358,78.9733272367017,1.0,8fe6c319c145bfe6c41b4bd884be5417741d8218678ea8dfc0735cca6b82988f,data/synthetic/seadronessee_30m_to_80m/geometry_only/train/train_00036645.png,data/synthetic/seadronessee_30m_to_80m/calibrated/train/train_00036645.png
train:36647,train:6563,train,36647,6563,6563.jpg,3840,2160,1,swimmer,2113.0,1000.0,31.0,22.0,682.0,31.59845900640049,22.0,mavic,NorthSea_Fri_DJI_0114.MP4,4245,data/raw/seadronessee/odv2/images/train/6563.jpg,train,1620,1318,201,2938,1821,train_00036647,80.0,640,0.3950617283950617,314.0740740740741,315.65432098765433,12.246913580246913,8.691358024691358,106.44231062338056,1.0,8fe6c319c145bfe6c41b4bd884be5417741d8218678ea8dfc0735cca6b82988f,data/synthetic/seadronessee_30m_to_80m/geometry_only/train/train_00036647.png,data/synthetic/seadronessee_30m_to_80m/calibrated/train/train_00036647.png
train:36661,train:6565,train,36661,6565,6565.jpg,3840,2160,5,buoy,1123.0,1144.0,56.0,82.0,4592.0,31.59845900640049,22.0,mavic,NorthSea_Fri_DJI_0114.MP4,4275,data/raw/seadronessee/odv2/images/train/6565.jpg,train,1620,341,375,1961,1995,train_00036661,80.0,640,0.3950617283950617,308.9382716049383,303.8024691358024,22.123456790123456,32.39506172839506,716.6907483615303,1.0,8fe6c319c145bfe6c41b4bd884be5417741d8218678ea8dfc0735cca6b82988f,data/synthetic/seadronessee_30m_to_80m/geometry_only/train/train_00036661.png,data/synthetic/seadronessee_30m_to_80m/calibrated/train/train_00036661.png
train:36663,train:6565,train,36663,6565,6565.jpg,3840,2160,1,swimmer,2364.0,967.0,48.0,27.0,1296.0,31.59845900640049,22.0,mavic,NorthSea_Fri_DJI_0114.MP4,4275,data/raw/seadronessee/odv2/images/train/6565.jpg,train,1620,1578,170,3198,1790,train_00036663,80.0,640,0.3950617283950617,310.5185185185185,314.8641975308642,18.962962962962962,10.666666666666666,202.2716049382716,1.0,8fe6c319c145bfe6c41b4bd884be5417741d8218678ea8dfc0735cca6b82988f,data/synthetic/seadronessee_30m_to_80m/geometry_only/train/train_00036663.png,data/synthetic/seadronessee_30m_to_80m/calibrated/train/train_00036663.png
train:36664,train:6565,train,36664,6565,6565.jpg,3840,2160,1,swimmer,2269.0,962.0,19.0,14.0,266.0,31.59845900640049,22.0,mavic,NorthSea_Fri_DJI_0114.MP4,4275,data/raw/seadronessee/odv2/images/train/6565.jpg,train,1620,1468,159,3088,1779,train_00036664,80.0,640,0.3950617283950617,316.4444444444444,317.2345679012345,7.506172839506172,5.530864197530864,41.51562261850327,1.0,8fe6c319c145bfe6c41b4bd884be5417741d8218678ea8dfc0735cca6b82988f,data/synthetic/seadronessee_30m_to_80m/geometry_only/train/train_00036664.png,data/synthetic/seadronessee_30m_to_80m/calibrated/train/train_00036664.png
train:36665,train:6565,train,36665,6565,6565.jpg,3840,2160,1,swimmer,2148.0,968.0,38.0,22.0,836.0,31.59845900640049,22.0,mavic,NorthSea_Fri_DJI_0114.MP4,4275,data/raw/seadronessee/odv2/images/train/6565.jpg,train,1620,1357,169,2977,1789,train_00036665,80.0,640,0.3950617283950617,312.4938271604938,315.65432098765433,15.012345679012345,8.691358024691358,130.47767108672457,1.0,8fe6c319c145bfe6c41b4bd884be5417741d8218678ea8dfc0735cca6b82988f,data/synthetic/seadronessee_30m_to_80m/geometry_only/train/train_00036665.png,data/synthetic/seadronessee_30m_to_80m/calibrated/train/train_00036665.png
train:36666,train:6565,train,36666,6565,6565.jpg,3840,2160,1,swimmer,2143.0,1072.0,29.0,32.0,928.0,31.59845900640049,22.0,mavic,NorthSea_Fri_DJI_0114.MP4,4275,data/raw/seadronessee/odv2/images/train/6565.jpg,train,1620,1348,278,2968,1898,train_00036666,80.0,640,0.3950617283950617,314.0740740740741,313.679012345679,11.45679012345679,12.641975308641975,144.83645785703396,1.0,8fe6c319c145bfe6c41b4bd884be5417741d8218678ea8dfc0735cca6b82988f,data/synthetic/seadronessee_30m_to_80m/geometry_only/train/train_00036666.png,data/synthetic/seadronessee_30m_to_80m/calibrated/train/train_00036666.png
train:36667,train:6565,train,36667,6565,6565.jpg,3840,2160,1,swimmer,2377.0,1163.0,22.0,19.0,418.0,31.59845900640049,22.0,mavic,NorthSea_Fri_DJI_0114.MP4,4275,data/raw/seadronessee/odv2/images/train/6565.jpg,train,1620,1578,362,3198,1982,train_00036667,80.0,640,0.3950617283950617,315.65432098765433,316.4444444444444,8.691358024691358,7.506172839506172,65.23883554336228,1.0,8fe6c319c145bfe6c41b4bd884be5417741d8218678ea8dfc0735cca6b82988f,data/synthetic/seadronessee_30m_to_80m/geometry_only/train/train_00036667.png,data/synthetic/seadronessee_30m_to_80m/calibrated/train/train_00036667.png
train:36668,train:6565,train,36668,6565,6565.jpg,3840,2160,1,swimmer,2213.0,1126.0,26.0,18.0,468.0,31.59845900640049,22.0,mavic,NorthSea_Fri_DJI_0114.MP4,4275,data/raw/seadronessee/odv2/images/train/6565.jpg,train,1620,1416,325,3036,1945,train_00036668,80.0,640,0.3950617283950617,314.8641975308642,316.4444444444444,10.271604938271604,7.111111111111111,73.04252400548695,1.0,8fe6c319c145bfe6c41b4bd884be5417741d8218678ea8dfc0735cca6b82988f,data/synthetic/seadronessee_30m_to_80m/geometry_only/train/train_00036668.png,data/synthetic/seadronessee_30m_to_80m/calibrated/train/train_00036668.png
train:36671,train:6565,train,36671,6565,6565.jpg,3840,2160,1,swimmer,2075.0,1046.0,25.0,21.0,525.0,31.59845900640049,22.0,mavic,NorthSea_Fri_DJI_0114.MP4,4275,data/raw/seadronessee/odv2/images/train/6565.jpg,train,1620,1278,246,2898,1866,train_00036671,80.0,640,0.3950617283950617,314.8641975308642,316.04938271604937,9.876543209876543,8.296296296296296,81.93872885230908,1.0,8fe6c319c145bfe6c41b4bd884be5417741d8218678ea8dfc0735cca6b82988f,data/synthetic/seadronessee_30m_to_80m/geometry_only/train/train_00036671.png,data/synthetic/seadronessee_30m_to_80m/calibrated/train/train_00036671.png
train:36673,train:6565,train,36673,6565,6565.jpg,3840,2160,1,swimmer,2113.0,1055.0,21.0,19.0,399.0,31.59845900640049,22.0,mavic,NorthSea_Fri_DJI_0114.MP4,4275,data/raw/seadronessee/odv2/images/train/6565.jpg,train,1620,1314,254,2934,1874,train_00036673,80.0,640,0.3950617283950617,315.65432098765433,316.4444444444444,8.296296296296296,7.506172839506172,62.27343392775491,1.0,8fe6c319c145bfe6c41b4bd884be5417741d8218678ea8dfc0735cca6b82988f,data/synthetic/seadronessee_30m_to_80m/geometry_only/train/train_00036673.png,data/synthetic/seadronessee_30m_to_80m/calibrated/train/train_00036673.png
train:36687,train:6567,train,36687,6567,6567.jpg,3840,2160,5,buoy,1108.0,1157.0,58.0,85.0,4930.0,31.698454129838463,22.0,mavic,NorthSea_Fri_DJI_0114.MP4,4305,data/raw/seadronessee/odv2/images/train/6567.jpg,train,1615,330,392,1945,2007,train_00036687,80.0,640,0.39628482972136225,308.30959752321985,303.15789473684214,22.98452012383901,33.684210526315795,774.2154146977352,1.0,8fe6c319c145bfe6c41b4bd884be5417741d8218678ea8dfc0735cca6b82988f,data/synthetic/seadronessee_30m_to_80m/geometry_only/train/train_00036687.png,data/synthetic/seadronessee_30m_to_80m/calibrated/train/train_00036687.png
train:36689,train:6567,train,36689,6567,6567.jpg,3840,2160,1,swimmer,2387.0,980.0,36.0,23.0,828.0,31.698454129838463,22.0,mavic,NorthSea_Fri_DJI_0114.MP4,4305,data/raw/seadronessee/odv2/images/train/6567.jpg,train,1615,1598,184,3213,1799,train_00036689,80.0,640,0.39628482972136225,312.6687306501548,315.44272445820434,14.266253869969042,9.114551083591332,130.03049966931536,1.0,8fe6c319c145bfe6c41b4bd884be5417741d8218678ea8dfc0735cca6b82988f,data/synthetic/seadronessee_30m_to_80m/geometry_only/train/train_00036689.png,data/synthetic/seadronessee_30m_to_80m/calibrated/train/train_00036689.png
train:36690,train:6567,train,36690,6567,6567.jpg,3840,2160,1,swimmer,2283.0,988.0,18.0,13.0,234.0,31.698454129838463,22.0,mavic,NorthSea_Fri_DJI_0114.MP4,4305,data/raw/seadronessee/odv2/images/train/6567.jpg,train,1615,1484,187,3099,1802,train_00036690,80.0,640,0.39628482972136225,316.63157894736844,317.4241486068112,7.133126934984521,5.151702786377709,36.74774990654564,1.0,8fe6c319c145bfe6c41b4bd884be5417741d8218678ea8dfc0735cca6b82988f,data/synthetic/seadronessee_30m_to_80m/geometry_only/train/train_00036690.png,data/synthetic/seadronessee_30m_to_80m/calibrated/train/train_00036690.png
train:36691,train:6567,train,36691,6567,6567.jpg,3840,2160,1,swimmer,2149.0,997.0,45.0,23.0,1035.0,31.698454129838463,22.0,mavic,NorthSea_Fri_DJI_0114.MP4,4305,data/raw/seadronessee/odv2/images/train/6567.jpg,train,1615,1364,201,2979,1816,train_00036691,80.0,640,0.39628482972136225,311.08359133126936,315.44272445820434,17.8328173374613,9.114551083591332,162.5381245866442,1.0,8fe6c319c145bfe6c41b4bd884be5417741d8218678ea8dfc0735cca6b82988f,data/synthetic/seadronessee_30m_to_80m/geometry_only/train/train_00036691.png,data/synthetic/seadronessee_30m_to_80m/calibrated/train/train_00036691.png
train:36692,train:6567,train,36692,6567,6567.jpg,3840,2160,1,swimmer,2154.0,1101.0,30.0,27.0,810.0,31.698454129838463,22.0,mavic,NorthSea_Fri_DJI_0114.MP4,4305,data/raw/seadronessee/odv2/images/train/6567.jpg,train,1615,1362,307,2977,1922,train_00036692,80.0,640,0.39628482972136225,313.8575851393189,314.6501547987616,11.888544891640867,10.699690402476781,127.20374967650416,1.0,8fe6c319c145bfe6c41b4bd884be5417741d8218678ea8dfc0735cca6b82988f,data/synthetic/seadronessee_30m_to_80m/geometry_only/train/train_00036692.png,data/synthetic/seadronessee_30m_to_80m/calibrated/train/train_00036692.png
train:36693,train:6567,train,36693,6567,6567.jpg,3840,2160,1,swimmer,2363.0,1180.0,43.0,26.0,1118.0,31.698454129838463,22.0,mavic,NorthSea_Fri_DJI_0114.MP4,4305,data/raw/seadronessee/odv2/images/train/6567.jpg,train,1615,1577,386,3192,2001,train_00036693,80.0,640,0.39628482972136225,311.4798761609907,314.6501547987616,17.040247678018577,10.303405572755418,175.57258288682917,1.0,8fe6c319c145bfe6c41b4bd884be5417741d8218678ea8dfc0735cca6b82988f,data/synthetic/seadronessee_30m_to_80m/geometry_only/train/train_00036693.png,data/synthetic/seadronessee_30m_to_80m/calibrated/train/train_00036693.png
train:36694,train:6567,train,36694,6567,6567.jpg,3840,2160,1,swimmer,2209.0,1145.0,20.0,15.0,300.0,31.698454129838463,22.0,mavic,NorthSea_Fri_DJI_0114.MP4,4305,data/raw/seadronessee/odv2/images/train/6567.jpg,train,1615,1412,345,3027,1960,train_00036694,80.0,640,0.39628482972136225,315.8390092879257,317.0278637770898,7.9256965944272455,5.944272445820434,47.112499880186725,1.0,8fe6c319c145bfe6c41b4bd884be5417741d8218678ea8dfc0735cca6b82988f,data/synthetic/seadronessee_30m_to_80m/geometry_only/train/train_00036694.png,data/synthetic/seadronessee_30m_to_80m/calibrated/train/train_00036694.png
train:36697,train:6567,train,36697,6567,6567.jpg,3840,2160,1,swimmer,2087.0,1069.0,25.0,22.0,550.0,31.698454129838463,22.0,mavic,NorthSea_Fri_DJI_0114.MP4,4305,data/raw/seadronessee/odv2/images/train/6567.jpg,train,1615,1292,272,2907,1887,train_00036697,80.0,640,0.39628482972136225,315.046439628483,315.8390092879257,9.907120743034056,8.71826625386997,86.372916447009,1.0,8fe6c319c145bfe6c41b4bd884be5417741d8218678ea8dfc0735cca6b82988f,data/synthetic/seadronessee_30m_to_80m/geometry_only/train/train_00036697.png,data/synthetic/seadronessee_30m_to_80m/calibrated/train/train_00036697.png
train:36699,train:6567,train,36699,6567,6567.jpg,3840,2160,1,swimmer,2096.0,1077.0,50.0,28.0,1400.0,31.698454129838463,22.0,mavic,NorthSea_Fri_DJI_0114.MP4,4305,data/raw/seadronessee/odv2/images/train/6567.jpg,train,1615,1314,284,2929,1899,train_00036699,80.0,640,0.39628482972136225,309.89473684210526,314.25386996904024,19.814241486068113,11.095975232198143,219.8583327742047,1.0,8fe6c319c145bfe6c41b4bd884be5417741d8218678ea8dfc0735cca6b82988f,data/synthetic/seadronessee_30m_to_80m/geometry_only/train/train_00036699.png,data/synthetic/seadronessee_30m_to_80m/calibrated/train/train_00036699.png
train:36713,train:6569,train,36713,6569,6569.jpg,3840,2160,5,buoy,961.0,1169.0,58.0,86.0,4988.0,31.89844437671441,22.0,mavic,NorthSea_Fri_DJI_0114.MP4,4335,data/raw/seadronessee/odv2/images/train/6569.jpg,train,1605,188,410,1793,2015,train_00036713,80.0,640,0.3987538940809969,308.23676012461056,302.6542056074766,23.12772585669782,34.29283489096573,793.1152842072572,1.0,8fe6c319c145bfe6c41b4bd884be5417741d8218678ea8dfc0735cca6b82988f,data/synthetic/seadronessee_30m_to_80m/geometry_only/train/train_00036713.png,data/synthetic/seadronessee_30m_to_80m/calibrated/train/train_00036713.png
train:36715,train:6569,train,36715,6569,6569.jpg,3840,2160,1,swimmer,2263.0,987.0,38.0,21.0,798.0,31.89844437671441,22.0,mavic,NorthSea_Fri_DJI_0114.MP4,4335,data/raw/seadronessee/odv2/images/train/6569.jpg,train,1605,1480,195,3085,1800,train_00036715,80.0,640,0.3987538940809969,312.22429906542055,315.8130841121495,15.152647975077882,8.373831775700934,126.88572509971758,1.0,8fe6c319c145bfe6c41b4bd884be5417741d8218678ea8dfc0735cca6b82988f,data/synthetic/seadronessee_30m_to_80m/geometry_only/train/train_00036715.png,data/synthetic/seadronessee_30m_to_80m/calibrated/train/train_00036715.png
train:36716,train:6569,train,36716,6569,6569.jpg,3840,2160,1,swimmer,2148.0,996.0,21.0,14.0,294.0,31.89844437671441,22.0,mavic,NorthSea_Fri_DJI_0114.MP4,4335,data/raw/seadronessee/odv2/images/train/6569.jpg,train,1605,1356,200,2961,1805,train_00036716,80.0,640,0.3987538940809969,315.8130841121495,317.4080996884735,8.373831775700934,5.582554517133956,46.747372405159105,1.0,8fe6c319c145bfe6c41b4bd884be5417741d8218678ea8dfc0735cca6b82988f,data/synthetic/seadronessee_30m_to_80m/geometry_only/train/train_00036716.png,data/synthetic/seadronessee_30m_to_80m/calibrated/train/train_00036716.png
train:36717,train:6569,train,36717,6569,6569.jpg,3840,2160,1,swimmer,2010.0,999.0,46.0,24.0,1104.0,31.89844437671441,22.0,mavic,NorthSea_Fri_DJI_0114.MP4,4335,data/raw/seadronessee/odv2/images/train/6569.jpg,train,1605,1230,208,2835,1813,train_00036717,80.0,640,0.3987538940809969,311.02803738317755,315.4143302180685,18.342679127725855,9.570093457943925,175.54115352141378,1.0,8fe6c319c145bfe6c41b4bd884be5417741d8218678ea8dfc0735cca6b82988f,data/synthetic/seadronessee_30m_to_80m/geometry_only/train/train_00036717.png,data/synthetic/seadronessee_30m_to_80m/calibrated/train/train_00036717.png
train:36718,train:6569,train,36718,6569,6569.jpg,3840,2160,1,swimmer,2027.0,1109.0,33.0,31.0,1023.0,31.89844437671441,22.0,mavic,NorthSea_Fri_DJI_0114.MP4,4335,data/raw/seadronessee/odv2/images/train/6569.jpg,train,1605,1241,322,2846,1927,train_00036718,80.0,640,0.3987538940809969,313.42056074766356,313.81931464174454,13.158878504672897,12.361370716510903,162.66177540978833,1.0,8fe6c319c145bfe6c41b4bd884be5417741d8218678ea8dfc0735cca6b82988f,data/synthetic/seadronessee_30m_to_80m/geometry_only/train/train_00036718.png,data/synthetic/seadronessee_30m_to_80m/calibrated/train/train_00036718.png
train:36719,train:6569,train,36719,6569,6569.jpg,3840,2160,1,swimmer,2224.0,1172.0,36.0,21.0,756.0,31.89844437671441,22.0,mavic,NorthSea_Fri_DJI_0114.MP4,4335,data/raw/seadronessee/odv2/images/train/6569.jpg,train,1605,1440,380,3045,1985,train_00036719,80.0,640,0.3987538940809969,312.62305295950154,315.8130841121495,14.355140186915888,8.373831775700934,120.2075290418377,1.0,8fe6c319c145bfe6c41b4bd884be5417741d8218678ea8dfc0735cca6b82988f,data/synthetic/seadronessee_30m_to_80m/geometry_only/train/train_00036719.png,data/synthetic/seadronessee_30m_to_80m/calibrated/train/train_00036719.png
train:36720,train:6569,train,36720,6569,6569.jpg,3840,2160,1,swimmer,2080.0,1151.0,19.0,21.0,399.0,31.89844437671441,22.0,mavic,NorthSea_Fri_DJI_0114.MP4,4335,data/raw/seadronessee/odv2/images/train/6569.jpg,train,1605,1287,359,2892,1964,train_00036720,80.0,640,0.3987538940809969,316.2118380062305,315.8130841121495,7.576323987538941,8.373831775700934,63.44286254985879,1.0,8fe6c319c145bfe6c41b4bd884be5417741d8218678ea8dfc0735cca6b82988f,data/synthetic/seadronessee_30m_to_80m/geometry_only/train/train_00036720.png,data/synthetic/seadronessee_30m_to_80m/calibrated/train/train_00036720.png
train:36723,train:6569,train,36723,6569,6569.jpg,3840,2160,1,swimmer,1964.0,1078.0,25.0,22.0,550.0,31.89844437671441,22.0,mavic,NorthSea_Fri_DJI_0114.MP4,4335,data/raw/seadronessee/odv2/images/train/6569.jpg,train,1605,1174,286,2779,1891,train_00036723,80.0,640,0.3987538940809969,315.01557632398755,315.8130841121495,9.968847352024921,8.77258566978193,87.45256742461737,1.0,8fe6c319c145bfe6c41b4bd884be5417741d8218678ea8dfc0735cca6b82988f,data/synthetic/seadronessee_30m_to_80m/geometry_only/train/train_00036723.png,data/synthetic/seadronessee_30m_to_80m/calibrated/train/train_00036723.png
train:36725,train:6569,train,36725,6569,6569.jpg,3840,2160,1,swimmer,1968.0,1094.0,52.0,21.0,1092.0,31.89844437671441,22.0,mavic,NorthSea_Fri_DJI_0114.MP4,4335,data/raw/seadronessee/odv2/images/train/6569.jpg,train,1605,1192,302,2797,1907,train_00036725,80.0,640,0.3987538940809969,309.43302180685356,315.8130841121495,20.735202492211837,8.373831775700934,173.63309750487667,1.0,8fe6c319c145bfe6c41b4bd884be5417741d8218678ea8dfc0735cca6b82988f,data/synthetic/seadronessee_30m_to_80m/geometry_only/train/train_00036725.png,data/synthetic/seadronessee_30m_to_80m/calibrated/train/train_00036725.png
train:36739,train:6571,train,36739,6571,6571.jpg,3840,2160,5,buoy,941.0,1170.0,59.0,87.0,5133.0,31.99843950015239,22.0,mavic,NorthSea_Fri_DJI_0114.MP4,4365,data/raw/seadronessee/odv2/images/train/6571.jpg,train,1600,170,414,1770,2014,train_00036739,80.0,640,0.4,308.40000000000003,302.40000000000003,23.6,34.800000000000004,821.2800000000002,1.0,8fe6c319c145bfe6c41b4bd884be5417741d8218678ea8dfc0735cca6b82988f,data/synthetic/seadronessee_30m_to_80m/geometry_only/train/train_00036739.png,data/synthetic/seadronessee_30m_to_80m/calibrated/train/train_00036739.png
train:36741,train:6571,train,36741,6571,6571.jpg,3840,2160,1,swimmer,2258.0,975.0,42.0,31.0,1302.0,31.99843950015239,22.0,mavic,NorthSea_Fri_DJI_0114.MP4,4365,data/raw/seadronessee/odv2/images/train/6571.jpg,train,1600,1479,190,3079,1790,train_00036741,80.0,640,0.4,311.6,314.0,16.8,12.4,208.32000000000002,1.0,8fe6c319c145bfe6c41b4bd884be5417741d8218678ea8dfc0735cca6b82988f,data/synthetic/seadronessee_30m_to_80m/geometry_only/train/train_00036741.png,data/synthetic/seadronessee_30m_to_80m/calibrated/train/train_00036741.png
train:36742,train:6571,train,36742,6571,6571.jpg,3840,2160,1,swimmer,2138.0,985.0,23.0,15.0,345.0,31.99843950015239,22.0,mavic,NorthSea_Fri_DJI_0114.MP4,4365,data/raw/seadronessee/odv2/images/train/6571.jpg,train,1600,1350,192,2950,1792,train_00036742,80.0,640,0.4,315.20000000000005,317.20000000000005,9.200000000000001,6.0,55.2,1.0,8fe6c319c145bfe6c41b4bd884be5417741d8218678ea8dfc0735cca6b82988f,data/synthetic/seadronessee_30m_to_80m/geometry_only/train/train_00036742.png,data/synthetic/seadronessee_30m_to_80m/calibrated/train/train_00036742.png
train:36743,train:6571,train,36743,6571,6571.jpg,3840,2160,1,swimmer,2009.0,990.0,45.0,25.0,1125.0,31.99843950015239,22.0,mavic,NorthSea_Fri_DJI_0114.MP4,4365,data/raw/seadronessee/odv2/images/train/6571.jpg,train,1600,1232,202,2832,1802,train_00036743,80.0,640,0.4,310.8,315.20000000000005,18.0,10.0,180.0,1.0,8fe6c319c145bfe6c41b4bd884be5417741d8218678ea8dfc0735cca6b82988f,data/synthetic/seadronessee_30m_to_80m/geometry_only/train/train_00036743.png,data/synthetic/seadronessee_30m_to_80m/calibrated/train/train_00036743.png
train:36744,train:6571,train,36744,6571,6571.jpg,3840,2160,1,swimmer,2016.0,1116.0,35.0,30.0,1050.0,31.99843950015239,22.0,mavic,NorthSea_Fri_DJI_0114.MP4,4365,data/raw/seadronessee/odv2/images/train/6571.jpg,train,1600,1234,331,2834,1931,train_00036744,80.0,640,0.4,312.8,314.0,14.0,12.0,168.0,1.0,8fe6c319c145bfe6c41b4bd884be5417741d8218678ea8dfc0735cca6b82988f,data/synthetic/seadronessee_30m_to_80m/geometry_only/train/train_00036744.png,data/synthetic/seadronessee_30m_to_80m/calibrated/train/train_00036744.png
train:36745,train:6571,train,36745,6571,6571.jpg,3840,2160,1,swimmer,2220.0,1178.0,32.0,20.0,640.0,31.99843950015239,22.0,mavic,NorthSea_Fri_DJI_0114.MP4,4365,data/raw/seadronessee/odv2/images/train/6571.jpg,train,1600,1436,388,3036,1988,train_00036745,80.0,640,0.4,313.6,316.0,12.8,8.0,102.4,1.0,8fe6c319c145bfe6c41b4bd884be5417741d8218678ea8dfc0735cca6b82988f,data/synthetic/seadronessee_30m_to_80m/geometry_only/train/train_00036745.png,data/synthetic/seadronessee_30m_to_80m/calibrated/train/train_00036745.png
train:36746,train:6571,train,36746,6571,6571.jpg,3840,2160,1,swimmer,2069.0,1162.0,17.0,20.0,340.0,31.99843950015239,22.0,mavic,NorthSea_Fri_DJI_0114.MP4,4365,data/raw/seadronessee/odv2/images/train/6571.jpg,train,1600,1278,372,2878,1972,train_00036746,80.0,640,0.4,316.40000000000003,316.0,6.800000000000001,8.0,54.400000000000006,1.0,8fe6c319c145bfe6c41b4bd884be5417741d8218678ea8dfc0735cca6b82988f,data/synthetic/seadronessee_30m_to_80m/geometry_only/train/train_00036746.png,data/synthetic/seadronessee_30m_to_80m/calibrated/train/train_00036746.png
train:36750,train:6571,train,36750,6571,6571.jpg,3840,2160,1,swimmer,1959.0,1073.0,23.0,21.0,483.0,31.99843950015239,22.0,mavic,NorthSea_Fri_DJI_0114.MP4,4365,data/raw/seadronessee/odv2/images/train/6571.jpg,train,1600,1170,284,2770,1884,train_00036750,80.0,640,0.4,315.6,315.6,9.200000000000001,8.4,77.28000000000002,1.0,8fe6c319c145bfe6c41b4bd884be5417741d8218678ea8dfc0735cca6b82988f,data/synthetic/seadronessee_30m_to_80m/geometry_only/train/train_00036750.png,data/synthetic/seadronessee_30m_to_80m/calibrated/train/train_00036750.png
train:36751,train:6571,train,36751,6571,6571.jpg,3840,2160,1,swimmer,1961.0,1091.0,54.0,22.0,1188.0,31.99843950015239,22.0,mavic,NorthSea_Fri_DJI_0114.MP4,4365,data/raw/seadronessee/odv2/images/train/6571.jpg,train,1600,1188,302,2788,1902,train_00036751,80.0,640,0.4,309.20000000000005,315.6,21.6,8.8,190.08000000000004,1.0,8fe6c319c145bfe6c41b4bd884be5417741d8218678ea8dfc0735cca6b82988f,data/synthetic/seadronessee_30m_to_80m/geometry_only/train/train_00036751.png,data/synthetic/seadronessee_30m_to_80m/calibrated/train/train_00036751.png
train:36765,train:6573,train,36765,6573,6573.jpg,3840,2160,5,buoy,940.0,1175.0,59.0,87.0,5133.0,31.89844437671441,22.0,mavic,NorthSea_Fri_DJI_0114.MP4,4395,data/raw/seadronessee/odv2/images/train/6573.jpg,train,1605,167,416,1772,2021,train_00036765,80.0,640,0.3987538940809969,308.23676012461056,302.6542056074766,23.526479750778815,34.691588785046726,816.1709610737472,1.0,8fe6c319c145bfe6c41b4bd884be5417741d8218678ea8dfc0735cca6b82988f,data/synthetic/seadronessee_30m_to_80m/geometry_only/train/train_00036765.png,data/synthetic/seadronessee_30m_to_80m/calibrated/train/train_00036765.png
train:36767,train:6573,train,36767,6573,6573.jpg,3840,2160,1,swimmer,2256.0,967.0,35.0,25.0,875.0,31.89844437671441,22.0,mavic,NorthSea_Fri_DJI_0114.MP4,4395,data/raw/seadronessee/odv2/images/train/6573.jpg,train,1605,1471,177,3076,1782,train_00036767,80.0,640,0.3987538940809969,313.0218068535825,315.01557632398755,13.95638629283489,9.968847352024921,139.129084539164,1.0,8fe6c319c145bfe6c41b4bd884be5417741d8218678ea8dfc0735cca6b82988f,data/synthetic/seadronessee_30m_to_80m/geometry_only/train/train_00036767.png,data/synthetic/seadronessee_30m_to_80m/calibrated/train/train_00036767.png
train:36768,train:6573,train,36768,6573,6573.jpg,3840,2160,1,swimmer,2141.0,975.0,16.0,13.0,208.0,31.89844437671441,22.0,mavic,NorthSea_Fri_DJI_0114.MP4,4395,data/raw/seadronessee/odv2/images/train/6573.jpg,train,1605,1346,179,2951,1784,train_00036768,80.0,640,0.3987538940809969,317.0093457943925,317.4080996884735,6.38006230529595,5.183800623052959,33.07297095330984,1.0,8fe6c319c145bfe6c41b4bd884be5417741d8218678ea8dfc0735cca6b82988f,data/synthetic/seadronessee_30m_to_80m/geometry_only/train/train_00036768.png,data/synthetic/seadronessee_30m_to_80m/calibrated/train/train_00036768.png
train:36769,train:6573,train,36769,6573,6573.jpg,3840,2160,1,swimmer,2008.0,982.0,49.0,26.0,1274.0,31.89844437671441,22.0,mavic,NorthSea_Fri_DJI_0114.MP4,4395,data/raw/seadronessee/odv2/images/train/6573.jpg,train,1605,1230,192,2835,1797,train_00036769,80.0,640,0.3987538940809969,310.2305295950156,315.01557632398755,19.538940809968846,10.367601246105918,202.57194708902279,1.0,8fe6c319c145bfe6c41b4bd884be5417741d8218678ea8dfc0735cca6b82988f,data/synthetic/seadronessee_30m_to_80m/geometry_only/train/train_00036769.png,data/synthetic/seadronessee_30m_to_80m/calibrated/train/train_00036769.png
train:36770,train:6573,train,36770,6573,6573.jpg,3840,2160,1,swimmer,2012.0,1110.0,36.0,29.0,1044.0,31.89844437671441,22.0,mavic,NorthSea_Fri_DJI_0114.MP4,4395,data/raw/seadronessee/odv2/images/train/6573.jpg,train,1605,1228,322,2833,1927,train_00036770,80.0,640,0.3987538940809969,312.62305295950154,314.2180685358255,14.355140186915888,11.56386292834891,166.00087343872826,1.0,8fe6c319c145bfe6c41b4bd884be5417741d8218678ea8dfc0735cca6b82988f,data/synthetic/seadronessee_30m_to_80m/geometry_only/train/train_00036770.png,data/synthetic/seadronessee_30m_to_80m/calibrated/train/train_00036770.png
train:36771,train:6573,train,36771,6573,6573.jpg,3840,2160,1,swimmer,2207.0,1179.0,38.0,24.0,912.0,31.89844437671441,22.0,mavic,NorthSea_Fri_DJI_0114.MP4,4395,data/raw/seadronessee/odv2/images/train/6573.jpg,train,1605,1424,388,3029,1993,train_00036771,80.0,640,0.3987538940809969,312.22429906542055,315.4143302180685,15.152647975077882,9.570093457943925,145.01225725682008,1.0,8fe6c319c145bfe6c41b4bd884be5417741d8218678ea8dfc0735cca6b82988f,data/synthetic/seadronessee_30m_to_80m/geometry_only/train/train_00036771.png,data/synthetic/seadronessee_30m_to_80m/calibrated/train/train_00036771.png
train:36772,train:6573,train,36772,6573,6573.jpg,3840,2160,1,swimmer,2053.0,1161.0,18.0,18.0,324.0,31.89844437671441,22.0,mavic,NorthSea_Fri_DJI_0114.MP4,4395,data/raw/seadronessee/odv2/images/train/6573.jpg,train,1605,1260,368,2865,1973,train_00036772,80.0,640,0.3987538940809969,316.2118380062305,316.2118380062305,7.177570093457944,7.177570093457944,51.517512446501875,1.0,8fe6c319c145bfe6c41b4bd884be5417741d8218678ea8dfc0735cca6b82988f,data/synthetic/seadronessee_30m_to_80m/geometry_only/train/train_00036772.png,data/synthetic/seadronessee_30m_to_80m/calibrated/train/train_00036772.png
train:36776,train:6573,train,36776,6573,6573.jpg,3840,2160,1,swimmer,1967.0,1064.0,23.0,22.0,506.0,31.89844437671441,22.0,mavic,NorthSea_Fri_DJI_0114.MP4,4395,data/raw/seadronessee/odv2/images/train/6573.jpg,train,1605,1176,272,2781,1877,train_00036776,80.0,640,0.3987538940809969,315.4143302180685,315.8130841121495,9.171339563862928,8.77258566978193,80.45636203064798,1.0,8fe6c319c145bfe6c41b4bd884be5417741d8218678ea8dfc0735cca6b82988f,data/synthetic/seadronessee_30m_to_80m/geometry_only/train/train_00036776.png,data/synthetic/seadronessee_30m_to_80m/calibrated/train/train_00036776.png
train:36777,train:6573,train,36777,6573,6573.jpg,3840,2160,1,swimmer,1964.0,1082.0,51.0,23.0,1173.0,31.89844437671441,22.0,mavic,NorthSea_Fri_DJI_0114.MP4,4395,data/raw/seadronessee/odv2/images/train/6573.jpg,train,1605,1187,291,2792,1896,train_00036777,80.0,640,0.3987538940809969,309.83177570093454,315.4143302180685,20.33644859813084,9.171339563862928,186.51247561650214,1.0,8fe6c319c145bfe6c41b4bd884be5417741d8218678ea8dfc0735cca6b82988f,data/synthetic/seadronessee_30m_to_80m/geometry_only/train/train_00036777.png,data/synthetic/seadronessee_30m_to_80m/calibrated/train/train_00036777.png
train:36791,train:6575,train,36791,6575,6575.jpg,3840,2160,5,buoy,947.0,1169.0,58.0,86.0,4988.0,31.89844437671441,22.0,mavic,NorthSea_Fri_DJI_0114.MP4,4425,data/raw/seadronessee/odv2/images/train/6575.jpg,train,1605,174,410,1779,2015,train_00036791,80.0,640,0.3987538940809969,308.23676012461056,302.6542056074766,23.12772585669782,34.29283489096573,793.1152842072572,1.0,8fe6c319c145bfe6c41b4bd884be5417741d8218678ea8dfc0735cca6b82988f,data/synthetic/seadronessee_30m_to_80m/geometry_only/train/train_00036791.png,data/synthetic/seadronessee_30m_to_80m/calibrated/train/train_00036791.png
train:36793,train:6575,train,36793,6575,6575.jpg,3840,2160,1,swimmer,2266.0,955.0,46.0,27.0,1242.0,31.89844437671441,22.0,mavic,NorthSea_Fri_DJI_0114.MP4,4425,data/raw/seadronessee/odv2/images/train/6575.jpg,train,1605,1486,166,3091,1771,train_00036793,80.0,640,0.3987538940809969,311.02803738317755,314.6168224299065,18.342679127725855,10.766355140186915,197.4837977115905,1.0,8fe6c319c145bfe6c41b4bd884be5417741d8218678ea8dfc0735cca6b82988f,data/synthetic/seadronessee_30m_to_80m/geometry_only/train/train_00036793.png,data/synthetic/seadronessee_30m_to_80m/calibrated/train/train_00036793.png
train:36794,train:6575,train,36794,6575,6575.jpg,3840,2160,1,swimmer,2140.0,973.0,23.0,16.0,368.0,31.89844437671441,22.0,mavic,NorthSea_Fri_DJI_0114.MP4,4425,data/raw/seadronessee/odv2/images/train/6575.jpg,train,1605,1349,178,2954,1783,train_00036794,80.0,640,0.3987538940809969,315.4143302180685,317.0093457943925,9.171339563862928,6.38006230529595,58.513717840471266,1.0,8fe6c319c145bfe6c41b4bd884be5417741d8218678ea8dfc0735cca6b82988f,data/synthetic/seadronessee_30m_to_80m/geometry_only/train/train_00036794.png,data/synthetic/seadronessee_30m_to_80m/calibrated/train/train_00036794.png
train:36795,train:6575,train,36795,6575,6575.jpg,3840,2160,1,swimmer,2014.0,982.0,49.0,26.0,1274.0,31.89844437671441,22.0,mavic,NorthSea_Fri_DJI_0114.MP4,4425,data/raw/seadronessee/odv2/images/train/6575.jpg,train,1605,1236,192,2841,1797,train_00036795,80.0,640,0.3987538940809969,310.2305295950156,315.01557632398755,19.538940809968846,10.367601246105918,202.57194708902279,1.0,8fe6c319c145bfe6c41b4bd884be5417741d8218678ea8dfc0735cca6b82988f,data/synthetic/seadronessee_30m_to_80m/geometry_only/train/train_00036795.png,data/synthetic/seadronessee_30m_to_80m/calibrated/train/train_00036795.png
train:36796,train:6575,train,36796,6575,6575.jpg,3840,2160,1,swimmer,2012.0,1101.0,36.0,33.0,1188.0,31.89844437671441,22.0,mavic,NorthSea_Fri_DJI_0114.MP4,4425,data/raw/seadronessee/odv2/images/train/6575.jpg,train,1605,1228,315,2833,1920,train_00036796,80.0,640,0.3987538940809969,312.62305295950154,313.42056074766356,14.355140186915888,13.158878504672897,188.89754563717355,1.0,8fe6c319c145bfe6c41b4bd884be5417741d8218678ea8dfc0735cca6b82988f,data/synthetic/seadronessee_30m_to_80m/geometry_only/train/train_00036796.png,data/synthetic/seadronessee_30m_to_80m/calibrated/train/train_00036796.png
train:36797,train:6575,train,36797,6575,6575.jpg,3840,2160,1,swimmer,2180.0,1168.0,44.0,28.0,1232.0,31.89844437671441,22.0,mavic,NorthSea_Fri_DJI_0114.MP4,4425,data/raw/seadronessee/odv2/images/train/6575.jpg,train,1605,1400,380,3005,1985,train_00036797,80.0,640,0.3987538940809969,311.02803738317755,314.2180685358255,17.54517133956386,11.165109034267912,195.89375103114293,1.0,8fe6c319c145bfe6c41b4bd884be5417741d8218678ea8dfc0735cca6b82988f,data/synthetic/seadronessee_30m_to_80m/geometry_only/train/train_00036797.png,data/synthetic/seadronessee_30m_to_80m/calibrated/train/train_00036797.png
train:36798,train:6575,train,36798,6575,6575.jpg,3840,2160,1,swimmer,2048.0,1149.0,18.0,19.0,342.0,31.89844437671441,22.0,mavic,NorthSea_Fri_DJI_0114.MP4,4425,data/raw/seadronessee/odv2/images/train/6575.jpg,train,1605,1254,356,2859,1961,train_00036798,80.0,640,0.3987538940809969,316.61059190031153,316.2118380062305,7.177570093457944,7.576323987538941,54.379596471307536,1.0,8fe6c319c145bfe6c41b4bd884be5417741d8218678ea8dfc0735cca6b82988f,data/synthetic/seadronessee_30m_to_80m/geometry_only/train/train_00036798.png,data/synthetic/seadronessee_30m_to_80m/calibrated/train/train_00036798.png
train:36802,train:6575,train,36802,6575,6575.jpg,3840,2160,1,swimmer,1972.0,1058.0,23.0,21.0,483.0,31.89844437671441,22.0,mavic,NorthSea_Fri_DJI_0114.MP4,4425,data/raw/seadronessee/odv2/images/train/6575.jpg,train,1605,1181,266,2786,1871,train_00036802,80.0,640,0.3987538940809969,315.4143302180685,315.8130841121495,9.171339563862928,8.373831775700934,76.79925466561852,1.0,8fe6c319c145bfe6c41b4bd884be5417741d8218678ea8dfc0735cca6b82988f,data/synthetic/seadronessee_30m_to_80m/geometry_only/train/train_00036802.png,data/synthetic/seadronessee_30m_to_80m/calibrated/train/train_00036802.png
train:36803,train:6575,train,36803,6575,6575.jpg,3840,2160,1,swimmer,1969.0,1077.0,49.0,23.0,1127.0,31.89844437671441,22.0,mavic,NorthSea_Fri_DJI_0114.MP4,4425,data/raw/seadronessee/odv2/images/train/6575.jpg,train,1605,1191,286,2796,1891,train_00036803,80.0,640,0.3987538940809969,310.2305295950156,315.4143302180685,19.538940809968846,9.171339563862928,179.19826088644322,1.0,8fe6c319c145bfe6c41b4bd884be5417741d8218678ea8dfc0735cca6b82988f,data/synthetic/seadronessee_30m_to_80m/geometry_only/train/train_00036803.png,data/synthetic/seadronessee_30m_to_80m/calibrated/train/train_00036803.png
train:36817,train:6577,train,36817,6577,6577.jpg,3840,2160,5,buoy,956.0,1161.0,58.0,88.0,5104.0,31.79844925327644,22.0,mavic,NorthSea_Fri_DJI_0114.MP4,4455,data/raw/seadronessee/odv2/images/train/6577.jpg,train,1610,180,400,1790,2010,train_00036817,80.0,640,0.39751552795031053,308.47204968944095,302.50931677018633,23.05590062111801,34.981366459627324,806.5269086840783,1.0,8fe6c319c145bfe6c41b4bd884be5417741d8218678ea8dfc0735cca6b82988f,data/synthetic/seadronessee_30m_to_80m/geometry_only/train/train_00036817.png,data/synthetic/seadronessee_30m_to_80m/calibrated/train/train_00036817.png
train:36819,train:6577,train,36819,6577,6577.jpg,3840,2160,1,swimmer,2275.0,974.0,36.0,20.0,720.0,31.79844925327644,22.0,mavic,NorthSea_Fri_DJI_0114.MP4,4455,data/raw/seadronessee/odv2/images/train/6577.jpg,train,1610,1488,179,3098,1789,train_00036819,80.0,640,0.39751552795031053,312.8447204968944,316.0248447204969,14.310559006211179,7.95031055900621,113.77338837236215,1.0,8fe6c319c145bfe6c41b4bd884be5417741d8218678ea8dfc0735cca6b82988f,data/synthetic/seadronessee_30m_to_80m/geometry_only/train/train_00036819.png,data/synthetic/seadronessee_30m_to_80m/calibrated/train/train_00036819.png
train:36820,train:6577,train,36820,6577,6577.jpg,3840,2160,1,swimmer,2142.0,984.0,20.0,15.0,300.0,31.79844925327644,22.0,mavic,NorthSea_Fri_DJI_0114.MP4,4455,data/raw/seadronessee/odv2/images/train/6577.jpg,train,1610,1347,186,2957,1796,train_00036820,80.0,640,0.39751552795031053,316.0248447204969,317.2173913043478,7.95031055900621,5.962732919254658,47.40557848848423,1.0,8fe6c319c145bfe6c41b4bd884be5417741d8218678ea8dfc0735cca6b82988f,data/synthetic/seadronessee_30m_to_80m/geometry_only/train/train_00036820.png,data/synthetic/seadronessee_30m_to_80m/calibrated/train/train_00036820.png
train:36821,train:6577,train,36821,6577,6577.jpg,3840,2160,1,swimmer,2004.0,995.0,52.0,22.0,1144.0,31.79844925327644,22.0,mavic,NorthSea_Fri_DJI_0114.MP4,4455,data/raw/seadronessee/odv2/images/train/6577.jpg,train,1610,1225,201,2835,1811,train_00036821,80.0,640,0.39751552795031053,309.6645962732919,315.62732919254654,20.67080745341615,8.745341614906831,180.77327263608655,1.0,8fe6c319c145bfe6c41b4bd884be5417741d8218678ea8dfc0735cca6b82988f,data/synthetic/seadronessee_30m_to_80m/geometry_only/train/train_00036821.png,data/synthetic/seadronessee_30m_to_80m/calibrated/train/train_00036821.png
train:36822,train:6577,train,36822,6577,6577.jpg,3840,2160,1,swimmer,2011.0,1103.0,36.0,26.0,936.0,31.79844925327644,22.0,mavic,NorthSea_Fri_DJI_0114.MP4,4455,data/raw/seadronessee/odv2/images/train/6577.jpg,train,1610,1224,311,2834,1921,train_00036822,80.0,640,0.39751552795031053,312.8447204968944,314.83229813664593,14.310559006211179,10.335403726708075,147.9054048840708,1.0,8fe6c319c145bfe6c41b4bd884be5417741d8218678ea8dfc0735cca6b82988f,data/synthetic/seadronessee_30m_to_80m/geometry_only/train/train_00036822.png,data/synthetic/seadronessee_30m_to_80m/calibrated/train/train_00036822.png
train:36823,train:6577,train,36823,6577,6577.jpg,3840,2160,1,swimmer,2171.0,1153.0,37.0,31.0,1147.0,31.79844925327644,22.0,mavic,NorthSea_Fri_DJI_0114.MP4,4455,data/raw/seadronessee/odv2/images/train/6577.jpg,train,1610,1384,364,2994,1974,train_00036823,80.0,640,0.39751552795031053,312.8447204968944,313.639751552795,14.70807453416149,12.322981366459626,181.24732842097137,1.0,8fe6c319c145bfe6c41b4bd884be5417741d8218678ea8dfc0735cca6b82988f,data/synthetic/seadronessee_30m_to_80m/geometry_only/train/train_00036823.png,data/synthetic/seadronessee_30m_to_80m/calibrated/train/train_00036823.png
train:36824,train:6577,train,36824,6577,6577.jpg,3840,2160,1,swimmer,2036.0,1149.0,24.0,19.0,456.0,31.79844925327644,22.0,mavic,NorthSea_Fri_DJI_0114.MP4,4455,data/raw/seadronessee/odv2/images/train/6577.jpg,train,1610,1243,354,2853,1964,train_00036824,80.0,640,0.39751552795031053,315.22981366459624,316.0248447204969,9.540372670807454,7.5527950310559,72.05647930249604,1.0,8fe6c319c145bfe6c41b4bd884be5417741d8218678ea8dfc0735cca6b82988f,data/synthetic/seadronessee_30m_to_80m/geometry_only/train/train_00036824.png,data/synthetic/seadronessee_30m_to_80m/calibrated/train/train_00036824.png
train:36828,train:6577,train,36828,6577,6577.jpg,3840,2160,1,swimmer,1968.0,1057.0,26.0,20.0,520.0,31.79844925327644,22.0,mavic,NorthSea_Fri_DJI_0114.MP4,4455,data/raw/seadronessee/odv2/images/train/6577.jpg,train,1610,1176,262,2786,1872,train_00036828,80.0,640,0.39751552795031053,314.83229813664593,316.0248447204969,10.335403726708075,7.95031055900621,82.16966938003934,1.0,8fe6c319c145bfe6c41b4bd884be5417741d8218678ea8dfc0735cca6b82988f,data/synthetic/seadronessee_30m_to_80m/geometry_only/train/train_00036828.png,data/synthetic/seadronessee_30m_to_80m/calibrated/train/train_00036828.png
train:36829,train:6577,train,36829,6577,6577.jpg,3840,2160,1,swimmer,1959.0,1076.0,57.0,21.0,1197.0,31.79844925327644,22.0,mavic,NorthSea_Fri_DJI_0114.MP4,4455,data/raw/seadronessee/odv2/images/train/6577.jpg,train,1610,1182,282,2792,1892,train_00036829,80.0,640,0.39751552795031053,308.8695652173913,315.62732919254654,22.658385093167702,8.347826086956522,189.14825816905213,1.0,8fe6c319c145bfe6c41b4bd884be5417741d8218678ea8dfc0735cca6b82988f,data/synthetic/seadronessee_30m_to_80m/geometry_only/train/train_00036829.png,data/synthetic/seadronessee_30m_to_80m/calibrated/train/train_00036829.png
train:36843,train:6579,train,36843,6579,6579.jpg,3840,2160,5,buoy,961.0,1165.0,59.0,88.0,5192.0,31.79844925327644,22.0,mavic,NorthSea_Fri_DJI_0114.MP4,4485,data/raw/seadronessee/odv2/images/train/6579.jpg,train,1610,186,404,1796,2014,train_00036843,80.0,640,0.39751552795031053,308.07453416149065,302.50931677018633,23.45341614906832,34.981366459627324,820.4325450407005,1.0,8fe6c319c145bfe6c41b4bd884be5417741d8218678ea8dfc0735cca6b82988f,data/synthetic/seadronessee_30m_to_80m/geometry_only/train/train_00036843.png,data/synthetic/seadronessee_30m_to_80m/calibrated/train/train_00036843.png
train:36845,train:6579,train,36845,6579,6579.jpg,3840,2160,1,swimmer,2270.0,968.0,48.0,28.0,1344.0,31.79844925327644,22.0,mavic,NorthSea_Fri_DJI_0114.MP4,4485,data/raw/seadronessee/odv2/images/train/6579.jpg,train,1610,1489,177,3099,1787,train_00036845,80.0,640,0.39751552795031053,310.45962732919253,314.4347826086956,19.080745341614907,11.130434782608695,212.3769916284094,1.0,8fe6c319c145bfe6c41b4bd884be5417741d8218678ea8dfc0735cca6b82988f,data/synthetic/seadronessee_30m_to_80m/geometry_only/train/train_00036845.png,data/synthetic/seadronessee_30m_to_80m/calibrated/train/train_00036845.png
train:36846,train:6579,train,36846,6579,6579.jpg,3840,2160,1,swimmer,2137.0,986.0,24.0,15.0,360.0,31.79844925327644,22.0,mavic,NorthSea_Fri_DJI_0114.MP4,4485,data/raw/seadronessee/odv2/images/train/6579.jpg,train,1610,1344,188,2954,1798,train_00036846,80.0,640,0.39751552795031053,315.22981366459624,317.2173913043478,9.540372670807454,5.962732919254658,56.88669418618109,1.0,8fe6c319c145bfe6c41b4bd884be5417741d8218678ea8dfc0735cca6b82988f,data/synthetic/seadronessee_30m_to_80m/geometry_only/train/train_00036846.png,data/synthetic/seadronessee_30m_to_80m/calibrated/train/train_00036846.png
train:36847,train:6579,train,36847,6579,6579.jpg,3840,2160,1,swimmer,2001.0,992.0,51.0,21.0,1071.0,31.79844925327644,22.0,mavic,NorthSea_Fri_DJI_0114.MP4,4485,data/raw/seadronessee/odv2/images/train/6579.jpg,train,1610,1222,198,2832,1808,train_00036847,80.0,640,0.39751552795031053,309.6645962732919,315.62732919254654,20.273291925465838,8.347826086956522,169.23791520388872,1.0,8fe6c319c145bfe6c41b4bd884be5417741d8218678ea8dfc0735cca6b82988f,data/synthetic/seadronessee_30m_to_80m/geometry_only/train/train_00036847.png,data/synthetic/seadronessee_30m_to_80m/calibrated/train/train_00036847.png
train:36848,train:6579,train,36848,6579,6579.jpg,3840,2160,1,swimmer,2001.0,1106.0,40.0,29.0,1160.0,31.79844925327644,22.0,mavic,NorthSea_Fri_DJI_0114.MP4,4485,data/raw/seadronessee/odv2/images/train/6579.jpg,train,1610,1216,316,2826,1926,train_00036848,80.0,640,0.39751552795031053,312.04968944099375,314.0372670807453,15.90062111801242,11.527950310559005,183.30157015547235,1.0,8fe6c319c145bfe6c41b4bd884be5417741d8218678ea8dfc0735cca6b82988f,data/synthetic/seadronessee_30m_to_80m/geometry_only/train/train_00036848.png,data/synthetic/seadronessee_30m_to_80m/calibrated/train/train_00036848.png
train:36849,train:6579,train,36849,6579,6579.jpg,3840,2160,1,swimmer,2161.0,1155.0,31.0,28.0,868.0,31.79844925327644,22.0,mavic,NorthSea_Fri_DJI_0114.MP4,4485,data/raw/seadronessee/odv2/images/train/6579.jpg,train,1610,1372,364,2982,1974,train_00036849,80.0,640,0.39751552795031053,313.639751552795,314.4347826086956,12.322981366459626,11.130434782608695,137.16014042668104,1.0,8fe6c319c145bfe6c41b4bd884be5417741d8218678ea8dfc0735cca6b82988f,data/synthetic/seadronessee_30m_to_80m/geometry_only/train/train_00036849.png,data/synthetic/seadronessee_30m_to_80m/calibrated/train/train_00036849.png
train:36850,train:6579,train,36850,6579,6579.jpg,3840,2160,1,swimmer,2027.0,1149.0,28.0,20.0,560.0,31.79844925327644,22.0,mavic,NorthSea_Fri_DJI_0114.MP4,4485,data/raw/seadronessee/odv2/images/train/6579.jpg,train,1610,1236,354,2846,1964,train_00036850,80.0,640,0.39751552795031053,314.4347826086956,316.0248447204969,11.130434782608695,7.95031055900621,88.4904131785039,1.0,8fe6c319c145bfe6c41b4bd884be5417741d8218678ea8dfc0735cca6b82988f,data/synthetic/seadronessee_30m_to_80m/geometry_only/train/train_00036850.png,data/synthetic/seadronessee_30m_to_80m/calibrated/train/train_00036850.png
train:36854,train:6579,train,36854,6579,6579.jpg,3840,2160,1,swimmer,1970.0,1057.0,25.0,19.0,475.0,31.79844925327644,22.0,mavic,NorthSea_Fri_DJI_0114.MP4,4485,data/raw/seadronessee/odv2/images/train/6579.jpg,train,1610,1178,262,2788,1872,train_00036854,80.0,640,0.39751552795031053,314.83229813664593,316.0248447204969,9.937888198757763,7.5527950310559,75.0588326067667,1.0,8fe6c319c145bfe6c41b4bd884be5417741d8218678ea8dfc0735cca6b82988f,data/synthetic/seadronessee_30m_to_80m/geometry_only/train/train_00036854.png,data/synthetic/seadronessee_30m_to_80m/calibrated/train/train_00036854.png
train:36855,train:6579,train,36855,6579,6579.jpg,3840,2160,1,swimmer,1957.0,1077.0,55.0,21.0,1155.0,31.79844925327644,22.0,mavic,NorthSea_Fri_DJI_0114.MP4,4485,data/raw/seadronessee/odv2/images/train/6579.jpg,train,1610,1180,282,2790,1892,train_00036855,80.0,640,0.39751552795031053,308.8695652173913,316.0248447204969,21.86335403726708,8.347826086956522,182.51147718066431,1.0,8fe6c319c145bfe6c41b4bd884be5417741d8218678ea8dfc0735cca6b82988f,data/synthetic/seadronessee_30m_to_80m/geometry_only/train/train_00036855.png,data/synthetic/seadronessee_30m_to_80m/calibrated/train/train_00036855.png
train:36869,train:6581,train,36869,6581,6581.jpg,3840,2160,5,buoy,963.0,1170.0,58.0,85.0,4930.0,31.79844925327644,22.0,mavic,NorthSea_Fri_DJI_0114.MP4,4515,data/raw/seadronessee/odv2/images/train/6581.jpg,train,1610,187,408,1797,2018,train_00036869,80.0,640,0.39751552795031053,308.47204968944095,302.90683229813664,23.05590062111801,33.7888198757764,779.0316731607576,1.0,8fe6c319c145bfe6c41b4bd884be5417741d8218678ea8dfc0735cca6b82988f,data/synthetic/seadronessee_30m_to_80m/geometry_only/train/train_00036869.png,data/synthetic/seadronessee_30m_to_80m/calibrated/train/train_00036869.png
train:36871,train:6581,train,36871,6581,6581.jpg,3840,2160,1,swimmer,2282.0,959.0,46.0,27.0,1242.0,31.79844925327644,22.0,mavic,NorthSea_Fri_DJI_0114.MP4,4515,data/raw/seadronessee/odv2/images/train/6581.jpg,train,1610,1500,168,3110,1778,train_00036871,80.0,640,0.39751552795031053,310.85714285714283,314.4347826086956,18.285714285714285,10.732919254658384,196.25909494232474,1.0,8fe6c319c145bfe6c41b4bd884be5417741d8218678ea8dfc0735cca6b82988f,data/synthetic/seadronessee_30m_to_80m/geometry_only/train/train_00036871.png,data/synthetic/seadronessee_30m_to_80m/calibrated/train/train_00036871.png
train:36872,train:6581,train,36872,6581,6581.jpg,3840,2160,1,swimmer,2151.0,976.0,19.0,13.0,247.0,31.79844925327644,22.0,mavic,NorthSea_Fri_DJI_0114.MP4,4515,data/raw/seadronessee/odv2/images/train/6581.jpg,train,1610,1356,178,2966,1788,train_00036872,80.0,640,0.39751552795031053,316.0248447204969,317.2173913043478,7.5527950310559,5.167701863354037,39.030592955518685,1.0,8fe6c319c145bfe6c41b4bd884be5417741d8218678ea8dfc0735cca6b82988f,data/synthetic/seadronessee_30m_to_80m/geometry_only/train/train_00036872.png,data/synthetic/seadronessee_30m_to_80m/calibrated/train/train_00036872.png
train:36873,train:6581,train,36873,6581,6581.jpg,3840,2160,1,swimmer,2010.0,992.0,53.0,21.0,1113.0,31.79844925327644,22.0,mavic,NorthSea_Fri_DJI_0114.MP4,4515,data/raw/seadronessee/odv2/images/train/6581.jpg,train,1610,1232,198,2842,1808,train_00036873,80.0,640,0.39751552795031053,309.2670807453416,315.62732919254654,21.068322981366457,8.347826086956522,175.8746961922765,1.0,8fe6c319c145bfe6c41b4bd884be5417741d8218678ea8dfc0735cca6b82988f,data/synthetic/seadronessee_30m_to_80m/geometry_only/train/train_00036873.png,data/synthetic/seadronessee_30m_to_80m/calibrated/train/train_00036873.png
train:36874,train:6581,train,36874,6581,6581.jpg,3840,2160,1,swimmer,2000.0,1115.0,42.0,30.0,1260.0,31.79844925327644,22.0,mavic,NorthSea_Fri_DJI_0114.MP4,4515,data/raw/seadronessee/odv2/images/train/6581.jpg,train,1610,1216,325,2826,1935,train_00036874,80.0,640,0.39751552795031053,311.65217391304344,314.0372670807453,16.695652173913043,11.925465838509316,199.1034296516338,1.0,8fe6c319c145bfe6c41b4bd884be5417741d8218678ea8dfc0735cca6b82988f,data/synthetic/seadronessee_30m_to_80m/geometry_only/train/train_00036874.png,data/synthetic/seadronessee_30m_to_80m/calibrated/train/train_00036874.png
train:36875,train:6581,train,36875,6581,6581.jpg,3840,2160,1,swimmer,2151.0,1162.0,29.0,26.0,754.0,31.79844925327644,22.0,mavic,NorthSea_Fri_DJI_0114.MP4,4515,data/raw/seadronessee/odv2/images/train/6581.jpg,train,1610,1360,370,2970,1980,train_00036875,80.0,640,0.39751552795031053,314.4347826086956,314.83229813664593,11.527950310559005,10.335403726708075,119.14602060105705,1.0,8fe6c319c145bfe6c41b4bd884be5417741d8218678ea8dfc0735cca6b82988f,data/synthetic/seadronessee_30m_to_80m/geometry_only/train/train_00036875.png,data/synthetic/seadronessee_30m_to_80m/calibrated/train/train_00036875.png
train:36876,train:6581,train,36876,6581,6581.jpg,3840,2160,1,swimmer,2017.0,1158.0,27.0,19.0,513.0,31.79844925327644,22.0,mavic,NorthSea_Fri_DJI_0114.MP4,4515,data/raw/seadronessee/odv2/images/train/6581.jpg,train,1610,1226,362,2836,1972,train_00036876,80.0,640,0.39751552795031053,314.4347826086956,316.4223602484472,10.732919254658384,7.5527950310559,81.06353921530804,1.0,8fe6c319c145bfe6c41b4bd884be5417741d8218678ea8dfc0735cca6b82988f,data/synthetic/seadronessee_30m_to_80m/geometry_only/train/train_00036876.png,data/synthetic/seadronessee_30m_to_80m/calibrated/train/train_00036876.png
train:36880,train:6581,train,36880,6581,6581.jpg,3840,2160,1,swimmer,1956.0,1061.0,46.0,23.0,1058.0,31.79844925327644,22.0,mavic,NorthSea_Fri_DJI_0114.MP4,4515,data/raw/seadronessee/odv2/images/train/6581.jpg,train,1610,1174,268,2784,1878,train_00036880,80.0,640,0.39751552795031053,310.85714285714283,315.22981366459624,18.285714285714285,9.142857142857142,167.18367346938774,1.0,8fe6c319c145bfe6c41b4bd884be5417741d8218678ea8dfc0735cca6b82988f,data/synthetic/seadronessee_30m_to_80m/geometry_only/train/train_00036880.png,data/synthetic/seadronessee_30m_to_80m/calibrated/train/train_00036880.png
train:36881,train:6581,train,36881,6581,6581.jpg,3840,2160,1,swimmer,1962.0,1087.0,56.0,20.0,1120.0,31.79844925327644,22.0,mavic,NorthSea_Fri_DJI_0114.MP4,4515,data/raw/seadronessee/odv2/images/train/6581.jpg,train,1610,1185,292,2795,1902,train_00036881,80.0,640,0.39751552795031053,308.8695652173913,316.0248447204969,22.26086956521739,7.95031055900621,176.9808263570078,1.0,8fe6c319c145bfe6c41b4bd884be5417741d8218678ea8dfc0735cca6b82988f,data/synthetic/seadronessee_30m_to_80m/geometry_only/train/train_00036881.png,data/synthetic/seadronessee_30m_to_80m/calibrated/train/train_00036881.png
train:36895,train:6583,train,36895,6583,6583.jpg,3840,2160,5,buoy,948.0,1144.0,59.0,86.0,5074.0,31.79844925327644,22.0,mavic,NorthSea_Fri_DJI_0114.MP4,4545,data/raw/seadronessee/odv2/images/train/6583.jpg,train,1610,172,382,1782,1992,train_00036895,80.0,640,0.39751552795031053,308.47204968944095,302.90683229813664,23.45341614906832,34.18633540372671,801.7863508352301,1.0,8fe6c319c145bfe6c41b4bd884be5417741d8218678ea8dfc0735cca6b82988f,data/synthetic/seadronessee_30m_to_80m/geometry_only/train/train_00036895.png,data/synthetic/seadronessee_30m_to_80m/calibrated/train/train_00036895.png
train:36897,train:6583,train,36897,6583,6583.jpg,3840,2160,1,swimmer,2279.0,929.0,40.0,25.0,1000.0,31.79844925327644,22.0,mavic,NorthSea_Fri_DJI_0114.MP4,4545,data/raw/seadronessee/odv2/images/train/6583.jpg,train,1610,1494,136,3104,1746,train_00036897,80.0,640,0.39751552795031053,312.04968944099375,315.22981366459624,15.90062111801242,9.937888198757763,158.0185949616141,1.0,8fe6c319c145bfe6c41b4bd884be5417741d8218678ea8dfc0735cca6b82988f,data/synthetic/seadronessee_30m_to_80m/geometry_only/train/train_00036897.png,data/synthetic/seadronessee_30m_to_80m/calibrated/train/train_00036897.png
train:36898,train:6583,train,36898,6583,6583.jpg,3840,2160,1,swimmer,2157.0,937.0,17.0,19.0,323.0,31.79844925327644,22.0,mavic,NorthSea_Fri_DJI_0114.MP4,4545,data/raw/seadronessee/odv2/images/train/6583.jpg,train,1610,1360,142,2970,1752,train_00036898,80.0,640,0.39751552795031053,316.8198757763975,316.0248447204969,6.757763975155279,7.5527950310559,51.04000617260136,1.0,8fe6c319c145bfe6c41b4bd884be5417741d8218678ea8dfc0735cca6b82988f,data/synthetic/seadronessee_30m_to_80m/geometry_only/train/train_00036898.png,data/synthetic/seadronessee_30m_to_80m/calibrated/train/train_00036898.png
train:36899,train:6583,train,36899,6583,6583.jpg,3840,2160,1,swimmer,2014.0,960.0,53.0,21.0,1113.0,31.79844925327644,22.0,mavic,NorthSea_Fri_DJI_0114.MP4,4545,data/raw/seadronessee/odv2/images/train/6583.jpg,train,1610,1236,166,2846,1776,train_00036899,80.0,640,0.39751552795031053,309.2670807453416,315.62732919254654,21.068322981366457,8.347826086956522,175.8746961922765,1.0,8fe6c319c145bfe6c41b4bd884be5417741d8218678ea8dfc0735cca6b82988f,data/synthetic/seadronessee_30m_to_80m/geometry_only/train/train_00036899.png,data/synthetic/seadronessee_30m_to_80m/calibrated/train/train_00036899.png
train:36900,train:6583,train,36900,6583,6583.jpg,3840,2160,1,swimmer,2137.0,1134.0,20.0,20.0,400.0,31.79844925327644,22.0,mavic,NorthSea_Fri_DJI_0114.MP4,4545,data/raw/seadronessee/odv2/images/train/6583.jpg,train,1610,1342,339,2952,1949,train_00036900,80.0,640,0.39751552795031053,316.0248447204969,316.0248447204969,7.95031055900621,7.95031055900621,63.20743798464564,1.0,8fe6c319c145bfe6c41b4bd884be5417741d8218678ea8dfc0735cca6b82988f,data/synthetic/seadronessee_30m_to_80m/geometry_only/train/train_00036900.png,data/synthetic/seadronessee_30m_to_80m/calibrated/train/train_00036900.png
train:36901,train:6583,train,36901,6583,6583.jpg,3840,2160,1,swimmer,2017.0,1138.0,22.0,19.0,418.0,31.79844925327644,22.0,mavic,NorthSea_Fri_DJI_0114.MP4,4545,data/raw/seadronessee/odv2/images/train/6583.jpg,train,1610,1223,342,2833,1952,train_00036901,80.0,640,0.39751552795031053,315.62732919254654,316.4223602484472,8.745341614906831,7.5527950310559,66.05177269395469,1.0,8fe6c319c145bfe6c41b4bd884be5417741d8218678ea8dfc0735cca6b82988f,data/synthetic/seadronessee_30m_to_80m/geometry_only/train/train_00036901.png,data/synthetic/seadronessee_30m_to_80m/calibrated/train/train_00036901.png
train:36905,train:6583,train,36905,6583,6583.jpg,3840,2160,1,swimmer,1959.0,1032.0,42.0,23.0,966.0,31.79844925327644,22.0,mavic,NorthSea_Fri_DJI_0114.MP4,4545,data/raw/seadronessee/odv2/images/train/6583.jpg,train,1610,1175,238,2785,1848,train_00036905,80.0,640,0.39751552795031053,311.65217391304344,315.62732919254654,16.695652173913043,9.142857142857142,152.64596273291923,1.0,8fe6c319c145bfe6c41b4bd884be5417741d8218678ea8dfc0735cca6b82988f,data/synthetic/seadronessee_30m_to_80m/geometry_only/train/train_00036905.png,data/synthetic/seadronessee_30m_to_80m/calibrated/train/train_00036905.png
train:36906,train:6583,train,36906,6583,6583.jpg,3840,2160,1,swimmer,1959.0,1055.0,59.0,20.0,1180.0,31.79844925327644,22.0,mavic,NorthSea_Fri_DJI_0114.MP4,4545,data/raw/seadronessee/odv2/images/train/6583.jpg,train,1610,1184,260,2794,1870,train_00036906,80.0,640,0.39751552795031053,308.07453416149065,316.0248447204969,23.45341614906832,7.95031055900621,186.46194205470465,1.0,8fe6c319c145bfe6c41b4bd884be5417741d8218678ea8dfc0735cca6b82988f,data/synthetic/seadronessee_30m_to_80m/geometry_only/train/train_00036906.png,data/synthetic/seadronessee_30m_to_80m/calibrated/train/train_00036906.png
train:36907,train:6583,train,36907,6583,6583.jpg,3840,2160,1,swimmer,2001.0,1094.0,46.0,25.0,1150.0,31.79844925327644,22.0,mavic,NorthSea_Fri_DJI_0114.MP4,4545,data/raw/seadronessee/odv2/images/train/6583.jpg,train,1610,1219,302,2829,1912,train_00036907,80.0,640,0.39751552795031053,310.85714285714283,314.83229813664593,18.285714285714285,9.937888198757763,181.72138420585622,1.0,8fe6c319c145bfe6c41b4bd884be5417741d8218678ea8dfc0735cca6b82988f,data/synthetic/seadronessee_30m_to_80m/geometry_only/train/train_00036907.png,data/synthetic/seadronessee_30m_to_80m/calibrated/train/train_00036907.png
train:36938,train:6587,train,36938,6587,6587.jpg,3840,2160,5,buoy,857.0,865.0,61.0,96.0,5856.0,31.79844925327644,30.5,mavic,NorthSea_Fri_DJI_0114.MP4,4605,data/raw/seadronessee/odv2/images/train/6587.jpg,train,1610,82,108,1692,1718,train_00036938,80.0,640,0.39751552795031053,308.07453416149065,300.91925465838506,24.248447204968944,38.161490683229815,925.3568920952124,1.0,8fe6c319c145bfe6c41b4bd884be5417741d8218678ea8dfc0735cca6b82988f,data/synthetic/seadronessee_30m_to_80m/geometry_only/train/train_00036938.png,data/synthetic/seadronessee_30m_to_80m/calibrated/train/train_00036938.png
train:36945,train:6587,train,36945,6587,6587.jpg,3840,2160,1,swimmer,1993.0,816.0,62.0,17.0,1054.0,31.79844925327644,30.5,mavic,NorthSea_Fri_DJI_0114.MP4,4605,data/raw/seadronessee/odv2/images/train/6587.jpg,train,1610,1219,20,2829,1630,train_00036945,80.0,640,0.39751552795031053,307.67701863354034,316.4223602484472,24.64596273291925,6.757763975155279,166.55159908954127,1.0,8fe6c319c145bfe6c41b4bd884be5417741d8218678ea8dfc0735cca6b82988f,data/synthetic/seadronessee_30m_to_80m/geometry_only/train/train_00036945.png,data/synthetic/seadronessee_30m_to_80m/calibrated/train/train_00036945.png
train:36946,train:6587,train,36946,6587,6587.jpg,3840,2160,1,swimmer,2109.0,851.0,24.0,26.0,624.0,31.79844925327644,30.5,mavic,NorthSea_Fri_DJI_0114.MP4,4605,data/raw/seadronessee/odv2/images/train/6587.jpg,train,1610,1316,59,2926,1669,train_00036946,80.0,640,0.39751552795031053,315.22981366459624,314.83229813664593,9.540372670807454,10.335403726708075,98.60360325604722,1.0,8fe6c319c145bfe6c41b4bd884be5417741d8218678ea8dfc0735cca6b82988f,data/synthetic/seadronessee_30m_to_80m/geometry_only/train/train_00036946.png,data/synthetic/seadronessee_30m_to_80m/calibrated/train/train_00036946.png
train:36947,train:6587,train,36947,6587,6587.jpg,3840,2160,1,swimmer,1999.0,861.0,27.0,22.0,594.0,31.79844925327644,30.5,mavic,NorthSea_Fri_DJI_0114.MP4,4605,data/raw/seadronessee/odv2/images/train/6587.jpg,train,1610,1208,67,2818,1677,train_00036947,80.0,640,0.39751552795031053,314.4347826086956,315.62732919254654,10.732919254658384,8.745341614906831,93.86304540719877,1.0,8fe6c319c145bfe6c41b4bd884be5417741d8218678ea8dfc0735cca6b82988f,data/synthetic/seadronessee_30m_to_80m/geometry_only/train/train_00036947.png,data/synthetic/seadronessee_30m_to_80m/calibrated/train/train_00036947.png
train:36958,train:6589,train,36958,6589,6589.jpg,3840,2160,5,buoy,833.0,886.0,65.0,94.0,6110.0,31.89844437671441,29.4,mavic,NorthSea_Fri_DJI_0114.MP4,4635,data/raw/seadronessee/odv2/images/train/6589.jpg,train,1605,63,130,1668,1735,train_00036958,80.0,640,0.3987538940809969,307.0404984423676,301.4579439252336,25.919003115264797,37.482866043613704,971.5185217534766,1.0,8fe6c319c145bfe6c41b4bd884be5417741d8218678ea8dfc0735cca6b82988f,data/synthetic/seadronessee_30m_to_80m/geometry_only/train/train_00036958.png,data/synthetic/seadronessee_30m_to_80m/calibrated/train/train_00036958.png
train:36965,train:6589,train,36965,6589,6589.jpg,3840,2160,1,swimmer,1993.0,825.0,45.0,19.0,855.0,31.89844437671441,29.4,mavic,NorthSea_Fri_DJI_0114.MP4,4635,data/raw/seadronessee/odv2/images/train/6589.jpg,train,1605,1213,32,2818,1637,train_00036965,80.0,640,0.3987538940809969,311.02803738317755,316.2118380062305,17.94392523364486,7.576323987538941,135.94899117826884,1.0,8fe6c319c145bfe6c41b4bd884be5417741d8218678ea8dfc0735cca6b82988f,data/synthetic/seadronessee_30m_to_80m/geometry_only/train/train_00036965.png,data/synthetic/seadronessee_30m_to_80m/calibrated/train/train_00036965.png
train:36966,train:6589,train,36966,6589,6589.jpg,3840,2160,1,swimmer,2096.0,861.0,25.0,26.0,650.0,31.89844437671441,29.4,mavic,NorthSea_Fri_DJI_0114.MP4,4635,data/raw/seadronessee/odv2/images/train/6589.jpg,train,1605,1306,72,2911,1677,train_00036966,80.0,640,0.3987538940809969,315.01557632398755,314.6168224299065,9.968847352024921,10.367601246105918,103.35303422909325,1.0,8fe6c319c145bfe6c41b4bd884be5417741d8218678ea8dfc0735cca6b82988f,data/synthetic/seadronessee_30m_to_80m/geometry_only/train/train_00036966.png,data/synthetic/seadronessee_30m_to_80m/calibrated/train/train_00036966.png
train:36967,train:6589,train,36967,6589,6589.jpg,3840,2160,1,swimmer,1989.0,879.0,26.0,20.0,520.0,31.89844437671441,29.4,mavic,NorthSea_Fri_DJI_0114.MP4,4635,data/raw/seadronessee/odv2/images/train/6589.jpg,train,1605,1200,86,2805,1691,train_00036967,80.0,640,0.3987538940809969,314.6168224299065,316.2118380062305,10.367601246105918,7.975077881619938,82.68242738327461,1.0,8fe6c319c145bfe6c41b4bd884be5417741d8218678ea8dfc0735cca6b82988f,data/synthetic/seadronessee_30m_to_80m/geometry_only/train/train_00036967.png,data/synthetic/seadronessee_30m_to_80m/calibrated/train/train_00036967.png
train:36978,train:6591,train,36978,6591,6591.jpg,3840,2160,5,buoy,801.0,925.0,64.0,97.0,6208.0,31.79844925327644,29.4,mavic,NorthSea_Fri_DJI_0114.MP4,4665,data/raw/seadronessee/odv2/images/train/6591.jpg,train,1610,28,168,1638,1778,train_00036978,80.0,640,0.39751552795031053,307.27950310559004,300.91925465838506,25.440993788819874,38.55900621118012,980.9794375217003,1.0,8fe6c319c145bfe6c41b4bd884be5417741d8218678ea8dfc0735cca6b82988f,data/synthetic/seadronessee_30m_to_80m/geometry_only/train/train_00036978.png,data/synthetic/seadronessee_30m_to_80m/calibrated/train/train_00036978.png
train:36984,train:6591,train,36984,6591,6591.jpg,3840,2160,1,swimmer,1934.0,811.0,60.0,26.0,1560.0,31.79844925327644,29.4,mavic,NorthSea_Fri_DJI_0114.MP4,4665,data/raw/seadronessee/odv2/images/train/6591.jpg,train,1610,1159,19,2769,1629,train_00036984,80.0,640,0.39751552795031053,308.07453416149065,314.83229813664593,23.850931677018632,10.335403726708075,246.50900814011803,1.0,8fe6c319c145bfe6c41b4bd884be5417741d8218678ea8dfc0735cca6b82988f,data/synthetic/seadronessee_30m_to_80m/geometry_only/train/train_00036984.png,data/synthetic/seadronessee_30m_to_80m/calibrated/train/train_00036984.png
train:36985,train:6591,train,36985,6591,6591.jpg,3840,2160,1,swimmer,1994.0,858.0,25.0,16.0,400.0,31.79844925327644,29.4,mavic,NorthSea_Fri_DJI_0114.MP4,4665,data/raw/seadronessee/odv2/images/train/6591.jpg,train,1610,1202,61,2812,1671,train_00036985,80.0,640,0.39751552795031053,314.83229813664593,316.8198757763975,9.937888198757763,6.3602484472049685,63.207437984645644,1.0,8fe6c319c145bfe6c41b4bd884be5417741d8218678ea8dfc0735cca6b82988f,data/synthetic/seadronessee_30m_to_80m/geometry_only/train/train_00036985.png,data/synthetic/seadronessee_30m_to_80m/calibrated/train/train_00036985.png
train:36986,train:6591,train,36986,6591,6591.jpg,3840,2160,1,swimmer,2077.0,899.0,23.0,28.0,644.0,31.79844925327644,29.4,mavic,NorthSea_Fri_DJI_0114.MP4,4665,data/raw/seadronessee/odv2/images/train/6591.jpg,train,1610,1284,108,2894,1718,train_00036986,80.0,640,0.39751552795031053,315.22981366459624,314.4347826086956,9.142857142857142,11.130434782608695,101.7639751552795,1.0,8fe6c319c145bfe6c41b4bd884be5417741d8218678ea8dfc0735cca6b82988f,data/synthetic/seadronessee_30m_to_80m/geometry_only/train/train_00036986.png,data/synthetic/seadronessee_30m_to_80m/calibrated/train/train_00036986.png
train:36987,train:6591,train,36987,6591,6591.jpg,3840,2160,1,swimmer,1970.0,914.0,26.0,20.0,520.0,31.79844925327644,29.4,mavic,NorthSea_Fri_DJI_0114.MP4,4665,data/raw/seadronessee/odv2/images/train/6591.jpg,train,1610,1178,119,2788,1729,train_00036987,80.0,640,0.39751552795031053,314.83229813664593,316.0248447204969,10.335403726708075,7.95031055900621,82.16966938003934,1.0,8fe6c319c145bfe6c41b4bd884be5417741d8218678ea8dfc0735cca6b82988f,data/synthetic/seadronessee_30m_to_80m/geometry_only/train/train_00036987.png,data/synthetic/seadronessee_30m_to_80m/calibrated/train/train_00036987.png
train:36998,train:6593,train,36998,6593,6593.jpg,3840,2160,5,buoy,788.0,951.0,66.0,97.0,6402.0,31.79844925327644,29.4,mavic,NorthSea_Fri_DJI_0114.MP4,4695,data/raw/seadronessee/odv2/images/train/6593.jpg,train,1610,16,194,1626,1804,train_00036998,80.0,640,0.39751552795031053,306.88198757763973,300.91925465838506,26.236024844720497,38.55900621118012,1011.6350449442535,1.0,8fe6c319c145bfe6c41b4bd884be5417741d8218678ea8dfc0735cca6b82988f,data/synthetic/seadronessee_30m_to_80m/geometry_only/train/train_00036998.png,data/synthetic/seadronessee_30m_to_80m/calibrated/train/train_00036998.png
train:37003,train:6593,train,37003,6593,6593.jpg,3840,2160,1,swimmer,1919.0,804.0,44.0,22.0,968.0,31.79844925327644,29.4,mavic,NorthSea_Fri_DJI_0114.MP4,4695,data/raw/seadronessee/odv2/images/train/6593.jpg,train,1610,1136,10,2746,1620,train_00037003,80.0,640,0.39751552795031053,311.25465838509314,315.62732919254654,17.490683229813662,8.745341614906831,152.96199992284244,1.0,8fe6c319c145bfe6c41b4bd884be5417741d8218678ea8dfc0735cca6b82988f,data/synthetic/seadronessee_30m_to_80m/geometry_only/train/train_00037003.png,data/synthetic/seadronessee_30m_to_80m/calibrated/train/train_00037003.png
train:37004,train:6593,train,37004,6593,6593.jpg,3840,2160,1,swimmer,1925.0,835.0,53.0,24.0,1272.0,31.79844925327644,29.4,mavic,NorthSea_Fri_DJI_0114.MP4,4695,data/raw/seadronessee/odv2/images/train/6593.jpg,train,1610,1146,42,2756,1652,train_00037004,80.0,640,0.39751552795031053,309.6645962732919,315.22981366459624,21.068322981366457,9.540372670807454,200.99965279117316,1.0,8fe6c319c145bfe6c41b4bd884be5417741d8218678ea8dfc0735cca6b82988f,data/synthetic/seadronessee_30m_to_80m/geometry_only/train/train_00037004.png,data/synthetic/seadronessee_30m_to_80m/calibrated/train/train_00037004.png
train:37005,train:6593,train,37005,6593,6593.jpg,3840,2160,1,swimmer,1974.0,888.0,25.0,18.0,450.0,31.79844925327644,29.4,mavic,NorthSea_Fri_DJI_0114.MP4,4695,data/raw/seadronessee/odv2/images/train/6593.jpg,train,1610,1182,92,2792,1702,train_00037005,80.0,640,0.39751552795031053,314.83229813664593,316.4223602484472,9.937888198757763,7.155279503105589,71.10836773272635,1.0,8fe6c319c145bfe6c41b4bd884be5417741d8218678ea8dfc0735cca6b82988f,data/synthetic/seadronessee_30m_to_80m/geometry_only/train/train_00037005.png,data/synthetic/seadronessee_30m_to_80m/calibrated/train/train_00037005.png
train:37006,train:6593,train,37006,6593,6593.jpg,3840,2160,1,swimmer,2057.0,928.0,22.0,26.0,572.0,31.79844925327644,29.4,mavic,NorthSea_Fri_DJI_0114.MP4,4695,data/raw/seadronessee/odv2/images/train/6593.jpg,train,1610,1263,136,2873,1746,train_00037006,80.0,640,0.39751552795031053,315.62732919254654,314.83229813664593,8.745341614906831,10.335403726708075,90.38663631804327,1.0,8fe6c319c145bfe6c41b4bd884be5417741d8218678ea8dfc0735cca6b82988f,data/synthetic/seadronessee_30m_to_80m/geometry_only/train/train_00037006.png,data/synthetic/seadronessee_30m_to_80m/calibrated/train/train_00037006.png
train:37007,train:6593,train,37007,6593,6593.jpg,3840,2160,1,swimmer,1947.0,945.0,31.0,21.0,651.0,31.79844925327644,29.4,mavic,NorthSea_Fri_DJI_0114.MP4,4695,data/raw/seadronessee/odv2/images/train/6593.jpg,train,1610,1158,150,2768,1760,train_00037007,80.0,640,0.39751552795031053,313.639751552795,316.0248447204969,12.322981366459626,8.347826086956522,102.87010532001078,1.0,8fe6c319c145bfe6c41b4bd884be5417741d8218678ea8dfc0735cca6b82988f,data/synthetic/seadronessee_30m_to_80m/geometry_only/train/train_00037007.png,data/synthetic/seadronessee_30m_to_80m/calibrated/train/train_00037007.png
train:37008,train:6593,train,37008,6593,6593.jpg,3840,2160,1,swimmer,1947.0,946.0,47.0,21.0,987.0,31.79844925327644,29.4,mavic,NorthSea_Fri_DJI_0114.MP4,4695,data/raw/seadronessee/odv2/images/train/6593.jpg,train,1610,1166,152,2776,1762,train_00037008,80.0,640,0.39751552795031053,310.45962732919253,315.62732919254654,18.683229813664596,8.347826086956522,155.96435322711315,1.0,8fe6c319c145bfe6c41b4bd884be5417741d8218678ea8dfc0735cca6b82988f,data/synthetic/seadronessee_30m_to_80m/geometry_only/train/train_00037008.png,data/synthetic/seadronessee_30m_to_80m/calibrated/train/train_00037008.png
train:37019,train:6595,train,37019,6595,6595.jpg,3840,2160,5,buoy,778.0,945.0,66.0,97.0,6402.0,31.79844925327644,29.4,mavic,NorthSea_Fri_DJI_0114.MP4,4725,data/raw/seadronessee/odv2/images/train/6595.jpg,train,1610,6,188,1616,1798,train_00037019,80.0,640,0.39751552795031053,306.88198757763973,300.91925465838506,26.236024844720497,38.55900621118012,1011.6350449442535,1.0,8fe6c319c145bfe6c41b4bd884be5417741d8218678ea8dfc0735cca6b82988f,data/synthetic/seadronessee_30m_to_80m/geometry_only/train/train_00037019.png,data/synthetic/seadronessee_30m_to_80m/calibrated/train/train_00037019.png
train:37025,train:6595,train,37025,6595,6595.jpg,3840,2160,1,swimmer,1913.0,829.0,57.0,23.0,1311.0,31.79844925327644,29.4,mavic,NorthSea_Fri_DJI_0114.MP4,4725,data/raw/seadronessee/odv2/images/train/6595.jpg,train,1610,1136,36,2746,1646,train_00037025,80.0,640,0.39751552795031053,308.8695652173913,315.22981366459624,22.658385093167702,9.142857142857142,207.16237799467612,1.0,8fe6c319c145bfe6c41b4bd884be5417741d8218678ea8dfc0735cca6b82988f,data/synthetic/seadronessee_30m_to_80m/geometry_only/train/train_00037025.png,data/synthetic/seadronessee_30m_to_80m/calibrated/train/train_00037025.png
train:37026,train:6595,train,37026,6595,6595.jpg,3840,2160,1,swimmer,1959.0,883.0,25.0,18.0,450.0,31.79844925327644,29.4,mavic,NorthSea_Fri_DJI_0114.MP4,4725,data/raw/seadronessee/odv2/images/train/6595.jpg,train,1610,1166,87,2776,1697,train_00037026,80.0,640,0.39751552795031053,315.22981366459624,316.4223602484472,9.937888198757763,7.155279503105589,71.10836773272635,1.0,8fe6c319c145bfe6c41b4bd884be5417741d8218678ea8dfc0735cca6b82988f,data/synthetic/seadronessee_30m_to_80m/geometry_only/train/train_00037026.png,data/synthetic/seadronessee_30m_to_80m/calibrated/train/train_00037026.png
train:37027,train:6595,train,37027,6595,6595.jpg,3840,2160,1,swimmer,2030.0,930.0,21.0,26.0,546.0,31.79844925327644,29.4,mavic,NorthSea_Fri_DJI_0114.MP4,4725,data/raw/seadronessee/odv2/images/train/6595.jpg,train,1610,1236,138,2846,1748,train_00037027,80.0,640,0.39751552795031053,315.62732919254654,314.83229813664593,8.347826086956522,10.335403726708075,86.27815284904132,1.0,8fe6c319c145bfe6c41b4bd884be5417741d8218678ea8dfc0735cca6b82988f,data/synthetic/seadronessee_30m_to_80m/geometry_only/train/train_00037027.png,data/synthetic/seadronessee_30m_to_80m/calibrated/train/train_00037027.png
train:37028,train:6595,train,37028,6595,6595.jpg,3840,2160,1,swimmer,1928.0,948.0,46.0,21.0,966.0,31.79844925327644,29.4,mavic,NorthSea_Fri_DJI_0114.MP4,4725,data/raw/seadronessee/odv2/images/train/6595.jpg,train,1610,1146,154,2756,1764,train_00037028,80.0,640,0.39751552795031053,310.85714285714283,315.62732919254654,18.285714285714285,8.347826086956522,152.64596273291923,1.0,8fe6c319c145bfe6c41b4bd884be5417741d8218678ea8dfc0735cca6b82988f,data/synthetic/seadronessee_30m_to_80m/geometry_only/train/train_00037028.png,data/synthetic/seadronessee_30m_to_80m/calibrated/train/train_00037028.png
train:37044,train:6597,train,37044,6597,6597.jpg,3840,2160,1,swimmer,1924.0,819.0,25.0,22.0,550.0,31.79844925327644,29.4,mavic,NorthSea_Fri_DJI_0114.MP4,4755,data/raw/seadronessee/odv2/images/train/6597.jpg,train,1610,1132,25,2742,1635,train_00037044,80.0,640,0.39751552795031053,314.83229813664593,315.62732919254654,9.937888198757763,8.745341614906831,86.91022722888775,1.0,8fe6c319c145bfe6c41b4bd884be5417741d8218678ea8dfc0735cca6b82988f,data/synthetic/seadronessee_30m_to_80m/geometry_only/train/train_00037044.png,data/synthetic/seadronessee_30m_to_80m/calibrated/train/train_00037044.png
train:37045,train:6597,train,37045,6597,6597.jpg,3840,2160,1,swimmer,1906.0,857.0,62.0,26.0,1612.0,31.79844925327644,29.4,mavic,NorthSea_Fri_DJI_0114.MP4,4755,data/raw/seadronessee/odv2/images/train/6597.jpg,train,1610,1132,65,2742,1675,train_00037045,80.0,640,0.39751552795031053,307.67701863354034,314.83229813664593,24.64596273291925,10.335403726708075,254.72597507812196,1.0,8fe6c319c145bfe6c41b4bd884be5417741d8218678ea8dfc0735cca6b82988f,data/synthetic/seadronessee_30m_to_80m/geometry_only/train/train_00037045.png,data/synthetic/seadronessee_30m_to_80m/calibrated/train/train_00037045.png
train:37046,train:6597,train,37046,6597,6597.jpg,3840,2160,1,swimmer,1951.0,911.0,26.0,18.0,468.0,31.79844925327644,29.4,mavic,NorthSea_Fri_DJI_0114.MP4,4755,data/raw/seadronessee/odv2/images/train/6597.jpg,train,1610,1159,115,2769,1725,train_00037046,80.0,640,0.39751552795031053,314.83229813664593,316.4223602484472,10.335403726708075,7.155279503105589,73.9527024420354,1.0,8fe6c319c145bfe6c41b4bd884be5417741d8218678ea8dfc0735cca6b82988f,data/synthetic/seadronessee_30m_to_80m/geometry_only/train/train_00037046.png,data/synthetic/seadronessee_30m_to_80m/calibrated/train/train_00037046.png
train:37047,train:6597,train,37047,6597,6597.jpg,3840,2160,1,swimmer,2012.0,958.0,22.0,26.0,572.0,31.79844925327644,29.4,mavic,NorthSea_Fri_DJI_0114.MP4,4755,data/raw/seadronessee/odv2/images/train/6597.jpg,train,1610,1218,166,2828,1776,train_00037047,80.0,640,0.39751552795031053,315.62732919254654,314.83229813664593,8.745341614906831,10.335403726708075,90.38663631804327,1.0,8fe6c319c145bfe6c41b4bd884be5417741d8218678ea8dfc0735cca6b82988f,data/synthetic/seadronessee_30m_to_80m/geometry_only/train/train_00037047.png,data/synthetic/seadronessee_30m_to_80m/calibrated/train/train_00037047.png
train:37048,train:6597,train,37048,6597,6597.jpg,3840,2160,1,swimmer,1909.0,979.0,48.0,21.0,1008.0,31.79844925327644,29.4,mavic,NorthSea_Fri_DJI_0114.MP4,4755,data/raw/seadronessee/odv2/images/train/6597.jpg,train,1610,1128,184,2738,1794,train_00037048,80.0,640,0.39751552795031053,310.45962732919253,316.0248447204969,19.080745341614907,8.347826086956522,159.28274372130704,1.0,8fe6c319c145bfe6c41b4bd884be5417741d8218678ea8dfc0735cca6b82988f,data/synthetic/seadronessee_30m_to_80m/geometry_only/train/train_00037048.png,data/synthetic/seadronessee_30m_to_80m/calibrated/train/train_00037048.png
train:37064,train:6599,train,37064,6599,6599.jpg,3840,2160,1,swimmer,1907.0,891.0,25.0,27.0,675.0,31.79844925327644,29.4,mavic,NorthSea_Fri_DJI_0114.MP4,4785,data/raw/seadronessee/odv2/images/train/6599.jpg,train,1610,1114,100,2724,1710,train_00037064,80.0,640,0.39751552795031053,315.22981366459624,314.4347826086956,9.937888198757763,10.732919254658384,106.66255159908953,1.0,8fe6c319c145bfe6c41b4bd884be5417741d8218678ea8dfc0735cca6b82988f,data/synthetic/seadronessee_30m_to_80m/geometry_only/train/train_00037064.png,data/synthetic/seadronessee_30m_to_80m/calibrated/train/train_00037064.png
train:37065,train:6599,train,37065,6599,6599.jpg,3840,2160,1,swimmer,1896.0,933.0,67.0,31.0,2077.0,31.79844925327644,29.4,mavic,NorthSea_Fri_DJI_0114.MP4,4785,data/raw/seadronessee/odv2/images/train/6599.jpg,train,1610,1124,144,2734,1754,train_00037065,80.0,640,0.39751552795031053,306.88198757763973,313.639751552795,26.633540372670804,12.322981366459626,328.2046217352725,1.0,8fe6c319c145bfe6c41b4bd884be5417741d8218678ea8dfc0735cca6b82988f,data/synthetic/seadronessee_30m_to_80m/geometry_only/train/train_00037065.png,data/synthetic/seadronessee_30m_to_80m/calibrated/train/train_00037065.png
train:37066,train:6599,train,37066,6599,6599.jpg,3840,2160,1,swimmer,1945.0,997.0,31.0,21.0,651.0,31.79844925327644,29.4,mavic,NorthSea_Fri_DJI_0114.MP4,4785,data/raw/seadronessee/odv2/images/train/6599.jpg,train,1610,1156,202,2766,1812,train_00037066,80.0,640,0.39751552795031053,313.639751552795,316.0248447204969,12.322981366459626,8.347826086956522,102.87010532001078,1.0,8fe6c319c145bfe6c41b4bd884be5417741d8218678ea8dfc0735cca6b82988f,data/synthetic/seadronessee_30m_to_80m/geometry_only/train/train_00037066.png,data/synthetic/seadronessee_30m_to_80m/calibrated/train/train_00037066.png
train:37067,train:6599,train,37067,6599,6599.jpg,3840,2160,1,swimmer,1999.0,1047.0,27.0,23.0,621.0,31.79844925327644,29.4,mavic,NorthSea_Fri_DJI_0114.MP4,4785,data/raw/seadronessee/odv2/images/train/6599.jpg,train,1610,1208,254,2818,1864,train_00037067,80.0,640,0.39751552795031053,314.4347826086956,315.22981366459624,10.732919254658384,9.142857142857142,98.12954747116237,1.0,8fe6c319c145bfe6c41b4bd884be5417741d8218678ea8dfc0735cca6b82988f,data/synthetic/seadronessee_30m_to_80m/geometry_only/train/train_00037067.png,data/synthetic/seadronessee_30m_to_80m/calibrated/train/train_00037067.png
train:37068,train:6599,train,37068,6599,6599.jpg,3840,2160,1,swimmer,1905.0,1079.0,25.0,22.0,550.0,31.79844925327644,29.4,mavic,NorthSea_Fri_DJI_0114.MP4,4785,data/raw/seadronessee/odv2/images/train/6599.jpg,train,1610,1112,285,2722,1895,train_00037068,80.0,640,0.39751552795031053,315.22981366459624,315.62732919254654,9.937888198757763,8.745341614906831,86.91022722888775,1.0,8fe6c319c145bfe6c41b4bd884be5417741d8218678ea8dfc0735cca6b82988f,data/synthetic/seadronessee_30m_to_80m/geometry_only/train/train_00037068.png,data/synthetic/seadronessee_30m_to_80m/calibrated/train/train_00037068.png
train:37081,train:6601,train,37081,6601,6601.jpg,3840,2160,1,swimmer,2333.0,846.0,38.0,35.0,1330.0,31.698454129838463,29.4,mavic,NorthSea_Fri_DJI_0114.MP4,4815,data/raw/seadronessee/odv2/images/train/6601.jpg,train,1615,1544,56,3159,1671,train_00037081,80.0,640,0.39628482972136225,312.6687306501548,313.0650154798762,15.058823529411766,13.869969040247678,208.86541613549448,1.0,8fe6c319c145bfe6c41b4bd884be5417741d8218678ea8dfc0735cca6b82988f,data/synthetic/seadronessee_30m_to_80m/geometry_only/train/train_00037081.png,data/synthetic/seadronessee_30m_to_80m/calibrated/train/train_00037081.png
train:37082,train:6601,train,37082,6601,6601.jpg,3840,2160,1,swimmer,2139.0,896.0,21.0,20.0,420.0,31.698454129838463,29.4,mavic,NorthSea_Fri_DJI_0114.MP4,4815,data/raw/seadronessee/odv2/images/train/6601.jpg,train,1615,1342,98,2957,1713,train_00037082,80.0,640,0.39628482972136225,315.8390092879257,316.2352941176471,8.321981424148607,7.9256965944272455,65.95749983226142,1.0,8fe6c319c145bfe6c41b4bd884be5417741d8218678ea8dfc0735cca6b82988f,data/synthetic/seadronessee_30m_to_80m/geometry_only/train/train_00037082.png,data/synthetic/seadronessee_30m_to_80m/calibrated/train/train_00037082.png
train:37083,train:6601,train,37083,6601,6601.jpg,3840,2160,1,swimmer,1937.0,910.0,20.0,20.0,400.0,31.698454129838463,29.4,mavic,NorthSea_Fri_DJI_0114.MP4,4815,data/raw/seadronessee/odv2/images/train/6601.jpg,train,1615,1140,112,2755,1727,train_00037083,80.0,640,0.39628482972136225,315.8390092879257,316.2352941176471,7.9256965944272455,7.9256965944272455,62.81666650691564,1.0,8fe6c319c145bfe6c41b4bd884be5417741d8218678ea8dfc0735cca6b82988f,data/synthetic/seadronessee_30m_to_80m/geometry_only/train/train_00037083.png,data/synthetic/seadronessee_30m_to_80m/calibrated/train/train_00037083.png
train:37084,train:6601,train,37084,6601,6601.jpg,3840,2160,1,swimmer,1913.0,1034.0,25.0,27.0,675.0,31.698454129838463,29.4,mavic,NorthSea_Fri_DJI_0114.MP4,4815,data/raw/seadronessee/odv2/images/train/6601.jpg,train,1615,1118,240,2733,1855,train_00037084,80.0,640,0.39628482972136225,315.046439628483,314.6501547987616,9.907120743034056,10.699690402476781,106.00312473042013,1.0,8fe6c319c145bfe6c41b4bd884be5417741d8218678ea8dfc0735cca6b82988f,data/synthetic/seadronessee_30m_to_80m/geometry_only/train/train_00037084.png,data/synthetic/seadronessee_30m_to_80m/calibrated/train/train_00037084.png
train:37085,train:6601,train,37085,6601,6601.jpg,3840,2160,1,swimmer,1894.0,1092.0,67.0,30.0,2010.0,31.698454129838463,29.4,mavic,NorthSea_Fri_DJI_0114.MP4,4815,data/raw/seadronessee/odv2/images/train/6601.jpg,train,1615,1120,300,2735,1915,train_00037085,80.0,640,0.39628482972136225,306.7244582043344,313.8575851393189,26.55108359133127,11.888544891640867,315.65374919725105,1.0,8fe6c319c145bfe6c41b4bd884be5417741d8218678ea8dfc0735cca6b82988f,data/synthetic/seadronessee_30m_to_80m/geometry_only/train/train_00037085.png,data/synthetic/seadronessee_30m_to_80m/calibrated/train/train_00037085.png
train:37086,train:6601,train,37086,6601,6601.jpg,3840,2160,1,swimmer,1943.0,1172.0,27.0,21.0,567.0,31.698454129838463,29.4,mavic,NorthSea_Fri_DJI_0114.MP4,4815,data/raw/seadronessee/odv2/images/train/6601.jpg,train,1615,1149,375,2764,1990,train_00037086,80.0,640,0.39628482972136225,314.6501547987616,315.8390092879257,10.699690402476781,8.321981424148607,89.0426247735529,1.0,8fe6c319c145bfe6c41b4bd884be5417741d8218678ea8dfc0735cca6b82988f,data/synthetic/seadronessee_30m_to_80m/geometry_only/train/train_00037086.png,data/synthetic/seadronessee_30m_to_80m/calibrated/train/train_00037086.png
train:37087,train:6601,train,37087,6601,6601.jpg,3840,2160,1,swimmer,1992.0,1230.0,31.0,30.0,930.0,31.698454129838463,29.4,mavic,NorthSea_Fri_DJI_0114.MP4,4815,data/raw/seadronessee/odv2/images/train/6601.jpg,train,1615,1200,438,2815,2053,train_00037087,80.0,640,0.39628482972136225,313.8575851393189,313.8575851393189,12.28482972136223,11.888544891640867,146.04874962857886,1.0,8fe6c319c145bfe6c41b4bd884be5417741d8218678ea8dfc0735cca6b82988f,data/synthetic/seadronessee_30m_to_80m/geometry_only/train/train_00037087.png,data/synthetic/seadronessee_30m_to_80m/calibrated/train/train_00037087.png
train:37088,train:6601,train,37088,6601,6601.jpg,3840,2160,1,swimmer,1885.0,1269.0,47.0,28.0,1316.0,31.698454129838463,29.4,mavic,NorthSea_Fri_DJI_0114.MP4,4815,data/raw/seadronessee/odv2/images/train/6601.jpg,train,1615,1101,476,2716,2091,train_00037088,80.0,640,0.39628482972136225,310.687306501548,314.25386996904024,18.625386996904027,11.095975232198143,206.66683280775243,1.0,8fe6c319c145bfe6c41b4bd884be5417741d8218678ea8dfc0735cca6b82988f,data/synthetic/seadronessee_30m_to_80m/geometry_only/train/train_00037088.png,data/synthetic/seadronessee_30m_to_80m/calibrated/train/train_00037088.png
train:37101,train:6603,train,37101,6603,6603.jpg,3840,2160,1,swimmer,2271.0,950.0,59.0,39.0,2301.0,31.59845900640049,29.4,mavic,NorthSea_Fri_DJI_0114.MP4,4845,data/raw/seadronessee/odv2/images/train/6603.jpg,train,1620,1490,160,3110,1780,train_00037101,80.0,640,0.3950617283950617,308.5432098765432,312.09876543209873,23.30864197530864,15.407407407407407,359.12574302697755,1.0,8fe6c319c145bfe6c41b4bd884be5417741d8218678ea8dfc0735cca6b82988f,data/synthetic/seadronessee_30m_to_80m/geometry_only/train/train_00037101.png,data/synthetic/seadronessee_30m_to_80m/calibrated/train/train_00037101.png
train:37102,train:6603,train,37102,6603,6603.jpg,3840,2160,1,swimmer,2068.0,1009.0,21.0,21.0,441.0,31.59845900640049,29.4,mavic,NorthSea_Fri_DJI_0114.MP4,4845,data/raw/seadronessee/odv2/images/train/6603.jpg,train,1620,1268,210,2888,1830,train_00037102,80.0,640,0.3950617283950617,316.04938271604937,315.65432098765433,8.296296296296296,8.296296296296296,68.82853223593963,1.0,8fe6c319c145bfe6c41b4bd884be5417741d8218678ea8dfc0735cca6b82988f,data/synthetic/seadronessee_30m_to_80m/geometry_only/train/train_00037102.png,data/synthetic/seadronessee_30m_to_80m/calibrated/train/train_00037102.png
train:37103,train:6603,train,37103,6603,6603.jpg,3840,2160,1,swimmer,1843.0,1035.0,26.0,25.0,650.0,31.59845900640049,29.4,mavic,NorthSea_Fri_DJI_0114.MP4,4845,data/raw/seadronessee/odv2/images/train/6603.jpg,train,1620,1046,238,2666,1858,train_00037103,80.0,640,0.3950617283950617,314.8641975308642,314.8641975308642,10.271604938271604,9.876543209876543,101.44795000762078,1.0,8fe6c319c145bfe6c41b4bd884be5417741d8218678ea8dfc0735cca6b82988f,data/synthetic/seadronessee_30m_to_80m/geometry_only/train/train_00037103.png,data/synthetic/seadronessee_30m_to_80m/calibrated/train/train_00037103.png
train:37104,train:6603,train,37104,6603,6603.jpg,3840,2160,1,swimmer,1817.0,1177.0,30.0,47.0,1410.0,31.59845900640049,29.4,mavic,NorthSea_Fri_DJI_0114.MP4,4845,data/raw/seadronessee/odv2/images/train/6603.jpg,train,1620,1022,390,2642,2010,train_00037104,80.0,640,0.3950617283950617,314.0740740740741,310.91358024691357,11.851851851851851,18.5679012345679,220.06401463191582,1.0,8fe6c319c145bfe6c41b4bd884be5417741d8218678ea8dfc0735cca6b82988f,data/synthetic/seadronessee_30m_to_80m/geometry_only/train/train_00037104.png,data/synthetic/seadronessee_30m_to_80m/calibrated/train/train_00037104.png
train:37105,train:6603,train,37105,6603,6603.jpg,3840,2160,1,swimmer,1808.0,1250.0,75.0,34.0,2550.0,31.59845900640049,29.4,mavic,NorthSea_Fri_DJI_0114.MP4,4845,data/raw/seadronessee/odv2/images/train/6603.jpg,train,1620,1036,457,2656,2077,train_00037105,80.0,640,0.3950617283950617,304.98765432098764,313.28395061728395,29.629629629629626,13.432098765432098,397.9881115683584,1.0,8fe6c319c145bfe6c41b4bd884be5417741d8218678ea8dfc0735cca6b82988f,data/synthetic/seadronessee_30m_to_80m/geometry_only/train/train_00037105.png,data/synthetic/seadronessee_30m_to_80m/calibrated/train/train_00037105.png
train:37106,train:6603,train,37106,6603,6603.jpg,3840,2160,1,swimmer,1864.0,1338.0,27.0,21.0,567.0,31.59845900640049,29.4,mavic,NorthSea_Fri_DJI_0114.MP4,4845,data/raw/seadronessee/odv2/images/train/6603.jpg,train,1620,1068,538,2688,2158,train_00037106,80.0,640,0.3950617283950617,314.4691358024691,316.04938271604937,10.666666666666666,8.296296296296296,88.49382716049382,1.0,8fe6c319c145bfe6c41b4bd884be5417741d8218678ea8dfc0735cca6b82988f,data/synthetic/seadronessee_30m_to_80m/geometry_only/train/train_00037106.png,data/synthetic/seadronessee_30m_to_80m/calibrated/train/train_00037106.png
train:37121,train:6605,train,37121,6605,6605.jpg,3840,2160,1,swimmer,2170.0,977.0,61.0,39.0,2379.0,31.79844925327644,29.4,mavic,NorthSea_Fri_DJI_0114.MP4,4875,data/raw/seadronessee/odv2/images/train/6605.jpg,train,1610,1396,192,3006,1802,train_00037121,80.0,640,0.39751552795031053,307.67701863354034,312.04968944099375,24.248447204968944,15.50310559006211,375.92623741368,1.0,8fe6c319c145bfe6c41b4bd884be5417741d8218678ea8dfc0735cca6b82988f,data/synthetic/seadronessee_30m_to_80m/geometry_only/train/train_00037121.png,data/synthetic/seadronessee_30m_to_80m/calibrated/train/train_00037121.png
train:37122,train:6605,train,37122,6605,6605.jpg,3840,2160,1,swimmer,1964.0,1050.0,29.0,21.0,609.0,31.79844925327644,29.4,mavic,NorthSea_Fri_DJI_0114.MP4,4875,data/raw/seadronessee/odv2/images/train/6605.jpg,train,1610,1174,256,2784,1866,train_00037122,80.0,640,0.39751552795031053,314.0372670807453,315.62732919254654,11.527950310559005,8.347826086956522,96.233324331623,1.0,8fe6c319c145bfe6c41b4bd884be5417741d8218678ea8dfc0735cca6b82988f,data/synthetic/seadronessee_30m_to_80m/geometry_only/train/train_00037122.png,data/synthetic/seadronessee_30m_to_80m/calibrated/train/train_00037122.png
train:37123,train:6605,train,37123,6605,6605.jpg,3840,2160,1,swimmer,1712.0,1079.0,25.0,24.0,600.0,31.79844925327644,29.4,mavic,NorthSea_Fri_DJI_0114.MP4,4875,data/raw/seadronessee/odv2/images/train/6605.jpg,train,1610,920,286,2530,1896,train_00037123,80.0,640,0.39751552795031053,314.83229813664593,315.22981366459624,9.937888198757763,9.540372670807454,94.81115697696848,1.0,8fe6c319c145bfe6c41b4bd884be5417741d8218678ea8dfc0735cca6b82988f,data/synthetic/seadronessee_30m_to_80m/geometry_only/train/train_00037123.png,data/synthetic/seadronessee_30m_to_80m/calibrated/train/train_00037123.png
train:37124,train:6605,train,37124,6605,6605.jpg,3840,2160,1,swimmer,1687.0,1219.0,54.0,45.0,2430.0,31.79844925327644,29.4,mavic,NorthSea_Fri_DJI_0114.MP4,4875,data/raw/seadronessee/odv2/images/train/6605.jpg,train,1610,909,436,2519,2046,train_00037124,80.0,640,0.39751552795031053,309.2670807453416,311.25465838509314,21.465838509316768,17.888198757763973,383.9851857567223,1.0,8fe6c319c145bfe6c41b4bd884be5417741d8218678ea8dfc0735cca6b82988f,data/synthetic/seadronessee_30m_to_80m/geometry_only/train/train_00037124.png,data/synthetic/seadronessee_30m_to_80m/calibrated/train/train_00037124.png
train:37125,train:6605,train,37125,6605,6605.jpg,3840,2160,1,swimmer,1687.0,1295.0,75.0,34.0,2550.0,31.79844925327644,29.4,mavic,NorthSea_Fri_DJI_0114.MP4,4875,data/raw/seadronessee/odv2/images/train/6605.jpg,train,1610,920,507,2530,2117,train_00037125,80.0,640,0.39751552795031053,304.89440993788816,313.2422360248447,29.81366459627329,13.515527950310558,402.94741715211603,1.0,8fe6c319c145bfe6c41b4bd884be5417741d8218678ea8dfc0735cca6b82988f,data/synthetic/seadronessee_30m_to_80m/geometry_only/train/train_00037125.png,data/synthetic/seadronessee_30m_to_80m/calibrated/train/train_00037125.png
train:37142,train:6607,train,37142,6607,6607.jpg,3840,2160,1,swimmer,1673.0,1245.0,46.0,33.0,1518.0,31.89844437671441,29.4,mavic,NorthSea_Fri_DJI_0114.MP4,4905,data/raw/seadronessee/odv2/images/train/6607.jpg,train,1605,894,459,2499,2064,train_00037142,80.0,640,0.3987538940809969,310.62928348909657,313.42056074766356,18.342679127725855,13.158878504672897,241.36908609194396,1.0,8fe6c319c145bfe6c41b4bd884be5417741d8218678ea8dfc0735cca6b82988f,data/synthetic/seadronessee_30m_to_80m/geometry_only/train/train_00037142.png,data/synthetic/seadronessee_30m_to_80m/calibrated/train/train_00037142.png
train:37143,train:6607,train,37143,6607,6607.jpg,3840,2160,1,swimmer,1939.0,791.0,37.0,28.0,1036.0,31.89844437671441,29.4,mavic,NorthSea_Fri_DJI_0114.MP4,4905,data/raw/seadronessee/odv2/images/train/6607.jpg,train,1605,1155,2,2760,1607,train_00037143,80.0,640,0.3987538940809969,312.62305295950154,314.6168224299065,14.753894080996885,11.165109034267912,164.7288360943702,1.0,8fe6c319c145bfe6c41b4bd884be5417741d8218678ea8dfc0735cca6b82988f,data/synthetic/seadronessee_30m_to_80m/geometry_only/train/train_00037143.png,data/synthetic/seadronessee_30m_to_80m/calibrated/train/train_00037143.png
train:37144,train:6607,train,37144,6607,6607.jpg,3840,2160,1,swimmer,1688.0,804.0,34.0,35.0,1190.0,31.89844437671441,29.4,mavic,NorthSea_Fri_DJI_0114.MP4,4905,data/raw/seadronessee/odv2/images/train/6607.jpg,train,1605,902,19,2507,1624,train_00037144,80.0,640,0.3987538940809969,313.42056074766356,313.0218068535825,13.557632398753894,13.95638629283489,189.21555497326307,1.0,8fe6c319c145bfe6c41b4bd884be5417741d8218678ea8dfc0735cca6b82988f,data/synthetic/seadronessee_30m_to_80m/geometry_only/train/train_00037144.png,data/synthetic/seadronessee_30m_to_80m/calibrated/train/train_00037144.png
train:37145,train:6607,train,37145,6607,6607.jpg,3840,2160,1,swimmer,1669.0,950.0,52.0,44.0,2288.0,31.89844437671441,29.4,mavic,NorthSea_Fri_DJI_0114.MP4,4905,data/raw/seadronessee/odv2/images/train/6607.jpg,train,1605,892,170,2497,1775,train_00037145,80.0,640,0.3987538940809969,309.83177570093454,311.02803738317755,20.735202492211837,17.54517133956386,363.8026804864083,1.0,8fe6c319c145bfe6c41b4bd884be5417741d8218678ea8dfc0735cca6b82988f,data/synthetic/seadronessee_30m_to_80m/geometry_only/train/train_00037145.png,data/synthetic/seadronessee_30m_to_80m/calibrated/train/train_00037145.png
train:37146,train:6607,train,37146,6607,6607.jpg,3840,2160,1,swimmer,1672.0,1030.0,73.0,41.0,2993.0,31.89844437671441,29.4,mavic,NorthSea_Fri_DJI_0114.MP4,4905,data/raw/seadronessee/odv2/images/train/6607.jpg,train,1605,906,248,2511,1853,train_00037146,80.0,640,0.3987538940809969,305.4454828660436,311.82554517133957,29.109034267912772,16.34890965732087,475.9009714579633,1.0,8fe6c319c145bfe6c41b4bd884be5417741d8218678ea8dfc0735cca6b82988f,data/synthetic/seadronessee_30m_to_80m/geometry_only/train/train_00037146.png,data/synthetic/seadronessee_30m_to_80m/calibrated/train/train_00037146.png
train:37147,train:6607,train,37147,6607,6607.jpg,3840,2160,1,swimmer,1720.0,1130.0,32.0,25.0,800.0,31.89844437671441,29.4,mavic,NorthSea_Fri_DJI_0114.MP4,4905,data/raw/seadronessee/odv2/images/train/6607.jpg,train,1605,934,340,2539,1945,train_00037147,80.0,640,0.3987538940809969,313.42056074766356,315.01557632398755,12.7601246105919,9.968847352024921,127.20373443580709,1.0,8fe6c319c145bfe6c41b4bd884be5417741d8218678ea8dfc0735cca6b82988f,data/synthetic/seadronessee_30m_to_80m/geometry_only/train/train_00037147.png,data/synthetic/seadronessee_30m_to_80m/calibrated/train/train_00037147.png
train:37148,train:6607,train,37148,6607,6607.jpg,3840,2160,1,swimmer,1767.0,1187.0,38.0,33.0,1254.0,31.89844437671441,29.4,mavic,NorthSea_Fri_DJI_0114.MP4,4905,data/raw/seadronessee/odv2/images/train/6607.jpg,train,1605,984,401,2589,2006,train_00037148,80.0,640,0.3987538940809969,312.22429906542055,313.42056074766356,15.152647975077882,13.158878504672897,199.39185372812764,1.0,8fe6c319c145bfe6c41b4bd884be5417741d8218678ea8dfc0735cca6b82988f,data/synthetic/seadronessee_30m_to_80m/geometry_only/train/train_00037148.png,data/synthetic/seadronessee_30m_to_80m/calibrated/train/train_00037148.png
train:37162,train:6609,train,37162,6609,6609.jpg,3840,2160,1,swimmer,1655.0,1095.0,46.0,28.0,1288.0,31.698454129838463,36.7,mavic,NorthSea_Fri_DJI_0114.MP4,4935,data/raw/seadronessee/odv2/images/train/6609.jpg,train,1615,870,302,2485,1917,train_00037162,80.0,640,0.39628482972136225,311.08359133126936,314.25386996904024,18.229102167182663,11.095975232198143,202.26966615226831,1.0,8fe6c319c145bfe6c41b4bd884be5417741d8218678ea8dfc0735cca6b82988f,data/synthetic/seadronessee_30m_to_80m/geometry_only/train/train_00037162.png,data/synthetic/seadronessee_30m_to_80m/calibrated/train/train_00037162.png
train:37165,train:6609,train,37165,6609,6609.jpg,3840,2160,1,swimmer,1652.0,792.0,68.0,49.0,3332.0,31.698454129838463,36.7,mavic,NorthSea_Fri_DJI_0114.MP4,4935,data/raw/seadronessee/odv2/images/train/6609.jpg,train,1615,878,9,2493,1624,train_00037165,80.0,640,0.39628482972136225,306.7244582043344,310.2910216718266,26.947368421052634,19.41795665634675,523.2628320026072,1.0,8fe6c319c145bfe6c41b4bd884be5417741d8218678ea8dfc0735cca6b82988f,data/synthetic/seadronessee_30m_to_80m/geometry_only/train/train_00037165.png,data/synthetic/seadronessee_30m_to_80m/calibrated/train/train_00037165.png
train:37166,train:6609,train,37166,6609,6609.jpg,3840,2160,1,swimmer,1668.0,887.0,56.0,36.0,2016.0,31.698454129838463,36.7,mavic,NorthSea_Fri_DJI_0114.MP4,4935,data/raw/seadronessee/odv2/images/train/6609.jpg,train,1615,888,98,2503,1713,train_00037166,80.0,640,0.39628482972136225,309.1021671826626,312.6687306501548,22.191950464396285,14.266253869969042,316.59599919485476,1.0,8fe6c319c145bfe6c41b4bd884be5417741d8218678ea8dfc0735cca6b82988f,data/synthetic/seadronessee_30m_to_80m/geometry_only/train/train_00037166.png,data/synthetic/seadronessee_30m_to_80m/calibrated/train/train_00037166.png
train:37167,train:6609,train,37167,6609,6609.jpg,3840,2160,1,swimmer,1705.0,995.0,32.0,24.0,768.0,31.698454129838463,36.7,mavic,NorthSea_Fri_DJI_0114.MP4,4935,data/raw/seadronessee/odv2/images/train/6609.jpg,train,1615,914,200,2529,1815,train_00037167,80.0,640,0.39628482972136225,313.46130030959756,315.046439628483,12.681114551083592,9.510835913312693,120.607999693278,1.0,8fe6c319c145bfe6c41b4bd884be5417741d8218678ea8dfc0735cca6b82988f,data/synthetic/seadronessee_30m_to_80m/geometry_only/train/train_00037167.png,data/synthetic/seadronessee_30m_to_80m/calibrated/train/train_00037167.png
train:37168,train:6609,train,37168,6609,6609.jpg,3840,2160,1,swimmer,1747.0,1037.0,34.0,29.0,986.0,31.698454129838463,36.7,mavic,NorthSea_Fri_DJI_0114.MP4,4935,data/raw/seadronessee/odv2/images/train/6609.jpg,train,1615,956,244,2571,1859,train_00037168,80.0,640,0.39628482972136225,313.46130030959756,314.25386996904024,13.473684210526317,11.492260061919506,154.84308293954703,1.0,8fe6c319c145bfe6c41b4bd884be5417741d8218678ea8dfc0735cca6b82988f,data/synthetic/seadronessee_30m_to_80m/geometry_only/train/train_00037168.png,data/synthetic/seadronessee_30m_to_80m/calibrated/train/train_00037168.png
train:37182,train:6611,train,37182,6611,6611.jpg,3840,2160,1,swimmer,1626.0,1154.0,54.0,28.0,1512.0,31.698454129838463,36.7,mavic,NorthSea_Fri_DJI_0114.MP4,4965,data/raw/seadronessee/odv2/images/train/6611.jpg,train,1615,846,360,2461,1975,train_00037182,80.0,640,0.39628482972136225,309.1021671826626,314.6501547987616,21.399380804953562,11.095975232198143,237.44699939614108,1.0,8fe6c319c145bfe6c41b4bd884be5417741d8218678ea8dfc0735cca6b82988f,data/synthetic/seadronessee_30m_to_80m/geometry_only/train/train_00037182.png,data/synthetic/seadronessee_30m_to_80m/calibrated/train/train_00037182.png
train:37185,train:6611,train,37185,6611,6611.jpg,3840,2160,1,swimmer,1632.0,808.0,80.0,52.0,4160.0,31.698454129838463,36.7,mavic,NorthSea_Fri_DJI_0114.MP4,4965,data/raw/seadronessee/odv2/images/train/6611.jpg,train,1615,864,26,2479,1641,train_00037185,80.0,640,0.39628482972136225,304.3467492260062,309.89473684210526,31.702786377708982,20.606811145510836,653.2933316719226,1.0,8fe6c319c145bfe6c41b4bd884be5417741d8218678ea8dfc0735cca6b82988f,data/synthetic/seadronessee_30m_to_80m/geometry_only/train/train_00037185.png,data/synthetic/seadronessee_30m_to_80m/calibrated/train/train_00037185.png
train:37186,train:6611,train,37186,6611,6611.jpg,3840,2160,1,swimmer,1647.0,911.0,57.0,26.0,1482.0,31.698454129838463,36.7,mavic,NorthSea_Fri_DJI_0114.MP4,4965,data/raw/seadronessee/odv2/images/train/6611.jpg,train,1615,868,116,2483,1731,train_00037186,80.0,640,0.39628482972136225,308.7058823529412,315.046439628483,22.58823529411765,10.303405572755418,232.7357494081224,1.0,8fe6c319c145bfe6c41b4bd884be5417741d8218678ea8dfc0735cca6b82988f,data/synthetic/seadronessee_30m_to_80m/geometry_only/train/train_00037186.png,data/synthetic/seadronessee_30m_to_80m/calibrated/train/train_00037186.png
train:37187,train:6611,train,37187,6611,6611.jpg,3840,2160,1,swimmer,1676.0,1037.0,33.0,25.0,825.0,31.698454129838463,36.7,mavic,NorthSea_Fri_DJI_0114.MP4,4965,data/raw/seadronessee/odv2/images/train/6611.jpg,train,1615,885,242,2500,1857,train_00037187,80.0,640,0.39628482972136225,313.46130030959756,315.046439628483,13.077399380804954,9.907120743034056,129.55937467051348,1.0,8fe6c319c145bfe6c41b4bd884be5417741d8218678ea8dfc0735cca6b82988f,data/synthetic/seadronessee_30m_to_80m/geometry_only/train/train_00037187.png,data/synthetic/seadronessee_30m_to_80m/calibrated/train/train_00037187.png
train:37188,train:6611,train,37188,6611,6611.jpg,3840,2160,1,swimmer,1725.0,1086.0,32.0,27.0,864.0,31.698454129838463,36.7,mavic,NorthSea_Fri_DJI_0114.MP4,4965,data/raw/seadronessee/odv2/images/train/6611.jpg,train,1615,934,292,2549,1907,train_00037188,80.0,640,0.39628482972136225,313.46130030959756,314.6501547987616,12.681114551083592,10.699690402476781,135.68399965493776,1.0,8fe6c319c145bfe6c41b4bd884be5417741d8218678ea8dfc0735cca6b82988f,data/synthetic/seadronessee_30m_to_80m/geometry_only/train/train_00037188.png,data/synthetic/seadronessee_30m_to_80m/calibrated/train/train_00037188.png
train:37201,train:6613,train,37201,6613,6613.jpg,3840,2160,1,swimmer,1606.0,1288.0,53.0,31.0,1643.0,31.698454129838463,36.7,mavic,NorthSea_Fri_DJI_0114.MP4,4995,data/raw/seadronessee/odv2/images/train/6613.jpg,train,1615,825,496,2440,2111,train_00037201,80.0,640,0.39628482972136225,309.4984520123839,313.8575851393189,21.0030959752322,12.28482972136223,258.01945767715597,1.0,8fe6c319c145bfe6c41b4bd884be5417741d8218678ea8dfc0735cca6b82988f,data/synthetic/seadronessee_30m_to_80m/geometry_only/train/train_00037201.png,data/synthetic/seadronessee_30m_to_80m/calibrated/train/train_00037201.png
train:37204,train:6613,train,37204,6613,6613.jpg,3840,2160,1,swimmer,1629.0,903.0,80.0,50.0,4000.0,31.698454129838463,36.7,mavic,NorthSea_Fri_DJI_0114.MP4,4995,data/raw/seadronessee/odv2/images/train/6613.jpg,train,1615,862,120,2477,1735,train_00037204,80.0,640,0.39628482972136225,303.9504643962849,310.2910216718266,31.702786377708982,19.814241486068113,628.1666650691564,1.0,8fe6c319c145bfe6c41b4bd884be5417741d8218678ea8dfc0735cca6b82988f,data/synthetic/seadronessee_30m_to_80m/geometry_only/train/train_00037204.png,data/synthetic/seadronessee_30m_to_80m/calibrated/train/train_00037204.png
train:37205,train:6613,train,37205,6613,6613.jpg,3840,2160,1,swimmer,1656.0,1013.0,43.0,34.0,1462.0,31.698454129838463,36.7,mavic,NorthSea_Fri_DJI_0114.MP4,4995,data/raw/seadronessee/odv2/images/train/6613.jpg,train,1615,870,222,2485,1837,train_00037205,80.0,640,0.39628482972136225,311.4798761609907,313.46130030959756,17.040247678018577,13.473684210526317,229.59491608277665,1.0,8fe6c319c145bfe6c41b4bd884be5417741d8218678ea8dfc0735cca6b82988f,data/synthetic/seadronessee_30m_to_80m/geometry_only/train/train_00037205.png,data/synthetic/seadronessee_30m_to_80m/calibrated/train/train_00037205.png
train:37206,train:6613,train,37206,6613,6613.jpg,3840,2160,1,swimmer,1657.0,1149.0,33.0,33.0,1089.0,31.698454129838463,36.7,mavic,NorthSea_Fri_DJI_0114.MP4,4995,data/raw/seadronessee/odv2/images/train/6613.jpg,train,1615,866,358,2481,1973,train_00037206,80.0,640,0.39628482972136225,313.46130030959756,313.46130030959756,13.077399380804954,13.077399380804954,171.01837456507778,1.0,8fe6c319c145bfe6c41b4bd884be5417741d8218678ea8dfc0735cca6b82988f,data/synthetic/seadronessee_30m_to_80m/geometry_only/train/train_00037206.png,data/synthetic/seadronessee_30m_to_80m/calibrated/train/train_00037206.png
train:37207,train:6613,train,37207,6613,6613.jpg,3840,2160,1,swimmer,1702.0,1198.0,34.0,34.0,1156.0,31.698454129838463,36.7,mavic,NorthSea_Fri_DJI_0114.MP4,4995,data/raw/seadronessee/odv2/images/train/6613.jpg,train,1615,912,408,2527,2023,train_00037207,80.0,640,0.39628482972136225,313.0650154798762,313.0650154798762,13.473684210526317,13.473684210526317,181.54016620498618,1.0,8fe6c319c145bfe6c41b4bd884be5417741d8218678ea8dfc0735cca6b82988f,data/synthetic/seadronessee_30m_to_80m/geometry_only/train/train_00037207.png,data/synthetic/seadronessee_30m_to_80m/calibrated/train/train_00037207.png
train:37218,train:6615,train,37218,6615,6615.jpg,3840,2160,1,swimmer,2171.0,790.0,71.0,51.0,3621.0,31.498463882962508,36.7,mavic,NorthSea_Fri_DJI_0114.MP4,5025,data/raw/seadronessee/odv2/images/train/6615.jpg,train,1625,1394,3,3019,1628,train_00037218,80.0,640,0.39384615384615385,306.01846153846157,309.9569230769231,27.963076923076922,20.086153846153845,561.6706650887573,1.0,8fe6c319c145bfe6c41b4bd884be5417741d8218678ea8dfc0735cca6b82988f,data/synthetic/seadronessee_30m_to_80m/geometry_only/train/train_00037218.png,data/synthetic/seadronessee_30m_to_80m/calibrated/train/train_00037218.png
train:37220,train:6615,train,37220,6615,6615.jpg,3840,2160,1,swimmer,1931.0,915.0,39.0,31.0,1209.0,31.498463882962508,36.7,mavic,NorthSea_Fri_DJI_0114.MP4,5025,data/raw/seadronessee/odv2/images/train/6615.jpg,train,1625,1138,118,2763,1743,train_00037220,80.0,640,0.39384615384615385,312.32,313.8953846153846,15.36,12.20923076923077,187.5337846153846,1.0,8fe6c319c145bfe6c41b4bd884be5417741d8218678ea8dfc0735cca6b82988f,data/synthetic/seadronessee_30m_to_80m/geometry_only/train/train_00037220.png,data/synthetic/seadronessee_30m_to_80m/calibrated/train/train_00037220.png
train:37221,train:6615,train,37221,6615,6615.jpg,3840,2160,1,swimmer,1600.0,930.0,37.0,36.0,1332.0,31.498463882962508,36.7,mavic,NorthSea_Fri_DJI_0114.MP4,5025,data/raw/seadronessee/odv2/images/train/6615.jpg,train,1625,806,136,2431,1761,train_00037221,80.0,640,0.39384615384615385,312.71384615384613,312.71384615384613,14.572307692307692,14.178461538461539,206.61290414201184,1.0,8fe6c319c145bfe6c41b4bd884be5417741d8218678ea8dfc0735cca6b82988f,data/synthetic/seadronessee_30m_to_80m/geometry_only/train/train_00037221.png,data/synthetic/seadronessee_30m_to_80m/calibrated/train/train_00037221.png
train:37222,train:6615,train,37222,6615,6615.jpg,3840,2160,1,swimmer,1623.0,1120.0,101.0,65.0,6565.0,31.498463882962508,36.7,mavic,NorthSea_Fri_DJI_0114.MP4,5025,data/raw/seadronessee/odv2/images/train/6615.jpg,train,1625,861,340,2486,1965,train_00037222,80.0,640,0.39384615384615385,300.1107692307692,307.2,39.778461538461535,25.6,1018.3286153846153,1.0,8fe6c319c145bfe6c41b4bd884be5417741d8218678ea8dfc0735cca6b82988f,data/synthetic/seadronessee_30m_to_80m/geometry_only/train/train_00037222.png,data/synthetic/seadronessee_30m_to_80m/calibrated/train/train_00037222.png
train:37223,train:6615,train,37223,6615,6615.jpg,3840,2160,1,swimmer,1662.0,1269.0,35.0,33.0,1155.0,31.498463882962508,36.7,mavic,NorthSea_Fri_DJI_0114.MP4,5025,data/raw/seadronessee/odv2/images/train/6615.jpg,train,1625,867,473,2492,2098,train_00037223,80.0,640,0.39384615384615385,313.10769230769233,313.5015384615385,13.784615384615385,12.996923076923077,179.15758579881657,1.0,8fe6c319c145bfe6c41b4bd884be5417741d8218678ea8dfc0735cca6b82988f,data/synthetic/seadronessee_30m_to_80m/geometry_only/train/train_00037223.png,data/synthetic/seadronessee_30m_to_80m/calibrated/train/train_00037223.png
train:37236,train:6617,train,37236,6617,6617.jpg,3840,2160,1,swimmer,2200.0,977.0,76.0,59.0,4484.0,31.398468759524533,36.7,mavic,NorthSea_Fri_DJI_0114.MP4,5055,data/raw/seadronessee/odv2/images/train/6617.jpg,train,1631,1422,191,3053,1822,train_00037236,80.0,640,0.3923973022685469,305.2851011649295,308.42427958307786,29.822194972409566,23.15144083384427,690.4267824391081,1.0,8fe6c319c145bfe6c41b4bd884be5417741d8218678ea8dfc0735cca6b82988f,data/synthetic/seadronessee_30m_to_80m/geometry_only/train/train_00037236.png,data/synthetic/seadronessee_30m_to_80m/calibrated/train/train_00037236.png
train:37238,train:6617,train,37238,6617,6617.jpg,3840,2160,1,swimmer,1939.0,1135.0,47.0,36.0,1692.0,31.398468759524533,36.7,mavic,NorthSea_Fri_DJI_0114.MP4,5055,data/raw/seadronessee/odv2/images/train/6617.jpg,train,1631,1147,338,2778,1969,train_00037238,80.0,640,0.3923973022685469,310.7786633966891,312.7406499080319,18.442673206621706,14.126302881667689,260.52678766435565,1.0,8fe6c319c145bfe6c41b4bd884be5417741d8218678ea8dfc0735cca6b82988f,data/synthetic/seadronessee_30m_to_80m/geometry_only/train/train_00037238.png,data/synthetic/seadronessee_30m_to_80m/calibrated/train/train_00037238.png
train:37239,train:6617,train,37239,6617,6617.jpg,3840,2160,1,swimmer,1570.0,1156.0,37.0,37.0,1369.0,31.398468759524533,36.7,mavic,NorthSea_Fri_DJI_0114.MP4,5055,data/raw/seadronessee/odv2/images/train/6617.jpg,train,1631,773,359,2404,1990,train_00037239,80.0,640,0.3923973022685469,312.7406499080319,312.7406499080319,14.518700183936236,14.518700183936236,210.79265503103008,1.0,8fe6c319c145bfe6c41b4bd884be5417741d8218678ea8dfc0735cca6b82988f,data/synthetic/seadronessee_30m_to_80m/geometry_only/train/train_00037239.png,data/synthetic/seadronessee_30m_to_80m/calibrated/train/train_00037239.png
train:37254,train:6619,train,37254,6619,6619.jpg,3840,2160,1,swimmer,2202.0,1043.0,77.0,62.0,4774.0,31.398468759524533,36.7,mavic,NorthSea_Fri_DJI_0114.MP4,5085,data/raw/seadronessee/odv2/images/train/6619.jpg,train,1631,1425,258,3056,1889,train_00037254,80.0,640,0.3923973022685469,304.89270386266094,308.0318822808093,30.21459227467811,24.32863274064991,735.0797188591217,1.0,8fe6c319c145bfe6c41b4bd884be5417741d8218678ea8dfc0735cca6b82988f,data/synthetic/seadronessee_30m_to_80m/geometry_only/train/train_00037254.png,data/synthetic/seadronessee_30m_to_80m/calibrated/train/train_00037254.png
train:37256,train:6619,train,37256,6619,6619.jpg,3840,2160,1,swimmer,1937.0,1228.0,43.0,32.0,1376.0,31.398468759524533,36.7,mavic,NorthSea_Fri_DJI_0114.MP4,5085,data/raw/seadronessee/odv2/images/train/6619.jpg,train,1631,1143,428,2774,2059,train_00037256,80.0,640,0.3923973022685469,311.56345800122625,313.9178418148375,16.873083997547518,12.556713672593501,211.87048453082352,1.0,8fe6c319c145bfe6c41b4bd884be5417741d8218678ea8dfc0735cca6b82988f,data/synthetic/seadronessee_30m_to_80m/geometry_only/train/train_00037256.png,data/synthetic/seadronessee_30m_to_80m/calibrated/train/train_00037256.png
train:37257,train:6619,train,37257,6619,6619.jpg,3840,2160,1,swimmer,1539.0,1246.0,36.0,44.0,1584.0,31.398468759524533,36.7,mavic,NorthSea_Fri_DJI_0114.MP4,5085,data/raw/seadronessee/odv2/images/train/6619.jpg,train,1631,742,452,2373,2083,train_00037257,80.0,640,0.3923973022685469,312.7406499080319,311.56345800122625,14.126302881667689,17.265481299816063,243.89741823897126,1.0,8fe6c319c145bfe6c41b4bd884be5417741d8218678ea8dfc0735cca6b82988f,data/synthetic/seadronessee_30m_to_80m/geometry_only/train/train_00037257.png,data/synthetic/seadronessee_30m_to_80m/calibrated/train/train_00037257.png
train:37272,train:6621,train,37272,6621,6621.jpg,3840,2160,1,swimmer,2193.0,1021.0,81.0,61.0,4941.0,31.79844925327644,36.7,mavic,NorthSea_Fri_DJI_0114.MP4,5115,data/raw/seadronessee/odv2/images/train/6621.jpg,train,1610,1428,246,3038,1856,train_00037272,80.0,640,0.39751552795031053,304.09937888198755,308.07453416149065,32.19875776397515,24.248447204968944,780.7698777053354,1.0,8fe6c319c145bfe6c41b4bd884be5417741d8218678ea8dfc0735cca6b82988f,data/synthetic/seadronessee_30m_to_80m/geometry_only/train/train_00037272.png,data/synthetic/seadronessee_30m_to_80m/calibrated/train/train_00037272.png
train:37274,train:6621,train,37274,6621,6621.jpg,3840,2160,1,swimmer,1928.0,1195.0,51.0,34.0,1734.0,31.79844925327644,36.7,mavic,NorthSea_Fri_DJI_0114.MP4,5115,data/raw/seadronessee/odv2/images/train/6621.jpg,train,1610,1148,407,2758,2017,train_00037274,80.0,640,0.39751552795031053,310.0621118012422,313.2422360248447,20.273291925465838,13.515527950310558,274.0042436634389,1.0,8fe6c319c145bfe6c41b4bd884be5417741d8218678ea8dfc0735cca6b82988f,data/synthetic/seadronessee_30m_to_80m/geometry_only/train/train_00037274.png,data/synthetic/seadronessee_30m_to_80m/calibrated/train/train_00037274.png
train:37275,train:6621,train,37275,6621,6621.jpg,3840,2160,1,swimmer,1535.0,1188.0,37.0,51.0,1887.0,31.79844925327644,36.7,mavic,NorthSea_Fri_DJI_0114.MP4,5115,data/raw/seadronessee/odv2/images/train/6621.jpg,train,1610,748,408,2358,2018,train_00037275,80.0,640,0.39751552795031053,312.8447204968944,310.0621118012422,14.70807453416149,20.273291925465838,298.1810886925658,1.0,8fe6c319c145bfe6c41b4bd884be5417741d8218678ea8dfc0735cca6b82988f,data/synthetic/seadronessee_30m_to_80m/geometry_only/train/train_00037275.png,data/synthetic/seadronessee_30m_to_80m/calibrated/train/train_00037275.png
train:37290,train:6623,train,37290,6623,6623.jpg,3840,2160,1,swimmer,2190.0,931.0,54.0,41.0,2214.0,31.59845900640049,36.7,mavic,NorthSea_Fri_DJI_0114.MP4,5145,data/raw/seadronessee/odv2/images/train/6623.jpg,train,1620,1407,142,3027,1762,train_00037290,80.0,640,0.3950617283950617,309.3333333333333,311.7037037037037,21.333333333333332,16.19753086419753,345.5473251028807,1.0,8fe6c319c145bfe6c41b4bd884be5417741d8218678ea8dfc0735cca6b82988f,data/synthetic/seadronessee_30m_to_80m/geometry_only/train/train_00037290.png,data/synthetic/seadronessee_30m_to_80m/calibrated/train/train_00037290.png
train:37292,train:6623,train,37292,6623,6623.jpg,3840,2160,1,swimmer,1918.0,1073.0,45.0,31.0,1395.0,31.59845900640049,36.7,mavic,NorthSea_Fri_DJI_0114.MP4,5145,data/raw/seadronessee/odv2/images/train/6623.jpg,train,1620,1130,278,2750,1898,train_00037292,80.0,640,0.3950617283950617,311.3086419753086,314.0740740740741,17.77777777777778,12.246913580246913,217.72290809327845,1.0,8fe6c319c145bfe6c41b4bd884be5417741d8218678ea8dfc0735cca6b82988f,data/synthetic/seadronessee_30m_to_80m/geometry_only/train/train_00037292.png,data/synthetic/seadronessee_30m_to_80m/calibrated/train/train_00037292.png
train:37293,train:6623,train,37293,6623,6623.jpg,3840,2160,1,swimmer,1564.0,1061.0,36.0,45.0,1620.0,31.59845900640049,36.7,mavic,NorthSea_Fri_DJI_0114.MP4,5145,data/raw/seadronessee/odv2/images/train/6623.jpg,train,1620,772,274,2392,1894,train_00037293,80.0,640,0.3950617283950617,312.88888888888886,310.91358024691357,14.222222222222221,17.77777777777778,252.8395061728395,1.0,8fe6c319c145bfe6c41b4bd884be5417741d8218678ea8dfc0735cca6b82988f,data/synthetic/seadronessee_30m_to_80m/geometry_only/train/train_00037293.png,data/synthetic/seadronessee_30m_to_80m/calibrated/train/train_00037293.png
train:37294,train:6623,train,37294,6623,6623.jpg,3840,2160,1,swimmer,1634.0,1267.0,95.0,53.0,5035.0,31.59845900640049,36.7,mavic,NorthSea_Fri_DJI_0114.MP4,5145,data/raw/seadronessee/odv2/images/train/6623.jpg,train,1620,872,484,2492,2104,train_00037294,80.0,640,0.3950617283950617,301.037037037037,309.3333333333333,37.53086419753086,20.938271604938272,785.8314281359549,1.0,8fe6c319c145bfe6c41b4bd884be5417741d8218678ea8dfc0735cca6b82988f,data/synthetic/seadronessee_30m_to_80m/geometry_only/train/train_00037294.png,data/synthetic/seadronessee_30m_to_80m/calibrated/train/train_00037294.png
train:37308,train:6625,train,37308,6625,6625.jpg,3840,2160,1,swimmer,2166.0,815.0,45.0,41.0,1845.0,31.398468759524533,36.7,mavic,NorthSea_Fri_DJI_0114.MP4,5175,data/raw/seadronessee/odv2/images/train/6625.jpg,train,1631,1373,20,3004,1651,train_00037308,80.0,640,0.3923973022685469,311.1710606989577,311.9558553034948,17.65787860208461,16.088289393010424,284.0850610169836,1.0,8fe6c319c145bfe6c41b4bd884be5417741d8218678ea8dfc0735cca6b82988f,data/synthetic/seadronessee_30m_to_80m/geometry_only/train/train_00037308.png,data/synthetic/seadronessee_30m_to_80m/calibrated/train/train_00037308.png
train:37310,train:6625,train,37310,6625,6625.jpg,3840,2160,1,swimmer,1926.0,950.0,35.0,33.0,1155.0,31.398468759524533,36.7,mavic,NorthSea_Fri_DJI_0114.MP4,5175,data/raw/seadronessee/odv2/images/train/6625.jpg,train,1631,1128,151,2759,1782,train_00037310,80.0,640,0.3923973022685469,313.13304721030045,313.525444512569,13.733905579399142,12.949110974862048,177.84186746591655,1.0,8fe6c319c145bfe6c41b4bd884be5417741d8218678ea8dfc0735cca6b82988f,data/synthetic/seadronessee_30m_to_80m/geometry_only/train/train_00037310.png,data/synthetic/seadronessee_30m_to_80m/calibrated/train/train_00037310.png
train:37311,train:6625,train,37311,6625,6625.jpg,3840,2160,1,swimmer,1588.0,944.0,28.0,39.0,1092.0,31.398468759524533,36.7,mavic,NorthSea_Fri_DJI_0114.MP4,5175,data/raw/seadronessee/odv2/images/train/6625.jpg,train,1631,786,148,2417,1779,train_00037311,80.0,640,0.3923973022685469,314.70263641937464,312.3482526057633,10.987124463519313,15.30349478847333,168.14140196777564,1.0,8fe6c319c145bfe6c41b4bd884be5417741d8218678ea8dfc0735cca6b82988f,data/synthetic/seadronessee_30m_to_80m/geometry_only/train/train_00037311.png,data/synthetic/seadronessee_30m_to_80m/calibrated/train/train_00037311.png
train:37312,train:6625,train,37312,6625,6625.jpg,3840,2160,1,swimmer,1656.0,1108.0,121.0,50.0,6050.0,31.398468759524533,36.7,mavic,NorthSea_Fri_DJI_0114.MP4,5175,data/raw/seadronessee/odv2/images/train/6625.jpg,train,1631,901,318,2532,1949,train_00037312,80.0,640,0.3923973022685469,296.2599632127529,309.99386879215206,47.48007357449418,19.619865113427345,931.5526391071819,1.0,8fe6c319c145bfe6c41b4bd884be5417741d8218678ea8dfc0735cca6b82988f,data/synthetic/seadronessee_30m_to_80m/geometry_only/train/train_00037312.png,data/synthetic/seadronessee_30m_to_80m/calibrated/train/train_00037312.png
train:37313,train:6625,train,37313,6625,6625.jpg,3840,2160,1,swimmer,1608.0,1308.0,64.0,49.0,3136.0,31.398468759524533,36.7,mavic,NorthSea_Fri_DJI_0114.MP4,5175,data/raw/seadronessee/odv2/images/train/6625.jpg,train,1631,824,517,2455,2148,train_00037313,80.0,640,0.3923973022685469,307.6394849785408,310.3862660944206,25.113427345187002,19.2274678111588,482.8676159074583,1.0,8fe6c319c145bfe6c41b4bd884be5417741d8218678ea8dfc0735cca6b82988f,data/synthetic/seadronessee_30m_to_80m/geometry_only/train/train_00037313.png,data/synthetic/seadronessee_30m_to_80m/calibrated/train/train_00037313.png
train:37326,train:6627,train,37326,6627,6627.jpg,3840,2160,1,swimmer,2166.0,799.0,34.0,33.0,1122.0,31.398468759524533,36.7,mavic,NorthSea_Fri_DJI_0114.MP4,5205,data/raw/seadronessee/odv2/images/train/6627.jpg,train,1631,1368,0,2999,1631,train_00037326,80.0,640,0.3923973022685469,313.13304721030045,313.525444512569,13.341508277130595,12.949110974862048,172.76067125260465,1.0,8fe6c319c145bfe6c41b4bd884be5417741d8218678ea8dfc0735cca6b82988f,data/synthetic/seadronessee_30m_to_80m/geometry_only/train/train_00037326.png,data/synthetic/seadronessee_30m_to_80m/calibrated/train/train_00037326.png
train:37328,train:6627,train,37328,6627,6627.jpg,3840,2160,1,swimmer,1942.0,941.0,31.0,30.0,930.0,31.398468759524533,36.7,mavic,NorthSea_Fri_DJI_0114.MP4,5205,data/raw/seadronessee/odv2/images/train/6627.jpg,train,1631,1142,140,2773,1771,train_00037328,80.0,640,0.3923973022685469,313.9178418148375,314.31023911710605,12.164316370324954,11.771919068056407,143.19734782969903,1.0,8fe6c319c145bfe6c41b4bd884be5417741d8218678ea8dfc0735cca6b82988f,data/synthetic/seadronessee_30m_to_80m/geometry_only/train/train_00037328.png,data/synthetic/seadronessee_30m_to_80m/calibrated/train/train_00037328.png
train:37329,train:6627,train,37329,6627,6627.jpg,3840,2160,1,swimmer,1586.0,937.0,27.0,41.0,1107.0,31.398468759524533,36.7,mavic,NorthSea_Fri_DJI_0114.MP4,5205,data/raw/seadronessee/odv2/images/train/6627.jpg,train,1631,784,142,2415,1773,train_00037329,80.0,640,0.3923973022685469,314.70263641937464,311.9558553034948,10.594727161250766,16.088289393010424,170.45103661019013,1.0,8fe6c319c145bfe6c41b4bd884be5417741d8218678ea8dfc0735cca6b82988f,data/synthetic/seadronessee_30m_to_80m/geometry_only/train/train_00037329.png,data/synthetic/seadronessee_30m_to_80m/calibrated/train/train_00037329.png
train:37330,train:6627,train,37330,6627,6627.jpg,3840,2160,1,swimmer,1685.0,1107.0,107.0,43.0,4601.0,31.398468759524533,36.7,mavic,NorthSea_Fri_DJI_0114.MP4,5205,data/raw/seadronessee/odv2/images/train/6627.jpg,train,1631,923,313,2554,1944,train_00037330,80.0,640,0.3923973022685469,299.00674432863275,311.56345800122625,41.98651134273452,16.873083997547518,708.4419326499411,1.0,8fe6c319c145bfe6c41b4bd884be5417741d8218678ea8dfc0735cca6b82988f,data/synthetic/seadronessee_30m_to_80m/geometry_only/train/train_00037330.png,data/synthetic/seadronessee_30m_to_80m/calibrated/train/train_00037330.png
train:37331,train:6627,train,37331,6627,6627.jpg,3840,2160,1,swimmer,1594.0,1281.0,82.0,55.0,4510.0,31.398468759524533,36.7,mavic,NorthSea_Fri_DJI_0114.MP4,5205,data/raw/seadronessee/odv2/images/train/6627.jpg,train,1631,820,493,2451,2124,train_00037331,80.0,640,0.3923973022685469,303.71551195585533,309.209074187615,32.17657878602085,21.58185162477008,694.4301491526265,1.0,8fe6c319c145bfe6c41b4bd884be5417741d8218678ea8dfc0735cca6b82988f,data/synthetic/seadronessee_30m_to_80m/geometry_only/train/train_00037331.png,data/synthetic/seadronessee_30m_to_80m/calibrated/train/train_00037331.png
train:37344,train:6629,train,37344,6629,6629.jpg,3840,2160,1,swimmer,2170.0,795.0,40.0,36.0,1440.0,31.698454129838463,36.7,mavic,NorthSea_Fri_DJI_0114.MP4,5235,data/raw/seadronessee/odv2/images/train/6629.jpg,train,1615,1382,6,2997,1621,train_00037344,80.0,640,0.39628482972136225,312.27244582043346,312.6687306501548,15.851393188854491,14.266253869969042,226.1399994248963,1.0,8fe6c319c145bfe6c41b4bd884be5417741d8218678ea8dfc0735cca6b82988f,data/synthetic/seadronessee_30m_to_80m/geometry_only/train/train_00037344.png,data/synthetic/seadronessee_30m_to_80m/calibrated/train/train_00037344.png
train:37346,train:6629,train,37346,6629,6629.jpg,3840,2160,1,swimmer,1942.0,951.0,37.0,28.0,1036.0,31.698454129838463,36.7,mavic,NorthSea_Fri_DJI_0114.MP4,5235,data/raw/seadronessee/odv2/images/train/6629.jpg,train,1615,1153,158,2768,1773,train_00037346,80.0,640,0.39628482972136225,312.6687306501548,314.25386996904024,14.662538699690403,11.095975232198143,162.69516625291146,1.0,8fe6c319c145bfe6c41b4bd884be5417741d8218678ea8dfc0735cca6b82988f,data/synthetic/seadronessee_30m_to_80m/geometry_only/train/train_00037346.png,data/synthetic/seadronessee_30m_to_80m/calibrated/train/train_00037346.png
train:37347,train:6629,train,37347,6629,6629.jpg,3840,2160,1,swimmer,1584.0,924.0,27.0,34.0,918.0,31.698454129838463,36.7,mavic,NorthSea_Fri_DJI_0114.MP4,5235,data/raw/seadronessee/odv2/images/train/6629.jpg,train,1615,790,134,2405,1749,train_00037347,80.0,640,0.39628482972136225,314.6501547987616,313.0650154798762,10.699690402476781,13.473684210526317,144.16424963337138,1.0,8fe6c319c145bfe6c41b4bd884be5417741d8218678ea8dfc0735cca6b82988f,data/synthetic/seadronessee_30m_to_80m/geometry_only/train/train_00037347.png,data/synthetic/seadronessee_30m_to_80m/calibrated/train/train_00037347.png
train:37348,train:6629,train,37348,6629,6629.jpg,3840,2160,1,swimmer,1689.0,1111.0,93.0,42.0,3906.0,31.698454129838463,36.7,mavic,NorthSea_Fri_DJI_0114.MP4,5235,data/raw/seadronessee/odv2/images/train/6629.jpg,train,1615,928,324,2543,1939,train_00037348,80.0,640,0.39628482972136225,301.57275541795667,311.8761609907121,36.85448916408669,16.643962848297214,613.4047484400311,1.0,8fe6c319c145bfe6c41b4bd884be5417741d8218678ea8dfc0735cca6b82988f,data/synthetic/seadronessee_30m_to_80m/geometry_only/train/train_00037348.png,data/synthetic/seadronessee_30m_to_80m/calibrated/train/train_00037348.png
train:37349,train:6629,train,37349,6629,6629.jpg,3840,2160,1,swimmer,1591.0,1303.0,80.0,56.0,4480.0,31.698454129838463,36.7,mavic,NorthSea_Fri_DJI_0114.MP4,5235,data/raw/seadronessee/odv2/images/train/6629.jpg,train,1615,824,524,2439,2139,train_00037349,80.0,640,0.39628482972136225,303.9504643962849,308.7058823529412,31.702786377708982,22.191950464396285,703.5466648774551,1.0,8fe6c319c145bfe6c41b4bd884be5417741d8218678ea8dfc0735cca6b82988f,data/synthetic/seadronessee_30m_to_80m/geometry_only/train/train_00037349.png,data/synthetic/seadronessee_30m_to_80m/calibrated/train/train_00037349.png
train:37380,train:6633,train,37380,6633,6633.jpg,3840,2160,2,boat,1785.0,980.0,257.0,124.0,31868.0,31.59845900640049,26.7,mavic,NorthSea_Fri_DJI_0114.MP4,5295,data/raw/seadronessee/odv2/images/train/6633.jpg,train,1620,1104,232,2724,1852,train_00037380,80.0,640,0.3950617283950617,269.037037037037,295.5061728395062,101.53086419753086,48.98765432098765,4973.758878219783,1.0,8fe6c319c145bfe6c41b4bd884be5417741d8218678ea8dfc0735cca6b82988f,data/synthetic/seadronessee_30m_to_80m/geometry_only/train/train_00037380.png,data/synthetic/seadronessee_30m_to_80m/calibrated/train/train_00037380.png
train:37384,train:6633,train,37384,6633,6633.jpg,3840,2160,1,swimmer,2158.0,1329.0,48.0,39.0,1872.0,31.59845900640049,26.7,mavic,NorthSea_Fri_DJI_0114.MP4,5295,data/raw/seadronessee/odv2/images/train/6633.jpg,train,1620,1372,538,2992,2158,train_00037384,80.0,640,0.3950617283950617,310.5185185185185,312.4938271604938,18.962962962962962,15.407407407407407,292.1700960219478,1.0,8fe6c319c145bfe6c41b4bd884be5417741d8218678ea8dfc0735cca6b82988f,data/synthetic/seadronessee_30m_to_80m/geometry_only/train/train_00037384.png,data/synthetic/seadronessee_30m_to_80m/calibrated/train/train_00037384.png
train:37402,train:6635,train,37402,6635,6635.jpg,3840,2160,2,boat,1730.0,981.0,260.0,131.0,34060.0,31.59845900640049,26.7,mavic,NorthSea_Fri_DJI_0114.MP4,5325,data/raw/seadronessee/odv2/images/train/6635.jpg,train,1620,1050,236,2670,1856,train_00037402,80.0,640,0.3950617283950617,268.641975308642,294.32098765432096,102.71604938271605,51.75308641975308,5315.872580399329,1.0,8fe6c319c145bfe6c41b4bd884be5417741d8218678ea8dfc0735cca6b82988f,data/synthetic/seadronessee_30m_to_80m/geometry_only/train/train_00037402.png,data/synthetic/seadronessee_30m_to_80m/calibrated/train/train_00037402.png
train:37406,train:6635,train,37406,6635,6635.jpg,3840,2160,1,swimmer,2144.0,1303.0,55.0,36.0,1980.0,31.59845900640049,26.7,mavic,NorthSea_Fri_DJI_0114.MP4,5325,data/raw/seadronessee/odv2/images/train/6635.jpg,train,1620,1362,511,2982,2131,train_00037406,80.0,640,0.3950617283950617,308.9382716049383,312.88888888888886,21.728395061728392,14.222222222222221,309.0260631001371,1.0,8fe6c319c145bfe6c41b4bd884be5417741d8218678ea8dfc0735cca6b82988f,data/synthetic/seadronessee_30m_to_80m/geometry_only/train/train_00037406.png,data/synthetic/seadronessee_30m_to_80m/calibrated/train/train_00037406.png
train:37424,train:6637,train,37424,6637,6637.jpg,3840,2160,2,boat,1687.0,947.0,258.0,125.0,32250.0,31.59845900640049,26.7,mavic,NorthSea_Fri_DJI_0114.MP4,5355,data/raw/seadronessee/odv2/images/train/6637.jpg,train,1620,1006,200,2626,1820,train_00037424,80.0,640,0.3950617283950617,269.037037037037,295.1111111111111,101.92592592592592,49.382716049382715,5033.379058070416,1.0,8fe6c319c145bfe6c41b4bd884be5417741d8218678ea8dfc0735cca6b82988f,data/synthetic/seadronessee_30m_to_80m/geometry_only/train/train_00037424.png,data/synthetic/seadronessee_30m_to_80m/calibrated/train/train_00037424.png
train:37428,train:6637,train,37428,6637,6637.jpg,3840,2160,1,swimmer,2148.0,1222.0,38.0,34.0,1292.0,31.59845900640049,26.7,mavic,NorthSea_Fri_DJI_0114.MP4,5355,data/raw/seadronessee/odv2/images/train/6637.jpg,train,1620,1357,429,2977,2049,train_00037428,80.0,640,0.3950617283950617,312.4938271604938,313.28395061728395,15.012345679012345,13.432098765432098,201.6473098613016,1.0,8fe6c319c145bfe6c41b4bd884be5417741d8218678ea8dfc0735cca6b82988f,data/synthetic/seadronessee_30m_to_80m/geometry_only/train/train_00037428.png,data/synthetic/seadronessee_30m_to_80m/calibrated/train/train_00037428.png
train:37430,train:6637,train,37430,6637,6637.jpg,3840,2160,1,swimmer,1609.0,1327.0,25.0,31.0,775.0,31.59845900640049,26.7,mavic,NorthSea_Fri_DJI_0114.MP4,5355,data/raw/seadronessee/odv2/images/train/6637.jpg,train,1620,812,532,2432,2152,train_00037430,80.0,640,0.3950617283950617,314.8641975308642,314.0740740740741,9.876543209876543,12.246913580246913,120.95717116293247,1.0,8fe6c319c145bfe6c41b4bd884be5417741d8218678ea8dfc0735cca6b82988f,data/synthetic/seadronessee_30m_to_80m/geometry_only/train/train_00037430.png,data/synthetic/seadronessee_30m_to_80m/calibrated/train/train_00037430.png
train:37446,train:6639,train,37446,6639,6639.jpg,3840,2160,2,boat,1653.0,889.0,242.0,117.0,28314.0,31.59845900640049,26.7,mavic,NorthSea_Fri_DJI_0114.MP4,5385,data/raw/seadronessee/odv2/images/train/6639.jpg,train,1620,964,138,2584,1758,train_00037446,80.0,640,0.3950617283950617,272.1975308641975,296.69135802469134,95.60493827160494,46.22222222222222,4419.072702331961,1.0,8fe6c319c145bfe6c41b4bd884be5417741d8218678ea8dfc0735cca6b82988f,data/synthetic/seadronessee_30m_to_80m/geometry_only/train/train_00037446.png,data/synthetic/seadronessee_30m_to_80m/calibrated/train/train_00037446.png
train:37450,train:6639,train,37450,6639,6639.jpg,3840,2160,1,swimmer,1960.0,1233.0,24.0,26.0,624.0,31.59845900640049,26.7,mavic,NorthSea_Fri_DJI_0114.MP4,5385,data/raw/seadronessee/odv2/images/train/6639.jpg,train,1620,1162,436,2782,2056,train_00037450,80.0,640,0.3950617283950617,315.25925925925924,314.8641975308642,9.481481481481481,10.271604938271604,97.39003200731595,1.0,8fe6c319c145bfe6c41b4bd884be5417741d8218678ea8dfc0735cca6b82988f,data/synthetic/seadronessee_30m_to_80m/geometry_only/train/train_00037450.png,data/synthetic/seadronessee_30m_to_80m/calibrated/train/train_00037450.png
train:37451,train:6639,train,37451,6639,6639.jpg,3840,2160,1,swimmer,1638.0,1207.0,25.0,31.0,775.0,31.59845900640049,26.7,mavic,NorthSea_Fri_DJI_0114.MP4,5385,data/raw/seadronessee/odv2/images/train/6639.jpg,train,1620,840,412,2460,2032,train_00037451,80.0,640,0.3950617283950617,315.25925925925924,314.0740740740741,9.876543209876543,12.246913580246913,120.95717116293247,1.0,8fe6c319c145bfe6c41b4bd884be5417741d8218678ea8dfc0735cca6b82988f,data/synthetic/seadronessee_30m_to_80m/geometry_only/train/train_00037451.png,data/synthetic/seadronessee_30m_to_80m/calibrated/train/train_00037451.png
train:37456,train:6639,train,37456,6639,6639.jpg,3840,2160,1,swimmer,2129.0,1131.0,39.0,28.0,1092.0,31.59845900640049,26.7,mavic,NorthSea_Fri_DJI_0114.MP4,5385,data/raw/seadronessee/odv2/images/train/6639.jpg,train,1620,1338,335,2958,1955,train_00037456,80.0,640,0.3950617283950617,312.4938271604938,314.4691358024691,15.407407407407407,11.061728395061728,170.4325560128029,1.0,8fe6c319c145bfe6c41b4bd884be5417741d8218678ea8dfc0735cca6b82988f,data/synthetic/seadronessee_30m_to_80m/geometry_only/train/train_00037456.png,data/synthetic/seadronessee_30m_to_80m/calibrated/train/train_00037456.png
train:51356,train:7982,train,51356,7982,7982.jpg,3840,2160,1,swimmer,1296.0,772.0,69.0,47.0,3243.0,34.29832733922585,42.2,mavic,NorthSea_Fri_DJI_0117.MP4,0,data/raw/seadronessee/odv2/images/train/7982.jpg,train,1493,584,49,2077,1542,train_00051356,80.0,640,0.4286671131949096,305.2109845947756,309.92632283991964,29.578030810448762,20.14735432016075,595.9190668307426,1.0,8fe6c319c145bfe6c41b4bd884be5417741d8218678ea8dfc0735cca6b82988f,data/synthetic/seadronessee_30m_to_80m/geometry_only/train/train_00051356.png,data/synthetic/seadronessee_30m_to_80m/calibrated/train/train_00051356.png
train:51357,train:7982,train,51357,7982,7982.jpg,3840,2160,1,swimmer,2313.0,993.0,33.0,28.0,924.0,34.29832733922585,42.2,mavic,NorthSea_Fri_DJI_0117.MP4,0,data/raw/seadronessee/odv2/images/train/7982.jpg,train,1493,1583,260,3076,1753,train_00051357,80.0,640,0.4286671131949096,312.926992632284,314.21299397186874,14.146014735432017,12.002679169457469,169.79007639580828,1.0,8fe6c319c145bfe6c41b4bd884be5417741d8218678ea8dfc0735cca6b82988f,data/synthetic/seadronessee_30m_to_80m/geometry_only/train/train_00051357.png,data/synthetic/seadronessee_30m_to_80m/calibrated/train/train_00051357.png
train:51358,train:7982,train,51358,7982,7982.jpg,3840,2160,1,swimmer,2634.0,1067.0,45.0,41.0,1845.0,34.29832733922585,42.2,mavic,NorthSea_Fri_DJI_0117.MP4,0,data/raw/seadronessee/odv2/images/train/7982.jpg,train,1493,1910,341,3403,1834,train_00051358,80.0,640,0.4286671131949096,310.3549899531145,311.2123241795044,19.29002009377093,17.575351640991293,339.0288863098119,1.0,8fe6c319c145bfe6c41b4bd884be5417741d8218678ea8dfc0735cca6b82988f,data/synthetic/seadronessee_30m_to_80m/geometry_only/train/train_00051358.png,data/synthetic/seadronessee_30m_to_80m/calibrated/train/train_00051358.png
train:51359,train:7982,train,51359,7982,7982.jpg,3840,2160,1,swimmer,2306.0,1137.0,31.0,32.0,992.0,34.29832733922585,42.2,mavic,NorthSea_Fri_DJI_0117.MP4,0,data/raw/seadronessee/odv2/images/train/7982.jpg,train,1493,1575,406,3068,1899,train_00051359,80.0,640,0.4286671131949096,313.3556597454789,313.3556597454789,13.288680509042196,13.717347622237106,182.28544998337856,1.0,8fe6c319c145bfe6c41b4bd884be5417741d8218678ea8dfc0735cca6b82988f,data/synthetic/seadronessee_30m_to_80m/geometry_only/train/train_00051359.png,data/synthetic/seadronessee_30m_to_80m/calibrated/train/train_00051359.png
train:51360,train:7982,train,51360,7982,7982.jpg,3840,2160,1,swimmer,2261.0,1213.0,85.0,43.0,3655.0,34.29832733922585,42.2,mavic,NorthSea_Fri_DJI_0117.MP4,0,data/raw/seadronessee/odv2/images/train/7982.jpg,train,1493,1557,488,3050,1981,train_00051360,80.0,640,0.4286671131949096,301.78164768921636,310.78365706630944,36.436704621567316,18.43268586738111,671.6263303319039,1.0,8fe6c319c145bfe6c41b4bd884be5417741d8218678ea8dfc0735cca6b82988f,data/synthetic/seadronessee_30m_to_80m/geometry_only/train/train_00051360.png,data/synthetic/seadronessee_30m_to_80m/calibrated/train/train_00051360.png
train:51361,train:7982,train,51361,7982,7982.jpg,3840,2160,1,swimmer,937.0,1024.0,69.0,65.0,4485.0,34.29832733922585,42.2,mavic,NorthSea_Fri_DJI_0117.MP4,0,data/raw/seadronessee/odv2/images/train/7982.jpg,train,1493,225,310,1718,1803,train_00051361,80.0,640,0.4286671131949096,305.2109845947756,306.06831882116546,29.578030810448762,27.86336235766912,824.1433902978356,1.0,8fe6c319c145bfe6c41b4bd884be5417741d8218678ea8dfc0735cca6b82988f,data/synthetic/seadronessee_30m_to_80m/geometry_only/train/train_00051361.png,data/synthetic/seadronessee_30m_to_80m/calibrated/train/train_00051361.png
train:51362,train:7982,train,51362,7982,7982.jpg,3840,2160,1,swimmer,801.0,1067.0,41.0,41.0,1681.0,34.29832733922585,42.2,mavic,NorthSea_Fri_DJI_0117.MP4,0,data/raw/seadronessee/odv2/images/train/7982.jpg,train,1493,75,341,1568,1834,train_00051362,80.0,640,0.4286671131949096,311.2123241795044,311.2123241795044,17.575351640991293,17.575351640991293,308.89298530449537,1.0,8fe6c319c145bfe6c41b4bd884be5417741d8218678ea8dfc0735cca6b82988f,data/synthetic/seadronessee_30m_to_80m/geometry_only/train/train_00051362.png,data/synthetic/seadronessee_30m_to_80m/calibrated/train/train_00051362.png
train:51376,train:7984,train,51376,7984,7984.jpg,3840,2160,1,swimmer,1311.0,787.0,65.0,47.0,3055.0,34.29832733922585,42.2,mavic,NorthSea_Fri_DJI_0117.MP4,30,data/raw/seadronessee/odv2/images/train/7984.jpg,train,1493,597,64,2090,1557,train_00051376,80.0,640,0.4286671131949096,306.06831882116546,309.92632283991964,27.86336235766912,20.14735432016075,561.3730339709895,1.0,8fe6c319c145bfe6c41b4bd884be5417741d8218678ea8dfc0735cca6b82988f,data/synthetic/seadronessee_30m_to_80m/geometry_only/train/train_00051376.png,data/synthetic/seadronessee_30m_to_80m/calibrated/train/train_00051376.png
train:51377,train:7984,train,51377,7984,7984.jpg,3840,2160,1,swimmer,2318.0,1009.0,32.0,28.0,896.0,34.29832733922585,42.2,mavic,NorthSea_Fri_DJI_0117.MP4,30,data/raw/seadronessee/odv2/images/train/7984.jpg,train,1493,1588,276,3081,1769,train_00051377,80.0,640,0.4286671131949096,312.926992632284,314.21299397186874,13.717347622237106,12.002679169457469,164.64492256563227,1.0,8fe6c319c145bfe6c41b4bd884be5417741d8218678ea8dfc0735cca6b82988f,data/synthetic/seadronessee_30m_to_80m/geometry_only/train/train_00051377.png,data/synthetic/seadronessee_30m_to_80m/calibrated/train/train_00051377.png
train:51378,train:7984,train,51378,7984,7984.jpg,3840,2160,1,swimmer,2632.0,1078.0,40.0,45.0,1800.0,34.29832733922585,42.2,mavic,NorthSea_Fri_DJI_0117.MP4,30,data/raw/seadronessee/odv2/images/train/7984.jpg,train,1493,1906,354,3399,1847,train_00051378,80.0,640,0.4286671131949096,311.2123241795044,310.3549899531145,17.14668452779638,19.29002009377093,330.7598890827433,1.0,8fe6c319c145bfe6c41b4bd884be5417741d8218678ea8dfc0735cca6b82988f,data/synthetic/seadronessee_30m_to_80m/geometry_only/train/train_00051378.png,data/synthetic/seadronessee_30m_to_80m/calibrated/train/train_00051378.png
train:51379,train:7984,train,51379,7984,7984.jpg,3840,2160,1,swimmer,2304.0,1155.0,33.0,31.0,1023.0,34.29832733922585,42.2,mavic,NorthSea_Fri_DJI_0117.MP4,30,data/raw/seadronessee/odv2/images/train/7984.jpg,train,1493,1574,424,3067,1917,train_00051379,80.0,640,0.4286671131949096,312.926992632284,313.3556597454789,14.146014735432017,13.288680509042196,187.98187029535913,1.0,8fe6c319c145bfe6c41b4bd884be5417741d8218678ea8dfc0735cca6b82988f,data/synthetic/seadronessee_30m_to_80m/geometry_only/train/train_00051379.png,data/synthetic/seadronessee_30m_to_80m/calibrated/train/train_00051379.png
train:51380,train:7984,train,51380,7984,7984.jpg,3840,2160,1,swimmer,2274.0,1227.0,65.0,38.0,2470.0,34.29832733922585,42.2,mavic,NorthSea_Fri_DJI_0117.MP4,30,data/raw/seadronessee/odv2/images/train/7984.jpg,train,1493,1560,500,3053,1993,train_00051380,80.0,640,0.4286671131949096,306.06831882116546,311.64099129269925,27.86336235766912,16.289350301406564,453.8760700190978,1.0,8fe6c319c145bfe6c41b4bd884be5417741d8218678ea8dfc0735cca6b82988f,data/synthetic/seadronessee_30m_to_80m/geometry_only/train/train_00051380.png,data/synthetic/seadronessee_30m_to_80m/calibrated/train/train_00051380.png
train:51381,train:7984,train,51381,7984,7984.jpg,3840,2160,1,swimmer,939.0,1019.0,48.0,55.0,2640.0,34.29832733922585,42.2,mavic,NorthSea_Fri_DJI_0117.MP4,30,data/raw/seadronessee/odv2/images/train/7984.jpg,train,1493,216,300,1709,1793,train_00051381,80.0,640,0.4286671131949096,309.92632283991964,308.21165438713996,20.57602143335566,23.576691225720026,485.11450398802356,1.0,8fe6c319c145bfe6c41b4bd884be5417741d8218678ea8dfc0735cca6b82988f,data/synthetic/seadronessee_30m_to_80m/geometry_only/train/train_00051381.png,data/synthetic/seadronessee_30m_to_80m/calibrated/train/train_00051381.png
train:51382,train:7984,train,51382,7984,7984.jpg,3840,2160,1,swimmer,795.0,1064.0,43.0,38.0,1634.0,34.29832733922585,42.2,mavic,NorthSea_Fri_DJI_0117.MP4,30,data/raw/seadronessee/odv2/images/train/7984.jpg,train,1493,70,336,1563,1829,train_00051382,80.0,640,0.4286671131949096,310.78365706630944,312.0696584058942,18.43268586738111,16.289350301406564,300.256477089557,1.0,8fe6c319c145bfe6c41b4bd884be5417741d8218678ea8dfc0735cca6b82988f,data/synthetic/seadronessee_30m_to_80m/geometry_only/train/train_00051382.png,data/synthetic/seadronessee_30m_to_80m/calibrated/train/train_00051382.png
train:51396,train:7986,train,51396,7986,7986.jpg,3840,2160,1,swimmer,1377.0,768.0,67.0,48.0,3216.0,34.29832733922585,42.2,mavic,NorthSea_Fri_DJI_0117.MP4,60,data/raw/seadronessee/odv2/images/train/7986.jpg,train,1493,664,46,2157,1539,train_00051396,80.0,640,0.4286671131949096,305.63965170797053,309.4976557267247,28.720696584058942,20.57602143335566,590.9576684945015,1.0,8fe6c319c145bfe6c41b4bd884be5417741d8218678ea8dfc0735cca6b82988f,data/synthetic/seadronessee_30m_to_80m/geometry_only/train/train_00051396.png,data/synthetic/seadronessee_30m_to_80m/calibrated/train/train_00051396.png
train:51397,train:7986,train,51397,7986,7986.jpg,3840,2160,1,swimmer,2397.0,1027.0,33.0,25.0,825.0,34.29832733922585,42.2,mavic,NorthSea_Fri_DJI_0117.MP4,60,data/raw/seadronessee/odv2/images/train/7986.jpg,train,1493,1667,293,3160,1786,train_00051397,80.0,640,0.4286671131949096,312.926992632284,314.6416610850636,14.146014735432017,10.71667782987274,151.59828249625738,1.0,8fe6c319c145bfe6c41b4bd884be5417741d8218678ea8dfc0735cca6b82988f,data/synthetic/seadronessee_30m_to_80m/geometry_only/train/train_00051397.png,data/synthetic/seadronessee_30m_to_80m/calibrated/train/train_00051397.png
train:51398,train:7986,train,51398,7986,7986.jpg,3840,2160,1,swimmer,2710.0,1115.0,43.0,44.0,1892.0,34.29832733922585,42.2,mavic,NorthSea_Fri_DJI_0117.MP4,60,data/raw/seadronessee/odv2/images/train/7986.jpg,train,1493,1985,390,3478,1883,train_00051398,80.0,640,0.4286671131949096,310.78365706630944,310.78365706630944,18.43268586738111,18.861352980576022,347.66539452475024,1.0,8fe6c319c145bfe6c41b4bd884be5417741d8218678ea8dfc0735cca6b82988f,data/synthetic/seadronessee_30m_to_80m/geometry_only/train/train_00051398.png,data/synthetic/seadronessee_30m_to_80m/calibrated/train/train_00051398.png
train:51399,train:7986,train,51399,7986,7986.jpg,3840,2160,1,swimmer,2378.0,1178.0,30.0,28.0,840.0,34.29832733922585,42.2,mavic,NorthSea_Fri_DJI_0117.MP4,60,data/raw/seadronessee/odv2/images/train/7986.jpg,train,1493,1646,446,3139,1939,train_00051399,80.0,640,0.4286671131949096,313.7843268586738,313.7843268586738,12.860013395847288,12.002679169457469,154.35461490528024,1.0,8fe6c319c145bfe6c41b4bd884be5417741d8218678ea8dfc0735cca6b82988f,data/synthetic/seadronessee_30m_to_80m/geometry_only/train/train_00051399.png,data/synthetic/seadronessee_30m_to_80m/calibrated/train/train_00051399.png
train:51400,train:7986,train,51400,7986,7986.jpg,3840,2160,1,swimmer,2342.0,1247.0,69.0,41.0,2829.0,34.29832733922585,42.2,mavic,NorthSea_Fri_DJI_0117.MP4,60,data/raw/seadronessee/odv2/images/train/7986.jpg,train,1493,1630,521,3123,2014,train_00051400,80.0,640,0.4286671131949096,305.2109845947756,311.2123241795044,29.578030810448762,17.575351640991293,519.8442923417117,1.0,8fe6c319c145bfe6c41b4bd884be5417741d8218678ea8dfc0735cca6b82988f,data/synthetic/seadronessee_30m_to_80m/geometry_only/train/train_00051400.png,data/synthetic/seadronessee_30m_to_80m/calibrated/train/train_00051400.png
train:51401,train:7986,train,51401,7986,7986.jpg,3840,2160,1,swimmer,1014.0,989.0,50.0,48.0,2400.0,34.29832733922585,42.2,mavic,NorthSea_Fri_DJI_0117.MP4,60,data/raw/seadronessee/odv2/images/train/7986.jpg,train,1493,292,266,1785,1759,train_00051401,80.0,640,0.4286671131949096,309.4976557267247,309.92632283991964,21.43335565974548,20.57602143335566,441.01318544365785,1.0,8fe6c319c145bfe6c41b4bd884be5417741d8218678ea8dfc0735cca6b82988f,data/synthetic/seadronessee_30m_to_80m/geometry_only/train/train_00051401.png,data/synthetic/seadronessee_30m_to_80m/calibrated/train/train_00051401.png
train:51402,train:7986,train,51402,7986,7986.jpg,3840,2160,1,swimmer,879.0,1024.0,43.0,40.0,1720.0,34.29832733922585,42.2,mavic,NorthSea_Fri_DJI_0117.MP4,60,data/raw/seadronessee/odv2/images/train/7986.jpg,train,1493,154,298,1647,1791,train_00051402,80.0,640,0.4286671131949096,310.78365706630944,311.2123241795044,18.43268586738111,17.14668452779638,316.0594495679547,1.0,8fe6c319c145bfe6c41b4bd884be5417741d8218678ea8dfc0735cca6b82988f,data/synthetic/seadronessee_30m_to_80m/geometry_only/train/train_00051402.png,data/synthetic/seadronessee_30m_to_80m/calibrated/train/train_00051402.png
train:51417,train:7988,train,51417,7988,7988.jpg,3840,2160,1,swimmer,1876.0,854.0,38.0,39.0,1482.0,34.39832246266382,42.2,mavic,NorthSea_Fri_DJI_0117.MP4,90,data/raw/seadronessee/odv2/images/train/7988.jpg,train,1488,1151,130,2639,1618,train_00051417,80.0,640,0.43010752688172044,311.8279569892473,311.39784946236557,16.344086021505376,16.774193548387096,274.1588622962192,1.0,8fe6c319c145bfe6c41b4bd884be5417741d8218678ea8dfc0735cca6b82988f,data/synthetic/seadronessee_30m_to_80m/geometry_only/train/train_00051417.png,data/synthetic/seadronessee_30m_to_80m/calibrated/train/train_00051417.png
train:51418,train:7988,train,51418,7988,7988.jpg,3840,2160,1,swimmer,1743.0,871.0,30.0,34.0,1020.0,34.39832246266382,42.2,mavic,NorthSea_Fri_DJI_0117.MP4,90,data/raw/seadronessee/odv2/images/train/7988.jpg,train,1488,1014,144,2502,1632,train_00051418,80.0,640,0.43010752688172044,313.5483870967742,312.68817204301075,12.903225806451614,14.623655913978494,188.69233437391605,1.0,8fe6c319c145bfe6c41b4bd884be5417741d8218678ea8dfc0735cca6b82988f,data/synthetic/seadronessee_30m_to_80m/geometry_only/train/train_00051418.png,data/synthetic/seadronessee_30m_to_80m/calibrated/train/train_00051418.png
train:51436,train:7990,train,51436,7990,7990.jpg,3840,2160,1,swimmer,1988.0,842.0,39.0,30.0,1170.0,34.29832733922585,42.2,mavic,NorthSea_Fri_DJI_0117.MP4,120,data/raw/seadronessee/odv2/images/train/7990.jpg,train,1493,1261,110,2754,1603,train_00051436,80.0,640,0.4286671131949096,311.64099129269925,313.7843268586738,16.718017414601473,12.860013395847288,214.99392790378317,1.0,8fe6c319c145bfe6c41b4bd884be5417741d8218678ea8dfc0735cca6b82988f,data/synthetic/seadronessee_30m_to_80m/geometry_only/train/train_00051436.png,data/synthetic/seadronessee_30m_to_80m/calibrated/train/train_00051436.png
train:51437,train:7990,train,51437,7990,7990.jpg,3840,2160,1,swimmer,1855.0,861.0,31.0,35.0,1085.0,34.29832733922585,42.2,mavic,NorthSea_Fri_DJI_0117.MP4,120,data/raw/seadronessee/odv2/images/train/7990.jpg,train,1493,1124,132,2617,1625,train_00051437,80.0,640,0.4286671131949096,313.3556597454789,312.49832551908906,13.288680509042196,15.003348961821835,199.3747109193203,1.0,8fe6c319c145bfe6c41b4bd884be5417741d8218678ea8dfc0735cca6b82988f,data/synthetic/seadronessee_30m_to_80m/geometry_only/train/train_00051437.png,data/synthetic/seadronessee_30m_to_80m/calibrated/train/train_00051437.png
train:51457,train:7992,train,51457,7992,7992.jpg,3840,2160,1,swimmer,2352.0,727.0,53.0,40.0,2120.0,34.29832733922585,42.2,mavic,NorthSea_Fri_DJI_0117.MP4,150,data/raw/seadronessee/odv2/images/train/7992.jpg,train,1493,1632,0,3125,1493,train_00051457,80.0,640,0.4286671131949096,308.6403215003349,311.64099129269925,22.71935699933021,17.14668452779638,389.5616471418977,1.0,8fe6c319c145bfe6c41b4bd884be5417741d8218678ea8dfc0735cca6b82988f,data/synthetic/seadronessee_30m_to_80m/geometry_only/train/train_00051457.png,data/synthetic/seadronessee_30m_to_80m/calibrated/train/train_00051457.png
train:51458,train:7992,train,51458,7992,7992.jpg,3840,2160,1,swimmer,1961.0,861.0,50.0,33.0,1650.0,34.29832733922585,42.2,mavic,NorthSea_Fri_DJI_0117.MP4,150,data/raw/seadronessee/odv2/images/train/7992.jpg,train,1493,1240,131,2733,1624,train_00051458,80.0,640,0.4286671131949096,309.0689886135298,312.926992632284,21.43335565974548,14.146014735432017,303.19656499251477,1.0,8fe6c319c145bfe6c41b4bd884be5417741d8218678ea8dfc0735cca6b82988f,data/synthetic/seadronessee_30m_to_80m/geometry_only/train/train_00051458.png,data/synthetic/seadronessee_30m_to_80m/calibrated/train/train_00051458.png
train:51459,train:7992,train,51459,7992,7992.jpg,3840,2160,1,swimmer,1837.0,878.0,32.0,38.0,1216.0,34.29832733922585,42.2,mavic,NorthSea_Fri_DJI_0117.MP4,150,data/raw/seadronessee/odv2/images/train/7992.jpg,train,1493,1106,150,2599,1643,train_00051459,80.0,640,0.4286671131949096,313.3556597454789,312.0696584058942,13.717347622237106,16.289350301406564,223.44668062478664,1.0,8fe6c319c145bfe6c41b4bd884be5417741d8218678ea8dfc0735cca6b82988f,data/synthetic/seadronessee_30m_to_80m/geometry_only/train/train_00051459.png,data/synthetic/seadronessee_30m_to_80m/calibrated/train/train_00051459.png
train:51479,train:7994,train,51479,7994,7994.jpg,3840,2160,1,swimmer,2149.0,741.0,52.0,38.0,1976.0,34.29832733922585,42.2,mavic,NorthSea_Fri_DJI_0117.MP4,180,data/raw/seadronessee/odv2/images/train/7994.jpg,train,1493,1428,14,2921,1507,train_00051479,80.0,640,0.4286671131949096,309.0689886135298,311.64099129269925,22.290689886135297,16.289350301406564,363.1008560152783,1.0,8fe6c319c145bfe6c41b4bd884be5417741d8218678ea8dfc0735cca6b82988f,data/synthetic/seadronessee_30m_to_80m/geometry_only/train/train_00051479.png,data/synthetic/seadronessee_30m_to_80m/calibrated/train/train_00051479.png
train:51480,train:7994,train,51480,7994,7994.jpg,3840,2160,1,swimmer,1752.0,867.0,56.0,33.0,1848.0,34.29832733922585,42.2,mavic,NorthSea_Fri_DJI_0117.MP4,180,data/raw/seadronessee/odv2/images/train/7994.jpg,train,1493,1034,137,2527,1630,train_00051480,80.0,640,0.4286671131949096,307.7829872739451,312.926992632284,24.005358338914938,14.146014735432017,339.58015279161657,1.0,8fe6c319c145bfe6c41b4bd884be5417741d8218678ea8dfc0735cca6b82988f,data/synthetic/seadronessee_30m_to_80m/geometry_only/train/train_00051480.png,data/synthetic/seadronessee_30m_to_80m/calibrated/train/train_00051480.png
train:51481,train:7994,train,51481,7994,7994.jpg,3840,2160,1,swimmer,1623.0,894.0,37.0,36.0,1332.0,34.29832733922585,42.2,mavic,NorthSea_Fri_DJI_0117.MP4,180,data/raw/seadronessee/odv2/images/train/7994.jpg,train,1493,895,166,2388,1659,train_00051481,80.0,640,0.4286671131949096,312.0696584058942,312.0696584058942,15.860683188211654,15.432016075016744,244.76231792123008,1.0,8fe6c319c145bfe6c41b4bd884be5417741d8218678ea8dfc0735cca6b82988f,data/synthetic/seadronessee_30m_to_80m/geometry_only/train/train_00051481.png,data/synthetic/seadronessee_30m_to_80m/calibrated/train/train_00051481.png
train:51487,train:7994,train,51487,7994,7994.jpg,3840,2160,1,swimmer,3053.0,1272.0,33.0,37.0,1221.0,34.29832733922585,42.2,mavic,NorthSea_Fri_DJI_0117.MP4,180,data/raw/seadronessee/odv2/images/train/7994.jpg,train,1493,2323,544,3816,2037,train_00051487,80.0,640,0.4286671131949096,312.926992632284,312.0696584058942,14.146014735432017,15.860683188211654,224.3654580944609,1.0,8fe6c319c145bfe6c41b4bd884be5417741d8218678ea8dfc0735cca6b82988f,data/synthetic/seadronessee_30m_to_80m/geometry_only/train/train_00051487.png,data/synthetic/seadronessee_30m_to_80m/calibrated/train/train_00051487.png
train:51501,train:7996,train,51501,7996,7996.jpg,3840,2160,1,swimmer,1831.0,749.0,39.0,38.0,1482.0,34.29832733922585,42.2,mavic,NorthSea_Fri_DJI_0117.MP4,210,data/raw/seadronessee/odv2/images/train/7996.jpg,train,1493,1104,22,2597,1515,train_00051501,80.0,640,0.4286671131949096,311.64099129269925,311.64099129269925,16.718017414601473,16.289350301406564,272.3256420114587,1.0,8fe6c319c145bfe6c41b4bd884be5417741d8218678ea8dfc0735cca6b82988f,data/synthetic/seadronessee_30m_to_80m/geometry_only/train/train_00051501.png,data/synthetic/seadronessee_30m_to_80m/calibrated/train/train_00051501.png
train:51502,train:7996,train,51502,7996,7996.jpg,3840,2160,1,swimmer,1420.0,867.0,59.0,29.0,1711.0,34.29832733922585,42.2,mavic,NorthSea_Fri_DJI_0117.MP4,210,data/raw/seadronessee/odv2/images/train/7996.jpg,train,1493,703,135,2196,1628,train_00051502,80.0,640,0.4286671131949096,307.35432016075015,313.7843268586738,25.291359678499663,12.431346282652378,314.40565012254103,1.0,8fe6c319c145bfe6c41b4bd884be5417741d8218678ea8dfc0735cca6b82988f,data/synthetic/seadronessee_30m_to_80m/geometry_only/train/train_00051502.png,data/synthetic/seadronessee_30m_to_80m/calibrated/train/train_00051502.png
train:51503,train:7996,train,51503,7996,7996.jpg,3840,2160,1,swimmer,1284.0,885.0,49.0,40.0,1960.0,34.29832733922585,42.2,mavic,NorthSea_Fri_DJI_0117.MP4,210,data/raw/seadronessee/odv2/images/train/7996.jpg,train,1493,562,158,2055,1651,train_00051503,80.0,640,0.4286671131949096,309.4976557267247,311.64099129269925,21.004688546550568,17.14668452779638,360.1607681123205,1.0,8fe6c319c145bfe6c41b4bd884be5417741d8218678ea8dfc0735cca6b82988f,data/synthetic/seadronessee_30m_to_80m/geometry_only/train/train_00051503.png,data/synthetic/seadronessee_30m_to_80m/calibrated/train/train_00051503.png
train:51507,train:7996,train,51507,7996,7996.jpg,3840,2160,1,swimmer,1947.0,737.0,26.0,24.0,624.0,34.29832733922585,42.2,mavic,NorthSea_Fri_DJI_0117.MP4,210,data/raw/seadronessee/odv2/images/train/7996.jpg,train,1493,1214,2,2707,1495,train_00051507,80.0,640,0.4286671131949096,314.21299397186874,315.07032819825855,11.145344943067649,10.28801071667783,114.66342821535103,1.0,8fe6c319c145bfe6c41b4bd884be5417741d8218678ea8dfc0735cca6b82988f,data/synthetic/seadronessee_30m_to_80m/geometry_only/train/train_00051507.png,data/synthetic/seadronessee_30m_to_80m/calibrated/train/train_00051507.png
train:51508,train:7996,train,51508,7996,7996.jpg,3840,2160,1,swimmer,2660.0,1277.0,31.0,36.0,1116.0,34.29832733922585,42.2,mavic,NorthSea_Fri_DJI_0117.MP4,210,data/raw/seadronessee/odv2/images/train/7996.jpg,train,1493,1929,548,3422,2041,train_00051508,80.0,640,0.4286671131949096,313.3556597454789,312.49832551908906,13.288680509042196,15.432016075016744,205.07113123130085,1.0,8fe6c319c145bfe6c41b4bd884be5417741d8218678ea8dfc0735cca6b82988f,data/synthetic/seadronessee_30m_to_80m/geometry_only/train/train_00051508.png,data/synthetic/seadronessee_30m_to_80m/calibrated/train/train_00051508.png
train:51521,train:7998,train,51521,7998,7998.jpg,3840,2160,1,swimmer,1653.0,747.0,41.0,38.0,1558.0,34.29832733922585,42.2,mavic,NorthSea_Fri_DJI_0117.MP4,240,data/raw/seadronessee/odv2/images/train/7998.jpg,train,1493,927,20,2420,1513,train_00051521,80.0,640,0.4286671131949096,311.2123241795044,311.64099129269925,17.575351640991293,16.289350301406564,286.2910595505079,1.0,8fe6c319c145bfe6c41b4bd884be5417741d8218678ea8dfc0735cca6b82988f,data/synthetic/seadronessee_30m_to_80m/geometry_only/train/train_00051521.png,data/synthetic/seadronessee_30m_to_80m/calibrated/train/train_00051521.png
train:51522,train:7998,train,51522,7998,7998.jpg,3840,2160,1,swimmer,1238.0,852.0,42.0,28.0,1176.0,34.29832733922585,42.2,mavic,NorthSea_Fri_DJI_0117.MP4,240,data/raw/seadronessee/odv2/images/train/7998.jpg,train,1493,512,120,2005,1613,train_00051522,80.0,640,0.4286671131949096,311.2123241795044,313.7843268586738,18.004018754186202,12.002679169457469,216.09646086739232,1.0,8fe6c319c145bfe6c41b4bd884be5417741d8218678ea8dfc0735cca6b82988f,data/synthetic/seadronessee_30m_to_80m/geometry_only/train/train_00051522.png,data/synthetic/seadronessee_30m_to_80m/calibrated/train/train_00051522.png
train:51523,train:7998,train,51523,7998,7998.jpg,3840,2160,1,swimmer,1098.0,870.0,30.0,35.0,1050.0,34.29832733922585,42.2,mavic,NorthSea_Fri_DJI_0117.MP4,240,data/raw/seadronessee/odv2/images/train/7998.jpg,train,1493,366,141,1859,1634,train_00051523,80.0,640,0.4286671131949096,313.7843268586738,312.49832551908906,12.860013395847288,15.003348961821835,192.9432686316003,1.0,8fe6c319c145bfe6c41b4bd884be5417741d8218678ea8dfc0735cca6b82988f,data/synthetic/seadronessee_30m_to_80m/geometry_only/train/train_00051523.png,data/synthetic/seadronessee_30m_to_80m/calibrated/train/train_00051523.png
train:51527,train:7998,train,51527,7998,7998.jpg,3840,2160,1,swimmer,1766.0,735.0,27.0,25.0,675.0,34.29832733922585,42.2,mavic,NorthSea_Fri_DJI_0117.MP4,240,data/raw/seadronessee/odv2/images/train/7998.jpg,train,1493,1033,1,2526,1494,train_00051527,80.0,640,0.4286671131949096,314.21299397186874,314.6416610850636,11.574012056262559,10.71667782987274,124.03495840602876,1.0,8fe6c319c145bfe6c41b4bd884be5417741d8218678ea8dfc0735cca6b82988f,data/synthetic/seadronessee_30m_to_80m/geometry_only/train/train_00051527.png,data/synthetic/seadronessee_30m_to_80m/calibrated/train/train_00051527.png
train:51528,train:7998,train,51528,7998,7998.jpg,3840,2160,1,swimmer,2449.0,1272.0,32.0,35.0,1120.0,34.29832733922585,42.2,mavic,NorthSea_Fri_DJI_0117.MP4,240,data/raw/seadronessee/odv2/images/train/7998.jpg,train,1493,1718,543,3211,2036,train_00051528,80.0,640,0.4286671131949096,313.3556597454789,312.49832551908906,13.717347622237106,15.003348961821835,205.80615320704032,1.0,8fe6c319c145bfe6c41b4bd884be5417741d8218678ea8dfc0735cca6b82988f,data/synthetic/seadronessee_30m_to_80m/geometry_only/train/train_00051528.png,data/synthetic/seadronessee_30m_to_80m/calibrated/train/train_00051528.png
train:51541,train:8000,train,51541,8000,8000.jpg,3840,2160,1,swimmer,1622.0,734.0,30.0,40.0,1200.0,34.29832733922585,42.2,mavic,NorthSea_Fri_DJI_0117.MP4,270,data/raw/seadronessee/odv2/images/train/8000.jpg,train,1493,890,8,2383,1501,train_00051541,80.0,640,0.4286671131949096,313.7843268586738,311.2123241795044,12.860013395847288,17.14668452779638,220.5065927218289,1.0,8fe6c319c145bfe6c41b4bd884be5417741d8218678ea8dfc0735cca6b82988f,data/synthetic/seadronessee_30m_to_80m/geometry_only/train/train_00051541.png,data/synthetic/seadronessee_30m_to_80m/calibrated/train/train_00051541.png
train:51542,train:8000,train,51542,8000,8000.jpg,3840,2160,1,swimmer,1191.0,834.0,53.0,32.0,1696.0,34.29832733922585,42.2,mavic,NorthSea_Fri_DJI_0117.MP4,270,data/raw/seadronessee/odv2/images/train/8000.jpg,train,1493,471,104,1964,1597,train_00051542,80.0,640,0.4286671131949096,308.6403215003349,312.926992632284,22.71935699933021,13.717347622237106,311.6493177135182,1.0,8fe6c319c145bfe6c41b4bd884be5417741d8218678ea8dfc0735cca6b82988f,data/synthetic/seadronessee_30m_to_80m/geometry_only/train/train_00051542.png,data/synthetic/seadronessee_30m_to_80m/calibrated/train/train_00051542.png
train:51543,train:8000,train,51543,8000,8000.jpg,3840,2160,1,swimmer,1051.0,849.0,30.0,39.0,1170.0,34.29832733922585,42.2,mavic,NorthSea_Fri_DJI_0117.MP4,270,data/raw/seadronessee/odv2/images/train/8000.jpg,train,1493,320,122,1813,1615,train_00051543,80.0,640,0.4286671131949096,313.3556597454789,311.64099129269925,12.860013395847288,16.718017414601473,214.99392790378317,1.0,8fe6c319c145bfe6c41b4bd884be5417741d8218678ea8dfc0735cca6b82988f,data/synthetic/seadronessee_30m_to_80m/geometry_only/train/train_00051543.png,data/synthetic/seadronessee_30m_to_80m/calibrated/train/train_00051543.png
train:51548,train:8000,train,51548,8000,8000.jpg,3840,2160,1,swimmer,2426.0,1267.0,31.0,39.0,1209.0,34.29832733922585,42.2,mavic,NorthSea_Fri_DJI_0117.MP4,270,data/raw/seadronessee/odv2/images/train/8000.jpg,train,1493,1695,540,3188,2033,train_00051548,80.0,640,0.4286671131949096,313.3556597454789,311.64099129269925,13.288680509042196,16.718017414601473,222.1603921672426,1.0,8fe6c319c145bfe6c41b4bd884be5417741d8218678ea8dfc0735cca6b82988f,data/synthetic/seadronessee_30m_to_80m/geometry_only/train/train_00051548.png,data/synthetic/seadronessee_30m_to_80m/calibrated/train/train_00051548.png
train:51563,train:8002,train,51563,8002,8002.jpg,3840,2160,1,swimmer,1609.0,729.0,26.0,36.0,936.0,34.39832246266382,42.2,mavic,NorthSea_Fri_DJI_0117.MP4,300,data/raw/seadronessee/odv2/images/train/8002.jpg,train,1488,878,3,2366,1491,train_00051563,80.0,640,0.43010752688172044,314.40860215053766,312.258064516129,11.182795698924732,15.483870967741936,173.15296566077004,1.0,8fe6c319c145bfe6c41b4bd884be5417741d8218678ea8dfc0735cca6b82988f,data/synthetic/seadronessee_30m_to_80m/geometry_only/train/train_00051563.png,data/synthetic/seadronessee_30m_to_80m/calibrated/train/train_00051563.png
train:51564,train:8002,train,51564,8002,8002.jpg,3840,2160,1,swimmer,1196.0,815.0,47.0,31.0,1457.0,34.39832246266382,42.2,mavic,NorthSea_Fri_DJI_0117.MP4,300,data/raw/seadronessee/odv2/images/train/8002.jpg,train,1488,476,86,1964,1574,train_00051564,80.0,640,0.43010752688172044,309.6774193548387,313.5483870967742,20.21505376344086,13.333333333333334,269.5340501792115,1.0,8fe6c319c145bfe6c41b4bd884be5417741d8218678ea8dfc0735cca6b82988f,data/synthetic/seadronessee_30m_to_80m/geometry_only/train/train_00051564.png,data/synthetic/seadronessee_30m_to_80m/calibrated/train/train_00051564.png
train:51565,train:8002,train,51565,8002,8002.jpg,3840,2160,1,swimmer,1052.0,832.0,35.0,38.0,1330.0,34.39832246266382,42.2,mavic,NorthSea_Fri_DJI_0117.MP4,300,data/raw/seadronessee/odv2/images/train/8002.jpg,train,1488,326,107,1814,1595,train_00051565,80.0,640,0.43010752688172044,312.258064516129,311.8279569892473,15.053763440860216,16.344086021505376,246.04000462481213,1.0,8fe6c319c145bfe6c41b4bd884be5417741d8218678ea8dfc0735cca6b82988f,data/synthetic/seadronessee_30m_to_80m/geometry_only/train/train_00051565.png,data/synthetic/seadronessee_30m_to_80m/calibrated/train/train_00051565.png
train:51570,train:8002,train,51570,8002,8002.jpg,3840,2160,1,swimmer,2433.0,1265.0,32.0,40.0,1280.0,34.39832246266382,42.2,mavic,NorthSea_Fri_DJI_0117.MP4,300,data/raw/seadronessee/odv2/images/train/8002.jpg,train,1488,1705,541,3193,2029,train_00051570,80.0,640,0.43010752688172044,313.1182795698925,311.39784946236557,13.763440860215054,17.204301075268816,236.7903803907966,1.0,8fe6c319c145bfe6c41b4bd884be5417741d8218678ea8dfc0735cca6b82988f,data/synthetic/seadronessee_30m_to_80m/geometry_only/train/train_00051570.png,data/synthetic/seadronessee_30m_to_80m/calibrated/train/train_00051570.png
train:51586,train:8004,train,51586,8004,8004.jpg,3840,2160,1,swimmer,1197.0,809.0,50.0,36.0,1800.0,34.39832246266382,42.2,mavic,NorthSea_Fri_DJI_0117.MP4,330,data/raw/seadronessee/odv2/images/train/8004.jpg,train,1488,478,83,1966,1571,train_00051586,80.0,640,0.43010752688172044,309.247311827957,312.258064516129,21.50537634408602,15.483870967741936,332.98647242455775,1.0,8fe6c319c145bfe6c41b4bd884be5417741d8218678ea8dfc0735cca6b82988f,data/synthetic/seadronessee_30m_to_80m/geometry_only/train/train_00051586.png,data/synthetic/seadronessee_30m_to_80m/calibrated/train/train_00051586.png
train:51587,train:8004,train,51587,8004,8004.jpg,3840,2160,1,swimmer,1062.0,825.0,35.0,35.0,1225.0,34.39832246266382,42.2,mavic,NorthSea_Fri_DJI_0117.MP4,330,data/raw/seadronessee/odv2/images/train/8004.jpg,train,1488,336,98,1824,1586,train_00051587,80.0,640,0.43010752688172044,312.258064516129,312.68817204301075,15.053763440860216,15.053763440860216,226.6157937333796,1.0,8fe6c319c145bfe6c41b4bd884be5417741d8218678ea8dfc0735cca6b82988f,data/synthetic/seadronessee_30m_to_80m/geometry_only/train/train_00051587.png,data/synthetic/seadronessee_30m_to_80m/calibrated/train/train_00051587.png
train:51592,train:8004,train,51592,8004,8004.jpg,3840,2160,1,swimmer,2428.0,1273.0,29.0,34.0,986.0,34.39832246266382,42.2,mavic,NorthSea_Fri_DJI_0117.MP4,330,data/raw/seadronessee/odv2/images/train/8004.jpg,train,1488,1698,546,3186,2034,train_00051592,80.0,640,0.43010752688172044,313.97849462365593,312.68817204301075,12.473118279569892,14.623655913978494,182.4025898947855,1.0,8fe6c319c145bfe6c41b4bd884be5417741d8218678ea8dfc0735cca6b82988f,data/synthetic/seadronessee_30m_to_80m/geometry_only/train/train_00051592.png,data/synthetic/seadronessee_30m_to_80m/calibrated/train/train_00051592.png
train:51609,train:8006,train,51609,8006,8006.jpg,3840,2160,1,swimmer,1307.0,768.0,58.0,34.0,1972.0,34.4983175861018,42.2,mavic,NorthSea_Fri_DJI_0117.MP4,360,data/raw/seadronessee/odv2/images/train/8006.jpg,train,1484,594,43,2078,1527,train_00051609,80.0,640,0.431266846361186,307.4932614555256,312.66846361185986,25.01347708894879,14.663072776280325,366.77443494307664,1.0,8fe6c319c145bfe6c41b4bd884be5417741d8218678ea8dfc0735cca6b82988f,data/synthetic/seadronessee_30m_to_80m/geometry_only/train/train_00051609.png,data/synthetic/seadronessee_30m_to_80m/calibrated/train/train_00051609.png
train:51610,train:8006,train,51610,8006,8006.jpg,3840,2160,1,swimmer,1171.0,777.0,52.0,48.0,2496.0,34.4983175861018,42.2,mavic,NorthSea_Fri_DJI_0117.MP4,360,data/raw/seadronessee/odv2/images/train/8006.jpg,train,1484,455,59,1939,1543,train_00051610,80.0,640,0.431266846361186,308.7870619946092,309.64959568733155,22.42587601078167,20.70080862533693,464.2337675547258,1.0,8fe6c319c145bfe6c41b4bd884be5417741d8218678ea8dfc0735cca6b82988f,data/synthetic/seadronessee_30m_to_80m/geometry_only/train/train_00051610.png,data/synthetic/seadronessee_30m_to_80m/calibrated/train/train_00051610.png
train:51615,train:8006,train,51615,8006,8006.jpg,3840,2160,1,swimmer,2488.0,1286.0,32.0,32.0,1024.0,34.4983175861018,42.2,mavic,NorthSea_Fri_DJI_0117.MP4,360,data/raw/seadronessee/odv2/images/train/8006.jpg,train,1484,1762,560,3246,2044,train_00051615,80.0,640,0.431266846361186,313.099730458221,313.099730458221,13.800539083557952,13.800539083557952,190.45487899681058,1.0,8fe6c319c145bfe6c41b4bd884be5417741d8218678ea8dfc0735cca6b82988f,data/synthetic/seadronessee_30m_to_80m/geometry_only/train/train_00051615.png,data/synthetic/seadronessee_30m_to_80m/calibrated/train/train_00051615.png
train:51633,train:8008,train,51633,8008,8008.jpg,3840,2160,1,swimmer,1323.0,777.0,53.0,32.0,1696.0,34.4983175861018,42.2,mavic,NorthSea_Fri_DJI_0117.MP4,390,data/raw/seadronessee/odv2/images/train/8008.jpg,train,1484,608,51,2092,1535,train_00051633,80.0,640,0.431266846361186,308.355795148248,313.099730458221,22.857142857142858,13.800539083557952,315.4408933384675,1.0,8fe6c319c145bfe6c41b4bd884be5417741d8218678ea8dfc0735cca6b82988f,data/synthetic/seadronessee_30m_to_80m/geometry_only/train/train_00051633.png,data/synthetic/seadronessee_30m_to_80m/calibrated/train/train_00051633.png
train:51634,train:8008,train,51634,8008,8008.jpg,3840,2160,1,swimmer,1190.0,784.0,30.0,37.0,1110.0,34.4983175861018,42.2,mavic,NorthSea_Fri_DJI_0117.MP4,390,data/raw/seadronessee/odv2/images/train/8008.jpg,train,1484,463,60,1947,1544,train_00051634,80.0,640,0.431266846361186,313.53099730458223,312.23719676549865,12.93800539083558,15.956873315363882,206.45011297505832,1.0,8fe6c319c145bfe6c41b4bd884be5417741d8218678ea8dfc0735cca6b82988f,data/synthetic/seadronessee_30m_to_80m/geometry_only/train/train_00051634.png,data/synthetic/seadronessee_30m_to_80m/calibrated/train/train_00051634.png
train:51639,train:8008,train,51639,8008,8008.jpg,3840,2160,1,swimmer,2467.0,1268.0,32.0,33.0,1056.0,34.4983175861018,42.2,mavic,NorthSea_Fri_DJI_0117.MP4,390,data/raw/seadronessee/odv2/images/train/8008.jpg,train,1484,1741,542,3225,2026,train_00051639,80.0,640,0.431266846361186,313.099730458221,313.099730458221,13.800539083557952,14.231805929919139,196.4065939654609,1.0,8fe6c319c145bfe6c41b4bd884be5417741d8218678ea8dfc0735cca6b82988f,data/synthetic/seadronessee_30m_to_80m/geometry_only/train/train_00051639.png,data/synthetic/seadronessee_30m_to_80m/calibrated/train/train_00051639.png
train:51657,train:8010,train,51657,8010,8010.jpg,3840,2160,1,swimmer,1314.0,764.0,105.0,53.0,5565.0,34.598312709539776,42.2,mavic,NorthSea_Fri_DJI_0117.MP4,420,data/raw/seadronessee/odv2/images/train/8010.jpg,train,1480,626,50,2106,1530,train_00051657,80.0,640,0.43243243243243246,297.51351351351354,308.7567567567568,45.40540540540541,22.91891891891892,1040.6428049671295,1.0,8fe6c319c145bfe6c41b4bd884be5417741d8218678ea8dfc0735cca6b82988f,data/synthetic/seadronessee_30m_to_80m/geometry_only/train/train_00051657.png,data/synthetic/seadronessee_30m_to_80m/calibrated/train/train_00051657.png
train:51658,train:8010,train,51658,8010,8010.jpg,3840,2160,1,swimmer,1216.0,783.0,32.0,32.0,1024.0,34.598312709539776,42.2,mavic,NorthSea_Fri_DJI_0117.MP4,420,data/raw/seadronessee/odv2/images/train/8010.jpg,train,1480,492,59,1972,1539,train_00051658,80.0,640,0.43243243243243246,313.0810810810811,313.0810810810811,13.837837837837839,13.837837837837839,191.4857560262966,1.0,8fe6c319c145bfe6c41b4bd884be5417741d8218678ea8dfc0735cca6b82988f,data/synthetic/seadronessee_30m_to_80m/geometry_only/train/train_00051658.png,data/synthetic/seadronessee_30m_to_80m/calibrated/train/train_00051658.png
train:51663,train:8010,train,51663,8010,8010.jpg,3840,2160,1,swimmer,2459.0,1261.0,36.0,31.0,1116.0,34.598312709539776,42.2,mavic,NorthSea_Fri_DJI_0117.MP4,420,data/raw/seadronessee/odv2/images/train/8010.jpg,train,1480,1737,536,3217,2016,train_00051663,80.0,640,0.43243243243243246,312.21621621621625,313.51351351351354,15.567567567567568,13.405405405405407,208.68955441928418,1.0,8fe6c319c145bfe6c41b4bd884be5417741d8218678ea8dfc0735cca6b82988f,data/synthetic/seadronessee_30m_to_80m/geometry_only/train/train_00051663.png,data/synthetic/seadronessee_30m_to_80m/calibrated/train/train_00051663.png
train:51664,train:8010,train,51664,8010,8010.jpg,3840,2160,1,swimmer,2312.0,1398.0,33.0,30.0,990.0,34.598312709539776,42.2,mavic,NorthSea_Fri_DJI_0117.MP4,420,data/raw/seadronessee/odv2/images/train/8010.jpg,train,1480,1588,673,3068,2153,train_00051664,80.0,640,0.43243243243243246,313.0810810810811,313.51351351351354,14.27027027027027,12.972972972972974,185.12783053323594,1.0,8fe6c319c145bfe6c41b4bd884be5417741d8218678ea8dfc0735cca6b82988f,data/synthetic/seadronessee_30m_to_80m/geometry_only/train/train_00051664.png,data/synthetic/seadronessee_30m_to_80m/calibrated/train/train_00051664.png
train:51681,train:8012,train,51681,8012,8012.jpg,3840,2160,1,swimmer,1342.0,754.0,91.0,51.0,4641.0,34.4983175861018,42.2,mavic,NorthSea_Fri_DJI_0117.MP4,450,data/raw/seadronessee/odv2/images/train/8012.jpg,train,1484,646,38,2130,1522,train_00051681,80.0,640,0.431266846361186,300.1617250673855,308.7870619946092,39.24528301886793,21.994609164420485,863.1846615470682,1.0,8fe6c319c145bfe6c41b4bd884be5417741d8218678ea8dfc0735cca6b82988f,data/synthetic/seadronessee_30m_to_80m/geometry_only/train/train_00051681.png,data/synthetic/seadronessee_30m_to_80m/calibrated/train/train_00051681.png
train:51682,train:8012,train,51682,8012,8012.jpg,3840,2160,1,swimmer,1234.0,760.0,28.0,40.0,1120.0,34.4983175861018,42.2,mavic,NorthSea_Fri_DJI_0117.MP4,450,data/raw/seadronessee/odv2/images/train/8012.jpg,train,1484,506,38,1990,1522,train_00051682,80.0,640,0.431266846361186,313.96226415094344,311.3746630727763,12.075471698113208,17.25067385444744,208.31002390276157,1.0,8fe6c319c145bfe6c41b4bd884be5417741d8218678ea8dfc0735cca6b82988f,data/synthetic/seadronessee_30m_to_80m/geometry_only/train/train_00051682.png,data/synthetic/seadronessee_30m_to_80m/calibrated/train/train_00051682.png
train:51687,train:8012,train,51687,8012,8012.jpg,3840,2160,1,swimmer,2454.0,1262.0,34.0,27.0,918.0,34.4983175861018,42.2,mavic,NorthSea_Fri_DJI_0117.MP4,450,data/raw/seadronessee/odv2/images/train/8012.jpg,train,1484,1729,534,3213,2018,train_00051687,80.0,640,0.431266846361186,312.66846361185986,313.96226415094344,14.663072776280325,11.644204851752022,170.73982316315636,1.0,8fe6c319c145bfe6c41b4bd884be5417741d8218678ea8dfc0735cca6b82988f,data/synthetic/seadronessee_30m_to_80m/geometry_only/train/train_00051687.png,data/synthetic/seadronessee_30m_to_80m/calibrated/train/train_00051687.png
train:51688,train:8012,train,51688,8012,8012.jpg,3840,2160,1,swimmer,2297.0,1398.0,32.0,26.0,832.0,34.4983175861018,42.2,mavic,NorthSea_Fri_DJI_0117.MP4,450,data/raw/seadronessee/odv2/images/train/8012.jpg,train,1484,1571,669,3055,2153,train_00051688,80.0,640,0.431266846361186,313.099730458221,314.3935309973046,13.800539083557952,11.212938005390836,154.74458918490856,1.0,8fe6c319c145bfe6c41b4bd884be5417741d8218678ea8dfc0735cca6b82988f,data/synthetic/seadronessee_30m_to_80m/geometry_only/train/train_00051688.png,data/synthetic/seadronessee_30m_to_80m/calibrated/train/train_00051688.png
train:51704,train:8014,train,51704,8014,8014.jpg,3840,2160,1,swimmer,1657.0,725.0,75.0,50.0,3750.0,34.4983175861018,42.2,mavic,NorthSea_Fri_DJI_0117.MP4,480,data/raw/seadronessee/odv2/images/train/8014.jpg,train,1484,952,8,2436,1492,train_00051704,80.0,640,0.431266846361186,304.04312668463615,309.21832884097034,32.34501347708895,21.563342318059302,697.4665978887106,1.0,8fe6c319c145bfe6c41b4bd884be5417741d8218678ea8dfc0735cca6b82988f,data/synthetic/seadronessee_30m_to_80m/geometry_only/train/train_00051704.png,data/synthetic/seadronessee_30m_to_80m/calibrated/train/train_00051704.png
train:51705,train:8014,train,51705,8014,8014.jpg,3840,2160,1,swimmer,1341.0,756.0,107.0,53.0,5671.0,34.4983175861018,42.2,mavic,NorthSea_Fri_DJI_0117.MP4,480,data/raw/seadronessee/odv2/images/train/8014.jpg,train,1484,652,40,2136,1524,train_00051705,80.0,640,0.431266846361186,297.14285714285717,308.7870619946092,46.145552560646905,22.857142857142858,1054.7554871005007,1.0,8fe6c319c145bfe6c41b4bd884be5417741d8218678ea8dfc0735cca6b82988f,data/synthetic/seadronessee_30m_to_80m/geometry_only/train/train_00051705.png,data/synthetic/seadronessee_30m_to_80m/calibrated/train/train_00051705.png
train:51706,train:8014,train,51706,8014,8014.jpg,3840,2160,1,swimmer,1242.0,758.0,28.0,36.0,1008.0,34.4983175861018,42.2,mavic,NorthSea_Fri_DJI_0117.MP4,480,data/raw/seadronessee/odv2/images/train/8014.jpg,train,1484,514,34,1998,1518,train_00051706,80.0,640,0.431266846361186,313.96226415094344,312.23719676549865,12.075471698113208,15.525606469002696,187.4790215124854,1.0,8fe6c319c145bfe6c41b4bd884be5417741d8218678ea8dfc0735cca6b82988f,data/synthetic/seadronessee_30m_to_80m/geometry_only/train/train_00051706.png,data/synthetic/seadronessee_30m_to_80m/calibrated/train/train_00051706.png
train:51711,train:8014,train,51711,8014,8014.jpg,3840,2160,1,swimmer,2450.0,1254.0,31.0,28.0,868.0,34.4983175861018,42.2,mavic,NorthSea_Fri_DJI_0117.MP4,480,data/raw/seadronessee/odv2/images/train/8014.jpg,train,1484,1724,526,3208,2010,train_00051711,80.0,640,0.431266846361186,313.099730458221,313.96226415094344,13.369272237196766,12.075471698113208,161.4402685246402,1.0,8fe6c319c145bfe6c41b4bd884be5417741d8218678ea8dfc0735cca6b82988f,data/synthetic/seadronessee_30m_to_80m/geometry_only/train/train_00051711.png,data/synthetic/seadronessee_30m_to_80m/calibrated/train/train_00051711.png
train:51712,train:8014,train,51712,8014,8014.jpg,3840,2160,1,swimmer,2291.0,1385.0,34.0,29.0,986.0,34.4983175861018,42.2,mavic,NorthSea_Fri_DJI_0117.MP4,480,data/raw/seadronessee/odv2/images/train/8014.jpg,train,1484,1566,658,3050,2142,train_00051712,80.0,640,0.431266846361186,312.66846361185986,313.53099730458223,14.663072776280325,12.506738544474395,183.38721747153832,1.0,8fe6c319c145bfe6c41b4bd884be5417741d8218678ea8dfc0735cca6b82988f,data/synthetic/seadronessee_30m_to_80m/geometry_only/train/train_00051712.png,data/synthetic/seadronessee_30m_to_80m/calibrated/train/train_00051712.png
train:51728,train:8016,train,51728,8016,8016.jpg,3840,2160,1,swimmer,1647.0,742.0,66.0,41.0,2706.0,34.4983175861018,42.2,mavic,NorthSea_Fri_DJI_0117.MP4,510,data/raw/seadronessee/odv2/images/train/8016.jpg,train,1484,938,20,2422,1504,train_00051728,80.0,640,0.431266846361186,305.7681940700809,311.3746630727763,28.463611859838277,17.681940700808628,503.2918970364936,1.0,8fe6c319c145bfe6c41b4bd884be5417741d8218678ea8dfc0735cca6b82988f,data/synthetic/seadronessee_30m_to_80m/geometry_only/train/train_00051728.png,data/synthetic/seadronessee_30m_to_80m/calibrated/train/train_00051728.png
train:51729,train:8016,train,51729,8016,8016.jpg,3840,2160,1,swimmer,1372.0,757.0,89.0,47.0,4183.0,34.4983175861018,42.2,mavic,NorthSea_Fri_DJI_0117.MP4,510,data/raw/seadronessee/odv2/images/train/8016.jpg,train,1484,674,38,2158,1522,train_00051729,80.0,640,0.431266846361186,301.02425876010784,310.08086253369277,38.38274932614556,20.269541778975743,778.0007410582604,1.0,8fe6c319c145bfe6c41b4bd884be5417741d8218678ea8dfc0735cca6b82988f,data/synthetic/seadronessee_30m_to_80m/geometry_only/train/train_00051729.png,data/synthetic/seadronessee_30m_to_80m/calibrated/train/train_00051729.png
train:51730,train:8016,train,51730,8016,8016.jpg,3840,2160,1,swimmer,1258.0,760.0,29.0,37.0,1073.0,34.4983175861018,42.2,mavic,NorthSea_Fri_DJI_0117.MP4,510,data/raw/seadronessee/odv2/images/train/8016.jpg,train,1484,530,36,2014,1520,train_00051730,80.0,640,0.431266846361186,313.96226415094344,312.23719676549865,12.506738544474395,15.956873315363882,199.5684425425564,1.0,8fe6c319c145bfe6c41b4bd884be5417741d8218678ea8dfc0735cca6b82988f,data/synthetic/seadronessee_30m_to_80m/geometry_only/train/train_00051730.png,data/synthetic/seadronessee_30m_to_80m/calibrated/train/train_00051730.png
train:51735,train:8016,train,51735,8016,8016.jpg,3840,2160,1,swimmer,2471.0,1243.0,31.0,32.0,992.0,34.4983175861018,42.2,mavic,NorthSea_Fri_DJI_0117.MP4,510,data/raw/seadronessee/odv2/images/train/8016.jpg,train,1484,1744,517,3228,2001,train_00051735,80.0,640,0.431266846361186,313.53099730458223,313.099730458221,13.369272237196766,13.800539083557952,184.50316402816023,1.0,8fe6c319c145bfe6c41b4bd884be5417741d8218678ea8dfc0735cca6b82988f,data/synthetic/seadronessee_30m_to_80m/geometry_only/train/train_00051735.png,data/synthetic/seadronessee_30m_to_80m/calibrated/train/train_00051735.png
train:51736,train:8016,train,51736,8016,8016.jpg,3840,2160,1,swimmer,2311.0,1377.0,36.0,31.0,1116.0,34.4983175861018,42.2,mavic,NorthSea_Fri_DJI_0117.MP4,510,data/raw/seadronessee/odv2/images/train/8016.jpg,train,1484,1587,650,3071,2134,train_00051736,80.0,640,0.431266846361186,312.23719676549865,313.53099730458223,15.525606469002696,13.369272237196766,207.56605953168025,1.0,8fe6c319c145bfe6c41b4bd884be5417741d8218678ea8dfc0735cca6b82988f,data/synthetic/seadronessee_30m_to_80m/geometry_only/train/train_00051736.png,data/synthetic/seadronessee_30m_to_80m/calibrated/train/train_00051736.png
train:51752,train:8018,train,51752,8018,8018.jpg,3840,2160,1,swimmer,1614.0,752.0,91.0,34.0,3094.0,34.4983175861018,42.2,mavic,NorthSea_Fri_DJI_0117.MP4,540,data/raw/seadronessee/odv2/images/train/8018.jpg,train,1484,918,27,2402,1511,train_00051752,80.0,640,0.431266846361186,300.1617250673855,312.66846361185986,39.24528301886793,14.663072776280325,575.4564410313789,1.0,8fe6c319c145bfe6c41b4bd884be5417741d8218678ea8dfc0735cca6b82988f,data/synthetic/seadronessee_30m_to_80m/geometry_only/train/train_00051752.png,data/synthetic/seadronessee_30m_to_80m/calibrated/train/train_00051752.png
train:51753,train:8018,train,51753,8018,8018.jpg,3840,2160,1,swimmer,1383.0,744.0,80.0,41.0,3280.0,34.4983175861018,42.2,mavic,NorthSea_Fri_DJI_0117.MP4,540,data/raw/seadronessee/odv2/images/train/8018.jpg,train,1484,681,22,2165,1506,train_00051753,80.0,640,0.431266846361186,302.7493261455526,311.3746630727763,34.50134770889488,17.681940700808628,610.050784286659,1.0,8fe6c319c145bfe6c41b4bd884be5417741d8218678ea8dfc0735cca6b82988f,data/synthetic/seadronessee_30m_to_80m/geometry_only/train/train_00051753.png,data/synthetic/seadronessee_30m_to_80m/calibrated/train/train_00051753.png
train:51754,train:8018,train,51754,8018,8018.jpg,3840,2160,1,swimmer,1263.0,738.0,34.0,44.0,1496.0,34.4983175861018,42.2,mavic,NorthSea_Fri_DJI_0117.MP4,540,data/raw/seadronessee/odv2/images/train/8018.jpg,train,1484,538,18,2022,1502,train_00051754,80.0,640,0.431266846361186,312.66846361185986,310.5121293800539,14.663072776280325,18.975741239892184,278.24267478440294,1.0,8fe6c319c145bfe6c41b4bd884be5417741d8218678ea8dfc0735cca6b82988f,data/synthetic/seadronessee_30m_to_80m/geometry_only/train/train_00051754.png,data/synthetic/seadronessee_30m_to_80m/calibrated/train/train_00051754.png
train:51759,train:8018,train,51759,8018,8018.jpg,3840,2160,1,swimmer,2488.0,1255.0,32.0,30.0,960.0,34.4983175861018,42.2,mavic,NorthSea_Fri_DJI_0117.MP4,540,data/raw/seadronessee/odv2/images/train/8018.jpg,train,1484,1762,528,3246,2012,train_00051759,80.0,640,0.431266846361186,313.099730458221,313.53099730458223,13.800539083557952,12.93800539083558,178.5514490595099,1.0,8fe6c319c145bfe6c41b4bd884be5417741d8218678ea8dfc0735cca6b82988f,data/synthetic/seadronessee_30m_to_80m/geometry_only/train/train_00051759.png,data/synthetic/seadronessee_30m_to_80m/calibrated/train/train_00051759.png
train:51760,train:8018,train,51760,8018,8018.jpg,3840,2160,1,swimmer,2326.0,1383.0,38.0,32.0,1216.0,34.4983175861018,42.2,mavic,NorthSea_Fri_DJI_0117.MP4,540,data/raw/seadronessee/odv2/images/train/8018.jpg,train,1484,1603,657,3087,2141,train_00051760,80.0,640,0.431266846361186,311.8059299191375,313.099730458221,16.38814016172507,13.800539083557952,226.16516880871256,1.0,8fe6c319c145bfe6c41b4bd884be5417741d8218678ea8dfc0735cca6b82988f,data/synthetic/seadronessee_30m_to_80m/geometry_only/train/train_00051760.png,data/synthetic/seadronessee_30m_to_80m/calibrated/train/train_00051760.png
train:51776,train:8020,train,51776,8020,8020.jpg,3840,2160,1,swimmer,1583.0,743.0,90.0,37.0,3330.0,34.4983175861018,42.2,mavic,NorthSea_Fri_DJI_0117.MP4,570,data/raw/seadronessee/odv2/images/train/8020.jpg,train,1484,886,20,2370,1504,train_00051776,80.0,640,0.431266846361186,300.59299191374663,311.8059299191375,38.81401617250674,15.956873315363882,619.3503389251749,1.0,8fe6c319c145bfe6c41b4bd884be5417741d8218678ea8dfc0735cca6b82988f,data/synthetic/seadronessee_30m_to_80m/geometry_only/train/train_00051776.png,data/synthetic/seadronessee_30m_to_80m/calibrated/train/train_00051776.png
train:51777,train:8020,train,51777,8020,8020.jpg,3840,2160,1,swimmer,1410.0,734.0,38.0,36.0,1368.0,34.4983175861018,42.2,mavic,NorthSea_Fri_DJI_0117.MP4,570,data/raw/seadronessee/odv2/images/train/8020.jpg,train,1484,687,10,2171,1494,train_00051777,80.0,640,0.431266846361186,311.8059299191375,312.23719676549865,16.38814016172507,15.525606469002696,254.43581490980162,1.0,8fe6c319c145bfe6c41b4bd884be5417741d8218678ea8dfc0735cca6b82988f,data/synthetic/seadronessee_30m_to_80m/geometry_only/train/train_00051777.png,data/synthetic/seadronessee_30m_to_80m/calibrated/train/train_00051777.png
train:51783,train:8020,train,51783,8020,8020.jpg,3840,2160,1,swimmer,2490.0,1271.0,32.0,32.0,1024.0,34.4983175861018,42.2,mavic,NorthSea_Fri_DJI_0117.MP4,570,data/raw/seadronessee/odv2/images/train/8020.jpg,train,1484,1764,545,3248,2029,train_00051783,80.0,640,0.431266846361186,313.099730458221,313.099730458221,13.800539083557952,13.800539083557952,190.45487899681058,1.0,8fe6c319c145bfe6c41b4bd884be5417741d8218678ea8dfc0735cca6b82988f,data/synthetic/seadronessee_30m_to_80m/geometry_only/train/train_00051783.png,data/synthetic/seadronessee_30m_to_80m/calibrated/train/train_00051783.png
train:51784,train:8020,train,51784,8020,8020.jpg,3840,2160,1,swimmer,2320.0,1398.0,37.0,30.0,1110.0,34.4983175861018,42.2,mavic,NorthSea_Fri_DJI_0117.MP4,570,data/raw/seadronessee/odv2/images/train/8020.jpg,train,1484,1596,671,3080,2155,train_00051784,80.0,640,0.431266846361186,312.23719676549865,313.53099730458223,15.956873315363882,12.93800539083558,206.45011297505832,1.0,8fe6c319c145bfe6c41b4bd884be5417741d8218678ea8dfc0735cca6b82988f,data/synthetic/seadronessee_30m_to_80m/geometry_only/train/train_00051784.png,data/synthetic/seadronessee_30m_to_80m/calibrated/train/train_00051784.png
train:51800,train:8022,train,51800,8022,8022.jpg,3840,2160,1,swimmer,1565.0,753.0,76.0,31.0,2356.0,34.4983175861018,42.2,mavic,NorthSea_Fri_DJI_0117.MP4,600,data/raw/seadronessee/odv2/images/train/8022.jpg,train,1484,861,26,2345,1510,train_00051800,80.0,640,0.431266846361186,303.61185983827494,313.53099730458223,32.77628032345014,13.369272237196766,438.19501456688056,1.0,8fe6c319c145bfe6c41b4bd884be5417741d8218678ea8dfc0735cca6b82988f,data/synthetic/seadronessee_30m_to_80m/geometry_only/train/train_00051800.png,data/synthetic/seadronessee_30m_to_80m/calibrated/train/train_00051800.png
train:51807,train:8022,train,51807,8022,8022.jpg,3840,2160,1,swimmer,2490.0,1274.0,32.0,31.0,992.0,34.4983175861018,42.2,mavic,NorthSea_Fri_DJI_0117.MP4,600,data/raw/seadronessee/odv2/images/train/8022.jpg,train,1484,1764,548,3248,2032,train_00051807,80.0,640,0.431266846361186,313.099730458221,313.099730458221,13.800539083557952,13.369272237196766,184.50316402816023,1.0,8fe6c319c145bfe6c41b4bd884be5417741d8218678ea8dfc0735cca6b82988f,data/synthetic/seadronessee_30m_to_80m/geometry_only/train/train_00051807.png,data/synthetic/seadronessee_30m_to_80m/calibrated/train/train_00051807.png
train:51824,train:8024,train,51824,8024,8024.jpg,3840,2160,1,swimmer,1549.0,753.0,81.0,36.0,2916.0,34.4983175861018,42.2,mavic,NorthSea_Fri_DJI_0117.MP4,630,data/raw/seadronessee/odv2/images/train/8024.jpg,train,1484,848,29,2332,1513,train_00051824,80.0,640,0.431266846361186,302.3180592991914,312.23719676549865,34.932614555256066,15.525606469002696,542.3500265182613,1.0,8fe6c319c145bfe6c41b4bd884be5417741d8218678ea8dfc0735cca6b82988f,data/synthetic/seadronessee_30m_to_80m/geometry_only/train/train_00051824.png,data/synthetic/seadronessee_30m_to_80m/calibrated/train/train_00051824.png
train:51825,train:8024,train,51825,8024,8024.jpg,3840,2160,1,swimmer,1432.0,731.0,46.0,27.0,1242.0,34.4983175861018,42.2,mavic,NorthSea_Fri_DJI_0117.MP4,630,data/raw/seadronessee/odv2/images/train/8024.jpg,train,1484,713,2,2197,1486,train_00051825,80.0,640,0.431266846361186,310.08086253369277,314.3935309973046,19.838274932614556,11.644204851752022,231.00093722074092,1.0,8fe6c319c145bfe6c41b4bd884be5417741d8218678ea8dfc0735cca6b82988f,data/synthetic/seadronessee_30m_to_80m/geometry_only/train/train_00051825.png,data/synthetic/seadronessee_30m_to_80m/calibrated/train/train_00051825.png
train:51831,train:8024,train,51831,8024,8024.jpg,3840,2160,1,swimmer,2491.0,1266.0,32.0,32.0,1024.0,34.4983175861018,42.2,mavic,NorthSea_Fri_DJI_0117.MP4,630,data/raw/seadronessee/odv2/images/train/8024.jpg,train,1484,1765,540,3249,2024,train_00051831,80.0,640,0.431266846361186,313.099730458221,313.099730458221,13.800539083557952,13.800539083557952,190.45487899681058,1.0,8fe6c319c145bfe6c41b4bd884be5417741d8218678ea8dfc0735cca6b82988f,data/synthetic/seadronessee_30m_to_80m/geometry_only/train/train_00051831.png,data/synthetic/seadronessee_30m_to_80m/calibrated/train/train_00051831.png
train:51848,train:8026,train,51848,8026,8026.jpg,3840,2160,1,swimmer,1555.0,767.0,78.0,34.0,2652.0,34.4983175861018,42.2,mavic,NorthSea_Fri_DJI_0117.MP4,660,data/raw/seadronessee/odv2/images/train/8026.jpg,train,1484,852,42,2336,1526,train_00051848,80.0,640,0.431266846361186,303.1805929919138,312.66846361185986,33.63881401617251,14.663072776280325,493.24837802689615,1.0,8fe6c319c145bfe6c41b4bd884be5417741d8218678ea8dfc0735cca6b82988f,data/synthetic/seadronessee_30m_to_80m/geometry_only/train/train_00051848.png,data/synthetic/seadronessee_30m_to_80m/calibrated/train/train_00051848.png
train:51849,train:8026,train,51849,8026,8026.jpg,3840,2160,1,swimmer,1438.0,739.0,36.0,27.0,972.0,34.4983175861018,42.2,mavic,NorthSea_Fri_DJI_0117.MP4,660,data/raw/seadronessee/odv2/images/train/8026.jpg,train,1484,714,10,2198,1494,train_00051849,80.0,640,0.431266846361186,312.23719676549865,314.3935309973046,15.525606469002696,11.644204851752022,180.78334217275378,1.0,8fe6c319c145bfe6c41b4bd884be5417741d8218678ea8dfc0735cca6b82988f,data/synthetic/seadronessee_30m_to_80m/geometry_only/train/train_00051849.png,data/synthetic/seadronessee_30m_to_80m/calibrated/train/train_00051849.png
train:51855,train:8026,train,51855,8026,8026.jpg,3840,2160,1,swimmer,2481.0,1275.0,33.0,31.0,1023.0,34.4983175861018,42.2,mavic,NorthSea_Fri_DJI_0117.MP4,660,data/raw/seadronessee/odv2/images/train/8026.jpg,train,1484,1756,548,3240,2032,train_00051855,80.0,640,0.431266846361186,312.66846361185986,313.53099730458223,14.231805929919139,13.369272237196766,190.26888790404024,1.0,8fe6c319c145bfe6c41b4bd884be5417741d8218678ea8dfc0735cca6b82988f,data/synthetic/seadronessee_30m_to_80m/geometry_only/train/train_00051855.png,data/synthetic/seadronessee_30m_to_80m/calibrated/train/train_00051855.png
train:51856,train:8026,train,51856,8026,8026.jpg,3840,2160,1,swimmer,2309.0,1402.0,38.0,31.0,1178.0,34.4983175861018,42.2,mavic,NorthSea_Fri_DJI_0117.MP4,660,data/raw/seadronessee/odv2/images/train/8026.jpg,train,1484,1586,676,3070,2160,train_00051856,80.0,640,0.431266846361186,311.8059299191375,313.099730458221,16.38814016172507,13.369272237196766,219.09750728344028,1.0,8fe6c319c145bfe6c41b4bd884be5417741d8218678ea8dfc0735cca6b82988f,data/synthetic/seadronessee_30m_to_80m/geometry_only/train/train_00051856.png,data/synthetic/seadronessee_30m_to_80m/calibrated/train/train_00051856.png
train:51872,train:8028,train,51872,8028,8028.jpg,3840,2160,1,swimmer,1540.0,781.0,77.0,34.0,2618.0,34.4983175861018,42.2,mavic,NorthSea_Fri_DJI_0117.MP4,690,data/raw/seadronessee/odv2/images/train/8028.jpg,train,1484,836,56,2320,1540,train_00051872,80.0,640,0.431266846361186,303.61185983827494,312.66846361185986,33.20754716981132,14.663072776280325,486.92468087270515,1.0,8fe6c319c145bfe6c41b4bd884be5417741d8218678ea8dfc0735cca6b82988f,data/synthetic/seadronessee_30m_to_80m/geometry_only/train/train_00051872.png,data/synthetic/seadronessee_30m_to_80m/calibrated/train/train_00051872.png
train:51873,train:8028,train,51873,8028,8028.jpg,3840,2160,1,swimmer,1431.0,731.0,24.0,34.0,816.0,34.4983175861018,42.2,mavic,NorthSea_Fri_DJI_0117.MP4,690,data/raw/seadronessee/odv2/images/train/8028.jpg,train,1484,701,6,2185,1490,train_00051873,80.0,640,0.431266846361186,314.8247978436658,312.66846361185986,10.350404312668465,14.663072776280325,151.76873170058343,1.0,8fe6c319c145bfe6c41b4bd884be5417741d8218678ea8dfc0735cca6b82988f,data/synthetic/seadronessee_30m_to_80m/geometry_only/train/train_00051873.png,data/synthetic/seadronessee_30m_to_80m/calibrated/train/train_00051873.png
train:51879,train:8028,train,51879,8028,8028.jpg,3840,2160,1,swimmer,2475.0,1262.0,30.0,33.0,990.0,34.4983175861018,42.2,mavic,NorthSea_Fri_DJI_0117.MP4,690,data/raw/seadronessee/odv2/images/train/8028.jpg,train,1484,1748,536,3232,2020,train_00051879,80.0,640,0.431266846361186,313.53099730458223,313.099730458221,12.93800539083558,14.231805929919139,184.13118184261958,1.0,8fe6c319c145bfe6c41b4bd884be5417741d8218678ea8dfc0735cca6b82988f,data/synthetic/seadronessee_30m_to_80m/geometry_only/train/train_00051879.png,data/synthetic/seadronessee_30m_to_80m/calibrated/train/train_00051879.png
train:51880,train:8028,train,51880,8028,8028.jpg,3840,2160,1,swimmer,2315.0,1403.0,37.0,30.0,1110.0,34.4983175861018,42.2,mavic,NorthSea_Fri_DJI_0117.MP4,690,data/raw/seadronessee/odv2/images/train/8028.jpg,train,1484,1592,676,3076,2160,train_00051880,80.0,640,0.431266846361186,311.8059299191375,313.53099730458223,15.956873315363882,12.93800539083558,206.45011297505832,1.0,8fe6c319c145bfe6c41b4bd884be5417741d8218678ea8dfc0735cca6b82988f,data/synthetic/seadronessee_30m_to_80m/geometry_only/train/train_00051880.png,data/synthetic/seadronessee_30m_to_80m/calibrated/train/train_00051880.png
train:51896,train:8030,train,51896,8030,8030.jpg,3840,2160,1,swimmer,1509.0,775.0,83.0,36.0,2988.0,34.4983175861018,42.2,mavic,NorthSea_Fri_DJI_0117.MP4,720,data/raw/seadronessee/odv2/images/train/8030.jpg,train,1484,808,51,2292,1535,train_00051896,80.0,640,0.431266846361186,302.3180592991914,312.23719676549865,35.79514824797844,15.525606469002696,555.7413851977245,1.0,8fe6c319c145bfe6c41b4bd884be5417741d8218678ea8dfc0735cca6b82988f,data/synthetic/seadronessee_30m_to_80m/geometry_only/train/train_00051896.png,data/synthetic/seadronessee_30m_to_80m/calibrated/train/train_00051896.png
train:51903,train:8030,train,51903,8030,8030.jpg,3840,2160,1,swimmer,2481.0,1254.0,30.0,36.0,1080.0,34.4983175861018,42.2,mavic,NorthSea_Fri_DJI_0117.MP4,720,data/raw/seadronessee/odv2/images/train/8030.jpg,train,1484,1754,530,3238,2014,train_00051903,80.0,640,0.431266846361186,313.53099730458223,312.23719676549865,12.93800539083558,15.525606469002696,200.8703801919486,1.0,8fe6c319c145bfe6c41b4bd884be5417741d8218678ea8dfc0735cca6b82988f,data/synthetic/seadronessee_30m_to_80m/geometry_only/train/train_00051903.png,data/synthetic/seadronessee_30m_to_80m/calibrated/train/train_00051903.png
train:51904,train:8030,train,51904,8030,8030.jpg,3840,2160,1,swimmer,2325.0,1397.0,36.0,30.0,1080.0,34.4983175861018,42.2,mavic,NorthSea_Fri_DJI_0117.MP4,720,data/raw/seadronessee/odv2/images/train/8030.jpg,train,1484,1601,670,3085,2154,train_00051904,80.0,640,0.431266846361186,312.23719676549865,313.53099730458223,15.525606469002696,12.93800539083558,200.8703801919486,1.0,8fe6c319c145bfe6c41b4bd884be5417741d8218678ea8dfc0735cca6b82988f,data/synthetic/seadronessee_30m_to_80m/geometry_only/train/train_00051904.png,data/synthetic/seadronessee_30m_to_80m/calibrated/train/train_00051904.png
train:51920,train:8032,train,51920,8032,8032.jpg,3840,2160,1,swimmer,1493.0,774.0,72.0,33.0,2376.0,34.4983175861018,42.2,mavic,NorthSea_Fri_DJI_0117.MP4,750,data/raw/seadronessee/odv2/images/train/8032.jpg,train,1484,787,48,2271,1532,train_00051920,80.0,640,0.431266846361186,304.4743935309973,313.099730458221,31.051212938005392,14.231805929919139,441.914836422287,1.0,8fe6c319c145bfe6c41b4bd884be5417741d8218678ea8dfc0735cca6b82988f,data/synthetic/seadronessee_30m_to_80m/geometry_only/train/train_00051920.png,data/synthetic/seadronessee_30m_to_80m/calibrated/train/train_00051920.png
train:51921,train:8032,train,51921,8032,8032.jpg,3840,2160,1,swimmer,1406.0,730.0,35.0,25.0,875.0,34.4983175861018,42.2,mavic,NorthSea_Fri_DJI_0117.MP4,750,data/raw/seadronessee/odv2/images/train/8032.jpg,train,1484,682,0,2166,1484,train_00051921,80.0,640,0.431266846361186,312.23719676549865,314.8247978436658,15.09433962264151,10.781671159029651,162.74220617403248,1.0,8fe6c319c145bfe6c41b4bd884be5417741d8218678ea8dfc0735cca6b82988f,data/synthetic/seadronessee_30m_to_80m/geometry_only/train/train_00051921.png,data/synthetic/seadronessee_30m_to_80m/calibrated/train/train_00051921.png
train:51927,train:8032,train,51927,8032,8032.jpg,3840,2160,1,swimmer,2477.0,1267.0,29.0,35.0,1015.0,34.4983175861018,42.2,mavic,NorthSea_Fri_DJI_0117.MP4,750,data/raw/seadronessee/odv2/images/train/8032.jpg,train,1484,1750,542,3234,2026,train_00051927,80.0,640,0.431266846361186,313.53099730458223,312.66846361185986,12.506738544474395,15.09433962264151,188.78095916187766,1.0,8fe6c319c145bfe6c41b4bd884be5417741d8218678ea8dfc0735cca6b82988f,data/synthetic/seadronessee_30m_to_80m/geometry_only/train/train_00051927.png,data/synthetic/seadronessee_30m_to_80m/calibrated/train/train_00051927.png
train:51928,train:8032,train,51928,8032,8032.jpg,3840,2160,1,swimmer,2321.0,1401.0,40.0,33.0,1320.0,34.4983175861018,42.2,mavic,NorthSea_Fri_DJI_0117.MP4,750,data/raw/seadronessee/odv2/images/train/8032.jpg,train,1484,1599,676,3083,2160,train_00051928,80.0,640,0.431266846361186,311.3746630727763,312.66846361185986,17.25067385444744,14.231805929919139,245.50824245682614,1.0,8fe6c319c145bfe6c41b4bd884be5417741d8218678ea8dfc0735cca6b82988f,data/synthetic/seadronessee_30m_to_80m/geometry_only/train/train_00051928.png,data/synthetic/seadronessee_30m_to_80m/calibrated/train/train_00051928.png
train:51944,train:8034,train,51944,8034,8034.jpg,3840,2160,1,swimmer,1477.0,784.0,86.0,37.0,3182.0,34.4983175861018,42.2,mavic,NorthSea_Fri_DJI_0117.MP4,780,data/raw/seadronessee/odv2/images/train/8034.jpg,train,1484,778,60,2262,1544,train_00051944,80.0,640,0.431266846361186,301.455525606469,312.23719676549865,37.088948787061994,15.956873315363882,591.8236571951671,1.0,8fe6c319c145bfe6c41b4bd884be5417741d8218678ea8dfc0735cca6b82988f,data/synthetic/seadronessee_30m_to_80m/geometry_only/train/train_00051944.png,data/synthetic/seadronessee_30m_to_80m/calibrated/train/train_00051944.png
train:51945,train:8034,train,51945,8034,8034.jpg,3840,2160,1,swimmer,1408.0,732.0,43.0,26.0,1118.0,34.4983175861018,42.2,mavic,NorthSea_Fri_DJI_0117.MP4,780,data/raw/seadronessee/odv2/images/train/8034.jpg,train,1484,688,3,2172,1487,train_00051945,80.0,640,0.431266846361186,310.5121293800539,314.3935309973046,18.544474393530997,11.212938005390836,207.9380417172209,1.0,8fe6c319c145bfe6c41b4bd884be5417741d8218678ea8dfc0735cca6b82988f,data/synthetic/seadronessee_30m_to_80m/geometry_only/train/train_00051945.png,data/synthetic/seadronessee_30m_to_80m/calibrated/train/train_00051945.png
train:51951,train:8034,train,51951,8034,8034.jpg,3840,2160,1,swimmer,2472.0,1271.0,29.0,35.0,1015.0,34.4983175861018,42.2,mavic,NorthSea_Fri_DJI_0117.MP4,780,data/raw/seadronessee/odv2/images/train/8034.jpg,train,1484,1744,546,3228,2030,train_00051951,80.0,640,0.431266846361186,313.96226415094344,312.66846361185986,12.506738544474395,15.09433962264151,188.78095916187766,1.0,8fe6c319c145bfe6c41b4bd884be5417741d8218678ea8dfc0735cca6b82988f,data/synthetic/seadronessee_30m_to_80m/geometry_only/train/train_00051951.png,data/synthetic/seadronessee_30m_to_80m/calibrated/train/train_00051951.png
train:51968,train:8036,train,51968,8036,8036.jpg,3840,2160,1,swimmer,1473.0,790.0,84.0,37.0,3108.0,34.4983175861018,42.2,mavic,NorthSea_Fri_DJI_0117.MP4,810,data/raw/seadronessee/odv2/images/train/8036.jpg,train,1484,773,66,2257,1550,train_00051968,80.0,640,0.431266846361186,301.8867924528302,312.23719676549865,36.22641509433962,15.956873315363882,578.0603163301632,1.0,8fe6c319c145bfe6c41b4bd884be5417741d8218678ea8dfc0735cca6b82988f,data/synthetic/seadronessee_30m_to_80m/geometry_only/train/train_00051968.png,data/synthetic/seadronessee_30m_to_80m/calibrated/train/train_00051968.png
train:51969,train:8036,train,51969,8036,8036.jpg,3840,2160,1,swimmer,1414.0,737.0,34.0,30.0,1020.0,34.4983175861018,42.2,mavic,NorthSea_Fri_DJI_0117.MP4,810,data/raw/seadronessee/odv2/images/train/8036.jpg,train,1484,689,10,2173,1494,train_00051969,80.0,640,0.431266846361186,312.66846361185986,313.53099730458223,14.663072776280325,12.93800539083558,189.71091462572926,1.0,8fe6c319c145bfe6c41b4bd884be5417741d8218678ea8dfc0735cca6b82988f,data/synthetic/seadronessee_30m_to_80m/geometry_only/train/train_00051969.png,data/synthetic/seadronessee_30m_to_80m/calibrated/train/train_00051969.png
train:51975,train:8036,train,51975,8036,8036.jpg,3840,2160,1,swimmer,2465.0,1277.0,31.0,30.0,930.0,34.4983175861018,42.2,mavic,NorthSea_Fri_DJI_0117.MP4,810,data/raw/seadronessee/odv2/images/train/8036.jpg,train,1484,1738,550,3222,2034,train_00051975,80.0,640,0.431266846361186,313.53099730458223,313.53099730458223,13.369272237196766,12.93800539083558,172.9717162764002,1.0,8fe6c319c145bfe6c41b4bd884be5417741d8218678ea8dfc0735cca6b82988f,data/synthetic/seadronessee_30m_to_80m/geometry_only/train/train_00051975.png,data/synthetic/seadronessee_30m_to_80m/calibrated/train/train_00051975.png
train:51977,train:8036,train,51977,8036,8036.jpg,3840,2160,3,jetski,689.0,1280.0,111.0,195.0,21645.0,34.4983175861018,42.2,mavic,NorthSea_Fri_DJI_0117.MP4,810,data/raw/seadronessee/odv2/images/train/8036.jpg,train,1484,2,636,1486,2120,train_00051977,80.0,640,0.431266846361186,296.2803234501348,277.7358490566038,47.870619946091644,84.09703504043127,4025.7772030136366,1.0,8fe6c319c145bfe6c41b4bd884be5417741d8218678ea8dfc0735cca6b82988f,data/synthetic/seadronessee_30m_to_80m/geometry_only/train/train_00051977.png,data/synthetic/seadronessee_30m_to_80m/calibrated/train/train_00051977.png
train:51992,train:8038,train,51992,8038,8038.jpg,3840,2160,1,swimmer,1455.0,802.0,95.0,35.0,3325.0,34.4983175861018,42.2,mavic,NorthSea_Fri_DJI_0117.MP4,840,data/raw/seadronessee/odv2/images/train/8038.jpg,train,1484,760,78,2244,1562,train_00051992,80.0,640,0.431266846361186,299.73045822102426,312.23719676549865,40.97035040431267,15.09433962264151,618.4203834613234,1.0,8fe6c319c145bfe6c41b4bd884be5417741d8218678ea8dfc0735cca6b82988f,data/synthetic/seadronessee_30m_to_80m/geometry_only/train/train_00051992.png,data/synthetic/seadronessee_30m_to_80m/calibrated/train/train_00051992.png
train:51993,train:8038,train,51993,8038,8038.jpg,3840,2160,1,swimmer,1394.0,745.0,53.0,36.0,1908.0,34.4983175861018,42.2,mavic,NorthSea_Fri_DJI_0117.MP4,840,data/raw/seadronessee/odv2/images/train/8038.jpg,train,1484,678,21,2162,1505,train_00051993,80.0,640,0.431266846361186,308.7870619946092,312.23719676549865,22.857142857142858,15.525606469002696,354.87100500577594,1.0,8fe6c319c145bfe6c41b4bd884be5417741d8218678ea8dfc0735cca6b82988f,data/synthetic/seadronessee_30m_to_80m/geometry_only/train/train_00051993.png,data/synthetic/seadronessee_30m_to_80m/calibrated/train/train_00051993.png
train:51999,train:8038,train,51999,8038,8038.jpg,3840,2160,1,swimmer,2461.0,1285.0,35.0,31.0,1085.0,34.4983175861018,42.2,mavic,NorthSea_Fri_DJI_0117.MP4,840,data/raw/seadronessee/odv2/images/train/8038.jpg,train,1484,1736,558,3220,2042,train_00051999,80.0,640,0.431266846361186,312.66846361185986,313.53099730458223,15.09433962264151,13.369272237196766,201.80033565580024,1.0,8fe6c319c145bfe6c41b4bd884be5417741d8218678ea8dfc0735cca6b82988f,data/synthetic/seadronessee_30m_to_80m/geometry_only/train/train_00051999.png,data/synthetic/seadronessee_30m_to_80m/calibrated/train/train_00051999.png
train:52016,train:8040,train,52016,8040,8040.jpg,3840,2160,1,swimmer,1443.0,809.0,94.0,32.0,3008.0,34.4983175861018,42.2,mavic,NorthSea_Fri_DJI_0117.MP4,870,data/raw/seadronessee/odv2/images/train/8040.jpg,train,1484,748,83,2232,1567,train_00052016,80.0,640,0.431266846361186,299.73045822102426,313.099730458221,40.539083557951486,13.800539083557952,559.461207053131,1.0,8fe6c319c145bfe6c41b4bd884be5417741d8218678ea8dfc0735cca6b82988f,data/synthetic/seadronessee_30m_to_80m/geometry_only/train/train_00052016.png,data/synthetic/seadronessee_30m_to_80m/calibrated/train/train_00052016.png
train:52017,train:8040,train,52017,8040,8040.jpg,3840,2160,1,swimmer,1393.0,747.0,61.0,36.0,2196.0,34.4983175861018,42.2,mavic,NorthSea_Fri_DJI_0117.MP4,870,data/raw/seadronessee/odv2/images/train/8040.jpg,train,1484,682,23,2166,1507,train_00052017,80.0,640,0.431266846361186,306.63072776280325,312.23719676549865,26.307277628032345,15.525606469002696,408.4364397236289,1.0,8fe6c319c145bfe6c41b4bd884be5417741d8218678ea8dfc0735cca6b82988f,data/synthetic/seadronessee_30m_to_80m/geometry_only/train/train_00052017.png,data/synthetic/seadronessee_30m_to_80m/calibrated/train/train_00052017.png
train:52022,train:8040,train,52022,8040,8040.jpg,3840,2160,1,swimmer,1825.0,736.0,31.0,24.0,744.0,34.4983175861018,42.2,mavic,NorthSea_Fri_DJI_0117.MP4,870,data/raw/seadronessee/odv2/images/train/8040.jpg,train,1484,1098,6,2582,1490,train_00052022,80.0,640,0.431266846361186,313.53099730458223,314.8247978436658,13.369272237196766,10.350404312668465,138.37737302112018,1.0,8fe6c319c145bfe6c41b4bd884be5417741d8218678ea8dfc0735cca6b82988f,data/synthetic/seadronessee_30m_to_80m/geometry_only/train/train_00052022.png,data/synthetic/seadronessee_30m_to_80m/calibrated/train/train_00052022.png
train:52023,train:8040,train,52023,8040,8040.jpg,3840,2160,1,swimmer,2456.0,1288.0,38.0,28.0,1064.0,34.4983175861018,42.2,mavic,NorthSea_Fri_DJI_0117.MP4,870,data/raw/seadronessee/odv2/images/train/8040.jpg,train,1484,1733,560,3217,2044,train_00052023,80.0,640,0.431266846361186,311.8059299191375,313.96226415094344,16.38814016172507,12.075471698113208,197.89452270762348,1.0,8fe6c319c145bfe6c41b4bd884be5417741d8218678ea8dfc0735cca6b82988f,data/synthetic/seadronessee_30m_to_80m/geometry_only/train/train_00052023.png,data/synthetic/seadronessee_30m_to_80m/calibrated/train/train_00052023.png
train:52040,train:8042,train,52040,8042,8042.jpg,3840,2160,1,swimmer,1416.0,824.0,93.0,32.0,2976.0,34.4983175861018,42.2,mavic,NorthSea_Fri_DJI_0117.MP4,900,data/raw/seadronessee/odv2/images/train/8042.jpg,train,1484,720,98,2204,1582,train_00052040,80.0,640,0.431266846361186,300.1617250673855,313.099730458221,40.107816711590296,13.800539083557952,553.5094920844807,1.0,8fe6c319c145bfe6c41b4bd884be5417741d8218678ea8dfc0735cca6b82988f,data/synthetic/seadronessee_30m_to_80m/geometry_only/train/train_00052040.png,data/synthetic/seadronessee_30m_to_80m/calibrated/train/train_00052040.png
train:52041,train:8042,train,52041,8042,8042.jpg,3840,2160,1,swimmer,1383.0,754.0,65.0,37.0,2405.0,34.4983175861018,42.2,mavic,NorthSea_Fri_DJI_0117.MP4,900,data/raw/seadronessee/odv2/images/train/8042.jpg,train,1484,674,30,2158,1514,train_00052041,80.0,640,0.431266846361186,305.7681940700809,312.23719676549865,28.03234501347709,15.956873315363882,447.3085781126264,1.0,8fe6c319c145bfe6c41b4bd884be5417741d8218678ea8dfc0735cca6b82988f,data/synthetic/seadronessee_30m_to_80m/geometry_only/train/train_00052041.png,data/synthetic/seadronessee_30m_to_80m/calibrated/train/train_00052041.png
train:52046,train:8042,train,52046,8042,8042.jpg,3840,2160,1,swimmer,1818.0,743.0,32.0,25.0,800.0,34.4983175861018,42.2,mavic,NorthSea_Fri_DJI_0117.MP4,900,data/raw/seadronessee/odv2/images/train/8042.jpg,train,1484,1092,14,2576,1498,train_00052046,80.0,640,0.431266846361186,313.099730458221,314.3935309973046,13.800539083557952,10.781671159029651,148.79287421625827,1.0,8fe6c319c145bfe6c41b4bd884be5417741d8218678ea8dfc0735cca6b82988f,data/synthetic/seadronessee_30m_to_80m/geometry_only/train/train_00052046.png,data/synthetic/seadronessee_30m_to_80m/calibrated/train/train_00052046.png
train:52047,train:8042,train,52047,8042,8042.jpg,3840,2160,1,swimmer,2465.0,1282.0,37.0,28.0,1036.0,34.4983175861018,42.2,mavic,NorthSea_Fri_DJI_0117.MP4,900,data/raw/seadronessee/odv2/images/train/8042.jpg,train,1484,1742,554,3226,2038,train_00052047,80.0,640,0.431266846361186,311.8059299191375,313.96226415094344,15.956873315363882,12.075471698113208,192.68677211005445,1.0,8fe6c319c145bfe6c41b4bd884be5417741d8218678ea8dfc0735cca6b82988f,data/synthetic/seadronessee_30m_to_80m/geometry_only/train/train_00052047.png,data/synthetic/seadronessee_30m_to_80m/calibrated/train/train_00052047.png
train:52064,train:8044,train,52064,8044,8044.jpg,3840,2160,1,swimmer,1393.0,823.0,85.0,32.0,2720.0,34.4983175861018,42.2,mavic,NorthSea_Fri_DJI_0117.MP4,930,data/raw/seadronessee/odv2/images/train/8044.jpg,train,1484,694,97,2178,1581,train_00052064,80.0,640,0.431266846361186,301.455525606469,313.099730458221,36.65768194070081,13.800539083557952,505.8957723352781,1.0,8fe6c319c145bfe6c41b4bd884be5417741d8218678ea8dfc0735cca6b82988f,data/synthetic/seadronessee_30m_to_80m/geometry_only/train/train_00052064.png,data/synthetic/seadronessee_30m_to_80m/calibrated/train/train_00052064.png
train:52065,train:8044,train,52065,8044,8044.jpg,3840,2160,1,swimmer,1387.0,749.0,60.0,30.0,1800.0,34.4983175861018,42.2,mavic,NorthSea_Fri_DJI_0117.MP4,930,data/raw/seadronessee/odv2/images/train/8044.jpg,train,1484,675,22,2159,1506,train_00052065,80.0,640,0.431266846361186,307.06199460916446,313.53099730458223,25.87601078167116,12.93800539083558,334.78396698658105,1.0,8fe6c319c145bfe6c41b4bd884be5417741d8218678ea8dfc0735cca6b82988f,data/synthetic/seadronessee_30m_to_80m/geometry_only/train/train_00052065.png,data/synthetic/seadronessee_30m_to_80m/calibrated/train/train_00052065.png
train:52070,train:8044,train,52070,8044,8044.jpg,3840,2160,1,swimmer,1810.0,739.0,33.0,26.0,858.0,34.4983175861018,42.2,mavic,NorthSea_Fri_DJI_0117.MP4,930,data/raw/seadronessee/odv2/images/train/8044.jpg,train,1484,1084,10,2568,1494,train_00052070,80.0,640,0.431266846361186,313.099730458221,314.3935309973046,14.231805929919139,11.212938005390836,159.58035759693698,1.0,8fe6c319c145bfe6c41b4bd884be5417741d8218678ea8dfc0735cca6b82988f,data/synthetic/seadronessee_30m_to_80m/geometry_only/train/train_00052070.png,data/synthetic/seadronessee_30m_to_80m/calibrated/train/train_00052070.png
train:52071,train:8044,train,52071,8044,8044.jpg,3840,2160,1,swimmer,2480.0,1296.0,39.0,32.0,1248.0,34.4983175861018,42.2,mavic,NorthSea_Fri_DJI_0117.MP4,930,data/raw/seadronessee/odv2/images/train/8044.jpg,train,1484,1758,570,3242,2054,train_00052071,80.0,640,0.431266846361186,311.3746630727763,313.099730458221,16.819407008086255,13.800539083557952,232.1168837773629,1.0,8fe6c319c145bfe6c41b4bd884be5417741d8218678ea8dfc0735cca6b82988f,data/synthetic/seadronessee_30m_to_80m/geometry_only/train/train_00052071.png,data/synthetic/seadronessee_30m_to_80m/calibrated/train/train_00052071.png
train:52088,train:8046,train,52088,8046,8046.jpg,3840,2160,1,swimmer,1376.0,816.0,90.0,32.0,2880.0,34.4983175861018,42.2,mavic,NorthSea_Fri_DJI_0117.MP4,960,data/raw/seadronessee/odv2/images/train/8046.jpg,train,1484,679,90,2163,1574,train_00052088,80.0,640,0.431266846361186,300.59299191374663,313.099730458221,38.81401617250674,13.800539083557952,535.6543471785297,1.0,8fe6c319c145bfe6c41b4bd884be5417741d8218678ea8dfc0735cca6b82988f,data/synthetic/seadronessee_30m_to_80m/geometry_only/train/train_00052088.png,data/synthetic/seadronessee_30m_to_80m/calibrated/train/train_00052088.png
train:52089,train:8046,train,52089,8046,8046.jpg,3840,2160,1,swimmer,1384.0,742.0,42.0,28.0,1176.0,34.4983175861018,42.2,mavic,NorthSea_Fri_DJI_0117.MP4,960,data/raw/seadronessee/odv2/images/train/8046.jpg,train,1484,663,14,2147,1498,train_00052089,80.0,640,0.431266846361186,310.94339622641513,313.96226415094344,18.11320754716981,12.075471698113208,218.7255250978996,1.0,8fe6c319c145bfe6c41b4bd884be5417741d8218678ea8dfc0735cca6b82988f,data/synthetic/seadronessee_30m_to_80m/geometry_only/train/train_00052089.png,data/synthetic/seadronessee_30m_to_80m/calibrated/train/train_00052089.png
train:52094,train:8046,train,52094,8046,8046.jpg,3840,2160,1,swimmer,1808.0,742.0,33.0,25.0,825.0,34.4983175861018,42.2,mavic,NorthSea_Fri_DJI_0117.MP4,960,data/raw/seadronessee/odv2/images/train/8046.jpg,train,1484,1082,12,2566,1496,train_00052094,80.0,640,0.431266846361186,313.099730458221,314.8247978436658,14.231805929919139,10.781671159029651,153.44265153551635,1.0,8fe6c319c145bfe6c41b4bd884be5417741d8218678ea8dfc0735cca6b82988f,data/synthetic/seadronessee_30m_to_80m/geometry_only/train/train_00052094.png,data/synthetic/seadronessee_30m_to_80m/calibrated/train/train_00052094.png
train:52095,train:8046,train,52095,8046,8046.jpg,3840,2160,1,swimmer,2469.0,1315.0,38.0,32.0,1216.0,34.4983175861018,42.2,mavic,NorthSea_Fri_DJI_0117.MP4,960,data/raw/seadronessee/odv2/images/train/8046.jpg,train,1484,1746,589,3230,2073,train_00052095,80.0,640,0.431266846361186,311.8059299191375,313.099730458221,16.38814016172507,13.800539083557952,226.16516880871256,1.0,8fe6c319c145bfe6c41b4bd884be5417741d8218678ea8dfc0735cca6b82988f,data/synthetic/seadronessee_30m_to_80m/geometry_only/train/train_00052095.png,data/synthetic/seadronessee_30m_to_80m/calibrated/train/train_00052095.png
train:52112,train:8048,train,52112,8048,8048.jpg,3840,2160,1,swimmer,1358.0,826.0,85.0,27.0,2295.0,34.4983175861018,42.2,mavic,NorthSea_Fri_DJI_0117.MP4,990,data/raw/seadronessee/odv2/images/train/8048.jpg,train,1484,658,98,2142,1582,train_00052112,80.0,640,0.431266846361186,301.8867924528302,313.96226415094344,36.65768194070081,11.644204851752022,426.84955790789087,1.0,8fe6c319c145bfe6c41b4bd884be5417741d8218678ea8dfc0735cca6b82988f,data/synthetic/seadronessee_30m_to_80m/geometry_only/train/train_00052112.png,data/synthetic/seadronessee_30m_to_80m/calibrated/train/train_00052112.png
train:52113,train:8048,train,52113,8048,8048.jpg,3840,2160,1,swimmer,1362.0,754.0,72.0,29.0,2088.0,34.4983175861018,42.2,mavic,NorthSea_Fri_DJI_0117.MP4,990,data/raw/seadronessee/odv2/images/train/8048.jpg,train,1484,656,26,2140,1510,train_00052113,80.0,640,0.431266846361186,304.4743935309973,313.96226415094344,31.051212938005392,12.506738544474395,388.34940170443406,1.0,8fe6c319c145bfe6c41b4bd884be5417741d8218678ea8dfc0735cca6b82988f,data/synthetic/seadronessee_30m_to_80m/geometry_only/train/train_00052113.png,data/synthetic/seadronessee_30m_to_80m/calibrated/train/train_00052113.png
train:52118,train:8048,train,52118,8048,8048.jpg,3840,2160,1,swimmer,1812.0,750.0,39.0,26.0,1014.0,34.4983175861018,42.2,mavic,NorthSea_Fri_DJI_0117.MP4,990,data/raw/seadronessee/odv2/images/train/8048.jpg,train,1484,1090,21,2574,1505,train_00052118,80.0,640,0.431266846361186,311.3746630727763,314.3935309973046,16.819407008086255,11.212938005390836,188.59496806910732,1.0,8fe6c319c145bfe6c41b4bd884be5417741d8218678ea8dfc0735cca6b82988f,data/synthetic/seadronessee_30m_to_80m/geometry_only/train/train_00052118.png,data/synthetic/seadronessee_30m_to_80m/calibrated/train/train_00052118.png
train:52119,train:8048,train,52119,8048,8048.jpg,3840,2160,1,swimmer,2467.0,1313.0,36.0,31.0,1116.0,34.4983175861018,42.2,mavic,NorthSea_Fri_DJI_0117.MP4,990,data/raw/seadronessee/odv2/images/train/8048.jpg,train,1484,1743,586,3227,2070,train_00052119,80.0,640,0.431266846361186,312.23719676549865,313.53099730458223,15.525606469002696,13.369272237196766,207.56605953168025,1.0,8fe6c319c145bfe6c41b4bd884be5417741d8218678ea8dfc0735cca6b82988f,data/synthetic/seadronessee_30m_to_80m/geometry_only/train/train_00052119.png,data/synthetic/seadronessee_30m_to_80m/calibrated/train/train_00052119.png
train:52136,train:8050,train,52136,8050,8050.jpg,3840,2160,1,swimmer,1344.0,832.0,88.0,34.0,2992.0,34.4983175861018,42.2,mavic,NorthSea_Fri_DJI_0117.MP4,1020,data/raw/seadronessee/odv2/images/train/8050.jpg,train,1484,646,107,2130,1591,train_00052136,80.0,640,0.431266846361186,301.02425876010784,312.66846361185986,37.95148247978437,14.663072776280325,556.4853495688059,1.0,8fe6c319c145bfe6c41b4bd884be5417741d8218678ea8dfc0735cca6b82988f,data/synthetic/seadronessee_30m_to_80m/geometry_only/train/train_00052136.png,data/synthetic/seadronessee_30m_to_80m/calibrated/train/train_00052136.png
train:52137,train:8050,train,52137,8050,8050.jpg,3840,2160,1,swimmer,1376.0,759.0,55.0,26.0,1430.0,34.4983175861018,42.2,mavic,NorthSea_Fri_DJI_0117.MP4,1020,data/raw/seadronessee/odv2/images/train/8050.jpg,train,1484,662,30,2146,1514,train_00052137,80.0,640,0.431266846361186,307.9245283018868,314.3935309973046,23.71967654986523,11.212938005390836,265.9672626615616,1.0,8fe6c319c145bfe6c41b4bd884be5417741d8218678ea8dfc0735cca6b82988f,data/synthetic/seadronessee_30m_to_80m/geometry_only/train/train_00052137.png,data/synthetic/seadronessee_30m_to_80m/calibrated/train/train_00052137.png
train:52142,train:8050,train,52142,8050,8050.jpg,3840,2160,1,swimmer,1823.0,753.0,33.0,26.0,858.0,34.4983175861018,42.2,mavic,NorthSea_Fri_DJI_0117.MP4,1020,data/raw/seadronessee/odv2/images/train/8050.jpg,train,1484,1098,24,2582,1508,train_00052142,80.0,640,0.431266846361186,312.66846361185986,314.3935309973046,14.231805929919139,11.212938005390836,159.58035759693698,1.0,8fe6c319c145bfe6c41b4bd884be5417741d8218678ea8dfc0735cca6b82988f,data/synthetic/seadronessee_30m_to_80m/geometry_only/train/train_00052142.png,data/synthetic/seadronessee_30m_to_80m/calibrated/train/train_00052142.png
train:52143,train:8050,train,52143,8050,8050.jpg,3840,2160,1,swimmer,2472.0,1314.0,36.0,30.0,1080.0,34.4983175861018,42.2,mavic,NorthSea_Fri_DJI_0117.MP4,1020,data/raw/seadronessee/odv2/images/train/8050.jpg,train,1484,1748,587,3232,2071,train_00052143,80.0,640,0.431266846361186,312.23719676549865,313.53099730458223,15.525606469002696,12.93800539083558,200.8703801919486,1.0,8fe6c319c145bfe6c41b4bd884be5417741d8218678ea8dfc0735cca6b82988f,data/synthetic/seadronessee_30m_to_80m/geometry_only/train/train_00052143.png,data/synthetic/seadronessee_30m_to_80m/calibrated/train/train_00052143.png
train:52145,train:8050,train,52145,8050,8050.jpg,3840,2160,3,jetski,706.0,1032.0,83.0,145.0,12035.0,34.4983175861018,42.2,mavic,NorthSea_Fri_DJI_0117.MP4,1020,data/raw/seadronessee/odv2/images/train/8050.jpg,train,1484,6,362,1490,1846,train_00052145,80.0,640,0.431266846361186,301.8867924528302,288.9487870619946,35.79514824797844,62.533692722371974,2238.4028014908354,1.0,8fe6c319c145bfe6c41b4bd884be5417741d8218678ea8dfc0735cca6b82988f,data/synthetic/seadronessee_30m_to_80m/geometry_only/train/train_00052145.png,data/synthetic/seadronessee_30m_to_80m/calibrated/train/train_00052145.png
train:52160,train:8052,train,52160,8052,8052.jpg,3840,2160,1,swimmer,1410.0,823.0,93.0,33.0,3069.0,34.4983175861018,42.2,mavic,NorthSea_Fri_DJI_0117.MP4,1050,data/raw/seadronessee/odv2/images/train/8052.jpg,train,1484,714,98,2198,1582,train_00052160,80.0,640,0.431266846361186,300.1617250673855,312.66846361185986,40.107816711590296,14.231805929919139,570.8066637121207,1.0,8fe6c319c145bfe6c41b4bd884be5417741d8218678ea8dfc0735cca6b82988f,data/synthetic/seadronessee_30m_to_80m/geometry_only/train/train_00052160.png,data/synthetic/seadronessee_30m_to_80m/calibrated/train/train_00052160.png
train:52161,train:8052,train,52161,8052,8052.jpg,3840,2160,1,swimmer,1453.0,746.0,59.0,28.0,1652.0,34.4983175861018,42.2,mavic,NorthSea_Fri_DJI_0117.MP4,1050,data/raw/seadronessee/odv2/images/train/8052.jpg,train,1484,740,18,2224,1502,train_00052161,80.0,640,0.431266846361186,307.4932614555256,313.96226415094344,25.444743935309976,12.075471698113208,307.2572852565733,1.0,8fe6c319c145bfe6c41b4bd884be5417741d8218678ea8dfc0735cca6b82988f,data/synthetic/seadronessee_30m_to_80m/geometry_only/train/train_00052161.png,data/synthetic/seadronessee_30m_to_80m/calibrated/train/train_00052161.png
train:52166,train:8052,train,52166,8052,8052.jpg,3840,2160,1,swimmer,1911.0,748.0,32.0,23.0,736.0,34.4983175861018,42.2,mavic,NorthSea_Fri_DJI_0117.MP4,1050,data/raw/seadronessee/odv2/images/train/8052.jpg,train,1484,1185,18,2669,1502,train_00052166,80.0,640,0.431266846361186,313.099730458221,314.8247978436658,13.800539083557952,9.919137466307278,136.8894442789576,1.0,8fe6c319c145bfe6c41b4bd884be5417741d8218678ea8dfc0735cca6b82988f,data/synthetic/seadronessee_30m_to_80m/geometry_only/train/train_00052166.png,data/synthetic/seadronessee_30m_to_80m/calibrated/train/train_00052166.png
train:52167,train:8052,train,52167,8052,8052.jpg,3840,2160,1,swimmer,2557.0,1329.0,36.0,35.0,1260.0,34.4983175861018,42.2,mavic,NorthSea_Fri_DJI_0117.MP4,1050,data/raw/seadronessee/odv2/images/train/8052.jpg,train,1484,1833,604,3317,2088,train_00052167,80.0,640,0.431266846361186,312.23719676549865,312.66846361185986,15.525606469002696,15.09433962264151,234.34877689060673,1.0,8fe6c319c145bfe6c41b4bd884be5417741d8218678ea8dfc0735cca6b82988f,data/synthetic/seadronessee_30m_to_80m/geometry_only/train/train_00052167.png,data/synthetic/seadronessee_30m_to_80m/calibrated/train/train_00052167.png
train:52169,train:8052,train,52169,8052,8052.jpg,3840,2160,3,jetski,776.0,973.0,97.0,143.0,13871.0,34.4983175861018,42.2,mavic,NorthSea_Fri_DJI_0117.MP4,1050,data/raw/seadronessee/odv2/images/train/8052.jpg,train,1484,82,302,1566,1786,train_00052169,80.0,640,0.431266846361186,299.2991913746631,289.3800539083558,41.83288409703504,61.6711590296496,2579.8824478171477,1.0,8fe6c319c145bfe6c41b4bd884be5417741d8218678ea8dfc0735cca6b82988f,data/synthetic/seadronessee_30m_to_80m/geometry_only/train/train_00052169.png,data/synthetic/seadronessee_30m_to_80m/calibrated/train/train_00052169.png
train:52183,train:8054,train,52183,8054,8054.jpg,3840,2160,1,swimmer,1686.0,793.0,71.0,30.0,2130.0,34.4983175861018,42.2,mavic,NorthSea_Fri_DJI_0117.MP4,1080,data/raw/seadronessee/odv2/images/train/8054.jpg,train,1484,980,66,2464,1550,train_00052183,80.0,640,0.431266846361186,304.4743935309973,313.53099730458223,30.619946091644206,12.93800539083558,396.1610276007876,1.0,8fe6c319c145bfe6c41b4bd884be5417741d8218678ea8dfc0735cca6b82988f,data/synthetic/seadronessee_30m_to_80m/geometry_only/train/train_00052183.png,data/synthetic/seadronessee_30m_to_80m/calibrated/train/train_00052183.png
train:52184,train:8054,train,52184,8054,8054.jpg,3840,2160,1,swimmer,1739.0,736.0,45.0,27.0,1215.0,34.4983175861018,42.2,mavic,NorthSea_Fri_DJI_0117.MP4,1080,data/raw/seadronessee/odv2/images/train/8054.jpg,train,1484,1020,8,2504,1492,train_00052184,80.0,640,0.431266846361186,310.08086253369277,313.96226415094344,19.40700808625337,11.644204851752022,225.97917771594223,1.0,8fe6c319c145bfe6c41b4bd884be5417741d8218678ea8dfc0735cca6b82988f,data/synthetic/seadronessee_30m_to_80m/geometry_only/train/train_00052184.png,data/synthetic/seadronessee_30m_to_80m/calibrated/train/train_00052184.png
train:52189,train:8054,train,52189,8054,8054.jpg,3840,2160,1,swimmer,2185.0,758.0,32.0,24.0,768.0,34.4983175861018,42.2,mavic,NorthSea_Fri_DJI_0117.MP4,1080,data/raw/seadronessee/odv2/images/train/8054.jpg,train,1484,1459,28,2943,1512,train_00052189,80.0,640,0.431266846361186,313.099730458221,314.8247978436658,13.800539083557952,10.350404312668465,142.84115924760792,1.0,8fe6c319c145bfe6c41b4bd884be5417741d8218678ea8dfc0735cca6b82988f,data/synthetic/seadronessee_30m_to_80m/geometry_only/train/train_00052189.png,data/synthetic/seadronessee_30m_to_80m/calibrated/train/train_00052189.png
train:52190,train:8054,train,52190,8054,8054.jpg,3840,2160,1,swimmer,2802.0,1384.0,36.0,36.0,1296.0,34.4983175861018,42.2,mavic,NorthSea_Fri_DJI_0117.MP4,1080,data/raw/seadronessee/odv2/images/train/8054.jpg,train,1484,2078,660,3562,2144,train_00052190,80.0,640,0.431266846361186,312.23719676549865,312.23719676549865,15.525606469002696,15.525606469002696,241.04445623033837,1.0,8fe6c319c145bfe6c41b4bd884be5417741d8218678ea8dfc0735cca6b82988f,data/synthetic/seadronessee_30m_to_80m/geometry_only/train/train_00052190.png,data/synthetic/seadronessee_30m_to_80m/calibrated/train/train_00052190.png
train:52192,train:8054,train,52192,8054,8054.jpg,3840,2160,3,jetski,1038.0,878.0,88.0,139.0,12232.0,34.4983175861018,42.2,mavic,NorthSea_Fri_DJI_0117.MP4,1080,data/raw/seadronessee/odv2/images/train/8054.jpg,train,1484,340,206,1824,1690,train_00052192,80.0,640,0.431266846361186,301.02425876010784,289.811320754717,37.95148247978437,59.946091644204856,2275.0430467665888,1.0,8fe6c319c145bfe6c41b4bd884be5417741d8218678ea8dfc0735cca6b82988f,data/synthetic/seadronessee_30m_to_80m/geometry_only/train/train_00052192.png,data/synthetic/seadronessee_30m_to_80m/calibrated/train/train_00052192.png
train:52207,train:8056,train,52207,8056,8056.jpg,3840,2160,1,swimmer,1706.0,789.0,81.0,45.0,3645.0,34.4983175861018,42.2,mavic,NorthSea_Fri_DJI_0117.MP4,1110,data/raw/seadronessee/odv2/images/train/8056.jpg,train,1484,1004,70,2488,1554,train_00052207,80.0,640,0.431266846361186,302.7493261455526,310.08086253369277,34.932614555256066,19.40700808625337,677.9375331478267,1.0,8fe6c319c145bfe6c41b4bd884be5417741d8218678ea8dfc0735cca6b82988f,data/synthetic/seadronessee_30m_to_80m/geometry_only/train/train_00052207.png,data/synthetic/seadronessee_30m_to_80m/calibrated/train/train_00052207.png
train:52208,train:8056,train,52208,8056,8056.jpg,3840,2160,1,swimmer,1748.0,739.0,61.0,30.0,1830.0,34.4983175861018,42.2,mavic,NorthSea_Fri_DJI_0117.MP4,1110,data/raw/seadronessee/odv2/images/train/8056.jpg,train,1484,1036,12,2520,1496,train_00052208,80.0,640,0.431266846361186,307.06199460916446,313.53099730458223,26.307277628032345,12.93800539083558,340.3636997696907,1.0,8fe6c319c145bfe6c41b4bd884be5417741d8218678ea8dfc0735cca6b82988f,data/synthetic/seadronessee_30m_to_80m/geometry_only/train/train_00052208.png,data/synthetic/seadronessee_30m_to_80m/calibrated/train/train_00052208.png
train:52213,train:8056,train,52213,8056,8056.jpg,3840,2160,1,swimmer,2210.0,774.0,34.0,26.0,884.0,34.4983175861018,42.2,mavic,NorthSea_Fri_DJI_0117.MP4,1110,data/raw/seadronessee/odv2/images/train/8056.jpg,train,1484,1485,45,2969,1529,train_00052213,80.0,640,0.431266846361186,312.66846361185986,314.3935309973046,14.663072776280325,11.212938005390836,164.41612600896536,1.0,8fe6c319c145bfe6c41b4bd884be5417741d8218678ea8dfc0735cca6b82988f,data/synthetic/seadronessee_30m_to_80m/geometry_only/train/train_00052213.png,data/synthetic/seadronessee_30m_to_80m/calibrated/train/train_00052213.png
train:52214,train:8056,train,52214,8056,8056.jpg,3840,2160,1,swimmer,2827.0,1388.0,34.0,41.0,1394.0,34.4983175861018,42.2,mavic,NorthSea_Fri_DJI_0117.MP4,1110,data/raw/seadronessee/odv2/images/train/8056.jpg,train,1484,2102,666,3586,2150,train_00052214,80.0,640,0.431266846361186,312.66846361185986,311.3746630727763,14.663072776280325,17.681940700808628,259.27158332183006,1.0,8fe6c319c145bfe6c41b4bd884be5417741d8218678ea8dfc0735cca6b82988f,data/synthetic/seadronessee_30m_to_80m/geometry_only/train/train_00052214.png,data/synthetic/seadronessee_30m_to_80m/calibrated/train/train_00052214.png
train:52216,train:8056,train,52216,8056,8056.jpg,3840,2160,3,jetski,1063.0,846.0,72.0,133.0,9576.0,34.4983175861018,42.2,mavic,NorthSea_Fri_DJI_0117.MP4,1110,data/raw/seadronessee/odv2/images/train/8056.jpg,train,1484,357,170,1841,1654,train_00052216,80.0,640,0.431266846361186,304.4743935309973,291.53638814016176,31.051212938005392,57.35849056603774,1781.0507043686112,1.0,8fe6c319c145bfe6c41b4bd884be5417741d8218678ea8dfc0735cca6b82988f,data/synthetic/seadronessee_30m_to_80m/geometry_only/train/train_00052216.png,data/synthetic/seadronessee_30m_to_80m/calibrated/train/train_00052216.png
train:52231,train:8058,train,52231,8058,8058.jpg,3840,2160,1,swimmer,2073.0,788.0,94.0,43.0,4042.0,34.19833221578787,42.2,mavic,NorthSea_Fri_DJI_0117.MP4,1140,data/raw/seadronessee/odv2/images/train/8058.jpg,train,1497,1372,61,2869,1558,train_00052231,80.0,640,0.42752171008684037,299.6927187708751,310.80828323313295,40.18704074816299,18.383433533734134,738.7757925113197,1.0,8fe6c319c145bfe6c41b4bd884be5417741d8218678ea8dfc0735cca6b82988f,data/synthetic/seadronessee_30m_to_80m/geometry_only/train/train_00052231.png,data/synthetic/seadronessee_30m_to_80m/calibrated/train/train_00052231.png
train:52236,train:8058,train,52236,8058,8058.jpg,3840,2160,3,jetski,1490.0,763.0,70.0,121.0,8470.0,34.19833221578787,42.2,mavic,NorthSea_Fri_DJI_0117.MP4,1140,data/raw/seadronessee/odv2/images/train/8058.jpg,train,1497,776,75,2273,1572,train_00052236,80.0,640,0.42752171008684037,305.250501002004,294.13493653974615,29.926519706078825,51.730126920507686,1548.1026626845319,1.0,8fe6c319c145bfe6c41b4bd884be5417741d8218678ea8dfc0735cca6b82988f,data/synthetic/seadronessee_30m_to_80m/geometry_only/train/train_00052236.png,data/synthetic/seadronessee_30m_to_80m/calibrated/train/train_00052236.png
train:52240,train:8058,train,52240,8058,8058.jpg,3840,2160,1,swimmer,2169.0,741.0,42.0,27.0,1134.0,34.19833221578787,42.2,mavic,NorthSea_Fri_DJI_0117.MP4,1140,data/raw/seadronessee/odv2/images/train/8058.jpg,train,1497,1442,6,2939,1503,train_00052240,80.0,640,0.42752171008684037,310.80828323313295,314.22845691382764,17.955911823647295,11.54308617234469,207.26663748338362,1.0,8fe6c319c145bfe6c41b4bd884be5417741d8218678ea8dfc0735cca6b82988f,data/synthetic/seadronessee_30m_to_80m/geometry_only/train/train_00052240.png,data/synthetic/seadronessee_30m_to_80m/calibrated/train/train_00052240.png
train:52241,train:8058,train,52241,8058,8058.jpg,3840,2160,1,swimmer,2625.0,824.0,38.0,30.0,1140.0,34.19833221578787,42.2,mavic,NorthSea_Fri_DJI_0117.MP4,1140,data/raw/seadronessee/odv2/images/train/8058.jpg,train,1497,1896,90,3393,1587,train_00052241,80.0,640,0.42752171008684037,311.6633266533066,313.80093520374083,16.245824983299933,12.82565130260521,208.36328635895705,1.0,8fe6c319c145bfe6c41b4bd884be5417741d8218678ea8dfc0735cca6b82988f,data/synthetic/seadronessee_30m_to_80m/geometry_only/train/train_00052241.png,data/synthetic/seadronessee_30m_to_80m/calibrated/train/train_00052241.png
train:52255,train:8060,train,52255,8060,8060.jpg,3840,2160,1,swimmer,2159.0,794.0,73.0,40.0,2920.0,34.19833221578787,42.2,mavic,NorthSea_Fri_DJI_0117.MP4,1170,data/raw/seadronessee/odv2/images/train/8060.jpg,train,1497,1447,66,2944,1563,train_00052255,80.0,640,0.42752171008684037,304.3954575818303,311.23580494321976,31.209084836339347,17.100868403473616,533.702452779083,1.0,8fe6c319c145bfe6c41b4bd884be5417741d8218678ea8dfc0735cca6b82988f,data/synthetic/seadronessee_30m_to_80m/geometry_only/train/train_00052255.png,data/synthetic/seadronessee_30m_to_80m/calibrated/train/train_00052255.png
train:52260,train:8060,train,52260,8060,8060.jpg,3840,2160,3,jetski,1596.0,712.0,67.0,128.0,8576.0,34.19833221578787,42.2,mavic,NorthSea_Fri_DJI_0117.MP4,1170,data/raw/seadronessee/odv2/images/train/8060.jpg,train,1497,881,28,2378,1525,train_00052260,80.0,640,0.42752171008684037,305.67802271209086,292.4248496993988,28.643954575818306,54.72277889111557,1567.4767928196632,1.0,8fe6c319c145bfe6c41b4bd884be5417741d8218678ea8dfc0735cca6b82988f,data/synthetic/seadronessee_30m_to_80m/geometry_only/train/train_00052260.png,data/synthetic/seadronessee_30m_to_80m/calibrated/train/train_00052260.png
train:52263,train:8060,train,52263,8060,8060.jpg,3840,2160,1,swimmer,2249.0,750.0,60.0,28.0,1680.0,34.19833221578787,42.2,mavic,NorthSea_Fri_DJI_0117.MP4,1170,data/raw/seadronessee/odv2/images/train/8060.jpg,train,1497,1530,16,3027,1513,train_00052263,80.0,640,0.42752171008684037,307.3881095524382,313.80093520374083,25.65130260521042,11.97060788243153,307.0616851605683,1.0,8fe6c319c145bfe6c41b4bd884be5417741d8218678ea8dfc0735cca6b82988f,data/synthetic/seadronessee_30m_to_80m/geometry_only/train/train_00052263.png,data/synthetic/seadronessee_30m_to_80m/calibrated/train/train_00052263.png
train:52264,train:8060,train,52264,8060,8060.jpg,3840,2160,1,swimmer,2715.0,834.0,36.0,28.0,1008.0,34.19833221578787,42.2,mavic,NorthSea_Fri_DJI_0117.MP4,1170,data/raw/seadronessee/odv2/images/train/8060.jpg,train,1497,1984,100,3481,1597,train_00052264,80.0,640,0.42752171008684037,312.5183700734803,313.80093520374083,15.390781563126254,11.97060788243153,184.237011096341,1.0,8fe6c319c145bfe6c41b4bd884be5417741d8218678ea8dfc0735cca6b82988f,data/synthetic/seadronessee_30m_to_80m/geometry_only/train/train_00052264.png,data/synthetic/seadronessee_30m_to_80m/calibrated/train/train_00052264.png
train:52279,train:8062,train,52279,8062,8062.jpg,3840,2160,1,swimmer,2243.0,790.0,79.0,29.0,2291.0,34.19833221578787,42.2,mavic,NorthSea_Fri_DJI_0117.MP4,1200,data/raw/seadronessee/odv2/images/train/8062.jpg,train,1497,1534,56,3031,1553,train_00052279,80.0,640,0.42752171008684037,303.11289245156985,313.80093520374083,33.77421509686039,12.398129592518371,418.7370956564655,1.0,8fe6c319c145bfe6c41b4bd884be5417741d8218678ea8dfc0735cca6b82988f,data/synthetic/seadronessee_30m_to_80m/geometry_only/train/train_00052279.png,data/synthetic/seadronessee_30m_to_80m/calibrated/train/train_00052279.png
train:52287,train:8062,train,52287,8062,8062.jpg,3840,2160,1,swimmer,2348.0,743.0,56.0,28.0,1568.0,34.19833221578787,42.2,mavic,NorthSea_Fri_DJI_0117.MP4,1200,data/raw/seadronessee/odv2/images/train/8062.jpg,train,1497,1628,8,3125,1505,train_00052287,80.0,640,0.42752171008684037,307.8156312625251,314.22845691382764,23.94121576486306,11.97060788243153,286.59090614986377,1.0,8fe6c319c145bfe6c41b4bd884be5417741d8218678ea8dfc0735cca6b82988f,data/synthetic/seadronessee_30m_to_80m/geometry_only/train/train_00052287.png,data/synthetic/seadronessee_30m_to_80m/calibrated/train/train_00052287.png
train:52288,train:8062,train,52288,8062,8062.jpg,3840,2160,1,swimmer,2798.0,855.0,38.0,28.0,1064.0,34.19833221578787,42.2,mavic,NorthSea_Fri_DJI_0117.MP4,1200,data/raw/seadronessee/odv2/images/train/8062.jpg,train,1497,2068,120,3565,1617,train_00052288,80.0,640,0.42752171008684037,312.0908483633935,314.22845691382764,16.245824983299933,11.97060788243153,194.47240060169327,1.0,8fe6c319c145bfe6c41b4bd884be5417741d8218678ea8dfc0735cca6b82988f,data/synthetic/seadronessee_30m_to_80m/geometry_only/train/train_00052288.png,data/synthetic/seadronessee_30m_to_80m/calibrated/train/train_00052288.png
train:52303,train:8064,train,52303,8064,8064.jpg,3840,2160,1,swimmer,2233.0,782.0,79.0,28.0,2212.0,34.19833221578787,42.2,mavic,NorthSea_Fri_DJI_0117.MP4,1230,data/raw/seadronessee/odv2/images/train/8064.jpg,train,1497,1524,48,3021,1545,train_00052303,80.0,640,0.42752171008684037,303.11289245156985,313.80093520374083,33.77421509686039,11.97060788243153,404.2978854614149,1.0,8fe6c319c145bfe6c41b4bd884be5417741d8218678ea8dfc0735cca6b82988f,data/synthetic/seadronessee_30m_to_80m/geometry_only/train/train_00052303.png,data/synthetic/seadronessee_30m_to_80m/calibrated/train/train_00052303.png
train:52311,train:8064,train,52311,8064,8064.jpg,3840,2160,1,swimmer,2348.0,745.0,52.0,26.0,1352.0,34.19833221578787,42.2,mavic,NorthSea_Fri_DJI_0117.MP4,1230,data/raw/seadronessee/odv2/images/train/8064.jpg,train,1497,1626,10,3123,1507,train_00052311,80.0,640,0.42752171008684037,308.67067468269875,314.22845691382764,22.231128924515698,11.115564462257849,247.11154662921925,1.0,8fe6c319c145bfe6c41b4bd884be5417741d8218678ea8dfc0735cca6b82988f,data/synthetic/seadronessee_30m_to_80m/geometry_only/train/train_00052311.png,data/synthetic/seadronessee_30m_to_80m/calibrated/train/train_00052311.png
train:52312,train:8064,train,52312,8064,8064.jpg,3840,2160,1,swimmer,2790.0,850.0,38.0,30.0,1140.0,34.19833221578787,42.2,mavic,NorthSea_Fri_DJI_0117.MP4,1230,data/raw/seadronessee/odv2/images/train/8064.jpg,train,1497,2060,116,3557,1613,train_00052312,80.0,640,0.42752171008684037,312.0908483633935,313.80093520374083,16.245824983299933,12.82565130260521,208.36328635895705,1.0,8fe6c319c145bfe6c41b4bd884be5417741d8218678ea8dfc0735cca6b82988f,data/synthetic/seadronessee_30m_to_80m/geometry_only/train/train_00052312.png,data/synthetic/seadronessee_30m_to_80m/calibrated/train/train_00052312.png
train:52327,train:8066,train,52327,8066,8066.jpg,3840,2160,1,swimmer,2213.0,784.0,81.0,32.0,2592.0,34.19833221578787,42.2,mavic,NorthSea_Fri_DJI_0117.MP4,1260,data/raw/seadronessee/odv2/images/train/8066.jpg,train,1497,1505,52,3002,1549,train_00052327,80.0,640,0.42752171008684037,302.685370741483,312.94589178356716,34.62925851703407,13.680694722778892,473.752314247734,1.0,8fe6c319c145bfe6c41b4bd884be5417741d8218678ea8dfc0735cca6b82988f,data/synthetic/seadronessee_30m_to_80m/geometry_only/train/train_00052327.png,data/synthetic/seadronessee_30m_to_80m/calibrated/train/train_00052327.png
train:52335,train:8066,train,52335,8066,8066.jpg,3840,2160,1,swimmer,2354.0,750.0,57.0,29.0,1653.0,34.19833221578787,42.2,mavic,NorthSea_Fri_DJI_0117.MP4,1260,data/raw/seadronessee/odv2/images/train/8066.jpg,train,1497,1634,16,3131,1513,train_00052335,80.0,640,0.42752171008684037,307.8156312625251,313.80093520374083,24.3687374749499,12.398129592518371,302.12676522048775,1.0,8fe6c319c145bfe6c41b4bd884be5417741d8218678ea8dfc0735cca6b82988f,data/synthetic/seadronessee_30m_to_80m/geometry_only/train/train_00052335.png,data/synthetic/seadronessee_30m_to_80m/calibrated/train/train_00052335.png
train:52336,train:8066,train,52336,8066,8066.jpg,3840,2160,1,swimmer,2791.0,849.0,39.0,30.0,1170.0,34.19833221578787,42.2,mavic,NorthSea_Fri_DJI_0117.MP4,1260,data/raw/seadronessee/odv2/images/train/8066.jpg,train,1497,2062,116,3559,1613,train_00052336,80.0,640,0.42752171008684037,311.6633266533066,313.37341349365397,16.673346693386776,12.82565130260521,213.84653073682438,1.0,8fe6c319c145bfe6c41b4bd884be5417741d8218678ea8dfc0735cca6b82988f,data/synthetic/seadronessee_30m_to_80m/geometry_only/train/train_00052336.png,data/synthetic/seadronessee_30m_to_80m/calibrated/train/train_00052336.png
train:52351,train:8068,train,52351,8068,8068.jpg,3840,2160,1,swimmer,2210.0,779.0,82.0,35.0,2870.0,34.19833221578787,42.2,mavic,NorthSea_Fri_DJI_0117.MP4,1290,data/raw/seadronessee/odv2/images/train/8068.jpg,train,1497,1502,48,2999,1545,train_00052351,80.0,640,0.42752171008684037,302.685370741483,312.5183700734803,35.05678022712091,14.963259853039412,524.5637121493043,1.0,8fe6c319c145bfe6c41b4bd884be5417741d8218678ea8dfc0735cca6b82988f,data/synthetic/seadronessee_30m_to_80m/geometry_only/train/train_00052351.png,data/synthetic/seadronessee_30m_to_80m/calibrated/train/train_00052351.png
train:52359,train:8068,train,52359,8068,8068.jpg,3840,2160,1,swimmer,2358.0,750.0,56.0,27.0,1512.0,34.19833221578787,42.2,mavic,NorthSea_Fri_DJI_0117.MP4,1290,data/raw/seadronessee/odv2/images/train/8068.jpg,train,1497,1638,15,3135,1512,train_00052359,80.0,640,0.42752171008684037,307.8156312625251,314.22845691382764,23.94121576486306,11.54308617234469,276.3555166445115,1.0,8fe6c319c145bfe6c41b4bd884be5417741d8218678ea8dfc0735cca6b82988f,data/synthetic/seadronessee_30m_to_80m/geometry_only/train/train_00052359.png,data/synthetic/seadronessee_30m_to_80m/calibrated/train/train_00052359.png
train:52360,train:8068,train,52360,8068,8068.jpg,3840,2160,1,swimmer,2798.0,853.0,40.0,32.0,1280.0,34.19833221578787,42.2,mavic,NorthSea_Fri_DJI_0117.MP4,1290,data/raw/seadronessee/odv2/images/train/8068.jpg,train,1497,2070,120,3567,1617,train_00052360,80.0,640,0.42752171008684037,311.23580494321976,313.37341349365397,17.100868403473616,13.680694722778892,233.9517601223378,1.0,8fe6c319c145bfe6c41b4bd884be5417741d8218678ea8dfc0735cca6b82988f,data/synthetic/seadronessee_30m_to_80m/geometry_only/train/train_00052360.png,data/synthetic/seadronessee_30m_to_80m/calibrated/train/train_00052360.png
train:52375,train:8070,train,52375,8070,8070.jpg,3840,2160,1,swimmer,2202.0,787.0,83.0,33.0,2739.0,34.19833221578787,42.2,mavic,NorthSea_Fri_DJI_0117.MP4,1320,data/raw/seadronessee/odv2/images/train/8070.jpg,train,1497,1495,55,2992,1552,train_00052375,80.0,640,0.42752171008684037,302.2578490313961,312.94589178356716,35.48430193720775,14.108216432865731,500.62021169928374,1.0,8fe6c319c145bfe6c41b4bd884be5417741d8218678ea8dfc0735cca6b82988f,data/synthetic/seadronessee_30m_to_80m/geometry_only/train/train_00052375.png,data/synthetic/seadronessee_30m_to_80m/calibrated/train/train_00052375.png
train:52383,train:8070,train,52383,8070,8070.jpg,3840,2160,1,swimmer,2378.0,759.0,56.0,29.0,1624.0,34.19833221578787,42.2,mavic,NorthSea_Fri_DJI_0117.MP4,1320,data/raw/seadronessee/odv2/images/train/8070.jpg,train,1497,1658,25,3155,1522,train_00052383,80.0,640,0.42752171008684037,307.8156312625251,313.80093520374083,23.94121576486306,12.398129592518371,296.82629565521603,1.0,8fe6c319c145bfe6c41b4bd884be5417741d8218678ea8dfc0735cca6b82988f,data/synthetic/seadronessee_30m_to_80m/geometry_only/train/train_00052383.png,data/synthetic/seadronessee_30m_to_80m/calibrated/train/train_00052383.png
train:52384,train:8070,train,52384,8070,8070.jpg,3840,2160,1,swimmer,2801.0,857.0,41.0,32.0,1312.0,34.19833221578787,42.2,mavic,NorthSea_Fri_DJI_0117.MP4,1320,data/raw/seadronessee/odv2/images/train/8070.jpg,train,1497,2073,124,3570,1621,train_00052384,80.0,640,0.42752171008684037,311.23580494321976,313.37341349365397,17.528390113560455,13.680694722778892,239.80055412539622,1.0,8fe6c319c145bfe6c41b4bd884be5417741d8218678ea8dfc0735cca6b82988f,data/synthetic/seadronessee_30m_to_80m/geometry_only/train/train_00052384.png,data/synthetic/seadronessee_30m_to_80m/calibrated/train/train_00052384.png
train:52399,train:8072,train,52399,8072,8072.jpg,3840,2160,1,swimmer,2200.0,798.0,83.0,36.0,2988.0,34.19833221578787,42.2,mavic,NorthSea_Fri_DJI_0117.MP4,1350,data/raw/seadronessee/odv2/images/train/8072.jpg,train,1497,1493,68,2990,1565,train_00052399,80.0,640,0.42752171008684037,302.2578490313961,312.0908483633935,35.48430193720775,15.390781563126254,546.1311400355823,1.0,8fe6c319c145bfe6c41b4bd884be5417741d8218678ea8dfc0735cca6b82988f,data/synthetic/seadronessee_30m_to_80m/geometry_only/train/train_00052399.png,data/synthetic/seadronessee_30m_to_80m/calibrated/train/train_00052399.png
train:52407,train:8072,train,52407,8072,8072.jpg,3840,2160,1,swimmer,2386.0,766.0,58.0,26.0,1508.0,34.19833221578787,42.2,mavic,NorthSea_Fri_DJI_0117.MP4,1350,data/raw/seadronessee/odv2/images/train/8072.jpg,train,1497,1666,30,3163,1527,train_00052407,80.0,640,0.42752171008684037,307.8156312625251,314.6559786239145,24.796259185036742,11.115564462257849,275.6244173941292,1.0,8fe6c319c145bfe6c41b4bd884be5417741d8218678ea8dfc0735cca6b82988f,data/synthetic/seadronessee_30m_to_80m/geometry_only/train/train_00052407.png,data/synthetic/seadronessee_30m_to_80m/calibrated/train/train_00052407.png
train:52408,train:8072,train,52408,8072,8072.jpg,3840,2160,1,swimmer,2806.0,855.0,39.0,31.0,1209.0,34.19833221578787,42.2,mavic,NorthSea_Fri_DJI_0117.MP4,1350,data/raw/seadronessee/odv2/images/train/8072.jpg,train,1497,2077,122,3574,1619,train_00052408,80.0,640,0.42752171008684037,311.6633266533066,313.37341349365397,16.673346693386776,13.253173012692052,220.9747484280519,1.0,8fe6c319c145bfe6c41b4bd884be5417741d8218678ea8dfc0735cca6b82988f,data/synthetic/seadronessee_30m_to_80m/geometry_only/train/train_00052408.png,data/synthetic/seadronessee_30m_to_80m/calibrated/train/train_00052408.png
train:52423,train:8074,train,52423,8074,8074.jpg,3840,2160,1,swimmer,2198.0,790.0,83.0,34.0,2822.0,34.19833221578787,42.2,mavic,NorthSea_Fri_DJI_0117.MP4,1380,data/raw/seadronessee/odv2/images/train/8074.jpg,train,1497,1491,58,2988,1555,train_00052423,80.0,640,0.42752171008684037,302.2578490313961,312.94589178356716,35.48430193720775,14.535738142952573,515.7905211447166,1.0,8fe6c319c145bfe6c41b4bd884be5417741d8218678ea8dfc0735cca6b82988f,data/synthetic/seadronessee_30m_to_80m/geometry_only/train/train_00052423.png,data/synthetic/seadronessee_30m_to_80m/calibrated/train/train_00052423.png
train:52431,train:8074,train,52431,8074,8074.jpg,3840,2160,1,swimmer,2397.0,760.0,52.0,26.0,1352.0,34.19833221578787,42.2,mavic,NorthSea_Fri_DJI_0117.MP4,1380,data/raw/seadronessee/odv2/images/train/8074.jpg,train,1497,1674,24,3171,1521,train_00052431,80.0,640,0.42752171008684037,309.0981963927856,314.6559786239145,22.231128924515698,11.115564462257849,247.11154662921925,1.0,8fe6c319c145bfe6c41b4bd884be5417741d8218678ea8dfc0735cca6b82988f,data/synthetic/seadronessee_30m_to_80m/geometry_only/train/train_00052431.png,data/synthetic/seadronessee_30m_to_80m/calibrated/train/train_00052431.png
train:52432,train:8074,train,52432,8074,8074.jpg,3840,2160,1,swimmer,2807.0,867.0,43.0,30.0,1290.0,34.19833221578787,42.2,mavic,NorthSea_Fri_DJI_0117.MP4,1380,data/raw/seadronessee/odv2/images/train/8074.jpg,train,1497,2080,134,3577,1631,train_00052432,80.0,640,0.42752171008684037,310.80828323313295,313.37341349365397,18.383433533734134,12.82565130260521,235.77950824829352,1.0,8fe6c319c145bfe6c41b4bd884be5417741d8218678ea8dfc0735cca6b82988f,data/synthetic/seadronessee_30m_to_80m/geometry_only/train/train_00052432.png,data/synthetic/seadronessee_30m_to_80m/calibrated/train/train_00052432.png
train:52447,train:8076,train,52447,8076,8076.jpg,3840,2160,1,swimmer,2191.0,786.0,77.0,37.0,2849.0,34.19833221578787,42.2,mavic,NorthSea_Fri_DJI_0117.MP4,1410,data/raw/seadronessee/odv2/images/train/8076.jpg,train,1497,1481,56,2978,1553,train_00052447,80.0,640,0.42752171008684037,303.54041416165666,312.0908483633935,32.91917167668671,15.818303273213093,520.7254410847971,1.0,8fe6c319c145bfe6c41b4bd884be5417741d8218678ea8dfc0735cca6b82988f,data/synthetic/seadronessee_30m_to_80m/geometry_only/train/train_00052447.png,data/synthetic/seadronessee_30m_to_80m/calibrated/train/train_00052447.png
train:52455,train:8076,train,52455,8076,8076.jpg,3840,2160,1,swimmer,2400.0,757.0,47.0,36.0,1692.0,34.19833221578787,42.2,mavic,NorthSea_Fri_DJI_0117.MP4,1410,data/raw/seadronessee/odv2/images/train/8076.jpg,train,1497,1675,26,3172,1523,train_00052455,80.0,640,0.42752171008684037,309.9532398129593,312.5183700734803,20.093520374081496,15.390781563126254,309.2549829117152,1.0,8fe6c319c145bfe6c41b4bd884be5417741d8218678ea8dfc0735cca6b82988f,data/synthetic/seadronessee_30m_to_80m/geometry_only/train/train_00052455.png,data/synthetic/seadronessee_30m_to_80m/calibrated/train/train_00052455.png
train:52456,train:8076,train,52456,8076,8076.jpg,3840,2160,1,swimmer,2801.0,868.0,39.0,30.0,1170.0,34.19833221578787,42.2,mavic,NorthSea_Fri_DJI_0117.MP4,1410,data/raw/seadronessee/odv2/images/train/8076.jpg,train,1497,2072,134,3569,1631,train_00052456,80.0,640,0.42752171008684037,311.6633266533066,313.80093520374083,16.673346693386776,12.82565130260521,213.84653073682438,1.0,8fe6c319c145bfe6c41b4bd884be5417741d8218678ea8dfc0735cca6b82988f,data/synthetic/seadronessee_30m_to_80m/geometry_only/train/train_00052456.png,data/synthetic/seadronessee_30m_to_80m/calibrated/train/train_00052456.png
train:52471,train:8078,train,52471,8078,8078.jpg,3840,2160,1,swimmer,2186.0,770.0,72.0,29.0,2088.0,34.19833221578787,42.2,mavic,NorthSea_Fri_DJI_0117.MP4,1440,data/raw/seadronessee/odv2/images/train/8078.jpg,train,1497,1474,36,2971,1533,train_00052471,80.0,640,0.42752171008684037,304.3954575818303,313.80093520374083,30.781563126252507,12.398129592518371,381.63380869956353,1.0,8fe6c319c145bfe6c41b4bd884be5417741d8218678ea8dfc0735cca6b82988f,data/synthetic/seadronessee_30m_to_80m/geometry_only/train/train_00052471.png,data/synthetic/seadronessee_30m_to_80m/calibrated/train/train_00052471.png
train:52479,train:8078,train,52479,8078,8078.jpg,3840,2160,1,swimmer,2405.0,734.0,35.0,46.0,1610.0,34.19833221578787,42.2,mavic,NorthSea_Fri_DJI_0117.MP4,1440,data/raw/seadronessee/odv2/images/train/8078.jpg,train,1497,1674,8,3171,1505,train_00052479,80.0,640,0.42752171008684037,312.5183700734803,310.3807615230461,14.963259853039412,19.665998663994657,294.26744827887796,1.0,8fe6c319c145bfe6c41b4bd884be5417741d8218678ea8dfc0735cca6b82988f,data/synthetic/seadronessee_30m_to_80m/geometry_only/train/train_00052479.png,data/synthetic/seadronessee_30m_to_80m/calibrated/train/train_00052479.png
train:52480,train:8078,train,52480,8078,8078.jpg,3840,2160,1,swimmer,2798.0,850.0,37.0,27.0,999.0,34.19833221578787,42.2,mavic,NorthSea_Fri_DJI_0117.MP4,1440,data/raw/seadronessee/odv2/images/train/8078.jpg,train,1497,2068,115,3565,1612,train_00052480,80.0,640,0.42752171008684037,312.0908483633935,314.22845691382764,15.818303273213093,11.54308617234469,182.5920377829808,1.0,8fe6c319c145bfe6c41b4bd884be5417741d8218678ea8dfc0735cca6b82988f,data/synthetic/seadronessee_30m_to_80m/geometry_only/train/train_00052480.png,data/synthetic/seadronessee_30m_to_80m/calibrated/train/train_00052480.png
train:52495,train:8080,train,52495,8080,8080.jpg,3840,2160,1,swimmer,2175.0,742.0,78.0,37.0,2886.0,34.19833221578787,42.2,mavic,NorthSea_Fri_DJI_0117.MP4,1470,data/raw/seadronessee/odv2/images/train/8080.jpg,train,1497,1466,12,2963,1509,train_00052495,80.0,640,0.42752171008684037,303.11289245156985,312.0908483633935,33.34669338677355,15.818303273213093,527.4881091508335,1.0,8fe6c319c145bfe6c41b4bd884be5417741d8218678ea8dfc0735cca6b82988f,data/synthetic/seadronessee_30m_to_80m/geometry_only/train/train_00052495.png,data/synthetic/seadronessee_30m_to_80m/calibrated/train/train_00052495.png
train:52504,train:8080,train,52504,8080,8080.jpg,3840,2160,1,swimmer,2785.0,831.0,37.0,29.0,1073.0,34.19833221578787,42.2,mavic,NorthSea_Fri_DJI_0117.MP4,1470,data/raw/seadronessee/odv2/images/train/8080.jpg,train,1497,2055,97,3552,1594,train_00052504,80.0,640,0.42752171008684037,312.0908483633935,313.80093520374083,15.818303273213093,12.398129592518371,196.11737391505346,1.0,8fe6c319c145bfe6c41b4bd884be5417741d8218678ea8dfc0735cca6b82988f,data/synthetic/seadronessee_30m_to_80m/geometry_only/train/train_00052504.png,data/synthetic/seadronessee_30m_to_80m/calibrated/train/train_00052504.png
train:52523,train:8082,train,52523,8082,8082.jpg,3840,2160,1,swimmer,2979.0,1385.0,35.0,35.0,1225.0,34.19833221578787,42.2,mavic,NorthSea_Fri_DJI_0117.MP4,1500,data/raw/seadronessee/odv2/images/train/8082.jpg,train,1497,2248,654,3745,2151,train_00052523,80.0,640,0.42752171008684037,312.5183700734803,312.5183700734803,14.963259853039412,14.963259853039412,223.89914542958107,1.0,8fe6c319c145bfe6c41b4bd884be5417741d8218678ea8dfc0735cca6b82988f,data/synthetic/seadronessee_30m_to_80m/geometry_only/train/train_00052523.png,data/synthetic/seadronessee_30m_to_80m/calibrated/train/train_00052523.png
train:52544,train:8084,train,52544,8084,8084.jpg,3840,2160,1,swimmer,2759.0,1122.0,73.0,36.0,2628.0,34.19833221578787,42.2,mavic,NorthSea_Fri_DJI_0117.MP4,1530,data/raw/seadronessee/odv2/images/train/8084.jpg,train,1497,2047,392,3544,1889,train_00052544,80.0,640,0.42752171008684037,304.3954575818303,312.0908483633935,31.209084836339347,15.390781563126254,480.33220750117476,1.0,8fe6c319c145bfe6c41b4bd884be5417741d8218678ea8dfc0735cca6b82988f,data/synthetic/seadronessee_30m_to_80m/geometry_only/train/train_00052544.png,data/synthetic/seadronessee_30m_to_80m/calibrated/train/train_00052544.png
train:52547,train:8084,train,52547,8084,8084.jpg,3840,2160,1,swimmer,2879.0,1117.0,32.0,32.0,1024.0,34.19833221578787,42.2,mavic,NorthSea_Fri_DJI_0117.MP4,1530,data/raw/seadronessee/odv2/images/train/8084.jpg,train,1497,2146,384,3643,1881,train_00052547,80.0,640,0.42752171008684037,313.37341349365397,313.37341349365397,13.680694722778892,13.680694722778892,187.1614080978702,1.0,8fe6c319c145bfe6c41b4bd884be5417741d8218678ea8dfc0735cca6b82988f,data/synthetic/seadronessee_30m_to_80m/geometry_only/train/train_00052547.png,data/synthetic/seadronessee_30m_to_80m/calibrated/train/train_00052547.png
train:52568,train:8086,train,52568,8086,8086.jpg,3840,2160,1,swimmer,2683.0,930.0,76.0,29.0,2204.0,34.19833221578787,42.2,mavic,NorthSea_Fri_DJI_0117.MP4,1560,data/raw/seadronessee/odv2/images/train/8086.jpg,train,1497,1972,196,3469,1693,train_00052568,80.0,640,0.42752171008684037,303.9679358717435,313.80093520374083,32.491649966599866,12.398129592518371,402.8356869606503,1.0,8fe6c319c145bfe6c41b4bd884be5417741d8218678ea8dfc0735cca6b82988f,data/synthetic/seadronessee_30m_to_80m/geometry_only/train/train_00052568.png,data/synthetic/seadronessee_30m_to_80m/calibrated/train/train_00052568.png
train:52570,train:8086,train,52570,8086,8086.jpg,3840,2160,1,swimmer,2798.0,923.0,29.0,30.0,870.0,34.19833221578787,42.2,mavic,NorthSea_Fri_DJI_0117.MP4,1560,data/raw/seadronessee/odv2/images/train/8086.jpg,train,1497,2064,190,3561,1687,train_00052570,80.0,640,0.42752171008684037,313.80093520374083,313.37341349365397,12.398129592518371,12.82565130260521,159.01408695815147,1.0,8fe6c319c145bfe6c41b4bd884be5417741d8218678ea8dfc0735cca6b82988f,data/synthetic/seadronessee_30m_to_80m/geometry_only/train/train_00052570.png,data/synthetic/seadronessee_30m_to_80m/calibrated/train/train_00052570.png
train:52588,train:8088,train,52588,8088,8088.jpg,3840,2160,1,swimmer,2644.0,814.0,51.0,29.0,1479.0,34.19833221578787,42.2,mavic,NorthSea_Fri_DJI_0117.MP4,1590,data/raw/seadronessee/odv2/images/train/8088.jpg,train,1497,1921,80,3418,1577,train_00052588,80.0,640,0.42752171008684037,309.0981963927856,313.80093520374083,21.803607214428858,12.398129592518371,270.32394782885746,1.0,8fe6c319c145bfe6c41b4bd884be5417741d8218678ea8dfc0735cca6b82988f,data/synthetic/seadronessee_30m_to_80m/geometry_only/train/train_00052588.png,data/synthetic/seadronessee_30m_to_80m/calibrated/train/train_00052588.png
train:52590,train:8088,train,52590,8088,8088.jpg,3840,2160,1,swimmer,2751.0,817.0,29.0,31.0,899.0,34.19833221578787,42.2,mavic,NorthSea_Fri_DJI_0117.MP4,1590,data/raw/seadronessee/odv2/images/train/8088.jpg,train,1497,2017,84,3514,1581,train_00052590,80.0,640,0.42752171008684037,313.80093520374083,313.37341349365397,12.398129592518371,13.253173012692052,164.3145565234232,1.0,8fe6c319c145bfe6c41b4bd884be5417741d8218678ea8dfc0735cca6b82988f,data/synthetic/seadronessee_30m_to_80m/geometry_only/train/train_00052590.png,data/synthetic/seadronessee_30m_to_80m/calibrated/train/train_00052590.png
train:52595,train:8088,train,52595,8088,8088.jpg,3840,2160,1,swimmer,3060.0,829.0,28.0,38.0,1064.0,34.19833221578787,42.2,mavic,NorthSea_Fri_DJI_0117.MP4,1590,data/raw/seadronessee/odv2/images/train/8088.jpg,train,1497,2326,100,3823,1597,train_00052595,80.0,640,0.42752171008684037,313.80093520374083,311.6633266533066,11.97060788243153,16.245824983299933,194.47240060169327,1.0,8fe6c319c145bfe6c41b4bd884be5417741d8218678ea8dfc0735cca6b82988f,data/synthetic/seadronessee_30m_to_80m/geometry_only/train/train_00052595.png,data/synthetic/seadronessee_30m_to_80m/calibrated/train/train_00052595.png
train:52632,train:8094,train,52632,8094,8094.jpg,3840,2160,1,swimmer,3022.0,905.0,27.0,33.0,891.0,34.19833221578787,42.2,mavic,NorthSea_Fri_DJI_0117.MP4,1695,data/raw/seadronessee/odv2/images/train/8094.jpg,train,1497,2287,173,3784,1670,train_00052632,80.0,640,0.42752171008684037,314.22845691382764,312.94589178356716,11.54308617234469,14.108216432865731,162.85235802265856,1.0,8fe6c319c145bfe6c41b4bd884be5417741d8218678ea8dfc0735cca6b82988f,data/synthetic/seadronessee_30m_to_80m/geometry_only/train/train_00052632.png,data/synthetic/seadronessee_30m_to_80m/calibrated/train/train_00052632.png
train:52633,train:8094,train,52633,8094,8094.jpg,3840,2160,1,swimmer,2724.0,898.0,27.0,32.0,864.0,34.19833221578787,42.2,mavic,NorthSea_Fri_DJI_0117.MP4,1695,data/raw/seadronessee/odv2/images/train/8094.jpg,train,1497,1989,166,3486,1663,train_00052633,80.0,640,0.42752171008684037,314.22845691382764,312.94589178356716,11.54308617234469,13.680694722778892,157.917438082578,1.0,8fe6c319c145bfe6c41b4bd884be5417741d8218678ea8dfc0735cca6b82988f,data/synthetic/seadronessee_30m_to_80m/geometry_only/train/train_00052633.png,data/synthetic/seadronessee_30m_to_80m/calibrated/train/train_00052633.png
train:52634,train:8094,train,52634,8094,8094.jpg,3840,2160,1,swimmer,2613.0,889.0,67.0,28.0,1876.0,34.19833221578787,42.2,mavic,NorthSea_Fri_DJI_0117.MP4,1695,data/raw/seadronessee/odv2/images/train/8094.jpg,train,1497,1898,154,3395,1651,train_00052634,80.0,640,0.42752171008684037,305.67802271209086,314.22845691382764,28.643954575818306,11.97060788243153,342.8855484293013,1.0,8fe6c319c145bfe6c41b4bd884be5417741d8218678ea8dfc0735cca6b82988f,data/synthetic/seadronessee_30m_to_80m/geometry_only/train/train_00052634.png,data/synthetic/seadronessee_30m_to_80m/calibrated/train/train_00052634.png
train:52653,train:8096,train,52653,8096,8096.jpg,3840,2160,1,swimmer,3012.0,1133.0,31.0,32.0,992.0,34.19833221578787,42.2,mavic,NorthSea_Fri_DJI_0117.MP4,1725,data/raw/seadronessee/odv2/images/train/8096.jpg,train,1497,2279,400,3776,1897,train_00052653,80.0,640,0.42752171008684037,313.37341349365397,313.37341349365397,13.253173012692052,13.680694722778892,181.31261409481178,1.0,8fe6c319c145bfe6c41b4bd884be5417741d8218678ea8dfc0735cca6b82988f,data/synthetic/seadronessee_30m_to_80m/geometry_only/train/train_00052653.png,data/synthetic/seadronessee_30m_to_80m/calibrated/train/train_00052653.png
train:52654,train:8096,train,52654,8096,8096.jpg,3840,2160,1,swimmer,2719.0,1136.0,31.0,32.0,992.0,34.19833221578787,42.2,mavic,NorthSea_Fri_DJI_0117.MP4,1725,data/raw/seadronessee/odv2/images/train/8096.jpg,train,1497,1986,404,3483,1901,train_00052654,80.0,640,0.42752171008684037,313.37341349365397,312.94589178356716,13.253173012692052,13.680694722778892,181.31261409481178,1.0,8fe6c319c145bfe6c41b4bd884be5417741d8218678ea8dfc0735cca6b82988f,data/synthetic/seadronessee_30m_to_80m/geometry_only/train/train_00052654.png,data/synthetic/seadronessee_30m_to_80m/calibrated/train/train_00052654.png
train:52655,train:8096,train,52655,8096,8096.jpg,3840,2160,1,swimmer,2611.0,1123.0,49.0,30.0,1470.0,34.19833221578787,42.2,mavic,NorthSea_Fri_DJI_0117.MP4,1725,data/raw/seadronessee/odv2/images/train/8096.jpg,train,1497,1887,390,3384,1887,train_00052655,80.0,640,0.42752171008684037,309.5257181028724,313.37341349365397,20.94856379425518,12.82565130260521,268.6789745154973,1.0,8fe6c319c145bfe6c41b4bd884be5417741d8218678ea8dfc0735cca6b82988f,data/synthetic/seadronessee_30m_to_80m/geometry_only/train/train_00052655.png,data/synthetic/seadronessee_30m_to_80m/calibrated/train/train_00052655.png
train:52681,train:8098,train,52681,8098,8098.jpg,3840,2160,1,swimmer,3012.0,1093.0,34.0,38.0,1292.0,34.19833221578787,42.2,mavic,NorthSea_Fri_DJI_0117.MP4,1755,data/raw/seadronessee/odv2/images/train/8098.jpg,train,1497,2280,364,3777,1861,train_00052681,80.0,640,0.42752171008684037,312.94589178356716,311.6633266533066,14.535738142952573,16.245824983299933,236.1450578734847,1.0,8fe6c319c145bfe6c41b4bd884be5417741d8218678ea8dfc0735cca6b82988f,data/synthetic/seadronessee_30m_to_80m/geometry_only/train/train_00052681.png,data/synthetic/seadronessee_30m_to_80m/calibrated/train/train_00052681.png
train:52682,train:8098,train,52682,8098,8098.jpg,3840,2160,1,swimmer,2710.0,1095.0,33.0,31.0,1023.0,34.19833221578787,42.2,mavic,NorthSea_Fri_DJI_0117.MP4,1755,data/raw/seadronessee/odv2/images/train/8098.jpg,train,1497,1978,362,3475,1859,train_00052682,80.0,640,0.42752171008684037,312.94589178356716,313.37341349365397,14.108216432865731,13.253173012692052,186.97863328527464,1.0,8fe6c319c145bfe6c41b4bd884be5417741d8218678ea8dfc0735cca6b82988f,data/synthetic/seadronessee_30m_to_80m/geometry_only/train/train_00052682.png,data/synthetic/seadronessee_30m_to_80m/calibrated/train/train_00052682.png
train:52683,train:8098,train,52683,8098,8098.jpg,3840,2160,1,swimmer,2606.0,1082.0,44.0,35.0,1540.0,34.19833221578787,42.2,mavic,NorthSea_Fri_DJI_0117.MP4,1755,data/raw/seadronessee/odv2/images/train/8098.jpg,train,1497,1880,351,3377,1848,train_00052683,80.0,640,0.42752171008684037,310.3807615230461,312.5183700734803,18.810955243820978,14.963259853039412,281.47321139718764,1.0,8fe6c319c145bfe6c41b4bd884be5417741d8218678ea8dfc0735cca6b82988f,data/synthetic/seadronessee_30m_to_80m/geometry_only/train/train_00052683.png,data/synthetic/seadronessee_30m_to_80m/calibrated/train/train_00052683.png
train:52717,train:8104,train,52717,8104,8104.jpg,3840,2160,5,buoy,879.0,1393.0,17.0,19.0,323.0,33.89834684547394,42.2,mavic,NorthSea_Fri_DJI_0117.MP4,1845,data/raw/seadronessee/odv2/images/train/8104.jpg,train,1510,132,648,1642,2158,train_00052717,80.0,640,0.423841059602649,316.6092715231788,315.7615894039735,7.2052980132450335,8.052980132450331,58.0241217490461,1.0,8fe6c319c145bfe6c41b4bd884be5417741d8218678ea8dfc0735cca6b82988f,data/synthetic/seadronessee_30m_to_80m/geometry_only/train/train_00052717.png,data/synthetic/seadronessee_30m_to_80m/calibrated/train/train_00052717.png
train:52729,train:8106,train,52729,8106,8106.jpg,3840,2160,5,buoy,878.0,1385.0,18.0,21.0,378.0,33.89834684547394,42.2,mavic,NorthSea_Fri_DJI_0117.MP4,1875,data/raw/seadronessee/odv2/images/train/8106.jpg,train,1510,132,640,1642,2150,train_00052729,80.0,640,0.423841059602649,316.18543046357615,315.7615894039735,7.629139072847682,8.900662251655628,67.90439015832638,1.0,8fe6c319c145bfe6c41b4bd884be5417741d8218678ea8dfc0735cca6b82988f,data/synthetic/seadronessee_30m_to_80m/geometry_only/train/train_00052729.png,data/synthetic/seadronessee_30m_to_80m/calibrated/train/train_00052729.png
train:52741,train:8108,train,52741,8108,8108.jpg,3840,2160,5,buoy,879.0,1374.0,17.0,18.0,306.0,34.19833221578787,42.2,mavic,NorthSea_Fri_DJI_0117.MP4,1905,data/raw/seadronessee/odv2/images/train/8108.jpg,train,1497,139,634,1636,2131,train_00052741,80.0,640,0.42752171008684037,316.36606546426185,316.36606546426185,7.267869071476286,7.695390781563127,55.929092654246375,1.0,8fe6c319c145bfe6c41b4bd884be5417741d8218678ea8dfc0735cca6b82988f,data/synthetic/seadronessee_30m_to_80m/geometry_only/train/train_00052741.png,data/synthetic/seadronessee_30m_to_80m/calibrated/train/train_00052741.png
train:52757,train:8110,train,52757,8110,8110.jpg,3840,2160,5,buoy,882.0,1146.0,17.0,18.0,306.0,34.29832733922585,56.2,mavic,NorthSea_Fri_DJI_0117.MP4,1935,data/raw/seadronessee/odv2/images/train/8110.jpg,train,1493,144,408,1637,1901,train_00052757,80.0,640,0.4286671131949096,316.3563295378433,316.3563295378433,7.287340924313463,7.716008037508372,56.22918114406637,1.0,8fe6c319c145bfe6c41b4bd884be5417741d8218678ea8dfc0735cca6b82988f,data/synthetic/seadronessee_30m_to_80m/geometry_only/train/train_00052757.png,data/synthetic/seadronessee_30m_to_80m/calibrated/train/train_00052757.png
train:52758,train:8110,train,52758,8110,8110.jpg,3840,2160,5,buoy,1288.0,1255.0,17.0,20.0,340.0,34.29832733922585,56.2,mavic,NorthSea_Fri_DJI_0117.MP4,1935,data/raw/seadronessee/odv2/images/train/8110.jpg,train,1493,550,518,2043,2011,train_00052758,80.0,640,0.4286671131949096,316.3563295378433,315.92766242464836,7.287340924313463,8.57334226389819,62.476867937851516,1.0,8fe6c319c145bfe6c41b4bd884be5417741d8218678ea8dfc0735cca6b82988f,data/synthetic/seadronessee_30m_to_80m/geometry_only/train/train_00052758.png,data/synthetic/seadronessee_30m_to_80m/calibrated/train/train_00052758.png
train:52770,train:8112,train,52770,8112,8112.jpg,3840,2160,2,boat,2024.0,1351.0,180.0,80.0,14400.0,34.19833221578787,56.2,mavic,NorthSea_Fri_DJI_0117.MP4,1965,data/raw/seadronessee/odv2/images/train/8112.jpg,train,1497,1366,642,2863,2139,train_00052770,80.0,640,0.42752171008684037,281.30928523714095,303.11289245156985,76.95390781563127,34.20173680694723,2631.9573013763,1.0,8fe6c319c145bfe6c41b4bd884be5417741d8218678ea8dfc0735cca6b82988f,data/synthetic/seadronessee_30m_to_80m/geometry_only/train/train_00052770.png,data/synthetic/seadronessee_30m_to_80m/calibrated/train/train_00052770.png
train:52775,train:8112,train,52775,8112,8112.jpg,3840,2160,5,buoy,1290.0,814.0,16.0,27.0,432.0,34.19833221578787,56.2,mavic,NorthSea_Fri_DJI_0117.MP4,1965,data/raw/seadronessee/odv2/images/train/8112.jpg,train,1497,550,79,2047,1576,train_00052775,80.0,640,0.42752171008684037,316.36606546426185,314.22845691382764,6.840347361389446,11.54308617234469,78.958719041289,1.0,8fe6c319c145bfe6c41b4bd884be5417741d8218678ea8dfc0735cca6b82988f,data/synthetic/seadronessee_30m_to_80m/geometry_only/train/train_00052775.png,data/synthetic/seadronessee_30m_to_80m/calibrated/train/train_00052775.png
train:52800,train:8114,train,52800,8114,8114.jpg,3840,2160,3,jetski,1955.0,831.0,126.0,50.0,6300.0,34.29832733922585,39.7,mavic,NorthSea_Fri_DJI_0117.MP4,1995,data/raw/seadronessee/odv2/images/train/8114.jpg,train,1493,1272,110,2765,1603,train_00052800,80.0,640,0.4286671131949096,292.77963831212327,309.0689886135298,54.01205626255861,21.43335565974548,1157.659611789602,1.0,8fe6c319c145bfe6c41b4bd884be5417741d8218678ea8dfc0735cca6b82988f,data/synthetic/seadronessee_30m_to_80m/geometry_only/train/train_00052800.png,data/synthetic/seadronessee_30m_to_80m/calibrated/train/train_00052800.png
train:52801,train:8114,train,52801,8114,8114.jpg,3840,2160,1,swimmer,2373.0,985.0,23.0,24.0,552.0,34.29832733922585,39.7,mavic,NorthSea_Fri_DJI_0117.MP4,1995,data/raw/seadronessee/odv2/images/train/8114.jpg,train,1493,1638,250,3131,1743,train_00052801,80.0,640,0.4286671131949096,315.07032819825855,315.07032819825855,9.85934360348292,10.28801071667783,101.43303265204129,1.0,8fe6c319c145bfe6c41b4bd884be5417741d8218678ea8dfc0735cca6b82988f,data/synthetic/seadronessee_30m_to_80m/geometry_only/train/train_00052801.png,data/synthetic/seadronessee_30m_to_80m/calibrated/train/train_00052801.png
train:52802,train:8114,train,52802,8114,8114.jpg,3840,2160,1,swimmer,2452.0,1090.0,28.0,28.0,784.0,34.29832733922585,39.7,mavic,NorthSea_Fri_DJI_0117.MP4,1995,data/raw/seadronessee/odv2/images/train/8114.jpg,train,1493,1720,358,3213,1851,train_00052802,80.0,640,0.4286671131949096,313.7843268586738,313.7843268586738,12.002679169457469,12.002679169457469,144.06430724492824,1.0,8fe6c319c145bfe6c41b4bd884be5417741d8218678ea8dfc0735cca6b82988f,data/synthetic/seadronessee_30m_to_80m/geometry_only/train/train_00052802.png,data/synthetic/seadronessee_30m_to_80m/calibrated/train/train_00052802.png
train:52803,train:8114,train,52803,8114,8114.jpg,3840,2160,1,swimmer,1982.0,1016.0,56.0,35.0,1960.0,34.29832733922585,39.7,mavic,NorthSea_Fri_DJI_0117.MP4,1995,data/raw/seadronessee/odv2/images/train/8114.jpg,train,1493,1264,287,2757,1780,train_00052803,80.0,640,0.4286671131949096,307.7829872739451,312.49832551908906,24.005358338914938,15.003348961821835,360.16076811232057,1.0,8fe6c319c145bfe6c41b4bd884be5417741d8218678ea8dfc0735cca6b82988f,data/synthetic/seadronessee_30m_to_80m/geometry_only/train/train_00052803.png,data/synthetic/seadronessee_30m_to_80m/calibrated/train/train_00052803.png
train:52804,train:8114,train,52804,8114,8114.jpg,3840,2160,1,swimmer,2289.0,992.0,25.0,26.0,650.0,34.29832733922585,39.7,mavic,NorthSea_Fri_DJI_0117.MP4,1995,data/raw/seadronessee/odv2/images/train/8114.jpg,train,1493,1555,258,3048,1751,train_00052804,80.0,640,0.4286671131949096,314.6416610850636,314.6416610850636,10.71667782987274,11.145344943067649,119.44107105765733,1.0,8fe6c319c145bfe6c41b4bd884be5417741d8218678ea8dfc0735cca6b82988f,data/synthetic/seadronessee_30m_to_80m/geometry_only/train/train_00052804.png,data/synthetic/seadronessee_30m_to_80m/calibrated/train/train_00052804.png
train:52805,train:8114,train,52805,8114,8114.jpg,3840,2160,1,swimmer,2193.0,989.0,28.0,29.0,812.0,34.29832733922585,39.7,mavic,NorthSea_Fri_DJI_0117.MP4,1995,data/raw/seadronessee/odv2/images/train/8114.jpg,train,1493,1460,257,2953,1750,train_00052805,80.0,640,0.4286671131949096,314.21299397186874,313.7843268586738,12.002679169457469,12.431346282652378,149.20946107510423,1.0,8fe6c319c145bfe6c41b4bd884be5417741d8218678ea8dfc0735cca6b82988f,data/synthetic/seadronessee_30m_to_80m/geometry_only/train/train_00052805.png,data/synthetic/seadronessee_30m_to_80m/calibrated/train/train_00052805.png
train:72063,train:10392,train,72063,10392,10392.jpg,3840,2160,1,swimmer,2243.0,1131.0,33.0,29.0,957.0,26.69869795793965,49.8,mavic,NorthSea_Sat_DJI_0126.MP4,5655,data/raw/seadronessee/odv2/images/train/10392.jpg,train,1918,1300,186,3218,2104,train_00072063,80.0,640,0.33368091762252344,314.66110531803963,315.32846715328463,11.011470281543273,9.67674661105318,106.55520772963666,1.0,8fe6c319c145bfe6c41b4bd884be5417741d8218678ea8dfc0735cca6b82988f,data/synthetic/seadronessee_30m_to_80m/geometry_only/train/train_00072063.png,data/synthetic/seadronessee_30m_to_80m/calibrated/train/train_00072063.png
train:72064,train:10392,train,72064,10392,10392.jpg,3840,2160,1,swimmer,2433.0,1047.0,32.0,32.0,1024.0,26.69869795793965,49.8,mavic,NorthSea_Sat_DJI_0126.MP4,5655,data/raw/seadronessee/odv2/images/train/10392.jpg,train,1918,1490,104,3408,2022,train_00072064,80.0,640,0.33368091762252344,314.66110531803963,314.66110531803963,10.67778936392075,10.67778936392075,114.0151857002591,1.0,8fe6c319c145bfe6c41b4bd884be5417741d8218678ea8dfc0735cca6b82988f,data/synthetic/seadronessee_30m_to_80m/geometry_only/train/train_00072064.png,data/synthetic/seadronessee_30m_to_80m/calibrated/train/train_00072064.png
train:72067,train:10392,train,72067,10392,10392.jpg,3840,2160,1,swimmer,2547.0,1032.0,26.0,32.0,832.0,26.69869795793965,49.8,mavic,NorthSea_Sat_DJI_0126.MP4,5655,data/raw/seadronessee/odv2/images/train/10392.jpg,train,1918,1601,89,3519,2007,train_00072067,80.0,640,0.33368091762252344,315.66214807090716,314.66110531803963,8.67570385818561,10.67778936392075,92.63733838146052,1.0,8fe6c319c145bfe6c41b4bd884be5417741d8218678ea8dfc0735cca6b82988f,data/synthetic/seadronessee_30m_to_80m/geometry_only/train/train_00072067.png,data/synthetic/seadronessee_30m_to_80m/calibrated/train/train_00072067.png
train:72090,train:10394,train,72090,10394,10394.jpg,3840,2160,1,swimmer,2033.0,970.0,24.0,34.0,816.0,30.19852727826882,53.1,mavic,NorthSea_Sat_DJI_0126.MP4,5685,data/raw/seadronessee/odv2/images/train/10394.jpg,train,1695,1198,140,2893,1835,train_00072090,80.0,640,0.3775811209439528,315.28023598820056,313.39233038348084,9.061946902654867,12.837758112094395,116.3350823609262,1.0,8fe6c319c145bfe6c41b4bd884be5417741d8218678ea8dfc0735cca6b82988f,data/synthetic/seadronessee_30m_to_80m/geometry_only/train/train_00072090.png,data/synthetic/seadronessee_30m_to_80m/calibrated/train/train_00072090.png
train:72091,train:10394,train,72091,10394,10394.jpg,3840,2160,1,swimmer,2110.0,1025.0,26.0,33.0,858.0,30.19852727826882,53.1,mavic,NorthSea_Sat_DJI_0126.MP4,5685,data/raw/seadronessee/odv2/images/train/10394.jpg,train,1695,1276,194,2971,1889,train_00072091,80.0,640,0.3775811209439528,314.9026548672566,313.7699115044248,9.817109144542773,12.460176991150442,122.32291748244445,1.0,8fe6c319c145bfe6c41b4bd884be5417741d8218678ea8dfc0735cca6b82988f,data/synthetic/seadronessee_30m_to_80m/geometry_only/train/train_00072091.png,data/synthetic/seadronessee_30m_to_80m/calibrated/train/train_00072091.png
train:72092,train:10394,train,72092,10394,10394.jpg,3840,2160,1,swimmer,2128.0,928.0,30.0,29.0,870.0,30.19852727826882,53.1,mavic,NorthSea_Sat_DJI_0126.MP4,5685,data/raw/seadronessee/odv2/images/train/10394.jpg,train,1695,1296,95,2991,1790,train_00072092,80.0,640,0.3775811209439528,314.1474926253687,314.52507374631267,11.327433628318584,10.949852507374631,124.03372751716397,1.0,8fe6c319c145bfe6c41b4bd884be5417741d8218678ea8dfc0735cca6b82988f,data/synthetic/seadronessee_30m_to_80m/geometry_only/train/train_00072092.png,data/synthetic/seadronessee_30m_to_80m/calibrated/train/train_00072092.png
train:72093,train:10394,train,72093,10394,10394.jpg,3840,2160,1,swimmer,2315.0,1231.0,31.0,30.0,930.0,30.19852727826882,53.1,mavic,NorthSea_Sat_DJI_0126.MP4,5685,data/raw/seadronessee/odv2/images/train/10394.jpg,train,1695,1483,398,3178,2093,train_00072093,80.0,640,0.3775811209439528,314.1474926253687,314.52507374631267,11.705014749262537,11.327433628318584,132.58777769076147,1.0,8fe6c319c145bfe6c41b4bd884be5417741d8218678ea8dfc0735cca6b82988f,data/synthetic/seadronessee_30m_to_80m/geometry_only/train/train_00072093.png,data/synthetic/seadronessee_30m_to_80m/calibrated/train/train_00072093.png
train:72094,train:10394,train,72094,10394,10394.jpg,3840,2160,1,swimmer,2506.0,1166.0,32.0,33.0,1056.0,30.19852727826882,53.1,mavic,NorthSea_Sat_DJI_0126.MP4,5685,data/raw/seadronessee/odv2/images/train/10394.jpg,train,1695,1674,335,3369,2030,train_00072094,80.0,640,0.3775811209439528,314.1474926253687,313.7699115044248,12.08259587020649,12.460176991150442,150.55128305531625,1.0,8fe6c319c145bfe6c41b4bd884be5417741d8218678ea8dfc0735cca6b82988f,data/synthetic/seadronessee_30m_to_80m/geometry_only/train/train_00072094.png,data/synthetic/seadronessee_30m_to_80m/calibrated/train/train_00072094.png
train:72096,train:10394,train,72096,10394,10394.jpg,3840,2160,1,swimmer,1455.0,869.0,51.0,41.0,2091.0,30.19852727826882,53.1,mavic,NorthSea_Sat_DJI_0126.MP4,5685,data/raw/seadronessee/odv2/images/train/10394.jpg,train,1695,633,42,2328,1737,train_00072096,80.0,640,0.3775811209439528,310.3716814159292,312.25958702064895,19.256637168141594,15.480825958702065,298.1086485498734,1.0,8fe6c319c145bfe6c41b4bd884be5417741d8218678ea8dfc0735cca6b82988f,data/synthetic/seadronessee_30m_to_80m/geometry_only/train/train_00072096.png,data/synthetic/seadronessee_30m_to_80m/calibrated/train/train_00072096.png
train:72097,train:10394,train,72097,10394,10394.jpg,3840,2160,1,swimmer,2621.0,1160.0,30.0,30.0,900.0,30.19852727826882,53.1,mavic,NorthSea_Sat_DJI_0126.MP4,5685,data/raw/seadronessee/odv2/images/train/10394.jpg,train,1695,1788,328,3483,2023,train_00072097,80.0,640,0.3775811209439528,314.52507374631267,314.1474926253687,11.327433628318584,11.327433628318584,128.31075260396273,1.0,8fe6c319c145bfe6c41b4bd884be5417741d8218678ea8dfc0735cca6b82988f,data/synthetic/seadronessee_30m_to_80m/geometry_only/train/train_00072097.png,data/synthetic/seadronessee_30m_to_80m/calibrated/train/train_00072097.png
train:72100,train:10394,train,72100,10394,10394.jpg,3840,2160,1,swimmer,2205.0,947.0,27.0,40.0,1080.0,30.19852727826882,53.1,mavic,NorthSea_Sat_DJI_0126.MP4,5685,data/raw/seadronessee/odv2/images/train/10394.jpg,train,1695,1371,120,3066,1815,train_00072100,80.0,640,0.3775811209439528,314.9026548672566,312.25958702064895,10.194690265486726,15.103244837758112,153.97290312475525,1.0,8fe6c319c145bfe6c41b4bd884be5417741d8218678ea8dfc0735cca6b82988f,data/synthetic/seadronessee_30m_to_80m/geometry_only/train/train_00072100.png,data/synthetic/seadronessee_30m_to_80m/calibrated/train/train_00072100.png
train:72120,train:10396,train,72120,10396,10396.jpg,3840,2160,1,swimmer,1966.0,971.0,27.0,33.0,891.0,34.098337092349894,54.6,mavic,NorthSea_Sat_DJI_0126.MP4,5715,data/raw/seadronessee/odv2/images/train/10396.jpg,train,1502,1228,236,2730,1738,train_00072120,80.0,640,0.42609853528628494,314.4607190412783,313.1824234354194,11.504660452729693,14.061251664447402,161.7699259398476,1.0,8fe6c319c145bfe6c41b4bd884be5417741d8218678ea8dfc0735cca6b82988f,data/synthetic/seadronessee_30m_to_80m/geometry_only/train/train_00072120.png,data/synthetic/seadronessee_30m_to_80m/calibrated/train/train_00072120.png
train:72121,train:10396,train,72121,10396,10396.jpg,3840,2160,1,swimmer,2041.0,1031.0,31.0,30.0,930.0,34.098337092349894,54.6,mavic,NorthSea_Sat_DJI_0126.MP4,5715,data/raw/seadronessee/odv2/images/train/10396.jpg,train,1502,1306,295,2808,1797,train_00072121,80.0,640,0.42609853528628494,313.1824234354194,313.60852197070574,13.209054593874834,12.782956058588548,168.8507644489992,1.0,8fe6c319c145bfe6c41b4bd884be5417741d8218678ea8dfc0735cca6b82988f,data/synthetic/seadronessee_30m_to_80m/geometry_only/train/train_00072121.png,data/synthetic/seadronessee_30m_to_80m/calibrated/train/train_00072121.png
train:72122,train:10396,train,72122,10396,10396.jpg,3840,2160,1,swimmer,2070.0,934.0,35.0,29.0,1015.0,34.098337092349894,54.6,mavic,NorthSea_Sat_DJI_0126.MP4,5715,data/raw/seadronessee/odv2/images/train/10396.jpg,train,1502,1336,198,2838,1700,train_00072122,80.0,640,0.42609853528628494,312.75632490013317,313.60852197070574,14.913448735019973,12.356857523302264,184.28336119971416,1.0,8fe6c319c145bfe6c41b4bd884be5417741d8218678ea8dfc0735cca6b82988f,data/synthetic/seadronessee_30m_to_80m/geometry_only/train/train_00072122.png,data/synthetic/seadronessee_30m_to_80m/calibrated/train/train_00072122.png
train:72123,train:10396,train,72123,10396,10396.jpg,3840,2160,1,swimmer,2239.0,1230.0,34.0,35.0,1190.0,34.098337092349894,54.6,mavic,NorthSea_Sat_DJI_0126.MP4,5715,data/raw/seadronessee/odv2/images/train/10396.jpg,train,1502,1505,496,3007,1998,train_00072123,80.0,640,0.42609853528628494,312.75632490013317,312.75632490013317,14.487350199733688,14.913448735019973,216.05635451000973,1.0,8fe6c319c145bfe6c41b4bd884be5417741d8218678ea8dfc0735cca6b82988f,data/synthetic/seadronessee_30m_to_80m/geometry_only/train/train_00072123.png,data/synthetic/seadronessee_30m_to_80m/calibrated/train/train_00072123.png
train:72124,train:10396,train,72124,10396,10396.jpg,3840,2160,1,swimmer,2430.0,1178.0,33.0,33.0,1089.0,34.098337092349894,54.6,mavic,NorthSea_Sat_DJI_0126.MP4,5715,data/raw/seadronessee/odv2/images/train/10396.jpg,train,1502,1696,444,3198,1946,train_00072124,80.0,640,0.42609853528628494,312.75632490013317,312.75632490013317,14.061251664447402,14.061251664447402,197.71879837092484,1.0,8fe6c319c145bfe6c41b4bd884be5417741d8218678ea8dfc0735cca6b82988f,data/synthetic/seadronessee_30m_to_80m/geometry_only/train/train_00072124.png,data/synthetic/seadronessee_30m_to_80m/calibrated/train/train_00072124.png
train:72125,train:10396,train,72125,10396,10396.jpg,3840,2160,1,swimmer,2139.0,953.0,33.0,32.0,1056.0,34.098337092349894,54.6,mavic,NorthSea_Sat_DJI_0126.MP4,5715,data/raw/seadronessee/odv2/images/train/10396.jpg,train,1502,1404,218,2906,1720,train_00072125,80.0,640,0.42609853528628494,313.1824234354194,313.1824234354194,14.061251664447402,13.635153129161118,191.727319632412,1.0,8fe6c319c145bfe6c41b4bd884be5417741d8218678ea8dfc0735cca6b82988f,data/synthetic/seadronessee_30m_to_80m/geometry_only/train/train_00072125.png,data/synthetic/seadronessee_30m_to_80m/calibrated/train/train_00072125.png
train:72127,train:10396,train,72127,10396,10396.jpg,3840,2160,1,swimmer,1405.0,863.0,46.0,37.0,1702.0,34.098337092349894,54.6,mavic,NorthSea_Sat_DJI_0126.MP4,5715,data/raw/seadronessee/odv2/images/train/10396.jpg,train,1502,677,130,2179,1632,train_00072127,80.0,640,0.42609853528628494,310.19973368841545,312.33022636484685,19.60053262316911,15.765645805592543,309.0150549378459,1.0,8fe6c319c145bfe6c41b4bd884be5417741d8218678ea8dfc0735cca6b82988f,data/synthetic/seadronessee_30m_to_80m/geometry_only/train/train_00072127.png,data/synthetic/seadronessee_30m_to_80m/calibrated/train/train_00072127.png
train:72128,train:10396,train,72128,10396,10396.jpg,3840,2160,1,swimmer,2549.0,1173.0,29.0,36.0,1044.0,34.098337092349894,54.6,mavic,NorthSea_Sat_DJI_0126.MP4,5715,data/raw/seadronessee/odv2/images/train/10396.jpg,train,1502,1812,440,3314,1942,train_00072128,80.0,640,0.42609853528628494,314.034620505992,312.33022636484685,12.356857523302264,15.339547270306259,189.5486000911346,1.0,8fe6c319c145bfe6c41b4bd884be5417741d8218678ea8dfc0735cca6b82988f,data/synthetic/seadronessee_30m_to_80m/geometry_only/train/train_00072128.png,data/synthetic/seadronessee_30m_to_80m/calibrated/train/train_00072128.png
train:72129,train:10396,train,72129,10396,10396.jpg,3840,2160,1,swimmer,1508.0,1350.0,36.0,50.0,1800.0,34.098337092349894,54.6,mavic,NorthSea_Sat_DJI_0126.MP4,5715,data/raw/seadronessee/odv2/images/train/10396.jpg,train,1502,775,624,2277,2126,train_00072129,80.0,640,0.42609853528628494,312.33022636484685,309.3475366178429,15.339547270306259,21.304926764314246,326.8079311916113,1.0,8fe6c319c145bfe6c41b4bd884be5417741d8218678ea8dfc0735cca6b82988f,data/synthetic/seadronessee_30m_to_80m/geometry_only/train/train_00072129.png,data/synthetic/seadronessee_30m_to_80m/calibrated/train/train_00072129.png
train:72131,train:10396,train,72131,10396,10396.jpg,3840,2160,1,swimmer,2008.0,813.0,44.0,37.0,1628.0,34.098337092349894,54.6,mavic,NorthSea_Sat_DJI_0126.MP4,5715,data/raw/seadronessee/odv2/images/train/10396.jpg,train,1502,1279,80,2781,1582,train_00072131,80.0,640,0.42609853528628494,310.6258322237017,312.33022636484685,18.748335552596537,15.765645805592543,295.5796177666351,1.0,8fe6c319c145bfe6c41b4bd884be5417741d8218678ea8dfc0735cca6b82988f,data/synthetic/seadronessee_30m_to_80m/geometry_only/train/train_00072131.png,data/synthetic/seadronessee_30m_to_80m/calibrated/train/train_00072131.png
train:81950,train:12324,train,81950,12324,12324.jpg,3840,2160,1,swimmer,2034.0,772.0,36.0,25.0,900.0,32.7984004876562,28.1,mavic,NorthSea_Thu_DJI_0107.MP4,1965,data/raw/seadronessee/odv2/images/train/12324.jpg,train,1561,1272,4,2833,1565,train_00081950,80.0,640,0.4099935938500961,312.4151185137732,314.8750800768738,14.75976937860346,10.249839846252403,151.2852722983058,1.0,8fe6c319c145bfe6c41b4bd884be5417741d8218678ea8dfc0735cca6b82988f,data/synthetic/seadronessee_30m_to_80m/geometry_only/train/train_00081950.png,data/synthetic/seadronessee_30m_to_80m/calibrated/train/train_00081950.png
train:81954,train:12326,train,81954,12326,12326.jpg,3840,2160,1,swimmer,2049.0,858.0,33.0,27.0,891.0,32.89839561109417,28.1,mavic,NorthSea_Thu_DJI_0107.MP4,1995,data/raw/seadronessee/odv2/images/train/12326.jpg,train,1556,1288,94,2844,1650,train_00081954,80.0,640,0.41131105398457585,313.00771208226223,314.24164524421593,13.573264781491003,11.105398457583547,150.73651376874327,1.0,8fe6c319c145bfe6c41b4bd884be5417741d8218678ea8dfc0735cca6b82988f,data/synthetic/seadronessee_30m_to_80m/geometry_only/train/train_00081954.png,data/synthetic/seadronessee_30m_to_80m/calibrated/train/train_00081954.png
train:81955,train:12326,train,81955,12326,12326.jpg,3840,2160,1,swimmer,1952.0,838.0,59.0,29.0,1711.0,32.89839561109417,28.1,mavic,NorthSea_Thu_DJI_0107.MP4,1995,data/raw/seadronessee/odv2/images/train/12326.jpg,train,1556,1204,74,2760,1630,train_00081955,80.0,640,0.41131105398457585,307.6606683804627,314.24164524421593,24.267352185089976,11.9280205655527,289.4614759352635,1.0,8fe6c319c145bfe6c41b4bd884be5417741d8218678ea8dfc0735cca6b82988f,data/synthetic/seadronessee_30m_to_80m/geometry_only/train/train_00081955.png,data/synthetic/seadronessee_30m_to_80m/calibrated/train/train_00081955.png
train:81965,train:12330,train,81965,12330,12330.jpg,3840,2160,1,swimmer,1931.0,1287.0,76.0,43.0,3268.0,32.59841024078025,11.8,mavic,NorthSea_Thu_DJI_0107.MP4,2055,data/raw/seadronessee/odv2/images/train/12330.jpg,train,1571,1184,523,2755,2094,train_00081965,80.0,640,0.40738383195416933,304.31572246976447,311.2412476129854,30.961171228516868,17.51750477402928,542.3624648050823,1.0,8fe6c319c145bfe6c41b4bd884be5417741d8218678ea8dfc0735cca6b82988f,data/synthetic/seadronessee_30m_to_80m/geometry_only/train/train_00081965.png,data/synthetic/seadronessee_30m_to_80m/calibrated/train/train_00081965.png
train:81966,train:12330,train,81966,12330,12330.jpg,3840,2160,1,swimmer,2067.0,1326.0,43.0,34.0,1462.0,32.59841024078025,11.8,mavic,NorthSea_Thu_DJI_0107.MP4,2055,data/raw/seadronessee/odv2/images/train/12330.jpg,train,1571,1303,558,2874,2129,train_00081966,80.0,640,0.40738383195416933,311.2412476129854,312.87078294080203,17.51750477402928,13.851050286441756,242.6358395180631,1.0,8fe6c319c145bfe6c41b4bd884be5417741d8218678ea8dfc0735cca6b82988f,data/synthetic/seadronessee_30m_to_80m/geometry_only/train/train_00081966.png,data/synthetic/seadronessee_30m_to_80m/calibrated/train/train_00081966.png
train:81969,train:12332,train,81969,12332,12332.jpg,3840,2160,1,swimmer,1937.0,1013.0,83.0,38.0,3154.0,32.29842487046632,27.5,mavic,NorthSea_Thu_DJI_0107.MP4,2085,data/raw/seadronessee/odv2/images/train/12332.jpg,train,1585,1186,240,2771,1825,train_00081969,80.0,640,0.4037854889589905,303.2429022082019,312.1261829652997,33.51419558359621,15.34384858044164,514.2367423300062,1.0,8fe6c319c145bfe6c41b4bd884be5417741d8218678ea8dfc0735cca6b82988f,data/synthetic/seadronessee_30m_to_80m/geometry_only/train/train_00081969.png,data/synthetic/seadronessee_30m_to_80m/calibrated/train/train_00081969.png
train:81970,train:12332,train,81970,12332,12332.jpg,3840,2160,1,swimmer,2083.0,1063.0,84.0,39.0,3276.0,32.29842487046632,27.5,mavic,NorthSea_Thu_DJI_0107.MP4,2085,data/raw/seadronessee/odv2/images/train/12332.jpg,train,1585,1332,290,2917,1875,train_00081970,80.0,640,0.4037854889589905,303.2429022082019,312.1261829652997,33.91798107255521,15.74763406940063,534.1279543034561,1.0,8fe6c319c145bfe6c41b4bd884be5417741d8218678ea8dfc0735cca6b82988f,data/synthetic/seadronessee_30m_to_80m/geometry_only/train/train_00081970.png,data/synthetic/seadronessee_30m_to_80m/calibrated/train/train_00081970.png
train:81973,train:12334,train,81973,12334,12334.jpg,3840,2160,1,swimmer,1944.0,938.0,91.0,54.0,4914.0,32.3984199939043,38.4,mavic,NorthSea_Thu_DJI_0107.MP4,2115,data/raw/seadronessee/odv2/images/train/12334.jpg,train,1580,1200,175,2780,1755,train_00081973,80.0,640,0.4050632911392405,301.36708860759495,309.0632911392405,36.860759493670884,21.873417721518987,806.2707899375099,1.0,8fe6c319c145bfe6c41b4bd884be5417741d8218678ea8dfc0735cca6b82988f,data/synthetic/seadronessee_30m_to_80m/geometry_only/train/train_00081973.png,data/synthetic/seadronessee_30m_to_80m/calibrated/train/train_00081973.png
train:81974,train:12334,train,81974,12334,12334.jpg,3840,2160,1,swimmer,2105.0,1012.0,96.0,58.0,5568.0,32.3984199939043,38.4,mavic,NorthSea_Thu_DJI_0107.MP4,2115,data/raw/seadronessee/odv2/images/train/12334.jpg,train,1580,1363,251,2943,1831,train_00081974,80.0,640,0.4050632911392405,300.55696202531647,308.253164556962,38.88607594936709,23.49367088607595,913.5766704053838,1.0,8fe6c319c145bfe6c41b4bd884be5417741d8218678ea8dfc0735cca6b82988f,data/synthetic/seadronessee_30m_to_80m/geometry_only/train/train_00081974.png,data/synthetic/seadronessee_30m_to_80m/calibrated/train/train_00081974.png
train:81977,train:12336,train,81977,12336,12336.jpg,3840,2160,1,swimmer,1926.0,1026.0,98.0,56.0,5488.0,32.698405364218225,43.4,mavic,NorthSea_Thu_DJI_0107.MP4,2145,data/raw/seadronessee/odv2/images/train/12336.jpg,train,1566,1192,271,2758,1837,train_00081977,80.0,640,0.4086845466155811,299.97445721583654,308.5568326947637,40.05108556832695,22.88633461047254,916.6225458293983,1.0,8fe6c319c145bfe6c41b4bd884be5417741d8218678ea8dfc0735cca6b82988f,data/synthetic/seadronessee_30m_to_80m/geometry_only/train/train_00081977.png,data/synthetic/seadronessee_30m_to_80m/calibrated/train/train_00081977.png
train:81978,train:12336,train,81978,12336,12336.jpg,3840,2160,1,swimmer,2099.0,1108.0,115.0,57.0,6555.0,32.698405364218225,43.4,mavic,NorthSea_Thu_DJI_0107.MP4,2145,data/raw/seadronessee/odv2/images/train/12336.jpg,train,1566,1374,354,2940,1920,train_00081978,80.0,640,0.4086845466155811,296.2962962962963,308.14814814814815,46.99872286079183,23.295019157088124,1094.8361494008211,1.0,8fe6c319c145bfe6c41b4bd884be5417741d8218678ea8dfc0735cca6b82988f,data/synthetic/seadronessee_30m_to_80m/geometry_only/train/train_00081978.png,data/synthetic/seadronessee_30m_to_80m/calibrated/train/train_00081978.png
train:81982,train:12338,train,81982,12338,12338.jpg,3840,2160,1,swimmer,2117.0,773.0,120.0,59.0,7080.0,32.7984004876562,45.1,mavic,NorthSea_Thu_DJI_0107.MP4,2175,data/raw/seadronessee/odv2/images/train/12338.jpg,train,1561,1396,22,2957,1583,train_00081982,80.0,640,0.4099935938500961,295.6053811659193,307.90518898142216,49.19923126201153,24.18962203715567,1190.1108087466723,1.0,8fe6c319c145bfe6c41b4bd884be5417741d8218678ea8dfc0735cca6b82988f,data/synthetic/seadronessee_30m_to_80m/geometry_only/train/train_00081982.png,data/synthetic/seadronessee_30m_to_80m/calibrated/train/train_00081982.png
train:81986,train:12340,train,81986,12340,12340.jpg,3840,2160,1,swimmer,2106.0,839.0,124.0,60.0,7440.0,32.59841024078025,52.7,mavic,NorthSea_Thu_DJI_0107.MP4,2205,data/raw/seadronessee/odv2/images/train/12340.jpg,train,1571,1382,84,2953,1655,train_00081986,80.0,640,0.40738383195416933,294.9458943348186,307.57479312539783,50.515595162317,24.44302991725016,1234.7542038402119,1.0,8fe6c319c145bfe6c41b4bd884be5417741d8218678ea8dfc0735cca6b82988f,data/synthetic/seadronessee_30m_to_80m/geometry_only/train/train_00081986.png,data/synthetic/seadronessee_30m_to_80m/calibrated/train/train_00081986.png
train:81990,train:12342,train,81990,12342,12342.jpg,3840,2160,1,swimmer,2103.0,855.0,124.0,67.0,8308.0,32.19842974702834,52.7,mavic,NorthSea_Thu_DJI_0107.MP4,2235,data/raw/seadronessee/odv2/images/train/12342.jpg,train,1590,1370,94,2960,1684,train_00081990,80.0,640,0.4025157232704403,295.04402515723274,306.31446540880506,49.911949685534594,26.968553459119498,1346.0530833432224,1.0,8fe6c319c145bfe6c41b4bd884be5417741d8218678ea8dfc0735cca6b82988f,data/synthetic/seadronessee_30m_to_80m/geometry_only/train/train_00081990.png,data/synthetic/seadronessee_30m_to_80m/calibrated/train/train_00081990.png
train:81994,train:12344,train,81994,12344,12344.jpg,3840,2160,1,swimmer,2137.0,847.0,126.0,64.0,8064.0,31.498463882962508,52.7,mavic,NorthSea_Thu_DJI_0107.MP4,2265,data/raw/seadronessee/odv2/images/train/12344.jpg,train,1625,1388,66,3013,1691,train_00081994,80.0,640,0.39384615384615385,294.9907692307692,307.59384615384613,49.62461538461538,25.206153846153846,1250.8456899408284,1.0,8fe6c319c145bfe6c41b4bd884be5417741d8218678ea8dfc0735cca6b82988f,data/synthetic/seadronessee_30m_to_80m/geometry_only/train/train_00081994.png,data/synthetic/seadronessee_30m_to_80m/calibrated/train/train_00081994.png
train:82005,train:12350,train,82005,12350,12350.jpg,3840,2160,1,swimmer,2026.0,1106.0,91.0,64.0,5824.0,25.69874672355989,52.5,mavic,NorthSea_Thu_DJI_0107.MP4,2355,data/raw/seadronessee/odv2/images/train/12350.jpg,train,1992,1076,142,3068,2134,train_00082005,80.0,640,0.321285140562249,305.22088353413653,309.718875502008,29.23694779116466,20.562248995983936,601.1774003645103,1.0,8fe6c319c145bfe6c41b4bd884be5417741d8218678ea8dfc0735cca6b82988f,data/synthetic/seadronessee_30m_to_80m/geometry_only/train/train_00082005.png,data/synthetic/seadronessee_30m_to_80m/calibrated/train/train_00082005.png
train:82166,train:12431,train,82166,12431,12431.jpg,3840,2160,1,swimmer,2384.0,986.0,79.0,134.0,10586.0,28.79859555013715,68.5,mavic,NorthSea_Thu_DJI_0107.MP4,3585,data/raw/seadronessee/odv2/images/train/12431.jpg,train,1778,1534,164,3312,1942,train_00082166,80.0,640,0.35995500562429694,305.9617547806524,295.8830146231721,28.436445444319457,48.23397075365579,1371.6026778992332,1.0,8fe6c319c145bfe6c41b4bd884be5417741d8218678ea8dfc0735cca6b82988f,data/synthetic/seadronessee_30m_to_80m/geometry_only/train/train_00082166.png,data/synthetic/seadronessee_30m_to_80m/calibrated/train/train_00082166.png
train:82167,train:12431,train,82167,12431,12431.jpg,3840,2160,1,swimmer,2174.0,1035.0,82.0,57.0,4674.0,28.79859555013715,68.5,mavic,NorthSea_Thu_DJI_0107.MP4,3585,data/raw/seadronessee/odv2/images/train/12431.jpg,train,1778,1326,174,3104,1952,train_00082167,80.0,640,0.35995500562429694,305.2418447694038,309.92125984251965,29.51631046119235,20.517435320584926,605.5989907898183,1.0,8fe6c319c145bfe6c41b4bd884be5417741d8218678ea8dfc0735cca6b82988f,data/synthetic/seadronessee_30m_to_80m/geometry_only/train/train_00082167.png,data/synthetic/seadronessee_30m_to_80m/calibrated/train/train_00082167.png
train:82170,train:12433,train,82170,12433,12433.jpg,3840,2160,1,swimmer,2368.0,1082.0,85.0,130.0,11050.0,33.29837610484608,68.5,mavic,NorthSea_Thu_DJI_0107.MP4,3615,data/raw/seadronessee/odv2/images/train/12433.jpg,train,1538,1642,378,3180,1916,train_00082170,80.0,640,0.41612483745123535,302.10663198959685,292.95188556566967,35.370611183355,54.096228868660596,1913.4166777991782,1.0,8fe6c319c145bfe6c41b4bd884be5417741d8218678ea8dfc0735cca6b82988f,data/synthetic/seadronessee_30m_to_80m/geometry_only/train/train_00082170.png,data/synthetic/seadronessee_30m_to_80m/calibrated/train/train_00082170.png
train:82171,train:12433,train,82171,12433,12433.jpg,3840,2160,1,swimmer,2181.0,1121.0,71.0,60.0,4260.0,33.29837610484608,68.5,mavic,NorthSea_Thu_DJI_0107.MP4,3615,data/raw/seadronessee/odv2/images/train/12433.jpg,train,1538,1448,382,2986,1920,train_00082171,80.0,640,0.41612483745123535,305.0195058517555,307.51625487646294,29.54486345903771,24.96749024707412,737.6610902646606,1.0,8fe6c319c145bfe6c41b4bd884be5417741d8218678ea8dfc0735cca6b82988f,data/synthetic/seadronessee_30m_to_80m/geometry_only/train/train_00082171.png,data/synthetic/seadronessee_30m_to_80m/calibrated/train/train_00082171.png
train:107672,train:16024,train,107672,16024,16024.jpg,3840,2160,2,boat,1726.0,1156.0,165.0,63.0,10395.0,29.798546784516912,17.0,m210,DJI_0003.mov,0,data/raw/seadronessee/odv2/images/train/16024.jpg,train,1718,950,328,2668,2046,train_00107672,80.0,640,0.37252619324796277,289.0803259604191,308.45168800931316,61.46682188591386,23.469150174621653,1442.5740735972333,1.0,8fe6c319c145bfe6c41b4bd884be5417741d8218678ea8dfc0735cca6b82988f,data/synthetic/seadronessee_30m_to_80m/geometry_only/train/train_00107672.png,data/synthetic/seadronessee_30m_to_80m/calibrated/train/train_00107672.png
train:107673,train:16024,train,107673,16024,16024.jpg,3840,2160,2,boat,1121.0,915.0,131.0,36.0,4716.0,29.798546784516912,17.0,m210,DJI_0003.mov,0,data/raw/seadronessee/odv2/images/train/16024.jpg,train,1718,328,74,2046,1792,train_00107673,80.0,640,0.37252619324796277,295.41327124563446,313.2945285215367,48.80093131548312,13.41094295692666,654.4665061168399,1.0,8fe6c319c145bfe6c41b4bd884be5417741d8218678ea8dfc0735cca6b82988f,data/synthetic/seadronessee_30m_to_80m/geometry_only/train/train_00107673.png,data/synthetic/seadronessee_30m_to_80m/calibrated/train/train_00107673.png
train:107680,train:16026,train,107680,16026,16026.jpg,3840,2160,2,boat,1754.0,1247.0,183.0,68.0,12444.0,29.798546784516912,17.0,m210,DJI_0003.mov,30,data/raw/seadronessee/odv2/images/train/16026.jpg,train,1718,986,422,2704,2140,train_00107680,80.0,640,0.37252619324796277,286.10011641443543,307.3341094295693,68.17229336437718,25.33178114086147,1726.9256153770054,1.0,8fe6c319c145bfe6c41b4bd884be5417741d8218678ea8dfc0735cca6b82988f,data/synthetic/seadronessee_30m_to_80m/geometry_only/train/train_00107680.png,data/synthetic/seadronessee_30m_to_80m/calibrated/train/train_00107680.png
train:107681,train:16026,train,107681,16026,16026.jpg,3840,2160,2,boat,1104.0,953.0,142.0,41.0,5822.0,29.798546784516912,17.0,m210,DJI_0003.mov,30,data/raw/seadronessee/odv2/images/train/16026.jpg,train,1718,316,114,2034,1832,train_00107681,80.0,640,0.37252619324796277,293.55064027939466,312.5494761350408,52.898719441210716,15.273573923166474,807.9525018261754,1.0,8fe6c319c145bfe6c41b4bd884be5417741d8218678ea8dfc0735cca6b82988f,data/synthetic/seadronessee_30m_to_80m/geometry_only/train/train_00107681.png,data/synthetic/seadronessee_30m_to_80m/calibrated/train/train_00107681.png
train:107687,train:16028,train,107687,16028,16028.jpg,3840,2160,2,boat,1073.0,1017.0,154.0,40.0,6160.0,29.798546784516912,17.0,m210,DJI_0003.mov,60,data/raw/seadronessee/odv2/images/train/16028.jpg,train,1718,291,178,2009,1896,train_00107687,80.0,640,0.37252619324796277,291.3154831199069,312.5494761350408,57.36903376018627,14.90104772991851,854.858710279842,1.0,8fe6c319c145bfe6c41b4bd884be5417741d8218678ea8dfc0735cca6b82988f,data/synthetic/seadronessee_30m_to_80m/geometry_only/train/train_00107687.png,data/synthetic/seadronessee_30m_to_80m/calibrated/train/train_00107687.png
train:107691,train:16030,train,107691,16030,16030.jpg,3840,2160,2,boat,1034.0,1095.0,167.0,47.0,7849.0,29.798546784516912,17.0,m210,DJI_0003.mov,90,data/raw/seadronessee/odv2/images/train/16030.jpg,train,1718,258,260,1976,1978,train_00107691,80.0,640,0.37252619324796277,289.0803259604191,311.0593713620489,62.21187427240978,17.50873108265425,1089.2509767835195,1.0,8fe6c319c145bfe6c41b4bd884be5417741d8218678ea8dfc0735cca6b82988f,data/synthetic/seadronessee_30m_to_80m/geometry_only/train/train_00107691.png,data/synthetic/seadronessee_30m_to_80m/calibrated/train/train_00107691.png
train:107694,train:16032,train,107694,16032,16032.jpg,3840,2160,2,boat,1823.0,1140.0,248.0,110.0,27280.0,29.798546784516912,17.0,m210,DJI_0003.mov,120,data/raw/seadronessee/odv2/images/train/16032.jpg,train,1718,1088,336,2806,2054,train_00107694,80.0,640,0.37252619324796277,273.80675203725264,299.5110593713621,92.38649592549477,40.977881257275904,3785.802859810729,1.0,8fe6c319c145bfe6c41b4bd884be5417741d8218678ea8dfc0735cca6b82988f,data/synthetic/seadronessee_30m_to_80m/geometry_only/train/train_00107694.png,data/synthetic/seadronessee_30m_to_80m/calibrated/train/train_00107694.png
train:107698,train:16034,train,107698,16034,16034.jpg,3840,2160,2,boat,1833.0,888.0,277.0,125.0,34625.0,29.69855166107894,17.0,m210,DJI_0003.mov,150,data/raw/seadronessee/odv2/images/train/16034.jpg,train,1724,1110,88,2834,1812,train_00107698,80.0,640,0.37122969837587005,268.3990719257541,296.98375870069606,102.830626450116,46.403712296983755,4771.722805109791,1.0,8fe6c319c145bfe6c41b4bd884be5417741d8218678ea8dfc0735cca6b82988f,data/synthetic/seadronessee_30m_to_80m/geometry_only/train/train_00107698.png,data/synthetic/seadronessee_30m_to_80m/calibrated/train/train_00107698.png
train:107706,train:16038,train,107706,16038,16038.jpg,3840,2160,2,boat,1846.0,968.0,343.0,177.0,60711.0,29.69855166107894,25.1,m210,DJI_0003.mov,210,data/raw/seadronessee/odv2/images/train/16038.jpg,train,1724,1156,194,2880,1918,train_00107706,80.0,640,0.37122969837587005,256.14849187935033,287.3317865429234,127.33178654292342,65.707656612529,8366.673306022252,1.0,8fe6c319c145bfe6c41b4bd884be5417741d8218678ea8dfc0735cca6b82988f,data/synthetic/seadronessee_30m_to_80m/geometry_only/train/train_00107706.png,data/synthetic/seadronessee_30m_to_80m/calibrated/train/train_00107706.png
train:107751,train:16055,train,107751,16055,16055.jpg,3840,2160,2,boat,2203.0,845.0,462.0,623.0,287826.0,30.19852727826882,65.7,m210,DJI_0003.mov,510,data/raw/seadronessee/odv2/images/train/16055.jpg,train,1695,1586,309,3281,2004,train_00107751,80.0,640,0.3775811209439528,232.96755162241888,202.3834808259587,174.44247787610618,235.2330383480826,41034.634087764636,1.0,8fe6c319c145bfe6c41b4bd884be5417741d8218678ea8dfc0735cca6b82988f,data/synthetic/seadronessee_30m_to_80m/geometry_only/train/train_00107751.png,data/synthetic/seadronessee_30m_to_80m/calibrated/train/train_00107751.png
train:107757,train:16057,train,107757,16057,16057.jpg,3840,2160,2,boat,2147.0,1002.0,470.0,621.0,291870.0,30.19852727826882,72.2,m210,DJI_0003.mov,540,data/raw/seadronessee/odv2/images/train/16057.jpg,train,1695,1534,465,3229,2160,train_00107757,80.0,640,0.3775811209439528,231.45722713864308,202.76106194690266,177.46312684365782,234.47787610619469,41611.17706946511,1.0,8fe6c319c145bfe6c41b4bd884be5417741d8218678ea8dfc0735cca6b82988f,data/synthetic/seadronessee_30m_to_80m/geometry_only/train/train_00107757.png,data/synthetic/seadronessee_30m_to_80m/calibrated/train/train_00107757.png
train:109613,train:16270,train,109613,16270,16270.jpg,3840,2160,2,boat,2120.0,902.0,182.0,45.0,8190.0,30.19852727826882,-7.5,m210,DJI_0010_d3.mov,345,data/raw/seadronessee/odv2/images/train/16270.jpg,train,1695,1364,77,3059,1772,train_00109613,80.0,640,0.3775811209439528,285.4513274336283,311.50442477876106,68.71976401179941,16.991150442477874,1167.6278486960607,1.0,8fe6c319c145bfe6c41b4bd884be5417741d8218678ea8dfc0735cca6b82988f,data/synthetic/seadronessee_30m_to_80m/geometry_only/train/train_00109613.png,data/synthetic/seadronessee_30m_to_80m/calibrated/train/train_00109613.png
train:109614,train:16270,train,109614,16270,16270.jpg,3840,2160,1,swimmer,2698.0,1060.0,27.0,28.0,756.0,30.19852727826882,-7.5,m210,DJI_0010_d3.mov,345,data/raw/seadronessee/odv2/images/train/16270.jpg,train,1695,1864,226,3559,1921,train_00109614,80.0,640,0.3775811209439528,314.9026548672566,314.9026548672566,10.194690265486726,10.572271386430678,107.78103218732868,1.0,8fe6c319c145bfe6c41b4bd884be5417741d8218678ea8dfc0735cca6b82988f,data/synthetic/seadronessee_30m_to_80m/geometry_only/train/train_00109614.png,data/synthetic/seadronessee_30m_to_80m/calibrated/train/train_00109614.png
train:109617,train:16270,train,109617,16270,16270.jpg,3840,2160,1,swimmer,2160.0,955.0,17.0,19.0,323.0,30.19852727826882,-7.5,m210,DJI_0010_d3.mov,345,data/raw/seadronessee/odv2/images/train/16270.jpg,train,1695,1321,117,3016,1812,train_00109617,80.0,640,0.3775811209439528,316.7905604719764,316.41297935103245,6.4188790560471976,7.174041297935103,46.049303434533286,1.0,8fe6c319c145bfe6c41b4bd884be5417741d8218678ea8dfc0735cca6b82988f,data/synthetic/seadronessee_30m_to_80m/geometry_only/train/train_00109617.png,data/synthetic/seadronessee_30m_to_80m/calibrated/train/train_00109617.png
train:109622,train:16270,train,109622,16270,16270.jpg,3840,2160,1,swimmer,2690.0,1100.0,27.0,24.0,648.0,30.19852727826882,-7.5,m210,DJI_0010_d3.mov,345,data/raw/seadronessee/odv2/images/train/16270.jpg,train,1695,1856,264,3551,1959,train_00109622,80.0,640,0.3775811209439528,314.9026548672566,315.65781710914456,10.194690265486726,9.061946902654867,92.38374187485316,1.0,8fe6c319c145bfe6c41b4bd884be5417741d8218678ea8dfc0735cca6b82988f,data/synthetic/seadronessee_30m_to_80m/geometry_only/train/train_00109622.png,data/synthetic/seadronessee_30m_to_80m/calibrated/train/train_00109622.png
train:109636,train:16272,train,109636,16272,16272.jpg,3840,2160,2,boat,1384.0,925.0,185.0,50.0,9250.0,29.998537031392868,17.0,m210,DJI_0010_d3.mov,375,data/raw/seadronessee/odv2/images/train/16272.jpg,train,1707,623,96,2330,1803,train_00109636,80.0,640,0.37492677211482134,285.31927357937906,310.8142940831869,69.36145284124194,18.746338605741066,1300.273281148062,1.0,8fe6c319c145bfe6c41b4bd884be5417741d8218678ea8dfc0735cca6b82988f,data/synthetic/seadronessee_30m_to_80m/geometry_only/train/train_00109636.png,data/synthetic/seadronessee_30m_to_80m/calibrated/train/train_00109636.png
train:109637,train:16272,train,109637,16272,16272.jpg,3840,2160,1,swimmer,1972.0,1044.0,25.0,29.0,725.0,29.998537031392868,17.0,m210,DJI_0010_d3.mov,375,data/raw/seadronessee/odv2/images/train/16272.jpg,train,1707,1131,205,2838,1912,train_00109637,80.0,640,0.37492677211482134,315.3134153485647,314.5635618043351,9.373169302870533,10.872876391329818,101.91331122511839,1.0,8fe6c319c145bfe6c41b4bd884be5417741d8218678ea8dfc0735cca6b82988f,data/synthetic/seadronessee_30m_to_80m/geometry_only/train/train_00109637.png,data/synthetic/seadronessee_30m_to_80m/calibrated/train/train_00109637.png
train:109640,train:16272,train,109640,16272,16272.jpg,3840,2160,1,swimmer,1442.0,988.0,23.0,22.0,506.0,29.998537031392868,17.0,m210,DJI_0010_d3.mov,375,data/raw/seadronessee/odv2/images/train/16272.jpg,train,1707,600,146,2307,1853,train_00109640,80.0,640,0.37492677211482134,315.6883421206796,315.6883421206796,8.62331575864089,8.24838898652607,71.12846273091023,1.0,8fe6c319c145bfe6c41b4bd884be5417741d8218678ea8dfc0735cca6b82988f,data/synthetic/seadronessee_30m_to_80m/geometry_only/train/train_00109640.png,data/synthetic/seadronessee_30m_to_80m/calibrated/train/train_00109640.png
train:109644,train:16272,train,109644,16272,16272.jpg,3840,2160,2,boat,2536.0,961.0,112.0,76.0,8512.0,29.998537031392868,17.0,m210,DJI_0010_d3.mov,375,data/raw/seadronessee/odv2/images/train/16272.jpg,train,1707,1738,146,3445,1853,train_00109644,80.0,640,0.37492677211482134,299.19156414762745,305.5653192735794,41.99179847685999,28.49443468072642,1196.5325588251142,1.0,8fe6c319c145bfe6c41b4bd884be5417741d8218678ea8dfc0735cca6b82988f,data/synthetic/seadronessee_30m_to_80m/geometry_only/train/train_00109644.png,data/synthetic/seadronessee_30m_to_80m/calibrated/train/train_00109644.png
train:109645,train:16272,train,109645,16272,16272.jpg,3840,2160,1,swimmer,1991.0,1091.0,25.0,25.0,625.0,29.998537031392868,17.0,m210,DJI_0010_d3.mov,375,data/raw/seadronessee/odv2/images/train/16272.jpg,train,1707,1150,250,2857,1957,train_00109645,80.0,640,0.37492677211482134,315.3134153485647,315.3134153485647,9.373169302870533,9.373169302870533,87.85630278027448,1.0,8fe6c319c145bfe6c41b4bd884be5417741d8218678ea8dfc0735cca6b82988f,data/synthetic/seadronessee_30m_to_80m/geometry_only/train/train_00109645.png,data/synthetic/seadronessee_30m_to_80m/calibrated/train/train_00109645.png
train:109646,train:16272,train,109646,16272,16272.jpg,3840,2160,2,boat,2499.0,1089.0,138.0,77.0,10626.0,29.998537031392868,17.0,m210,DJI_0010_d3.mov,375,data/raw/seadronessee/odv2/images/train/16272.jpg,train,1707,1714,274,3421,1981,train_00109646,80.0,640,0.37492677211482134,294.31751611013476,305.5653192735794,51.739894551845346,28.869361452841243,1493.6977173491148,1.0,8fe6c319c145bfe6c41b4bd884be5417741d8218678ea8dfc0735cca6b82988f,data/synthetic/seadronessee_30m_to_80m/geometry_only/train/train_00109646.png,data/synthetic/seadronessee_30m_to_80m/calibrated/train/train_00109646.png
train:109660,train:16274,train,109660,16274,16274.jpg,3840,2160,2,boat,1113.0,1044.0,193.0,51.0,9843.0,30.09853215483084,21.0,m210,DJI_0010_d3.mov,405,data/raw/seadronessee/odv2/images/train/16274.jpg,train,1701,359,219,2060,1920,train_00109660,80.0,640,0.37624926513815404,283.6919459141682,310.40564373897706,72.61610817166373,19.188712522045858,1393.4096241758402,1.0,8fe6c319c145bfe6c41b4bd884be5417741d8218678ea8dfc0735cca6b82988f,data/synthetic/seadronessee_30m_to_80m/geometry_only/train/train_00109660.png,data/synthetic/seadronessee_30m_to_80m/calibrated/train/train_00109660.png
train:109661,train:16274,train,109661,16274,16274.jpg,3840,2160,1,swimmer,1700.0,1148.0,27.0,30.0,810.0,30.09853215483084,21.0,m210,DJI_0010_d3.mov,405,data/raw/seadronessee/odv2/images/train/16274.jpg,train,1701,863,312,2564,2013,train_00109661,80.0,640,0.37624926513815404,314.92063492063494,314.5443856554968,10.15873015873016,11.287477954144622,114.66644270877077,1.0,8fe6c319c145bfe6c41b4bd884be5417741d8218678ea8dfc0735cca6b82988f,data/synthetic/seadronessee_30m_to_80m/geometry_only/train/train_00109661.png,data/synthetic/seadronessee_30m_to_80m/calibrated/train/train_00109661.png
train:109664,train:16274,train,109664,16274,16274.jpg,3840,2160,1,swimmer,1201.0,1110.0,24.0,23.0,552.0,30.09853215483084,21.0,m210,DJI_0010_d3.mov,405,data/raw/seadronessee/odv2/images/train/16274.jpg,train,1701,362,271,2063,1972,train_00109664,80.0,640,0.37624926513815404,315.6731334509112,315.6731334509112,9.029982363315696,8.653733098177543,78.14305725338451,1.0,8fe6c319c145bfe6c41b4bd884be5417741d8218678ea8dfc0735cca6b82988f,data/synthetic/seadronessee_30m_to_80m/geometry_only/train/train_00109664.png,data/synthetic/seadronessee_30m_to_80m/calibrated/train/train_00109664.png
train:109669,train:16274,train,109669,16274,16274.jpg,3840,2160,2,boat,2291.0,1052.0,113.0,74.0,8362.0,30.09853215483084,21.0,m210,DJI_0010_d3.mov,405,data/raw/seadronessee/odv2/images/train/16274.jpg,train,1701,1497,238,3198,1939,train_00109669,80.0,640,0.37624926513815404,298.7419165196943,306.2669018224574,42.51616696061141,27.842445620223398,1183.7540665811619,1.0,8fe6c319c145bfe6c41b4bd884be5417741d8218678ea8dfc0735cca6b82988f,data/synthetic/seadronessee_30m_to_80m/geometry_only/train/train_00109669.png,data/synthetic/seadronessee_30m_to_80m/calibrated/train/train_00109669.png
train:109670,train:16274,train,109670,16274,16274.jpg,3840,2160,1,swimmer,1742.0,1199.0,27.0,26.0,702.0,30.09853215483084,21.0,m210,DJI_0010_d3.mov,405,data/raw/seadronessee/odv2/images/train/16274.jpg,train,1701,905,362,2606,2063,train_00109670,80.0,640,0.37624926513815404,314.92063492063494,314.92063492063494,10.15873015873016,9.782480893592005,99.37758368093466,1.0,8fe6c319c145bfe6c41b4bd884be5417741d8218678ea8dfc0735cca6b82988f,data/synthetic/seadronessee_30m_to_80m/geometry_only/train/train_00109670.png,data/synthetic/seadronessee_30m_to_80m/calibrated/train/train_00109670.png
train:109671,train:16274,train,109671,16274,16274.jpg,3840,2160,2,boat,2268.0,1181.0,133.0,83.0,11039.0,30.09853215483084,21.0,m210,DJI_0010_d3.mov,405,data/raw/seadronessee/odv2/images/train/16274.jpg,train,1701,1484,372,3185,2073,train_00109671,80.0,640,0.37624926513815404,294.9794238683128,304.3856554967666,50.041152263374485,31.228689006466787,1562.7195815581733,1.0,8fe6c319c145bfe6c41b4bd884be5417741d8218678ea8dfc0735cca6b82988f,data/synthetic/seadronessee_30m_to_80m/geometry_only/train/train_00109671.png,data/synthetic/seadronessee_30m_to_80m/calibrated/train/train_00109671.png
train:109686,train:16276,train,109686,16276,16276.jpg,3840,2160,2,boat,975.0,1055.0,194.0,54.0,10476.0,29.998537031392868,20.2,m210,DJI_0010_d3.mov,435,data/raw/seadronessee/odv2/images/train/16276.jpg,train,1707,218,228,1925,1935,train_00109686,80.0,640,0.37492677211482134,283.8195664909197,310.06444053895723,72.73579379027534,20.24604569420035,1472.6122046818487,1.0,8fe6c319c145bfe6c41b4bd884be5417741d8218678ea8dfc0735cca6b82988f,data/synthetic/seadronessee_30m_to_80m/geometry_only/train/train_00109686.png,data/synthetic/seadronessee_30m_to_80m/calibrated/train/train_00109686.png
train:109687,train:16276,train,109687,16276,16276.jpg,3840,2160,1,swimmer,1555.0,1154.0,28.0,31.0,868.0,29.998537031392868,20.2,m210,DJI_0010_d3.mov,435,data/raw/seadronessee/odv2/images/train/16276.jpg,train,1707,716,316,2423,2023,train_00109687,80.0,640,0.37492677211482134,314.5635618043351,314.1886350322203,10.497949619214998,11.62272993555946,122.01483330124519,1.0,8fe6c319c145bfe6c41b4bd884be5417741d8218678ea8dfc0735cca6b82988f,data/synthetic/seadronessee_30m_to_80m/geometry_only/train/train_00109687.png,data/synthetic/seadronessee_30m_to_80m/calibrated/train/train_00109687.png
train:109690,train:16276,train,109690,16276,16276.jpg,3840,2160,1,swimmer,1082.0,1126.0,23.0,22.0,506.0,29.998537031392868,20.2,m210,DJI_0010_d3.mov,435,data/raw/seadronessee/odv2/images/train/16276.jpg,train,1707,240,284,1947,1991,train_00109690,80.0,640,0.37492677211482134,315.6883421206796,315.6883421206796,8.62331575864089,8.24838898652607,71.12846273091023,1.0,8fe6c319c145bfe6c41b4bd884be5417741d8218678ea8dfc0735cca6b82988f,data/synthetic/seadronessee_30m_to_80m/geometry_only/train/train_00109690.png,data/synthetic/seadronessee_30m_to_80m/calibrated/train/train_00109690.png
train:109695,train:16276,train,109695,16276,16276.jpg,3840,2160,2,boat,2170.0,1053.0,109.0,78.0,8502.0,29.998537031392868,20.2,m210,DJI_0010_d3.mov,435,data/raw/seadronessee/odv2/images/train/16276.jpg,train,1707,1371,238,3078,1945,train_00109695,80.0,640,0.37492677211482134,299.56649091974225,305.5653192735794,40.86701816051553,29.244288224956065,1195.12685798063,1.0,8fe6c319c145bfe6c41b4bd884be5417741d8218678ea8dfc0735cca6b82988f,data/synthetic/seadronessee_30m_to_80m/geometry_only/train/train_00109695.png,data/synthetic/seadronessee_30m_to_80m/calibrated/train/train_00109695.png
train:109696,train:16276,train,109696,16276,16276.jpg,3840,2160,1,swimmer,1624.0,1211.0,26.0,25.0,650.0,29.998537031392868,20.2,m210,DJI_0010_d3.mov,435,data/raw/seadronessee/odv2/images/train/16276.jpg,train,1707,784,370,2491,2077,train_00109696,80.0,640,0.37492677211482134,314.9384885764499,315.3134153485647,9.748096074985355,9.373169302870533,91.37055489148545,1.0,8fe6c319c145bfe6c41b4bd884be5417741d8218678ea8dfc0735cca6b82988f,data/synthetic/seadronessee_30m_to_80m/geometry_only/train/train_00109696.png,data/synthetic/seadronessee_30m_to_80m/calibrated/train/train_00109696.png
train:109697,train:16276,train,109697,16276,16276.jpg,3840,2160,2,boat,2157.0,1187.0,132.0,80.0,10560.0,29.998537031392868,20.2,m210,DJI_0010_d3.mov,435,data/raw/seadronessee/odv2/images/train/16276.jpg,train,1707,1370,374,3077,2081,train_00109697,80.0,640,0.37492677211482134,295.06736965436437,304.81546572934974,49.49033391915642,29.994141769185706,1484.4200917755177,1.0,8fe6c319c145bfe6c41b4bd884be5417741d8218678ea8dfc0735cca6b82988f,data/synthetic/seadronessee_30m_to_80m/geometry_only/train/train_00109697.png,data/synthetic/seadronessee_30m_to_80m/calibrated/train/train_00109697.png
train:109712,train:16278,train,109712,16278,16278.jpg,3840,2160,2,boat,880.0,1070.0,197.0,57.0,11229.0,29.998537031392868,20.5,m210,DJI_0010_d3.mov,465,data/raw/seadronessee/odv2/images/train/16278.jpg,train,1707,125,245,1832,1952,train_00109712,80.0,640,0.37492677211482134,283.0697129466901,309.3145869947276,73.86057410661981,21.370826010544818,1578.4614782715237,1.0,8fe6c319c145bfe6c41b4bd884be5417741d8218678ea8dfc0735cca6b82988f,data/synthetic/seadronessee_30m_to_80m/geometry_only/train/train_00109712.png,data/synthetic/seadronessee_30m_to_80m/calibrated/train/train_00109712.png
train:109713,train:16278,train,109713,16278,16278.jpg,3840,2160,1,swimmer,1455.0,1165.0,28.0,29.0,812.0,29.998537031392868,20.5,m210,DJI_0010_d3.mov,465,data/raw/seadronessee/odv2/images/train/16278.jpg,train,1707,616,326,2323,2033,train_00109713,80.0,640,0.37492677211482134,314.5635618043351,314.5635618043351,10.497949619214998,10.872876391329818,114.1429085721326,1.0,8fe6c319c145bfe6c41b4bd884be5417741d8218678ea8dfc0735cca6b82988f,data/synthetic/seadronessee_30m_to_80m/geometry_only/train/train_00109713.png,data/synthetic/seadronessee_30m_to_80m/calibrated/train/train_00109713.png
train:109716,train:16278,train,109716,16278,16278.jpg,3840,2160,1,swimmer,1008.0,1148.0,24.0,22.0,528.0,29.998537031392868,20.5,m210,DJI_0010_d3.mov,465,data/raw/seadronessee/odv2/images/train/16278.jpg,train,1707,166,306,1873,2013,train_00109716,80.0,640,0.37492677211482134,315.6883421206796,315.6883421206796,8.998242530755713,8.24838898652607,74.2210045887759,1.0,8fe6c319c145bfe6c41b4bd884be5417741d8218678ea8dfc0735cca6b82988f,data/synthetic/seadronessee_30m_to_80m/geometry_only/train/train_00109716.png,data/synthetic/seadronessee_30m_to_80m/calibrated/train/train_00109716.png
train:109721,train:16278,train,109721,16278,16278.jpg,3840,2160,2,boat,2093.0,1056.0,110.0,80.0,8800.0,29.998537031392868,20.5,m210,DJI_0010_d3.mov,465,data/raw/seadronessee/odv2/images/train/16278.jpg,train,1707,1294,242,3001,1949,train_00109721,80.0,640,0.37492677211482134,299.56649091974225,305.19039250146454,41.241944932630346,29.994141769185706,1237.0167431462646,1.0,8fe6c319c145bfe6c41b4bd884be5417741d8218678ea8dfc0735cca6b82988f,data/synthetic/seadronessee_30m_to_80m/geometry_only/train/train_00109721.png,data/synthetic/seadronessee_30m_to_80m/calibrated/train/train_00109721.png
train:109722,train:16278,train,109722,16278,16278.jpg,3840,2160,1,swimmer,1536.0,1224.0,26.0,29.0,754.0,29.998537031392868,20.5,m210,DJI_0010_d3.mov,465,data/raw/seadronessee/odv2/images/train/16278.jpg,train,1707,696,385,2403,2092,train_00109722,80.0,640,0.37492677211482134,314.9384885764499,314.5635618043351,9.748096074985355,10.872876391329818,105.98984367412314,1.0,8fe6c319c145bfe6c41b4bd884be5417741d8218678ea8dfc0735cca6b82988f,data/synthetic/seadronessee_30m_to_80m/geometry_only/train/train_00109722.png,data/synthetic/seadronessee_30m_to_80m/calibrated/train/train_00109722.png
train:109723,train:16278,train,109723,16278,16278.jpg,3840,2160,2,boat,2097.0,1186.0,128.0,84.0,10752.0,29.998537031392868,20.5,m210,DJI_0010_d3.mov,465,data/raw/seadronessee/odv2/images/train/16278.jpg,train,1707,1308,374,3015,2081,train_00109723,80.0,640,0.37492677211482134,295.81722319859404,304.44053895723493,47.99062683069713,31.49384885764499,1511.409547989618,1.0,8fe6c319c145bfe6c41b4bd884be5417741d8218678ea8dfc0735cca6b82988f,data/synthetic/seadronessee_30m_to_80m/geometry_only/train/train_00109723.png,data/synthetic/seadronessee_30m_to_80m/calibrated/train/train_00109723.png
train:109738,train:16280,train,109738,16280,16280.jpg,3840,2160,2,boat,800.0,1080.0,203.0,56.0,11368.0,29.89854190795489,20.9,m210,DJI_0010_d3.mov,495,data/raw/seadronessee/odv2/images/train/16280.jpg,train,1712,46,252,1758,1964,train_00109738,80.0,640,0.37383177570093457,281.86915887850466,309.5327102803738,75.88785046728972,20.934579439252335,1588.680234081579,1.0,8fe6c319c145bfe6c41b4bd884be5417741d8218678ea8dfc0735cca6b82988f,data/synthetic/seadronessee_30m_to_80m/geometry_only/train/train_00109738.png,data/synthetic/seadronessee_30m_to_80m/calibrated/train/train_00109738.png
train:109739,train:16280,train,109739,16280,16280.jpg,3840,2160,1,swimmer,1373.0,1171.0,31.0,29.0,899.0,29.89854190795489,20.9,m210,DJI_0010_d3.mov,495,data/raw/seadronessee/odv2/images/train/16280.jpg,train,1712,532,330,2244,2042,train_00109739,80.0,640,0.37383177570093457,314.39252336448595,314.39252336448595,11.588785046728972,10.841121495327103,125.63542667481877,1.0,8fe6c319c145bfe6c41b4bd884be5417741d8218678ea8dfc0735cca6b82988f,data/synthetic/seadronessee_30m_to_80m/geometry_only/train/train_00109739.png,data/synthetic/seadronessee_30m_to_80m/calibrated/train/train_00109739.png
train:109742,train:16280,train,109742,16280,16280.jpg,3840,2160,1,swimmer,950.0,1158.0,27.0,26.0,702.0,29.89854190795489,20.9,m210,DJI_0010_d3.mov,495,data/raw/seadronessee/odv2/images/train/16280.jpg,train,1712,108,315,1820,2027,train_00109742,80.0,640,0.37383177570093457,314.76635514018693,315.14018691588785,10.093457943925234,9.719626168224298,98.10463795964712,1.0,8fe6c319c145bfe6c41b4bd884be5417741d8218678ea8dfc0735cca6b82988f,data/synthetic/seadronessee_30m_to_80m/geometry_only/train/train_00109742.png,data/synthetic/seadronessee_30m_to_80m/calibrated/train/train_00109742.png
train:109747,train:16280,train,109747,16280,16280.jpg,3840,2160,2,boat,2035.0,1048.0,110.0,80.0,8800.0,29.89854190795489,20.9,m210,DJI_0010_d3.mov,495,data/raw/seadronessee/odv2/images/train/16280.jpg,train,1712,1234,232,2946,1944,train_00109747,80.0,640,0.37383177570093457,299.4392523364486,305.0467289719626,41.1214953271028,29.906542056074766,1229.801729408682,1.0,8fe6c319c145bfe6c41b4bd884be5417741d8218678ea8dfc0735cca6b82988f,data/synthetic/seadronessee_30m_to_80m/geometry_only/train/train_00109747.png,data/synthetic/seadronessee_30m_to_80m/calibrated/train/train_00109747.png
train:109748,train:16280,train,109748,16280,16280.jpg,3840,2160,1,swimmer,1480.0,1234.0,27.0,25.0,675.0,29.89854190795489,20.9,m210,DJI_0010_d3.mov,495,data/raw/seadronessee/odv2/images/train/16280.jpg,train,1712,638,390,2350,2102,train_00109748,80.0,640,0.37383177570093457,314.76635514018693,315.5140186915888,10.093457943925234,9.345794392523365,94.33138265350686,1.0,8fe6c319c145bfe6c41b4bd884be5417741d8218678ea8dfc0735cca6b82988f,data/synthetic/seadronessee_30m_to_80m/geometry_only/train/train_00109748.png,data/synthetic/seadronessee_30m_to_80m/calibrated/train/train_00109748.png
train:109749,train:16280,train,109749,16280,16280.jpg,3840,2160,2,boat,2055.0,1188.0,125.0,85.0,10625.0,29.89854190795489,20.9,m210,DJI_0010_d3.mov,495,data/raw/seadronessee/odv2/images/train/16280.jpg,train,1712,1262,374,2974,2086,train_00109749,80.0,640,0.37383177570093457,296.4485981308411,304.29906542056074,46.72897196261682,31.775700934579437,1484.8458380644595,1.0,8fe6c319c145bfe6c41b4bd884be5417741d8218678ea8dfc0735cca6b82988f,data/synthetic/seadronessee_30m_to_80m/geometry_only/train/train_00109749.png,data/synthetic/seadronessee_30m_to_80m/calibrated/train/train_00109749.png
train:109765,train:16282,train,109765,16282,16282.jpg,3840,2160,1,swimmer,1297.0,1181.0,28.0,28.0,784.0,29.89854190795489,21.3,m210,DJI_0010_d3.mov,525,data/raw/seadronessee/odv2/images/train/16282.jpg,train,1712,455,339,2167,2051,train_00109765,80.0,640,0.37383177570093457,314.76635514018693,314.76635514018693,10.467289719626168,10.467289719626168,109.56415407459166,1.0,8fe6c319c145bfe6c41b4bd884be5417741d8218678ea8dfc0735cca6b82988f,data/synthetic/seadronessee_30m_to_80m/geometry_only/train/train_00109765.png,data/synthetic/seadronessee_30m_to_80m/calibrated/train/train_00109765.png
train:109768,train:16282,train,109768,16282,16282.jpg,3840,2160,1,swimmer,901.0,1177.0,25.0,24.0,600.0,29.89854190795489,21.3,m210,DJI_0010_d3.mov,525,data/raw/seadronessee/odv2/images/train/16282.jpg,train,1712,58,333,1770,2045,train_00109768,80.0,640,0.37383177570093457,315.14018691588785,315.5140186915888,9.345794392523365,8.97196261682243,83.8501179142283,1.0,8fe6c319c145bfe6c41b4bd884be5417741d8218678ea8dfc0735cca6b82988f,data/synthetic/seadronessee_30m_to_80m/geometry_only/train/train_00109768.png,data/synthetic/seadronessee_30m_to_80m/calibrated/train/train_00109768.png
train:109772,train:16282,train,109772,16282,16282.jpg,3840,2160,2,boat,1988.0,1050.0,107.0,84.0,8988.0,29.89854190795489,21.3,m210,DJI_0010_d3.mov,525,data/raw/seadronessee/odv2/images/train/16282.jpg,train,1712,1186,236,2898,1948,train_00109772,80.0,640,0.37383177570093457,299.8130841121495,304.29906542056074,40.0,31.401869158878505,1256.0747663551401,1.0,8fe6c319c145bfe6c41b4bd884be5417741d8218678ea8dfc0735cca6b82988f,data/synthetic/seadronessee_30m_to_80m/geometry_only/train/train_00109772.png,data/synthetic/seadronessee_30m_to_80m/calibrated/train/train_00109772.png
train:109773,train:16282,train,109773,16282,16282.jpg,3840,2160,1,swimmer,1423.0,1244.0,29.0,26.0,754.0,29.89854190795489,21.3,m210,DJI_0010_d3.mov,525,data/raw/seadronessee/odv2/images/train/16282.jpg,train,1712,582,401,2294,2113,train_00109773,80.0,640,0.37383177570093457,314.39252336448595,315.14018691588785,10.841121495327103,9.719626168224298,105.37164817888025,1.0,8fe6c319c145bfe6c41b4bd884be5417741d8218678ea8dfc0735cca6b82988f,data/synthetic/seadronessee_30m_to_80m/geometry_only/train/train_00109773.png,data/synthetic/seadronessee_30m_to_80m/calibrated/train/train_00109773.png
train:109775,train:16282,train,109775,16282,16282.jpg,3840,2160,2,boat,2018.0,1156.0,124.0,127.0,15748.0,29.89854190795489,21.3,m210,DJI_0010_d3.mov,525,data/raw/seadronessee/odv2/images/train/16282.jpg,train,1712,1224,364,2936,2076,train_00109775,80.0,640,0.37383177570093457,296.822429906542,296.0747663551402,46.35514018691589,47.47663551401869,2200.7860948554458,1.0,8fe6c319c145bfe6c41b4bd884be5417741d8218678ea8dfc0735cca6b82988f,data/synthetic/seadronessee_30m_to_80m/geometry_only/train/train_00109775.png,data/synthetic/seadronessee_30m_to_80m/calibrated/train/train_00109775.png
train:109791,train:16284,train,109791,16284,16284.jpg,3840,2160,1,swimmer,1224.0,1179.0,30.0,29.0,870.0,29.89854190795489,21.5,m210,DJI_0010_d3.mov,555,data/raw/seadronessee/odv2/images/train/16284.jpg,train,1712,383,338,2095,2050,train_00109791,80.0,640,0.37383177570093457,314.39252336448595,314.39252336448595,11.214953271028037,10.841121495327103,121.58267097563106,1.0,8fe6c319c145bfe6c41b4bd884be5417741d8218678ea8dfc0735cca6b82988f,data/synthetic/seadronessee_30m_to_80m/geometry_only/train/train_00109791.png,data/synthetic/seadronessee_30m_to_80m/calibrated/train/train_00109791.png
train:109794,train:16284,train,109794,16284,16284.jpg,3840,2160,1,swimmer,858.0,1175.0,26.0,24.0,624.0,29.89854190795489,21.5,m210,DJI_0010_d3.mov,555,data/raw/seadronessee/odv2/images/train/16284.jpg,train,1712,15,331,1727,2043,train_00109794,80.0,640,0.37383177570093457,315.14018691588785,315.5140186915888,9.719626168224298,8.97196261682243,87.20412263079744,1.0,8fe6c319c145bfe6c41b4bd884be5417741d8218678ea8dfc0735cca6b82988f,data/synthetic/seadronessee_30m_to_80m/geometry_only/train/train_00109794.png,data/synthetic/seadronessee_30m_to_80m/calibrated/train/train_00109794.png
train:109797,train:16284,train,109797,16284,16284.jpg,3840,2160,2,boat,1941.0,1042.0,108.0,84.0,9072.0,29.89854190795489,21.5,m210,DJI_0010_d3.mov,555,data/raw/seadronessee/odv2/images/train/16284.jpg,train,1712,1139,228,2851,1940,train_00109797,80.0,640,0.37383177570093457,299.8130841121495,304.29906542056074,40.373831775700936,31.401869158878505,1267.8137828631322,1.0,8fe6c319c145bfe6c41b4bd884be5417741d8218678ea8dfc0735cca6b82988f,data/synthetic/seadronessee_30m_to_80m/geometry_only/train/train_00109797.png,data/synthetic/seadronessee_30m_to_80m/calibrated/train/train_00109797.png
train:109798,train:16284,train,109798,16284,16284.jpg,3840,2160,1,swimmer,1383.0,1250.0,34.0,30.0,1020.0,29.89854190795489,21.5,m210,DJI_0010_d3.mov,555,data/raw/seadronessee/odv2/images/train/16284.jpg,train,1712,544,409,2256,2121,train_00109798,80.0,640,0.37383177570093457,313.6448598130841,314.39252336448595,12.710280373831775,11.214953271028037,142.54520045418812,1.0,8fe6c319c145bfe6c41b4bd884be5417741d8218678ea8dfc0735cca6b82988f,data/synthetic/seadronessee_30m_to_80m/geometry_only/train/train_00109798.png,data/synthetic/seadronessee_30m_to_80m/calibrated/train/train_00109798.png
train:109800,train:16284,train,109800,16284,16284.jpg,3840,2160,2,boat,1984.0,1145.0,119.0,132.0,15708.0,29.89854190795489,21.5,m210,DJI_0010_d3.mov,555,data/raw/seadronessee/odv2/images/train/16284.jpg,train,1712,1188,355,2900,2067,train_00109800,80.0,640,0.37383177570093457,297.5700934579439,295.3271028037383,44.48598130841121,49.34579439252336,2195.196086994497,1.0,8fe6c319c145bfe6c41b4bd884be5417741d8218678ea8dfc0735cca6b82988f,data/synthetic/seadronessee_30m_to_80m/geometry_only/train/train_00109800.png,data/synthetic/seadronessee_30m_to_80m/calibrated/train/train_00109800.png
train:109814,train:16286,train,109814,16286,16286.jpg,3840,2160,1,swimmer,1147.0,1177.0,31.0,29.0,899.0,29.89854190795489,22.0,m210,DJI_0010_d3.mov,585,data/raw/seadronessee/odv2/images/train/16286.jpg,train,1712,306,336,2018,2048,train_00109814,80.0,640,0.37383177570093457,314.39252336448595,314.39252336448595,11.588785046728972,10.841121495327103,125.63542667481877,1.0,8fe6c319c145bfe6c41b4bd884be5417741d8218678ea8dfc0735cca6b82988f,data/synthetic/seadronessee_30m_to_80m/geometry_only/train/train_00109814.png,data/synthetic/seadronessee_30m_to_80m/calibrated/train/train_00109814.png
train:109821,train:16286,train,109821,16286,16286.jpg,3840,2160,2,boat,1891.0,1030.0,104.0,85.0,8840.0,29.89854190795489,22.0,m210,DJI_0010_d3.mov,585,data/raw/seadronessee/odv2/images/train/16286.jpg,train,1712,1087,216,2799,1928,train_00109821,80.0,640,0.37383177570093457,300.5607476635514,304.29906542056074,38.87850467289719,31.775700934579437,1235.3917372696303,1.0,8fe6c319c145bfe6c41b4bd884be5417741d8218678ea8dfc0735cca6b82988f,data/synthetic/seadronessee_30m_to_80m/geometry_only/train/train_00109821.png,data/synthetic/seadronessee_30m_to_80m/calibrated/train/train_00109821.png
train:109822,train:16286,train,109822,16286,16286.jpg,3840,2160,1,swimmer,1332.0,1247.0,29.0,29.0,841.0,29.89854190795489,22.0,m210,DJI_0010_d3.mov,585,data/raw/seadronessee/odv2/images/train/16286.jpg,train,1712,490,406,2202,2118,train_00109822,80.0,640,0.37383177570093457,314.76635514018693,314.39252336448595,10.841121495327103,10.841121495327103,117.52991527644336,1.0,8fe6c319c145bfe6c41b4bd884be5417741d8218678ea8dfc0735cca6b82988f,data/synthetic/seadronessee_30m_to_80m/geometry_only/train/train_00109822.png,data/synthetic/seadronessee_30m_to_80m/calibrated/train/train_00109822.png
train:109823,train:16286,train,109823,16286,16286.jpg,3840,2160,2,boat,1948.0,1140.0,117.0,134.0,15678.0,29.89854190795489,22.0,m210,DJI_0010_d3.mov,585,data/raw/seadronessee/odv2/images/train/16286.jpg,train,1712,1150,351,2862,2063,train_00109823,80.0,640,0.37383177570093457,298.31775700934577,294.95327102803736,43.73831775700934,50.09345794392523,2191.0035810987856,1.0,8fe6c319c145bfe6c41b4bd884be5417741d8218678ea8dfc0735cca6b82988f,data/synthetic/seadronessee_30m_to_80m/geometry_only/train/train_00109823.png,data/synthetic/seadronessee_30m_to_80m/calibrated/train/train_00109823.png
train:109840,train:16288,train,109840,16288,16288.jpg,3840,2160,1,swimmer,1077.0,1175.0,34.0,32.0,1088.0,29.89854190795489,22.3,m210,DJI_0010_d3.mov,615,data/raw/seadronessee/odv2/images/train/16288.jpg,train,1712,238,335,1950,2047,train_00109840,80.0,640,0.37383177570093457,313.6448598130841,314.01869158878503,12.710280373831775,11.962616822429906,152.04821381780067,1.0,8fe6c319c145bfe6c41b4bd884be5417741d8218678ea8dfc0735cca6b82988f,data/synthetic/seadronessee_30m_to_80m/geometry_only/train/train_00109840.png,data/synthetic/seadronessee_30m_to_80m/calibrated/train/train_00109840.png
train:109847,train:16288,train,109847,16288,16288.jpg,3840,2160,2,boat,1839.0,1019.0,104.0,89.0,9256.0,29.89854190795489,22.3,m210,DJI_0010_d3.mov,615,data/raw/seadronessee/odv2/images/train/16288.jpg,train,1712,1035,208,2747,1920,train_00109847,80.0,640,0.37383177570093457,300.5607476635514,303.1775700934579,38.87850467289719,33.271028037383175,1293.5278190234953,1.0,8fe6c319c145bfe6c41b4bd884be5417741d8218678ea8dfc0735cca6b82988f,data/synthetic/seadronessee_30m_to_80m/geometry_only/train/train_00109847.png,data/synthetic/seadronessee_30m_to_80m/calibrated/train/train_00109847.png
train:109848,train:16288,train,109848,16288,16288.jpg,3840,2160,1,swimmer,1289.0,1248.0,32.0,32.0,1024.0,29.89854190795489,22.3,m210,DJI_0010_d3.mov,615,data/raw/seadronessee/odv2/images/train/16288.jpg,train,1712,449,408,2161,2120,train_00109848,80.0,640,0.37383177570093457,314.01869158878503,314.01869158878503,11.962616822429906,11.962616822429906,143.10420124028298,1.0,8fe6c319c145bfe6c41b4bd884be5417741d8218678ea8dfc0735cca6b82988f,data/synthetic/seadronessee_30m_to_80m/geometry_only/train/train_00109848.png,data/synthetic/seadronessee_30m_to_80m/calibrated/train/train_00109848.png
train:109849,train:16288,train,109849,16288,16288.jpg,3840,2160,2,boat,1912.0,1129.0,115.0,136.0,15640.0,29.89854190795489,22.3,m210,DJI_0010_d3.mov,615,data/raw/seadronessee/odv2/images/train/16288.jpg,train,1712,1114,341,2826,2053,train_00109849,80.0,640,0.37383177570093457,298.31775700934577,294.57943925233644,42.99065420560748,50.8411214953271,2185.6930736308846,1.0,8fe6c319c145bfe6c41b4bd884be5417741d8218678ea8dfc0735cca6b82988f,data/synthetic/seadronessee_30m_to_80m/geometry_only/train/train_00109849.png,data/synthetic/seadronessee_30m_to_80m/calibrated/train/train_00109849.png
train:109866,train:16290,train,109866,16290,16290.jpg,3840,2160,1,swimmer,1011.0,1180.0,34.0,30.0,1020.0,29.89854190795489,22.5,m210,DJI_0010_d3.mov,645,data/raw/seadronessee/odv2/images/train/16290.jpg,train,1712,172,339,1884,2051,train_00109866,80.0,640,0.37383177570093457,313.6448598130841,314.39252336448595,12.710280373831775,11.214953271028037,142.54520045418812,1.0,8fe6c319c145bfe6c41b4bd884be5417741d8218678ea8dfc0735cca6b82988f,data/synthetic/seadronessee_30m_to_80m/geometry_only/train/train_00109866.png,data/synthetic/seadronessee_30m_to_80m/calibrated/train/train_00109866.png
train:109873,train:16290,train,109873,16290,16290.jpg,3840,2160,2,boat,1798.0,1009.0,103.0,90.0,9270.0,29.89854190795489,22.5,m210,DJI_0010_d3.mov,645,data/raw/seadronessee/odv2/images/train/16290.jpg,train,1712,994,198,2706,1910,train_00109873,80.0,640,0.37383177570093457,300.5607476635514,303.1775700934579,38.50467289719626,33.64485981308411,1295.4843217748273,1.0,8fe6c319c145bfe6c41b4bd884be5417741d8218678ea8dfc0735cca6b82988f,data/synthetic/seadronessee_30m_to_80m/geometry_only/train/train_00109873.png,data/synthetic/seadronessee_30m_to_80m/calibrated/train/train_00109873.png
train:109874,train:16290,train,109874,16290,16290.jpg,3840,2160,1,swimmer,1257.0,1255.0,41.0,30.0,1230.0,29.89854190795489,22.5,m210,DJI_0010_d3.mov,645,data/raw/seadronessee/odv2/images/train/16290.jpg,train,1712,422,414,2134,2126,train_00109874,80.0,640,0.37383177570093457,312.14953271028037,314.39252336448595,15.327102803738317,11.214953271028037,171.89274172416802,1.0,8fe6c319c145bfe6c41b4bd884be5417741d8218678ea8dfc0735cca6b82988f,data/synthetic/seadronessee_30m_to_80m/geometry_only/train/train_00109874.png,data/synthetic/seadronessee_30m_to_80m/calibrated/train/train_00109874.png
train:109875,train:16290,train,109875,16290,16290.jpg,3840,2160,2,boat,1890.0,1121.0,111.0,138.0,15318.0,29.89854190795489,22.5,m210,DJI_0010_d3.mov,645,data/raw/seadronessee/odv2/images/train/16290.jpg,train,1712,1090,334,2802,2046,train_00109875,80.0,640,0.37383177570093457,299.06542056074767,294.2056074766355,41.495327102803735,51.58878504672897,2140.6935103502487,1.0,8fe6c319c145bfe6c41b4bd884be5417741d8218678ea8dfc0735cca6b82988f,data/synthetic/seadronessee_30m_to_80m/geometry_only/train/train_00109875.png,data/synthetic/seadronessee_30m_to_80m/calibrated/train/train_00109875.png
train:109891,train:16292,train,109891,16292,16292.jpg,3840,2160,1,swimmer,952.0,1182.0,30.0,30.0,900.0,29.798546784516912,22.8,m210,DJI_0010_d3.mov,675,data/raw/seadronessee/odv2/images/train/16292.jpg,train,1718,108,338,1826,2056,train_00109891,80.0,640,0.37252619324796277,314.4121071012806,314.4121071012806,11.175785797438882,11.175785797438882,124.89818819023664,1.0,8fe6c319c145bfe6c41b4bd884be5417741d8218678ea8dfc0735cca6b82988f,data/synthetic/seadronessee_30m_to_80m/geometry_only/train/train_00109891.png,data/synthetic/seadronessee_30m_to_80m/calibrated/train/train_00109891.png
train:109897,train:16292,train,109897,16292,16292.jpg,3840,2160,2,boat,1761.0,1001.0,102.0,92.0,9384.0,29.798546784516912,22.8,m210,DJI_0010_d3.mov,675,data/raw/seadronessee/odv2/images/train/16292.jpg,train,1718,953,188,2671,1906,train_00109897,80.0,640,0.37252619324796277,301.00116414435394,302.86379511059374,37.9976717112922,34.27240977881257,1302.2717755302006,1.0,8fe6c319c145bfe6c41b4bd884be5417741d8218678ea8dfc0735cca6b82988f,data/synthetic/seadronessee_30m_to_80m/geometry_only/train/train_00109897.png,data/synthetic/seadronessee_30m_to_80m/calibrated/train/train_00109897.png
train:109898,train:16292,train,109898,16292,16292.jpg,3840,2160,1,swimmer,1225.0,1265.0,41.0,27.0,1107.0,29.798546784516912,22.8,m210,DJI_0010_d3.mov,675,data/raw/seadronessee/odv2/images/train/16292.jpg,train,1718,386,420,2104,2138,train_00109898,80.0,640,0.37252619324796277,312.5494761350408,314.78463329452853,15.273573923166474,10.058207217694994,153.62477147399107,1.0,8fe6c319c145bfe6c41b4bd884be5417741d8218678ea8dfc0735cca6b82988f,data/synthetic/seadronessee_30m_to_80m/geometry_only/train/train_00109898.png,data/synthetic/seadronessee_30m_to_80m/calibrated/train/train_00109898.png
train:109899,train:16292,train,109899,16292,16292.jpg,3840,2160,2,boat,1872.0,1119.0,104.0,138.0,14352.0,29.798546784516912,22.8,m210,DJI_0010_d3.mov,675,data/raw/seadronessee/odv2/images/train/16292.jpg,train,1718,1065,329,2783,2047,train_00109899,80.0,640,0.37252619324796277,300.62863795110593,294.2956926658906,38.74272409778813,51.40861466821886,1991.709774340307,1.0,8fe6c319c145bfe6c41b4bd884be5417741d8218678ea8dfc0735cca6b82988f,data/synthetic/seadronessee_30m_to_80m/geometry_only/train/train_00109899.png,data/synthetic/seadronessee_30m_to_80m/calibrated/train/train_00109899.png
train:109915,train:16294,train,109915,16294,16294.jpg,3840,2160,1,swimmer,892.0,1184.0,33.0,30.0,990.0,29.89854190795489,23.1,m210,DJI_0010_d3.mov,705,data/raw/seadronessee/odv2/images/train/16294.jpg,train,1712,52,343,1764,2055,train_00109915,80.0,640,0.37383177570093457,314.01869158878503,314.39252336448595,12.33644859813084,11.214953271028037,138.3526945584767,1.0,8fe6c319c145bfe6c41b4bd884be5417741d8218678ea8dfc0735cca6b82988f,data/synthetic/seadronessee_30m_to_80m/geometry_only/train/train_00109915.png,data/synthetic/seadronessee_30m_to_80m/calibrated/train/train_00109915.png
train:109920,train:16294,train,109920,16294,16294.jpg,3840,2160,2,boat,1726.0,988.0,100.0,104.0,10400.0,29.89854190795489,23.1,m210,DJI_0010_d3.mov,705,data/raw/seadronessee/odv2/images/train/16294.jpg,train,1712,920,184,2632,1896,train_00109920,80.0,640,0.37383177570093457,301.30841121495325,300.5607476635514,37.38317757009346,38.87850467289719,1453.402043846624,1.0,8fe6c319c145bfe6c41b4bd884be5417741d8218678ea8dfc0735cca6b82988f,data/synthetic/seadronessee_30m_to_80m/geometry_only/train/train_00109920.png,data/synthetic/seadronessee_30m_to_80m/calibrated/train/train_00109920.png
train:109921,train:16294,train,109921,16294,16294.jpg,3840,2160,1,swimmer,1194.0,1269.0,41.0,27.0,1107.0,29.89854190795489,23.1,m210,DJI_0010_d3.mov,705,data/raw/seadronessee/odv2/images/train/16294.jpg,train,1712,358,426,2070,2138,train_00109921,80.0,640,0.37383177570093457,312.5233644859813,315.14018691588785,15.327102803738317,10.093457943925234,154.70346755175123,1.0,8fe6c319c145bfe6c41b4bd884be5417741d8218678ea8dfc0735cca6b82988f,data/synthetic/seadronessee_30m_to_80m/geometry_only/train/train_00109921.png,data/synthetic/seadronessee_30m_to_80m/calibrated/train/train_00109921.png
train:109922,train:16294,train,109922,16294,16294.jpg,3840,2160,2,boat,1851.0,1111.0,102.0,144.0,14688.0,29.89854190795489,23.1,m210,DJI_0010_d3.mov,705,data/raw/seadronessee/odv2/images/train/16294.jpg,train,1712,1046,327,2758,2039,train_00109922,80.0,640,0.37383177570093457,300.93457943925233,293.0841121495327,38.13084112149532,53.83177570093458,2052.650886540309,1.0,8fe6c319c145bfe6c41b4bd884be5417741d8218678ea8dfc0735cca6b82988f,data/synthetic/seadronessee_30m_to_80m/geometry_only/train/train_00109922.png,data/synthetic/seadronessee_30m_to_80m/calibrated/train/train_00109922.png
train:109942,train:16296,train,109942,16296,16296.jpg,3840,2160,2,boat,1681.0,985.0,97.0,94.0,9118.0,29.89854190795489,23.4,m210,DJI_0010_d3.mov,735,data/raw/seadronessee/odv2/images/train/16296.jpg,train,1712,874,176,2586,1888,train_00109942,80.0,640,0.37383177570093457,301.6822429906542,302.4299065420561,36.26168224299065,35.14018691588785,1274.242291903223,1.0,8fe6c319c145bfe6c41b4bd884be5417741d8218678ea8dfc0735cca6b82988f,data/synthetic/seadronessee_30m_to_80m/geometry_only/train/train_00109942.png,data/synthetic/seadronessee_30m_to_80m/calibrated/train/train_00109942.png
train:109943,train:16296,train,109943,16296,16296.jpg,3840,2160,1,swimmer,1164.0,1273.0,45.0,24.0,1080.0,29.89854190795489,23.4,m210,DJI_0010_d3.mov,735,data/raw/seadronessee/odv2/images/train/16296.jpg,train,1712,330,429,2042,2141,train_00109943,80.0,640,0.37383177570093457,311.77570093457945,315.5140186915888,16.822429906542055,8.97196261682243,150.93021224561096,1.0,8fe6c319c145bfe6c41b4bd884be5417741d8218678ea8dfc0735cca6b82988f,data/synthetic/seadronessee_30m_to_80m/geometry_only/train/train_00109943.png,data/synthetic/seadronessee_30m_to_80m/calibrated/train/train_00109943.png
train:109944,train:16296,train,109944,16296,16296.jpg,3840,2160,2,boat,1824.0,1103.0,100.0,142.0,14200.0,29.89854190795489,23.4,m210,DJI_0010_d3.mov,735,data/raw/seadronessee/odv2/images/train/16296.jpg,train,1712,1018,318,2730,2030,train_00109944,80.0,640,0.37383177570093457,301.30841121495325,293.4579439252336,37.38317757009346,53.08411214953271,1984.4527906367368,1.0,8fe6c319c145bfe6c41b4bd884be5417741d8218678ea8dfc0735cca6b82988f,data/synthetic/seadronessee_30m_to_80m/geometry_only/train/train_00109944.png,data/synthetic/seadronessee_30m_to_80m/calibrated/train/train_00109944.png
train:109964,train:16298,train,109964,16298,16298.jpg,3840,2160,2,boat,1635.0,978.0,96.0,98.0,9408.0,29.89854190795489,23.6,m210,DJI_0010_d3.mov,765,data/raw/seadronessee/odv2/images/train/16298.jpg,train,1712,827,171,2539,1883,train_00109964,80.0,640,0.37383177570093457,302.05607476635515,301.6822429906542,35.88785046728972,36.63551401869159,1314.7698488950998,1.0,8fe6c319c145bfe6c41b4bd884be5417741d8218678ea8dfc0735cca6b82988f,data/synthetic/seadronessee_30m_to_80m/geometry_only/train/train_00109964.png,data/synthetic/seadronessee_30m_to_80m/calibrated/train/train_00109964.png
train:109965,train:16298,train,109965,16298,16298.jpg,3840,2160,1,swimmer,1130.0,1288.0,45.0,24.0,1080.0,29.89854190795489,23.6,m210,DJI_0010_d3.mov,765,data/raw/seadronessee/odv2/images/train/16298.jpg,train,1712,296,444,2008,2156,train_00109965,80.0,640,0.37383177570093457,311.77570093457945,315.5140186915888,16.822429906542055,8.97196261682243,150.93021224561096,1.0,8fe6c319c145bfe6c41b4bd884be5417741d8218678ea8dfc0735cca6b82988f,data/synthetic/seadronessee_30m_to_80m/geometry_only/train/train_00109965.png,data/synthetic/seadronessee_30m_to_80m/calibrated/train/train_00109965.png
train:109966,train:16298,train,109966,16298,16298.jpg,3840,2160,2,boat,1793.0,1094.0,101.0,143.0,14443.0,29.89854190795489,23.6,m210,DJI_0010_d3.mov,765,data/raw/seadronessee/odv2/images/train/16298.jpg,train,1712,988,310,2700,2022,train_00109966,80.0,640,0.37383177570093457,300.93457943925233,293.0841121495327,37.757009345794394,53.45794392523364,2018.4120883919993,1.0,8fe6c319c145bfe6c41b4bd884be5417741d8218678ea8dfc0735cca6b82988f,data/synthetic/seadronessee_30m_to_80m/geometry_only/train/train_00109966.png,data/synthetic/seadronessee_30m_to_80m/calibrated/train/train_00109966.png
train:109986,train:16300,train,109986,16300,16300.jpg,3840,2160,2,boat,1594.0,969.0,92.0,99.0,9108.0,29.89854190795489,23.8,m210,DJI_0010_d3.mov,795,data/raw/seadronessee/odv2/images/train/16300.jpg,train,1712,784,162,2496,1874,train_00109986,80.0,640,0.37383177570093457,302.803738317757,301.6822429906542,34.39252336448598,37.00934579439252,1272.8447899379858,1.0,8fe6c319c145bfe6c41b4bd884be5417741d8218678ea8dfc0735cca6b82988f,data/synthetic/seadronessee_30m_to_80m/geometry_only/train/train_00109986.png,data/synthetic/seadronessee_30m_to_80m/calibrated/train/train_00109986.png
train:109988,train:16300,train,109988,16300,16300.jpg,3840,2160,2,boat,1770.0,1091.0,102.0,144.0,14688.0,29.89854190795489,23.8,m210,DJI_0010_d3.mov,795,data/raw/seadronessee/odv2/images/train/16300.jpg,train,1712,965,307,2677,2019,train_00109988,80.0,640,0.37383177570093457,300.93457943925233,293.0841121495327,38.13084112149532,53.83177570093458,2052.650886540309,1.0,8fe6c319c145bfe6c41b4bd884be5417741d8218678ea8dfc0735cca6b82988f,data/synthetic/seadronessee_30m_to_80m/geometry_only/train/train_00109988.png,data/synthetic/seadronessee_30m_to_80m/calibrated/train/train_00109988.png
train:110008,train:16302,train,110008,16302,16302.jpg,3840,2160,2,boat,1552.0,962.0,92.0,102.0,9384.0,29.998537031392868,23.9,m210,DJI_0010_d3.mov,825,data/raw/seadronessee/odv2/images/train/16302.jpg,train,1707,744,160,2451,1867,train_00110008,80.0,640,0.37492677211482134,302.94083186877566,300.6912712360867,34.49326303456356,38.242530755711776,1319.1096724641532,1.0,8fe6c319c145bfe6c41b4bd884be5417741d8218678ea8dfc0735cca6b82988f,data/synthetic/seadronessee_30m_to_80m/geometry_only/train/train_00110008.png,data/synthetic/seadronessee_30m_to_80m/calibrated/train/train_00110008.png
train:110010,train:16302,train,110010,16302,16302.jpg,3840,2160,2,boat,1739.0,1084.0,110.0,146.0,16060.0,29.998537031392868,23.9,m210,DJI_0010_d3.mov,825,data/raw/seadronessee/odv2/images/train/16302.jpg,train,1707,940,304,2647,2011,train_00110010,80.0,640,0.37492677211482134,299.56649091974225,292.4428822495606,41.241944932630346,54.739308728763916,2257.555556241933,1.0,8fe6c319c145bfe6c41b4bd884be5417741d8218678ea8dfc0735cca6b82988f,data/synthetic/seadronessee_30m_to_80m/geometry_only/train/train_00110010.png,data/synthetic/seadronessee_30m_to_80m/calibrated/train/train_00110010.png
train:110029,train:16304,train,110029,16304,16304.jpg,3840,2160,2,boat,1505.0,963.0,87.0,101.0,8787.0,29.998537031392868,24.1,m210,DJI_0010_d3.mov,855,data/raw/seadronessee/odv2/images/train/16304.jpg,train,1707,695,160,2402,1867,train_00110029,80.0,640,0.37492677211482134,303.69068541300527,301.0661980082015,32.618629173989454,37.86760398359696,1235.189332048435,1.0,8fe6c319c145bfe6c41b4bd884be5417741d8218678ea8dfc0735cca6b82988f,data/synthetic/seadronessee_30m_to_80m/geometry_only/train/train_00110029.png,data/synthetic/seadronessee_30m_to_80m/calibrated/train/train_00110029.png
train:110031,train:16304,train,110031,16304,16304.jpg,3840,2160,2,boat,1702.0,1081.0,118.0,143.0,16874.0,29.998537031392868,24.1,m210,DJI_0010_d3.mov,855,data/raw/seadronessee/odv2/images/train/16304.jpg,train,1707,908,299,2615,2006,train_00110031,80.0,640,0.37492677211482134,297.6918570591681,293.1927357937903,44.24135910954892,53.61452841241945,2371.9796049829624,1.0,8fe6c319c145bfe6c41b4bd884be5417741d8218678ea8dfc0735cca6b82988f,data/synthetic/seadronessee_30m_to_80m/geometry_only/train/train_00110031.png,data/synthetic/seadronessee_30m_to_80m/calibrated/train/train_00110031.png
train:110032,train:16304,train,110032,16304,16304.jpg,3840,2160,2,boat,2832.0,861.0,196.0,60.0,11760.0,29.998537031392868,24.1,m210,DJI_0010_d3.mov,855,data/raw/seadronessee/odv2/images/train/16304.jpg,train,1707,2076,38,3783,1745,train_00110032,80.0,640,0.37492677211482134,283.4446397188049,308.56473345049795,73.48564733450499,22.49560632688928,1653.104193113645,1.0,8fe6c319c145bfe6c41b4bd884be5417741d8218678ea8dfc0735cca6b82988f,data/synthetic/seadronessee_30m_to_80m/geometry_only/train/train_00110032.png,data/synthetic/seadronessee_30m_to_80m/calibrated/train/train_00110032.png
train:110049,train:16306,train,110049,16306,16306.jpg,3840,2160,2,boat,1452.0,966.0,89.0,104.0,9256.0,29.998537031392868,24.2,m210,DJI_0010_d3.mov,885,data/raw/seadronessee/odv2/images/train/16306.jpg,train,1707,643,164,2350,1871,train_00110049,80.0,640,0.37492677211482134,303.31575864089046,300.6912712360867,33.3684827182191,38.99238429994142,1301.116701654753,1.0,8fe6c319c145bfe6c41b4bd884be5417741d8218678ea8dfc0735cca6b82988f,data/synthetic/seadronessee_30m_to_80m/geometry_only/train/train_00110049.png,data/synthetic/seadronessee_30m_to_80m/calibrated/train/train_00110049.png
train:110051,train:16306,train,110051,16306,16306.jpg,3840,2160,2,boat,1668.0,1082.0,125.0,145.0,18125.0,29.998537031392868,24.2,m210,DJI_0010_d3.mov,885,data/raw/seadronessee/odv2/images/train/16306.jpg,train,1707,877,301,2584,2008,train_00110051,80.0,640,0.37492677211482134,296.5670767428237,292.8178090216755,46.86584651435267,54.3643819566491,2547.8327806279603,1.0,8fe6c319c145bfe6c41b4bd884be5417741d8218678ea8dfc0735cca6b82988f,data/synthetic/seadronessee_30m_to_80m/geometry_only/train/train_00110051.png,data/synthetic/seadronessee_30m_to_80m/calibrated/train/train_00110051.png
train:110052,train:16306,train,110052,16306,16306.jpg,3840,2160,2,boat,2767.0,846.0,195.0,54.0,10530.0,29.998537031392868,24.2,m210,DJI_0010_d3.mov,885,data/raw/seadronessee/odv2/images/train/16306.jpg,train,1707,2011,20,3718,1727,train_00110052,80.0,640,0.37492677211482134,283.4446397188049,309.6895137668424,73.11072056239016,20.24604569420035,1480.2029892420644,1.0,8fe6c319c145bfe6c41b4bd884be5417741d8218678ea8dfc0735cca6b82988f,data/synthetic/seadronessee_30m_to_80m/geometry_only/train/train_00110052.png,data/synthetic/seadronessee_30m_to_80m/calibrated/train/train_00110052.png
train:110071,train:16308,train,110071,16308,16308.jpg,3840,2160,2,boat,1407.0,973.0,93.0,100.0,9300.0,29.89854190795489,24.2,m210,DJI_0010_d3.mov,915,data/raw/seadronessee/odv2/images/train/16308.jpg,train,1712,598,167,2310,1879,train_00110071,80.0,640,0.37383177570093457,302.4299065420561,301.30841121495325,34.76635514018692,37.38317757009346,1299.676827670539,1.0,8fe6c319c145bfe6c41b4bd884be5417741d8218678ea8dfc0735cca6b82988f,data/synthetic/seadronessee_30m_to_80m/geometry_only/train/train_00110071.png,data/synthetic/seadronessee_30m_to_80m/calibrated/train/train_00110071.png
train:110073,train:16308,train,110073,16308,16308.jpg,3840,2160,2,boat,1636.0,1082.0,135.0,148.0,19980.0,29.89854190795489,24.2,m210,DJI_0010_d3.mov,915,data/raw/seadronessee/odv2/images/train/16308.jpg,train,1712,848,300,2560,2012,train_00110073,80.0,640,0.37383177570093457,294.57943925233644,292.33644859813086,50.467289719626166,55.32710280373831,2792.2089265438026,1.0,8fe6c319c145bfe6c41b4bd884be5417741d8218678ea8dfc0735cca6b82988f,data/synthetic/seadronessee_30m_to_80m/geometry_only/train/train_00110073.png,data/synthetic/seadronessee_30m_to_80m/calibrated/train/train_00110073.png
train:110074,train:16308,train,110074,16308,16308.jpg,3840,2160,2,boat,2703.0,830.0,193.0,59.0,11387.0,29.89854190795489,24.2,m210,DJI_0010_d3.mov,915,data/raw/seadronessee/odv2/images/train/16308.jpg,train,1712,1944,4,3656,1716,train_00110074,80.0,640,0.37383177570093457,283.7383177570093,308.78504672897196,72.14953271028037,22.056074766355138,1591.3354878155294,1.0,8fe6c319c145bfe6c41b4bd884be5417741d8218678ea8dfc0735cca6b82988f,data/synthetic/seadronessee_30m_to_80m/geometry_only/train/train_00110074.png,data/synthetic/seadronessee_30m_to_80m/calibrated/train/train_00110074.png
train:110093,train:16310,train,110093,16310,16310.jpg,3840,2160,2,boat,1362.0,982.0,96.0,104.0,9984.0,29.89854190795489,24.2,m210,DJI_0010_d3.mov,945,data/raw/seadronessee/odv2/images/train/16310.jpg,train,1712,554,178,2266,1890,train_00110093,80.0,640,0.37383177570093457,302.05607476635515,300.5607476635514,35.88785046728972,38.87850467289719,1395.265962092759,1.0,8fe6c319c145bfe6c41b4bd884be5417741d8218678ea8dfc0735cca6b82988f,data/synthetic/seadronessee_30m_to_80m/geometry_only/train/train_00110093.png,data/synthetic/seadronessee_30m_to_80m/calibrated/train/train_00110093.png
train:110095,train:16310,train,110095,16310,16310.jpg,3840,2160,2,boat,1605.0,1093.0,138.0,148.0,20424.0,29.89854190795489,24.2,m210,DJI_0010_d3.mov,945,data/raw/seadronessee/odv2/images/train/16310.jpg,train,1712,818,311,2530,2023,train_00110095,80.0,640,0.37383177570093457,294.2056074766355,292.33644859813086,51.58878504672897,55.32710280373831,2854.258013800332,1.0,8fe6c319c145bfe6c41b4bd884be5417741d8218678ea8dfc0735cca6b82988f,data/synthetic/seadronessee_30m_to_80m/geometry_only/train/train_00110095.png,data/synthetic/seadronessee_30m_to_80m/calibrated/train/train_00110095.png
train:110115,train:16312,train,110115,16312,16312.jpg,3840,2160,2,boat,1320.0,1004.0,98.0,104.0,10192.0,29.89854190795489,24.0,m210,DJI_0010_d3.mov,975,data/raw/seadronessee/odv2/images/train/16312.jpg,train,1712,513,200,2225,1912,train_00110115,80.0,640,0.37383177570093457,301.6822429906542,300.5607476635514,36.63551401869159,38.87850467289719,1424.3340029696915,1.0,8fe6c319c145bfe6c41b4bd884be5417741d8218678ea8dfc0735cca6b82988f,data/synthetic/seadronessee_30m_to_80m/geometry_only/train/train_00110115.png,data/synthetic/seadronessee_30m_to_80m/calibrated/train/train_00110115.png
train:110117,train:16312,train,110117,16312,16312.jpg,3840,2160,2,boat,1573.0,1112.0,148.0,144.0,21312.0,29.89854190795489,24.0,m210,DJI_0010_d3.mov,975,data/raw/seadronessee/odv2/images/train/16312.jpg,train,1712,791,328,2503,2040,train_00110117,80.0,640,0.37383177570093457,292.33644859813086,293.0841121495327,55.32710280373831,53.83177570093458,2978.3561883133893,1.0,8fe6c319c145bfe6c41b4bd884be5417741d8218678ea8dfc0735cca6b82988f,data/synthetic/seadronessee_30m_to_80m/geometry_only/train/train_00110117.png,data/synthetic/seadronessee_30m_to_80m/calibrated/train/train_00110117.png
train:110136,train:16314,train,110136,16314,16314.jpg,3840,2160,2,boat,1265.0,1025.0,107.0,106.0,11342.0,29.998537031392868,24.0,m210,DJI_0010_d3.mov,1005,data/raw/seadronessee/odv2/images/train/16314.jpg,train,1707,465,224,2172,1931,train_00110136,80.0,640,0.37492677211482134,299.94141769185705,300.3163444639719,40.11716461628588,39.742237844171065,1594.3458978141973,1.0,8fe6c319c145bfe6c41b4bd884be5417741d8218678ea8dfc0735cca6b82988f,data/synthetic/seadronessee_30m_to_80m/geometry_only/train/train_00110136.png,data/synthetic/seadronessee_30m_to_80m/calibrated/train/train_00110136.png
train:110137,train:16314,train,110137,16314,16314.jpg,3840,2160,2,boat,1535.0,1124.0,155.0,146.0,22630.0,29.998537031392868,24.0,m210,DJI_0010_d3.mov,1005,data/raw/seadronessee/odv2/images/train/16314.jpg,train,1707,759,344,2466,2051,train_00110137,80.0,640,0.37492677211482134,290.94317516110135,292.4428822495606,58.113649677797305,54.739308728763916,3181.101011068178,1.0,8fe6c319c145bfe6c41b4bd884be5417741d8218678ea8dfc0735cca6b82988f,data/synthetic/seadronessee_30m_to_80m/geometry_only/train/train_00110137.png,data/synthetic/seadronessee_30m_to_80m/calibrated/train/train_00110137.png
train:110153,train:16316,train,110153,16316,16316.jpg,3840,2160,2,boat,1159.0,1041.0,109.0,100.0,10900.0,29.89854190795489,23.7,m210,DJI_0010_d3.mov,1035,data/raw/seadronessee/odv2/images/train/16316.jpg,train,1712,358,235,2070,1947,train_00110153,80.0,640,0.37383177570093457,299.4392523364486,301.30841121495325,40.74766355140187,37.38317757009346,1523.2771421084813,1.0,8fe6c319c145bfe6c41b4bd884be5417741d8218678ea8dfc0735cca6b82988f,data/synthetic/seadronessee_30m_to_80m/geometry_only/train/train_00110153.png,data/synthetic/seadronessee_30m_to_80m/calibrated/train/train_00110153.png
train:110156,train:16316,train,110156,16316,16316.jpg,3840,2160,2,boat,1437.0,1130.0,161.0,145.0,23345.0,29.89854190795489,23.7,m210,DJI_0010_d3.mov,1035,data/raw/seadronessee/odv2/images/train/16316.jpg,train,1712,662,346,2374,2058,train_00110156,80.0,640,0.37383177570093457,289.7196261682243,293.0841121495327,60.18691588785047,54.205607476635514,3262.4683378461,1.0,8fe6c319c145bfe6c41b4bd884be5417741d8218678ea8dfc0735cca6b82988f,data/synthetic/seadronessee_30m_to_80m/geometry_only/train/train_00110156.png,data/synthetic/seadronessee_30m_to_80m/calibrated/train/train_00110156.png
train:110169,train:16318,train,110169,16318,16318.jpg,3840,2160,2,boat,1038.0,1051.0,110.0,105.0,11550.0,29.998537031392868,23.7,m210,DJI_0010_d3.mov,1065,data/raw/seadronessee/odv2/images/train/16318.jpg,train,1707,240,250,1947,1957,train_00110169,80.0,640,0.37492677211482134,299.19156414762745,300.3163444639719,41.241944932630346,39.36731107205624,1623.5844753794725,1.0,8fe6c319c145bfe6c41b4bd884be5417741d8218678ea8dfc0735cca6b82988f,data/synthetic/seadronessee_30m_to_80m/geometry_only/train/train_00110169.png,data/synthetic/seadronessee_30m_to_80m/calibrated/train/train_00110169.png
train:110172,train:16318,train,110172,16318,16318.jpg,3840,2160,2,boat,1317.0,1140.0,162.0,145.0,23490.0,29.998537031392868,23.7,m210,DJI_0010_d3.mov,1065,data/raw/seadronessee/odv2/images/train/16318.jpg,train,1707,544,359,2251,2066,train_00110172,80.0,640,0.37492677211482134,289.8183948447569,292.8178090216755,60.73813708260106,54.3643819566491,3301.9912836938365,1.0,8fe6c319c145bfe6c41b4bd884be5417741d8218678ea8dfc0735cca6b82988f,data/synthetic/seadronessee_30m_to_80m/geometry_only/train/train_00110172.png,data/synthetic/seadronessee_30m_to_80m/calibrated/train/train_00110172.png
train:110185,train:16320,train,110185,16320,16320.jpg,3840,2160,2,boat,983.0,1054.0,108.0,103.0,11124.0,29.998537031392868,23.5,m210,DJI_0010_d3.mov,1095,data/raw/seadronessee/odv2/images/train/16320.jpg,train,1707,184,252,1891,1959,train_00110185,80.0,640,0.37492677211482134,299.56649091974225,300.6912712360867,40.4920913884007,38.617457527826595,1563.7016194044372,1.0,8fe6c319c145bfe6c41b4bd884be5417741d8218678ea8dfc0735cca6b82988f,data/synthetic/seadronessee_30m_to_80m/geometry_only/train/train_00110185.png,data/synthetic/seadronessee_30m_to_80m/calibrated/train/train_00110185.png
train:110188,train:16320,train,110188,16320,16320.jpg,3840,2160,2,boat,1260.0,1141.0,161.0,142.0,22862.0,29.998537031392868,23.5,m210,DJI_0010_d3.mov,1095,data/raw/seadronessee/odv2/images/train/16320.jpg,train,1707,487,358,2194,2065,train_00110188,80.0,640,0.37492677211482134,289.8183948447569,293.5676625659051,60.36321031048624,53.23960164030463,3213.7132706602165,1.0,8fe6c319c145bfe6c41b4bd884be5417741d8218678ea8dfc0735cca6b82988f,data/synthetic/seadronessee_30m_to_80m/geometry_only/train/train_00110188.png,data/synthetic/seadronessee_30m_to_80m/calibrated/train/train_00110188.png
train:110199,train:16322,train,110199,16322,16322.jpg,3840,2160,2,boat,946.0,1053.0,109.0,106.0,11554.0,30.09853215483084,23.6,m210,DJI_0010_d3.mov,1125,data/raw/seadronessee/odv2/images/train/16322.jpg,train,1701,150,256,1851,1957,train_00110199,80.0,640,0.37624926513815404,299.4944150499706,299.8706643151088,41.01116990005879,39.88242210464433,1635.6247889594288,1.0,8fe6c319c145bfe6c41b4bd884be5417741d8218678ea8dfc0735cca6b82988f,data/synthetic/seadronessee_30m_to_80m/geometry_only/train/train_00110199.png,data/synthetic/seadronessee_30m_to_80m/calibrated/train/train_00110199.png
train:110202,train:16322,train,110202,16322,16322.jpg,3840,2160,2,boat,1223.0,1144.0,161.0,144.0,23184.0,30.09853215483084,23.6,m210,DJI_0010_d3.mov,1125,data/raw/seadronessee/odv2/images/train/16322.jpg,train,1701,453,366,2154,2067,train_00110202,80.0,640,0.37624926513815404,289.7119341563786,292.72192827748387,60.5761316872428,54.179894179894184,3282.00840464215,1.0,8fe6c319c145bfe6c41b4bd884be5417741d8218678ea8dfc0735cca6b82988f,data/synthetic/seadronessee_30m_to_80m/geometry_only/train/train_00110202.png,data/synthetic/seadronessee_30m_to_80m/calibrated/train/train_00110202.png
train:110213,train:16324,train,110213,16324,16324.jpg,3840,2160,2,boat,924.0,1063.0,108.0,103.0,11124.0,30.09853215483084,23.6,m210,DJI_0010_d3.mov,1155,data/raw/seadronessee/odv2/images/train/16324.jpg,train,1701,128,264,1829,1965,train_00110213,80.0,640,0.37624926513815404,299.4944150499706,300.6231628453851,40.63492063492064,38.753674309229865,1574.7524798671186,1.0,8fe6c319c145bfe6c41b4bd884be5417741d8218678ea8dfc0735cca6b82988f,data/synthetic/seadronessee_30m_to_80m/geometry_only/train/train_00110213.png,data/synthetic/seadronessee_30m_to_80m/calibrated/train/train_00110213.png
train:110216,train:16324,train,110216,16324,16324.jpg,3840,2160,2,boat,1198.0,1147.0,161.0,142.0,22862.0,30.09853215483084,23.6,m210,DJI_0010_d3.mov,1155,data/raw/seadronessee/odv2/images/train/16324.jpg,train,1701,428,368,2129,2069,train_00110216,80.0,640,0.37624926513815404,289.7119341563786,293.098177542622,60.5761316872428,53.42739564961787,3236.424954577675,1.0,8fe6c319c145bfe6c41b4bd884be5417741d8218678ea8dfc0735cca6b82988f,data/synthetic/seadronessee_30m_to_80m/geometry_only/train/train_00110216.png,data/synthetic/seadronessee_30m_to_80m/calibrated/train/train_00110216.png
train:110227,train:16326,train,110227,16326,16326.jpg,3840,2160,2,boat,903.0,1065.0,107.0,102.0,10914.0,30.09853215483084,23.6,m210,DJI_0010_d3.mov,1185,data/raw/seadronessee/odv2/images/train/16326.jpg,train,1701,106,266,1807,1967,train_00110227,80.0,640,0.37624926513815404,299.8706643151088,300.6231628453851,40.25867136978248,38.377425044091716,1545.0241428685483,1.0,8fe6c319c145bfe6c41b4bd884be5417741d8218678ea8dfc0735cca6b82988f,data/synthetic/seadronessee_30m_to_80m/geometry_only/train/train_00110227.png,data/synthetic/seadronessee_30m_to_80m/calibrated/train/train_00110227.png
train:110230,train:16326,train,110230,16326,16326.jpg,3840,2160,2,boat,1178.0,1151.0,163.0,142.0,23146.0,30.09853215483084,23.6,m210,DJI_0010_d3.mov,1185,data/raw/seadronessee/odv2/images/train/16326.jpg,train,1701,409,372,2110,2073,train_00110230,80.0,640,0.37624926513815404,289.3356848912405,293.098177542622,61.32863021751911,53.42739564961787,3276.6289912805037,1.0,8fe6c319c145bfe6c41b4bd884be5417741d8218678ea8dfc0735cca6b82988f,data/synthetic/seadronessee_30m_to_80m/geometry_only/train/train_00110230.png,data/synthetic/seadronessee_30m_to_80m/calibrated/train/train_00110230.png
train:110241,train:16328,train,110241,16328,16328.jpg,3840,2160,2,boat,887.0,1067.0,111.0,104.0,11544.0,30.09853215483084,23.6,m210,DJI_0010_d3.mov,1215,data/raw/seadronessee/odv2/images/train/16328.jpg,train,1701,92,268,1793,1969,train_00110241,80.0,640,0.37624926513815404,299.11816578483246,300.6231628453851,41.7636684303351,39.12992357436802,1634.209153864259,1.0,8fe6c319c145bfe6c41b4bd884be5417741d8218678ea8dfc0735cca6b82988f,data/synthetic/seadronessee_30m_to_80m/geometry_only/train/train_00110241.png,data/synthetic/seadronessee_30m_to_80m/calibrated/train/train_00110241.png
train:110244,train:16328,train,110244,16328,16328.jpg,3840,2160,2,boat,1162.0,1153.0,165.0,147.0,24255.0,30.09853215483084,23.6,m210,DJI_0010_d3.mov,1215,data/raw/seadronessee/odv2/images/train/16328.jpg,train,1701,394,376,2095,2077,train_00110244,80.0,640,0.37624926513815404,288.9594356261023,292.34567901234567,62.08112874779542,55.308641975308646,3433.622923334858,1.0,8fe6c319c145bfe6c41b4bd884be5417741d8218678ea8dfc0735cca6b82988f,data/synthetic/seadronessee_30m_to_80m/geometry_only/train/train_00110244.png,data/synthetic/seadronessee_30m_to_80m/calibrated/train/train_00110244.png
train:110246,train:16328,train,110246,16328,16328.jpg,3840,2160,2,boat,2103.0,831.0,190.0,52.0,9880.0,30.09853215483084,23.6,m210,DJI_0010_d3.mov,1215,data/raw/seadronessee/odv2/images/train/16328.jpg,train,1701,1348,6,3049,1707,train_00110246,80.0,640,0.37624926513815404,284.0681951793063,310.40564373897706,71.48736037624927,19.56496178718401,1398.6474740279693,1.0,8fe6c319c145bfe6c41b4bd884be5417741d8218678ea8dfc0735cca6b82988f,data/synthetic/seadronessee_30m_to_80m/geometry_only/train/train_00110246.png,data/synthetic/seadronessee_30m_to_80m/calibrated/train/train_00110246.png
train:110255,train:16330,train,110255,16330,16330.jpg,3840,2160,2,boat,870.0,1076.0,109.0,102.0,11118.0,29.998537031392868,23.6,m210,DJI_0010_d3.mov,1245,data/raw/seadronessee/odv2/images/train/16330.jpg,train,1707,71,274,1778,1981,train_00110255,80.0,640,0.37492677211482134,299.56649091974225,300.6912712360867,40.86701816051553,38.242530755711776,1562.8581988977467,1.0,8fe6c319c145bfe6c41b4bd884be5417741d8218678ea8dfc0735cca6b82988f,data/synthetic/seadronessee_30m_to_80m/geometry_only/train/train_00110255.png,data/synthetic/seadronessee_30m_to_80m/calibrated/train/train_00110255.png
train:110258,train:16330,train,110258,16330,16330.jpg,3840,2160,2,boat,1142.0,1163.0,166.0,139.0,23074.0,29.998537031392868,23.6,m210,DJI_0010_d3.mov,1245,data/raw/seadronessee/odv2/images/train/16330.jpg,train,1707,372,379,2079,2086,train_00110258,80.0,640,0.37492677211482134,288.6936145284124,293.94258933801996,62.237844171060345,52.114821323960165,3243.5141285632853,1.0,8fe6c319c145bfe6c41b4bd884be5417741d8218678ea8dfc0735cca6b82988f,data/synthetic/seadronessee_30m_to_80m/geometry_only/train/train_00110258.png,data/synthetic/seadronessee_30m_to_80m/calibrated/train/train_00110258.png
train:110260,train:16330,train,110260,16330,16330.jpg,3840,2160,2,boat,2082.0,835.0,190.0,52.0,9880.0,29.998537031392868,23.6,m210,DJI_0010_d3.mov,1245,data/raw/seadronessee/odv2/images/train/16330.jpg,train,1707,1324,8,3031,1715,train_00110260,80.0,640,0.37492677211482134,284.1944932630346,310.06444053895723,71.23608670181605,19.49619214997071,1388.832434350579,1.0,8fe6c319c145bfe6c41b4bd884be5417741d8218678ea8dfc0735cca6b82988f,data/synthetic/seadronessee_30m_to_80m/geometry_only/train/train_00110260.png,data/synthetic/seadronessee_30m_to_80m/calibrated/train/train_00110260.png
train:110269,train:16332,train,110269,16332,16332.jpg,3840,2160,2,boat,849.0,1079.0,111.0,109.0,12099.0,29.998537031392868,23.6,m210,DJI_0010_d3.mov,1275,data/raw/seadronessee/odv2/images/train/16332.jpg,train,1707,51,280,1758,1987,train_00110269,80.0,640,0.37492677211482134,299.19156414762745,299.56649091974225,41.616871704745165,40.86701816051553,1700.7574517416654,1.0,8fe6c319c145bfe6c41b4bd884be5417741d8218678ea8dfc0735cca6b82988f,data/synthetic/seadronessee_30m_to_80m/geometry_only/train/train_00110269.png,data/synthetic/seadronessee_30m_to_80m/calibrated/train/train_00110269.png
train:110272,train:16332,train,110272,16332,16332.jpg,3840,2160,2,boat,1121.0,1165.0,165.0,144.0,23760.0,29.998537031392868,23.6,m210,DJI_0010_d3.mov,1275,data/raw/seadronessee/odv2/images/train/16332.jpg,train,1707,350,384,2057,2091,train_00110272,80.0,640,0.37492677211482134,289.0685413005273,292.8178090216755,61.86291739894552,53.98945518453427,3339.9452064949146,1.0,8fe6c319c145bfe6c41b4bd884be5417741d8218678ea8dfc0735cca6b82988f,data/synthetic/seadronessee_30m_to_80m/geometry_only/train/train_00110272.png,data/synthetic/seadronessee_30m_to_80m/calibrated/train/train_00110272.png
train:110274,train:16332,train,110274,16332,16332.jpg,3840,2160,2,boat,2062.0,839.0,192.0,50.0,9600.0,29.998537031392868,23.6,m210,DJI_0010_d3.mov,1275,data/raw/seadronessee/odv2/images/train/16332.jpg,train,1707,1304,10,3011,1717,train_00110274,80.0,640,0.37492677211482134,284.1944932630346,310.8142940831869,71.9859402460457,18.746338605741066,1349.472810705016,1.0,8fe6c319c145bfe6c41b4bd884be5417741d8218678ea8dfc0735cca6b82988f,data/synthetic/seadronessee_30m_to_80m/geometry_only/train/train_00110274.png,data/synthetic/seadronessee_30m_to_80m/calibrated/train/train_00110274.png
train:110283,train:16334,train,110283,16334,16334.jpg,3840,2160,2,boat,832.0,1089.0,109.0,97.0,10573.0,29.998537031392868,23.6,m210,DJI_0010_d3.mov,1305,data/raw/seadronessee/odv2/images/train/16334.jpg,train,1707,33,284,1740,1991,train_00110283,80.0,640,0.37492677211482134,299.56649091974225,301.8160515524312,40.86701816051553,36.36789689513767,1486.2475028733475,1.0,8fe6c319c145bfe6c41b4bd884be5417741d8218678ea8dfc0735cca6b82988f,data/synthetic/seadronessee_30m_to_80m/geometry_only/train/train_00110283.png,data/synthetic/seadronessee_30m_to_80m/calibrated/train/train_00110283.png
train:110286,train:16334,train,110286,16334,16334.jpg,3840,2160,2,boat,1103.0,1208.0,167.0,99.0,16533.0,29.998537031392868,23.6,m210,DJI_0010_d3.mov,1305,data/raw/seadronessee/odv2/images/train/16334.jpg,train,1707,333,404,2040,2111,train_00110286,80.0,640,0.37492677211482134,288.6936145284124,301.44112478031633,62.612770943175164,37.11775043936731,2324.045206186045,1.0,8fe6c319c145bfe6c41b4bd884be5417741d8218678ea8dfc0735cca6b82988f,data/synthetic/seadronessee_30m_to_80m/geometry_only/train/train_00110286.png,data/synthetic/seadronessee_30m_to_80m/calibrated/train/train_00110286.png
train:110288,train:16334,train,110288,16334,16334.jpg,3840,2160,2,boat,2047.0,837.0,191.0,52.0,9932.0,29.998537031392868,23.6,m210,DJI_0010_d3.mov,1305,data/raw/seadronessee/odv2/images/train/16334.jpg,train,1707,1289,10,2996,1717,train_00110288,80.0,640,0.37492677211482134,284.1944932630346,310.06444053895723,71.61101347393088,19.49619214997071,1396.142078741898,1.0,8fe6c319c145bfe6c41b4bd884be5417741d8218678ea8dfc0735cca6b82988f,data/synthetic/seadronessee_30m_to_80m/geometry_only/train/train_00110288.png,data/synthetic/seadronessee_30m_to_80m/calibrated/train/train_00110288.png
train:110297,train:16336,train,110297,16336,16336.jpg,3840,2160,2,boat,817.0,1085.0,113.0,109.0,12317.0,30.09853215483084,23.6,m210,DJI_0010_d3.mov,1335,data/raw/seadronessee/odv2/images/train/16336.jpg,train,1701,23,289,1724,1990,train_00110297,80.0,640,0.37624926513815404,298.7419165196943,299.4944150499706,42.51616696061141,41.01116990005879,1743.6377467209006,1.0,8fe6c319c145bfe6c41b4bd884be5417741d8218678ea8dfc0735cca6b82988f,data/synthetic/seadronessee_30m_to_80m/geometry_only/train/train_00110297.png,data/synthetic/seadronessee_30m_to_80m/calibrated/train/train_00110297.png
train:110300,train:16336,train,110300,16336,16336.jpg,3840,2160,2,boat,1088.0,1208.0,169.0,105.0,17745.0,30.09853215483084,23.6,m210,DJI_0010_d3.mov,1335,data/raw/seadronessee/odv2/images/train/16336.jpg,train,1701,322,410,2023,2111,train_00110300,80.0,640,0.37624926513815404,288.206937095826,300.24691358024694,63.58612580834804,39.50617283950618,2512.044476379182,1.0,8fe6c319c145bfe6c41b4bd884be5417741d8218678ea8dfc0735cca6b82988f,data/synthetic/seadronessee_30m_to_80m/geometry_only/train/train_00110300.png,data/synthetic/seadronessee_30m_to_80m/calibrated/train/train_00110300.png
train:110302,train:16336,train,110302,16336,16336.jpg,3840,2160,2,boat,2032.0,839.0,192.0,52.0,9984.0,30.09853215483084,23.6,m210,DJI_0010_d3.mov,1335,data/raw/seadronessee/odv2/images/train/16336.jpg,train,1701,1278,14,2979,1715,train_00110302,80.0,640,0.37624926513815404,283.6919459141682,310.40564373897706,72.23985890652557,19.56496178718401,1413.3700790177372,1.0,8fe6c319c145bfe6c41b4bd884be5417741d8218678ea8dfc0735cca6b82988f,data/synthetic/seadronessee_30m_to_80m/geometry_only/train/train_00110302.png,data/synthetic/seadronessee_30m_to_80m/calibrated/train/train_00110302.png
train:110311,train:16338,train,110311,16338,16338.jpg,3840,2160,2,boat,803.0,1094.0,110.0,103.0,11330.0,29.998537031392868,23.6,m210,DJI_0010_d3.mov,1365,data/raw/seadronessee/odv2/images/train/16338.jpg,train,1707,4,292,1711,1999,train_00110311,80.0,640,0.37492677211482134,299.56649091974225,300.6912712360867,41.241944932630346,38.617457527826595,1592.6590568008157,1.0,8fe6c319c145bfe6c41b4bd884be5417741d8218678ea8dfc0735cca6b82988f,data/synthetic/seadronessee_30m_to_80m/geometry_only/train/train_00110311.png,data/synthetic/seadronessee_30m_to_80m/calibrated/train/train_00110311.png
train:110314,train:16338,train,110314,16338,16338.jpg,3840,2160,2,boat,1070.0,1173.0,169.0,145.0,24505.0,29.998537031392868,23.6,m210,DJI_0010_d3.mov,1365,data/raw/seadronessee/odv2/images/train/16338.jpg,train,1707,301,392,2008,2099,train_00110314,80.0,640,0.37492677211482134,288.3186877562976,292.8178090216755,63.36262448740481,54.3643819566491,3444.6699194090024,1.0,8fe6c319c145bfe6c41b4bd884be5417741d8218678ea8dfc0735cca6b82988f,data/synthetic/seadronessee_30m_to_80m/geometry_only/train/train_00110314.png,data/synthetic/seadronessee_30m_to_80m/calibrated/train/train_00110314.png
train:110316,train:16338,train,110316,16338,16338.jpg,3840,2160,2,boat,2014.0,844.0,192.0,51.0,9792.0,29.998537031392868,23.6,m210,DJI_0010_d3.mov,1365,data/raw/seadronessee/odv2/images/train/16338.jpg,train,1707,1256,16,2963,1723,train_00110316,80.0,640,0.37492677211482134,284.1944932630346,310.4393673110721,71.9859402460457,19.121265377855888,1376.4622669191165,1.0,8fe6c319c145bfe6c41b4bd884be5417741d8218678ea8dfc0735cca6b82988f,data/synthetic/seadronessee_30m_to_80m/geometry_only/train/train_00110316.png,data/synthetic/seadronessee_30m_to_80m/calibrated/train/train_00110316.png
train:110325,train:16340,train,110325,16340,16340.jpg,3840,2160,2,boat,794.0,1108.0,112.0,105.0,11760.0,30.09853215483084,23.6,m210,DJI_0010_d3.mov,1395,data/raw/seadronessee/odv2/images/train/16340.jpg,train,1701,0,310,1701,2011,train_00110325,80.0,640,0.37624926513815404,298.7419165196943,300.24691358024694,42.13991769547325,39.50617283950618,1664.7868719199312,1.0,8fe6c319c145bfe6c41b4bd884be5417741d8218678ea8dfc0735cca6b82988f,data/synthetic/seadronessee_30m_to_80m/geometry_only/train/train_00110325.png,data/synthetic/seadronessee_30m_to_80m/calibrated/train/train_00110325.png
train:110328,train:16340,train,110328,16340,16340.jpg,3840,2160,2,boat,1065.0,1231.0,172.0,96.0,16512.0,30.09853215483084,23.6,m210,DJI_0010_d3.mov,1395,data/raw/seadronessee/odv2/images/train/16340.jpg,train,1701,300,428,2001,2129,train_00110328,80.0,640,0.37624926513815404,287.83068783068785,302.1281599059377,64.7148736037625,36.119929453262785,2337.4966691447194,1.0,8fe6c319c145bfe6c41b4bd884be5417741d8218678ea8dfc0735cca6b82988f,data/synthetic/seadronessee_30m_to_80m/geometry_only/train/train_00110328.png,data/synthetic/seadronessee_30m_to_80m/calibrated/train/train_00110328.png
train:110330,train:16340,train,110330,16340,16340.jpg,3840,2160,2,boat,2020.0,856.0,195.0,51.0,9945.0,30.09853215483084,23.6,m210,DJI_0010_d3.mov,1395,data/raw/seadronessee/odv2/images/train/16340.jpg,train,1701,1267,31,2968,1732,train_00110330,80.0,640,0.37624926513815404,283.31569664903,310.40564373897706,73.36860670194004,19.188712522045858,1407.8491021465745,1.0,8fe6c319c145bfe6c41b4bd884be5417741d8218678ea8dfc0735cca6b82988f,data/synthetic/seadronessee_30m_to_80m/geometry_only/train/train_00110330.png,data/synthetic/seadronessee_30m_to_80m/calibrated/train/train_00110330.png
train:110342,train:16342,train,110342,16342,16342.jpg,3840,2160,2,boat,1061.0,1172.0,182.0,154.0,28028.0,29.998537031392868,23.6,m210,DJI_0010_d3.mov,1425,data/raw/seadronessee/odv2/images/train/16342.jpg,train,1707,298,396,2005,2103,train_00110342,80.0,640,0.37492677211482134,286.06912712360867,290.94317516110135,68.23667252489749,57.738722905682486,3939.8983269208534,1.0,8fe6c319c145bfe6c41b4bd884be5417741d8218678ea8dfc0735cca6b82988f,data/synthetic/seadronessee_30m_to_80m/geometry_only/train/train_00110342.png,data/synthetic/seadronessee_30m_to_80m/calibrated/train/train_00110342.png
train:110356,train:16344,train,110356,16344,16344.jpg,3840,2160,2,boat,1045.0,1216.0,193.0,110.0,21230.0,29.998537031392868,23.7,m210,DJI_0010_d3.mov,1455,data/raw/seadronessee/odv2/images/train/16344.jpg,train,1707,288,418,1995,2125,train_00110356,80.0,640,0.37492677211482134,283.8195664909197,299.19156414762745,72.36086701816052,41.241944932630346,2984.3028928403637,1.0,8fe6c319c145bfe6c41b4bd884be5417741d8218678ea8dfc0735cca6b82988f,data/synthetic/seadronessee_30m_to_80m/geometry_only/train/train_00110356.png,data/synthetic/seadronessee_30m_to_80m/calibrated/train/train_00110356.png
train:110370,train:16346,train,110370,16346,16346.jpg,3840,2160,2,boat,1023.0,1202.0,201.0,164.0,32964.0,29.998537031392868,24.8,m210,DJI_0010_d3.mov,1485,data/raw/seadronessee/odv2/images/train/16346.jpg,train,1707,270,430,1977,2137,train_00110370,80.0,640,0.37492677211482134,282.31985940246045,289.4434680726421,75.36028119507908,61.4879906268307,4633.752263758349,1.0,8fe6c319c145bfe6c41b4bd884be5417741d8218678ea8dfc0735cca6b82988f,data/synthetic/seadronessee_30m_to_80m/geometry_only/train/train_00110370.png,data/synthetic/seadronessee_30m_to_80m/calibrated/train/train_00110370.png
train:110384,train:16348,train,110384,16348,16348.jpg,3840,2160,2,boat,993.0,1200.0,211.0,168.0,35448.0,29.89854190795489,25.8,m210,DJI_0010_d3.mov,1515,data/raw/seadronessee/odv2/images/train/16348.jpg,train,1712,242,428,1954,2140,train_00110384,80.0,640,0.37383177570093457,280.74766355140184,288.5981308411215,78.8785046728972,62.80373831775701,4953.864966372609,1.0,8fe6c319c145bfe6c41b4bd884be5417741d8218678ea8dfc0735cca6b82988f,data/synthetic/seadronessee_30m_to_80m/geometry_only/train/train_00110384.png,data/synthetic/seadronessee_30m_to_80m/calibrated/train/train_00110384.png
train:110398,train:16350,train,110398,16350,16350.jpg,3840,2160,2,boat,953.0,1200.0,220.0,178.0,39160.0,29.798546784516912,26.4,m210,DJI_0010_d3.mov,1545,data/raw/seadronessee/odv2/images/train/16350.jpg,train,1718,204,430,1922,2148,train_00110398,80.0,640,0.37252619324796277,279.0221187427241,286.84516880093133,81.95576251455181,66.30966239813738,5434.458943921853,1.0,8fe6c319c145bfe6c41b4bd884be5417741d8218678ea8dfc0735cca6b82988f,data/synthetic/seadronessee_30m_to_80m/geometry_only/train/train_00110398.png,data/synthetic/seadronessee_30m_to_80m/calibrated/train/train_00110398.png
train:110414,train:16352,train,110414,16352,16352.jpg,3840,2160,2,boat,903.0,1197.0,231.0,184.0,42504.0,29.798546784516912,27.6,m210,DJI_0010_d3.mov,1575,data/raw/seadronessee/odv2/images/train/16352.jpg,train,1718,160,430,1878,2148,train_00110414,80.0,640,0.37252619324796277,276.78696158323635,285.7275902211874,86.0535506402794,68.54481955762515,5898.5251009309095,1.0,8fe6c319c145bfe6c41b4bd884be5417741d8218678ea8dfc0735cca6b82988f,data/synthetic/seadronessee_30m_to_80m/geometry_only/train/train_00110414.png,data/synthetic/seadronessee_30m_to_80m/calibrated/train/train_00110414.png
train:110428,train:16354,train,110428,16354,16354.jpg,3840,2160,2,boat,849.0,1173.0,242.0,192.0,46464.0,29.89854190795489,28.7,m210,DJI_0010_d3.mov,1605,data/raw/seadronessee/odv2/images/train/16354.jpg,train,1712,114,413,1826,2125,train_00110428,80.0,640,0.37383177570093457,274.76635514018693,284.11214953271025,90.46728971962617,71.77570093457943,6493.3531312778405,1.0,8fe6c319c145bfe6c41b4bd884be5417741d8218678ea8dfc0735cca6b82988f,data/synthetic/seadronessee_30m_to_80m/geometry_only/train/train_00110428.png,data/synthetic/seadronessee_30m_to_80m/calibrated/train/train_00110428.png
train:110442,train:16356,train,110442,16356,16356.jpg,3840,2160,2,boat,791.0,1146.0,255.0,204.0,52020.0,29.89854190795489,29.9,m210,DJI_0010_d3.mov,1635,data/raw/seadronessee/odv2/images/train/16356.jpg,train,1712,62,392,1774,2104,train_00110442,80.0,640,0.37383177570093457,272.5233644859813,281.86915887850466,95.32710280373831,76.26168224299064,7269.805223163594,1.0,8fe6c319c145bfe6c41b4bd884be5417741d8218678ea8dfc0735cca6b82988f,data/synthetic/seadronessee_30m_to_80m/geometry_only/train/train_00110442.png,data/synthetic/seadronessee_30m_to_80m/calibrated/train/train_00110442.png
train:110456,train:16358,train,110456,16358,16358.jpg,3840,2160,2,boat,725.0,1114.0,265.0,208.0,55120.0,29.998537031392868,31.2,m210,DJI_0010_d3.mov,1665,data/raw/seadronessee/odv2/images/train/16358.jpg,train,1707,4,364,1711,2071,train_00110456,80.0,640,0.37492677211482134,270.3222026947862,281.195079086116,99.35559461042766,77.98476859988284,7748.223054797968,1.0,8fe6c319c145bfe6c41b4bd884be5417741d8218678ea8dfc0735cca6b82988f,data/synthetic/seadronessee_30m_to_80m/geometry_only/train/train_00110456.png,data/synthetic/seadronessee_30m_to_80m/calibrated/train/train_00110456.png
val:23859,val:4865,val,23859,4865,4865.jpg,3840,2160,5,buoy,1282.0,1002.0,127.0,136.0,17272.0,26.69869795793965,51.6,mavic,NorthSea_Fri_DJI_0112.MP4,5415,data/raw/seadronessee/odv2/images/val/4865.jpg,train,1918,386,111,2304,2029,val_00023859,80.0,640,0.33368091762252344,298.978102189781,297.3096976016684,42.37747653806048,45.380604796663185,1923.115515053589,1.0,8fe6c319c145bfe6c41b4bd884be5417741d8218678ea8dfc0735cca6b82988f,data/synthetic/seadronessee_30m_to_80m/geometry_only/train/val_00023859.png,data/synthetic/seadronessee_30m_to_80m/calibrated/train/val_00023859.png
val:23865,val:4867,val,23865,4867,4867.jpg,3840,2160,5,buoy,1317.0,861.0,119.0,145.0,17255.0,28.298619932947272,51.6,mavic,NorthSea_Fri_DJI_0112.MP4,5445,data/raw/seadronessee/odv2/images/val/4867.jpg,train,1809,472,29,2281,1838,val_00023865,80.0,640,0.35378662244333886,298.94969596462136,294.35046987285796,42.100608070757325,51.299060254284136,2159.721630163781,1.0,8fe6c319c145bfe6c41b4bd884be5417741d8218678ea8dfc0735cca6b82988f,data/synthetic/seadronessee_30m_to_80m/geometry_only/train/val_00023865.png,data/synthetic/seadronessee_30m_to_80m/calibrated/train/val_00023865.png
val:23871,val:4869,val,23871,4869,4869.jpg,3840,2160,5,buoy,1334.0,850.0,115.0,134.0,15410.0,28.79859555013715,51.6,mavic,NorthSea_Fri_DJI_0112.MP4,5475,data/raw/seadronessee/odv2/images/val/4869.jpg,train,1778,502,28,2280,1806,val_00023871,80.0,640,0.35995500562429694,299.4825646794151,295.8830146231721,41.394825646794146,48.23397075365579,1996.6368096001495,1.0,8fe6c319c145bfe6c41b4bd884be5417741d8218678ea8dfc0735cca6b82988f,data/synthetic/seadronessee_30m_to_80m/geometry_only/train/val_00023871.png,data/synthetic/seadronessee_30m_to_80m/calibrated/train/val_00023871.png
val:23877,val:4871,val,23877,4871,4871.jpg,3840,2160,5,buoy,1337.0,870.0,117.0,133.0,15561.0,28.79859555013715,51.6,mavic,NorthSea_Fri_DJI_0112.MP4,5505,data/raw/seadronessee/odv2/images/val/4871.jpg,train,1778,506,48,2284,1826,val_00023877,80.0,640,0.35995500562429694,299.12260967379075,295.8830146231721,42.11473565804274,47.874015748031496,2016.2015181173217,1.0,8fe6c319c145bfe6c41b4bd884be5417741d8218678ea8dfc0735cca6b82988f,data/synthetic/seadronessee_30m_to_80m/geometry_only/train/val_00023877.png,data/synthetic/seadronessee_30m_to_80m/calibrated/train/val_00023877.png
val:23883,val:4873,val,23883,4873,4873.jpg,3840,2160,5,buoy,1333.0,927.0,115.0,126.0,14490.0,28.998585797013103,51.6,mavic,NorthSea_Fri_DJI_0112.MP4,5535,data/raw/seadronessee/odv2/images/val/4873.jpg,train,1766,508,107,2274,1873,val_00023883,80.0,640,0.362400906002265,298.98074745186864,297.1687429218573,41.676104190260475,45.66251415628539,1903.0356975665939,1.0,8fe6c319c145bfe6c41b4bd884be5417741d8218678ea8dfc0735cca6b82988f,data/synthetic/seadronessee_30m_to_80m/geometry_only/train/val_00023883.png,data/synthetic/seadronessee_30m_to_80m/calibrated/train/val_00023883.png
val:23888,val:4875,val,23888,4875,4875.jpg,3840,2160,1,swimmer,1697.0,1201.0,115.0,97.0,11155.0,29.798546784516912,51.6,mavic,NorthSea_Fri_DJI_0112.MP4,5565,data/raw/seadronessee/odv2/images/val/4875.jpg,train,1718,896,390,2614,2108,val_00023888,80.0,640,0.37252619324796277,298.3934807916182,302.1187427240978,42.84051222351572,36.135040745052386,1548.0436547356553,1.0,8fe6c319c145bfe6c41b4bd884be5417741d8218678ea8dfc0735cca6b82988f,data/synthetic/seadronessee_30m_to_80m/geometry_only/train/val_00023888.png,data/synthetic/seadronessee_30m_to_80m/calibrated/train/val_00023888.png
val:23889,val:4875,val,23889,4875,4875.jpg,3840,2160,5,buoy,1353.0,820.0,110.0,124.0,13640.0,29.798546784516912,51.6,mavic,NorthSea_Fri_DJI_0112.MP4,5565,data/raw/seadronessee/odv2/images/val/4875.jpg,train,1718,549,23,2267,1741,val_00023889,80.0,640,0.37252619324796277,299.5110593713621,296.9033760186263,40.977881257275904,46.193247962747385,1892.9014299053645,1.0,8fe6c319c145bfe6c41b4bd884be5417741d8218678ea8dfc0735cca6b82988f,data/synthetic/seadronessee_30m_to_80m/geometry_only/train/val_00023889.png,data/synthetic/seadronessee_30m_to_80m/calibrated/train/val_00023889.png
val:23896,val:4877,val,23896,4877,4877.jpg,3840,2160,1,swimmer,1776.0,883.0,41.0,62.0,2542.0,30.598507772020724,51.6,mavic,NorthSea_Fri_DJI_0112.MP4,5595,data/raw/seadronessee/odv2/images/val/4877.jpg,train,1673,960,78,2633,1751,val_00023896,80.0,640,0.38254632396891813,312.1578003586372,307.9497907949791,15.684399282725643,23.717872086072923,372.0005759345807,1.0,8fe6c319c145bfe6c41b4bd884be5417741d8218678ea8dfc0735cca6b82988f,data/synthetic/seadronessee_30m_to_80m/geometry_only/train/val_00023896.png,data/synthetic/seadronessee_30m_to_80m/calibrated/train/val_00023896.png
val:23901,val:4879,val,23901,4879,4879.jpg,3840,2160,5,buoy,1438.0,982.0,96.0,125.0,12000.0,30.39851752514477,56.0,mavic,NorthSea_Fri_DJI_0112.MP4,5625,data/raw/seadronessee/odv2/images/val/4879.jpg,train,1684,644,202,2328,1886,val_00023901,80.0,640,0.38004750593824227,301.75771971496437,296.43705463182897,36.48456057007126,47.50593824228029,1733.2332812385398,1.0,8fe6c319c145bfe6c41b4bd884be5417741d8218678ea8dfc0735cca6b82988f,data/synthetic/seadronessee_30m_to_80m/geometry_only/train/val_00023901.png,data/synthetic/seadronessee_30m_to_80m/calibrated/train/val_00023901.png
val:23909,val:4881,val,23909,4881,4881.jpg,3840,2160,5,buoy,1433.0,1244.0,97.0,117.0,11349.0,30.298522401706794,48.6,mavic,NorthSea_Fri_DJI_0112.MP4,5655,data/raw/seadronessee/odv2/images/val/4881.jpg,train,1690,636,458,2326,2148,val_00023909,80.0,640,0.378698224852071,301.8224852071006,297.6568047337278,36.73372781065088,44.30769230769231,1627.5867091488392,1.0,8fe6c319c145bfe6c41b4bd884be5417741d8218678ea8dfc0735cca6b82988f,data/synthetic/seadronessee_30m_to_80m/geometry_only/train/val_00023909.png,data/synthetic/seadronessee_30m_to_80m/calibrated/train/val_00023909.png
val:23917,val:4883,val,23917,4883,4883.jpg,3840,2160,5,buoy,1460.0,1167.0,95.0,114.0,10830.0,30.298522401706794,39.1,mavic,NorthSea_Fri_DJI_0112.MP4,5685,data/raw/seadronessee/odv2/images/val/4883.jpg,train,1690,662,379,2352,2069,val_00023917,80.0,640,0.378698224852071,302.20118343195264,298.41420118343194,35.976331360946745,43.171597633136095,1553.1557018311682,1.0,8fe6c319c145bfe6c41b4bd884be5417741d8218678ea8dfc0735cca6b82988f,data/synthetic/seadronessee_30m_to_80m/geometry_only/train/val_00023917.png,data/synthetic/seadronessee_30m_to_80m/calibrated/train/val_00023917.png
val:23925,val:4885,val,23925,4885,4885.jpg,3840,2160,5,buoy,1481.0,1115.0,91.0,108.0,9828.0,30.39851752514477,37.1,mavic,NorthSea_Fri_DJI_0112.MP4,5715,data/raw/seadronessee/odv2/images/val/4885.jpg,train,1684,684,327,2368,2011,val_00023925,80.0,640,0.38004750593824227,302.89786223277906,299.4774346793349,34.58432304038005,41.04513064133017,1419.5180573343641,1.0,8fe6c319c145bfe6c41b4bd884be5417741d8218678ea8dfc0735cca6b82988f,data/synthetic/seadronessee_30m_to_80m/geometry_only/train/val_00023925.png,data/synthetic/seadronessee_30m_to_80m/calibrated/train/val_00023925.png
val:23932,val:4887,val,23932,4887,4887.jpg,3840,2160,1,swimmer,1807.0,1277.0,86.0,33.0,2838.0,30.39851752514477,37.1,mavic,NorthSea_Fri_DJI_0112.MP4,5745,data/raw/seadronessee/odv2/images/val/4887.jpg,train,1684,1008,452,2692,2136,val_00023932,80.0,640,0.38004750593824227,303.65795724465556,313.53919239904985,32.68408551068884,12.541567695961994,409.9096710129146,1.0,8fe6c319c145bfe6c41b4bd884be5417741d8218678ea8dfc0735cca6b82988f,data/synthetic/seadronessee_30m_to_80m/geometry_only/train/val_00023932.png,data/synthetic/seadronessee_30m_to_80m/calibrated/train/val_00023932.png
val:23933,val:4887,val,23933,4887,4887.jpg,3840,2160,5,buoy,1519.0,1017.0,87.0,109.0,9483.0,30.39851752514477,37.1,mavic,NorthSea_Fri_DJI_0112.MP4,5745,data/raw/seadronessee/odv2/images/val/4887.jpg,train,1684,720,230,2404,1914,val_00023933,80.0,640,0.38004750593824227,303.65795724465556,299.09738717339667,33.064133016627075,41.425178147268404,1369.6876004987557,1.0,8fe6c319c145bfe6c41b4bd884be5417741d8218678ea8dfc0735cca6b82988f,data/synthetic/seadronessee_30m_to_80m/geometry_only/train/val_00023933.png,data/synthetic/seadronessee_30m_to_80m/calibrated/train/val_00023933.png
val:23940,val:4889,val,23940,4889,4889.jpg,3840,2160,1,swimmer,1831.0,1168.0,75.0,30.0,2250.0,30.598507772020724,37.1,mavic,NorthSea_Fri_DJI_0112.MP4,5775,data/raw/seadronessee/odv2/images/val/4889.jpg,train,1673,1032,346,2705,2019,val_00023940,80.0,640,0.38254632396891813,305.6545128511656,314.4530783024507,28.69097429766886,11.476389719067544,329.26880245979805,1.0,8fe6c319c145bfe6c41b4bd884be5417741d8218678ea8dfc0735cca6b82988f,data/synthetic/seadronessee_30m_to_80m/geometry_only/train/val_00023940.png,data/synthetic/seadronessee_30m_to_80m/calibrated/train/val_00023940.png
val:23941,val:4889,val,23941,4889,4889.jpg,3840,2160,5,buoy,1553.0,931.0,84.0,104.0,8736.0,30.598507772020724,37.1,mavic,NorthSea_Fri_DJI_0112.MP4,5775,data/raw/seadronessee/odv2/images/val/4889.jpg,train,1673,758,146,2431,1819,val_00023941,80.0,640,0.38254632396891813,304.12432755528994,300.2988643156007,32.13389121338912,39.78481769276748,1278.441003683909,1.0,8fe6c319c145bfe6c41b4bd884be5417741d8218678ea8dfc0735cca6b82988f,data/synthetic/seadronessee_30m_to_80m/geometry_only/train/val_00023941.png,data/synthetic/seadronessee_30m_to_80m/calibrated/train/val_00023941.png
val:23942,val:4889,val,23942,4889,4889.jpg,3840,2160,1,swimmer,1900.0,1290.0,31.0,37.0,1147.0,30.598507772020724,37.1,mavic,NorthSea_Fri_DJI_0112.MP4,5775,data/raw/seadronessee/odv2/images/val/4889.jpg,train,1673,1079,472,2752,2145,val_00023942,80.0,640,0.38254632396891813,314.07053197848177,312.922893006575,11.858936043036461,14.154213986849971,167.85391840950592,1.0,8fe6c319c145bfe6c41b4bd884be5417741d8218678ea8dfc0735cca6b82988f,data/synthetic/seadronessee_30m_to_80m/geometry_only/train/val_00023942.png,data/synthetic/seadronessee_30m_to_80m/calibrated/train/val_00023942.png
val:23948,val:4891,val,23948,4891,4891.jpg,3840,2160,1,swimmer,1835.0,1064.0,76.0,34.0,2584.0,30.39851752514477,37.1,mavic,NorthSea_Fri_DJI_0112.MP4,5805,data/raw/seadronessee/odv2/images/val/4891.jpg,train,1684,1031,239,2715,1923,val_00023948,80.0,640,0.38004750593824227,305.55819477434676,313.53919239904985,28.883610451306414,12.921615201900238,373.22289989336554,1.0,8fe6c319c145bfe6c41b4bd884be5417741d8218678ea8dfc0735cca6b82988f,data/synthetic/seadronessee_30m_to_80m/geometry_only/train/val_00023948.png,data/synthetic/seadronessee_30m_to_80m/calibrated/train/val_00023948.png
val:23949,val:4891,val,23949,4891,4891.jpg,3840,2160,5,buoy,1571.0,827.0,81.0,109.0,8829.0,30.39851752514477,37.1,mavic,NorthSea_Fri_DJI_0112.MP4,5805,data/raw/seadronessee/odv2/images/val/4891.jpg,train,1684,770,40,2454,1724,val_00023949,80.0,640,0.38004750593824227,304.41805225653206,299.09738717339667,30.783847980997624,41.425178147268404,1275.2263866712553,1.0,8fe6c319c145bfe6c41b4bd884be5417741d8218678ea8dfc0735cca6b82988f,data/synthetic/seadronessee_30m_to_80m/geometry_only/train/val_00023949.png,data/synthetic/seadronessee_30m_to_80m/calibrated/train/val_00023949.png
val:23950,val:4891,val,23950,4891,4891.jpg,3840,2160,1,swimmer,1896.0,1191.0,30.0,31.0,930.0,30.39851752514477,37.1,mavic,NorthSea_Fri_DJI_0112.MP4,5805,data/raw/seadronessee/odv2/images/val/4891.jpg,train,1684,1069,364,2753,2048,val_00023950,80.0,640,0.38004750593824227,314.29928741092635,314.29928741092635,11.401425178147267,11.78147268408551,134.3255792959868,1.0,8fe6c319c145bfe6c41b4bd884be5417741d8218678ea8dfc0735cca6b82988f,data/synthetic/seadronessee_30m_to_80m/geometry_only/train/val_00023950.png,data/synthetic/seadronessee_30m_to_80m/calibrated/train/val_00023950.png
val:23956,val:4893,val,23956,4893,4893.jpg,3840,2160,1,swimmer,1898.0,1024.0,72.0,34.0,2448.0,30.39851752514477,37.1,mavic,NorthSea_Fri_DJI_0112.MP4,5835,data/raw/seadronessee/odv2/images/val/4893.jpg,train,1684,1092,199,2776,1883,val_00023956,80.0,640,0.38004750593824227,306.31828978622326,313.53919239904985,27.363420427553443,12.921615201900238,353.5795893726621,1.0,8fe6c319c145bfe6c41b4bd884be5417741d8218678ea8dfc0735cca6b82988f,data/synthetic/seadronessee_30m_to_80m/geometry_only/train/val_00023956.png,data/synthetic/seadronessee_30m_to_80m/calibrated/train/val_00023956.png
val:23957,val:4893,val,23957,4893,4893.jpg,3840,2160,5,buoy,1626.0,791.0,76.0,103.0,7828.0,30.39851752514477,37.1,mavic,NorthSea_Fri_DJI_0112.MP4,5835,data/raw/seadronessee/odv2/images/val/4893.jpg,train,1684,822,0,2506,1684,val_00023957,80.0,640,0.38004750593824227,305.55819477434676,300.6175771971496,28.883610451306414,39.14489311163895,1130.6458437946071,1.0,8fe6c319c145bfe6c41b4bd884be5417741d8218678ea8dfc0735cca6b82988f,data/synthetic/seadronessee_30m_to_80m/geometry_only/train/val_00023957.png,data/synthetic/seadronessee_30m_to_80m/calibrated/train/val_00023957.png
val:23958,val:4893,val,23958,4893,4893.jpg,3840,2160,1,swimmer,1952.0,1148.0,29.0,25.0,725.0,30.39851752514477,37.1,mavic,NorthSea_Fri_DJI_0112.MP4,5835,data/raw/seadronessee/odv2/images/val/4893.jpg,train,1684,1124,318,2808,2002,val_00023958,80.0,640,0.38004750593824227,314.6793349168646,315.4394299287411,11.021377672209026,9.501187648456057,104.71617740816176,1.0,8fe6c319c145bfe6c41b4bd884be5417741d8218678ea8dfc0735cca6b82988f,data/synthetic/seadronessee_30m_to_80m/geometry_only/train/val_00023958.png,data/synthetic/seadronessee_30m_to_80m/calibrated/train/val_00023958.png
val:23964,val:4895,val,23964,4895,4895.jpg,3840,2160,1,swimmer,1869.0,1022.0,90.0,36.0,3240.0,30.498512648582743,37.1,mavic,NorthSea_Fri_DJI_0112.MP4,5865,data/raw/seadronessee/odv2/images/val/4895.jpg,train,1679,1074,200,2753,1879,val_00023964,80.0,640,0.38117927337701013,303.03752233472306,313.32936271590233,34.306134603930914,13.722453841572365,470.7643485852104,1.0,8fe6c319c145bfe6c41b4bd884be5417741d8218678ea8dfc0735cca6b82988f,data/synthetic/seadronessee_30m_to_80m/geometry_only/train/val_00023964.png,data/synthetic/seadronessee_30m_to_80m/calibrated/train/val_00023964.png
val:23965,val:4895,val,23965,4895,4895.jpg,3840,2160,5,buoy,1602.0,788.0,77.0,103.0,7931.0,30.498512648582743,37.1,mavic,NorthSea_Fri_DJI_0112.MP4,5865,data/raw/seadronessee/odv2/images/val/4895.jpg,train,1679,801,0,2480,1679,val_00023965,80.0,640,0.38117927337701013,305.3245979749851,300.369267421084,29.35080405002978,39.26146515783204,1152.3555705645997,1.0,8fe6c319c145bfe6c41b4bd884be5417741d8218678ea8dfc0735cca6b82988f,data/synthetic/seadronessee_30m_to_80m/geometry_only/train/val_00023965.png,data/synthetic/seadronessee_30m_to_80m/calibrated/train/val_00023965.png
val:23966,val:4895,val,23966,4895,4895.jpg,3840,2160,1,swimmer,1942.0,1152.0,26.0,25.0,650.0,30.498512648582743,37.1,mavic,NorthSea_Fri_DJI_0112.MP4,5865,data/raw/seadronessee/odv2/images/val/4895.jpg,train,1679,1116,325,2795,2004,val_00023966,80.0,640,0.38117927337701013,314.8540798094104,315.23525908278737,9.910661107802264,9.529481834425253,94.44346499394653,1.0,8fe6c319c145bfe6c41b4bd884be5417741d8218678ea8dfc0735cca6b82988f,data/synthetic/seadronessee_30m_to_80m/geometry_only/train/val_00023966.png,data/synthetic/seadronessee_30m_to_80m/calibrated/train/val_00023966.png
val:23972,val:4897,val,23972,4897,4897.jpg,3840,2160,1,swimmer,2333.0,1047.0,97.0,34.0,3298.0,30.39851752514477,37.1,mavic,NorthSea_Fri_DJI_0112.MP4,5895,data/raw/seadronessee/odv2/images/val/4897.jpg,train,1684,1540,222,3224,1906,val_00023972,80.0,640,0.38004750593824227,301.3776722090261,313.53919239904985,36.8646080760095,12.921615201900238,476.3502801270587,1.0,8fe6c319c145bfe6c41b4bd884be5417741d8218678ea8dfc0735cca6b82988f,data/synthetic/seadronessee_30m_to_80m/geometry_only/train/val_00023972.png,data/synthetic/seadronessee_30m_to_80m/calibrated/train/val_00023972.png
val:23974,val:4897,val,23974,4897,4897.jpg,3840,2160,1,swimmer,2383.0,1174.0,33.0,30.0,990.0,30.39851752514477,37.1,mavic,NorthSea_Fri_DJI_0112.MP4,5895,data/raw/seadronessee/odv2/images/val/4897.jpg,train,1684,1558,347,3242,2031,val_00023974,80.0,640,0.38004750593824227,313.53919239904985,314.29928741092635,12.541567695961994,11.401425178147267,142.9917457021795,1.0,8fe6c319c145bfe6c41b4bd884be5417741d8218678ea8dfc0735cca6b82988f,data/synthetic/seadronessee_30m_to_80m/geometry_only/train/val_00023974.png,data/synthetic/seadronessee_30m_to_80m/calibrated/train/val_00023974.png
val:23980,val:4899,val,23980,4899,4899.jpg,3840,2160,1,swimmer,2493.0,1072.0,73.0,36.0,2628.0,30.498512648582743,37.1,mavic,NorthSea_Fri_DJI_0112.MP4,5925,data/raw/seadronessee/odv2/images/val/4899.jpg,train,1679,1690,250,3369,1929,val_00023980,80.0,640,0.38117927337701013,306.0869565217391,313.32936271590233,27.82608695652174,13.722453841572365,381.8421938524484,1.0,8fe6c319c145bfe6c41b4bd884be5417741d8218678ea8dfc0735cca6b82988f,data/synthetic/seadronessee_30m_to_80m/geometry_only/train/val_00023980.png,data/synthetic/seadronessee_30m_to_80m/calibrated/train/val_00023980.png
val:23982,val:4899,val,23982,4899,4899.jpg,3840,2160,1,swimmer,2510.0,1206.0,31.0,27.0,837.0,30.498512648582743,37.1,mavic,NorthSea_Fri_DJI_0112.MP4,5925,data/raw/seadronessee/odv2/images/val/4899.jpg,train,1679,1686,380,3365,2059,val_00023982,80.0,640,0.38117927337701013,314.09172126265634,314.8540798094104,11.816557474687315,10.291840381179274,121.6141233845127,1.0,8fe6c319c145bfe6c41b4bd884be5417741d8218678ea8dfc0735cca6b82988f,data/synthetic/seadronessee_30m_to_80m/geometry_only/train/val_00023982.png,data/synthetic/seadronessee_30m_to_80m/calibrated/train/val_00023982.png
val:23988,val:4901,val,23988,4901,4901.jpg,3840,2160,1,swimmer,2446.0,1076.0,77.0,34.0,2618.0,30.598507772020724,37.1,mavic,NorthSea_Fri_DJI_0112.MP4,5955,data/raw/seadronessee/odv2/images/val/4901.jpg,train,1673,1648,256,3321,1929,val_00023988,80.0,640,0.38254632396891813,305.2719665271967,313.6879856545129,29.456066945606697,13.006575014943216,383.1225443732228,1.0,8fe6c319c145bfe6c41b4bd884be5417741d8218678ea8dfc0735cca6b82988f,data/synthetic/seadronessee_30m_to_80m/geometry_only/train/val_00023988.png,data/synthetic/seadronessee_30m_to_80m/calibrated/train/val_00023988.png
val:23990,val:4901,val,23990,4901,4901.jpg,3840,2160,1,swimmer,2443.0,1209.0,34.0,24.0,816.0,30.598507772020724,37.1,mavic,NorthSea_Fri_DJI_0112.MP4,5955,data/raw/seadronessee/odv2/images/val/4901.jpg,train,1673,1624,384,3297,2057,val_00023990,80.0,640,0.38254632396891813,313.30543933054395,315.60071727435746,13.006575014943216,9.181111775254035,119.41481902542009,1.0,8fe6c319c145bfe6c41b4bd884be5417741d8218678ea8dfc0735cca6b82988f,data/synthetic/seadronessee_30m_to_80m/geometry_only/train/val_00023990.png,data/synthetic/seadronessee_30m_to_80m/calibrated/train/val_00023990.png
val:23996,val:4903,val,23996,4903,4903.jpg,3840,2160,1,swimmer,2240.0,1058.0,75.0,45.0,3375.0,30.498512648582743,37.1,mavic,NorthSea_Fri_DJI_0112.MP4,5985,data/raw/seadronessee/odv2/images/val/4903.jpg,train,1679,1438,241,3117,1920,val_00023996,80.0,640,0.38117927337701013,305.7057772483621,311.4234663490173,28.58844550327576,17.153067301965457,490.3795297762609,1.0,8fe6c319c145bfe6c41b4bd884be5417741d8218678ea8dfc0735cca6b82988f,data/synthetic/seadronessee_30m_to_80m/geometry_only/train/val_00023996.png,data/synthetic/seadronessee_30m_to_80m/calibrated/train/val_00023996.png
val:23998,val:4903,val,23998,4903,4903.jpg,3840,2160,1,swimmer,2214.0,1199.0,31.0,20.0,620.0,30.498512648582743,37.1,mavic,NorthSea_Fri_DJI_0112.MP4,5985,data/raw/seadronessee/odv2/images/val/4903.jpg,train,1679,1390,370,3069,2049,val_00023998,80.0,640,0.38117927337701013,314.09172126265634,315.9976176295414,11.816557474687315,7.623585467540202,90.08453584037977,1.0,8fe6c319c145bfe6c41b4bd884be5417741d8218678ea8dfc0735cca6b82988f,data/synthetic/seadronessee_30m_to_80m/geometry_only/train/val_00023998.png,data/synthetic/seadronessee_30m_to_80m/calibrated/train/val_00023998.png
val:24004,val:4905,val,24004,4905,4905.jpg,3840,2160,1,swimmer,1956.0,1069.0,64.0,30.0,1920.0,30.598507772020724,37.1,mavic,NorthSea_Fri_DJI_0112.MP4,6015,data/raw/seadronessee/odv2/images/val/4905.jpg,train,1673,1152,248,2825,1921,val_00024004,80.0,640,0.38254632396891813,307.56724447101016,314.07053197848177,24.48296473401076,11.476389719067544,280.9760447656943,1.0,8fe6c319c145bfe6c41b4bd884be5417741d8218678ea8dfc0735cca6b82988f,data/synthetic/seadronessee_30m_to_80m/geometry_only/train/val_00024004.png,data/synthetic/seadronessee_30m_to_80m/calibrated/train/val_00024004.png
val:24005,val:4905,val,24005,4905,4905.jpg,3840,2160,5,buoy,1718.0,787.0,77.0,108.0,8316.0,30.598507772020724,37.1,mavic,NorthSea_Fri_DJI_0112.MP4,6015,data/raw/seadronessee/odv2/images/val/4905.jpg,train,1673,920,4,2593,1677,val_00024005,80.0,640,0.38254632396891813,305.2719665271967,299.5337716676629,29.456066945606697,41.31500298864316,1216.9774938914136,1.0,8fe6c319c145bfe6c41b4bd884be5417741d8218678ea8dfc0735cca6b82988f,data/synthetic/seadronessee_30m_to_80m/geometry_only/train/val_00024005.png,data/synthetic/seadronessee_30m_to_80m/calibrated/train/val_00024005.png
val:24006,val:4905,val,24006,4905,4905.jpg,3840,2160,1,swimmer,1897.0,1193.0,31.0,29.0,899.0,30.598507772020724,37.1,mavic,NorthSea_Fri_DJI_0112.MP4,6015,data/raw/seadronessee/odv2/images/val/4905.jpg,train,1673,1076,371,2749,2044,val_00024006,80.0,640,0.38254632396891813,314.07053197848177,314.4530783024507,11.858936043036461,11.093843395098625,131.56117929393707,1.0,8fe6c319c145bfe6c41b4bd884be5417741d8218678ea8dfc0735cca6b82988f,data/synthetic/seadronessee_30m_to_80m/geometry_only/train/val_00024006.png,data/synthetic/seadronessee_30m_to_80m/calibrated/train/val_00024006.png
val:24012,val:4907,val,24012,4907,4907.jpg,3840,2160,1,swimmer,1666.0,1069.0,46.0,25.0,1150.0,30.498512648582743,37.1,mavic,NorthSea_Fri_DJI_0112.MP4,6045,data/raw/seadronessee/odv2/images/val/4907.jpg,train,1679,850,242,2529,1921,val_00024012,80.0,640,0.38117927337701013,311.0422870756403,315.23525908278737,17.534246575342465,9.529481834425253,167.0922842200592,1.0,8fe6c319c145bfe6c41b4bd884be5417741d8218678ea8dfc0735cca6b82988f,data/synthetic/seadronessee_30m_to_80m/geometry_only/train/val_00024012.png,data/synthetic/seadronessee_30m_to_80m/calibrated/train/val_00024012.png
val:24013,val:4907,val,24013,4907,4907.jpg,3840,2160,5,buoy,1434.0,799.0,79.0,101.0,7979.0,30.498512648582743,37.1,mavic,NorthSea_Fri_DJI_0112.MP4,6045,data/raw/seadronessee/odv2/images/val/4907.jpg,train,1679,634,10,2313,1689,val_00024013,80.0,640,0.38117927337701013,304.9434187016081,300.750446694461,30.113162596783802,38.49910661107803,1159.3298572103067,1.0,8fe6c319c145bfe6c41b4bd884be5417741d8218678ea8dfc0735cca6b82988f,data/synthetic/seadronessee_30m_to_80m/geometry_only/train/val_00024013.png,data/synthetic/seadronessee_30m_to_80m/calibrated/train/val_00024013.png
val:24014,val:4907,val,24014,4907,4907.jpg,3840,2160,1,swimmer,1568.0,1187.0,27.0,27.0,729.0,30.498512648582743,37.1,mavic,NorthSea_Fri_DJI_0112.MP4,6045,data/raw/seadronessee/odv2/images/val/4907.jpg,train,1679,742,361,2421,2040,val_00024014,80.0,640,0.38117927337701013,314.8540798094104,314.8540798094104,10.291840381179274,10.291840381179274,105.92197843167233,1.0,8fe6c319c145bfe6c41b4bd884be5417741d8218678ea8dfc0735cca6b82988f,data/synthetic/seadronessee_30m_to_80m/geometry_only/train/val_00024014.png,data/synthetic/seadronessee_30m_to_80m/calibrated/train/val_00024014.png
val:24020,val:4909,val,24020,4909,4909.jpg,3840,2160,1,swimmer,1606.0,1074.0,51.0,29.0,1479.0,30.39851752514477,37.1,mavic,NorthSea_Fri_DJI_0112.MP4,6075,data/raw/seadronessee/odv2/images/val/4909.jpg,train,1684,790,246,2474,1930,val_00024020,80.0,640,0.38004750593824227,310.1187648456057,314.6793349168646,19.382422802850357,11.021377672209026,213.62100191265,1.0,8fe6c319c145bfe6c41b4bd884be5417741d8218678ea8dfc0735cca6b82988f,data/synthetic/seadronessee_30m_to_80m/geometry_only/train/val_00024020.png,data/synthetic/seadronessee_30m_to_80m/calibrated/train/val_00024020.png
val:24022,val:4909,val,24022,4909,4909.jpg,3840,2160,1,swimmer,1494.0,1201.0,27.0,26.0,702.0,30.39851752514477,37.1,mavic,NorthSea_Fri_DJI_0112.MP4,6075,data/raw/seadronessee/odv2/images/val/4909.jpg,train,1684,666,372,2350,2056,val_00024022,80.0,640,0.38004750593824227,314.6793349168646,315.05938242280286,10.261282660332542,9.881235154394298,101.39414695245456,1.0,8fe6c319c145bfe6c41b4bd884be5417741d8218678ea8dfc0735cca6b82988f,data/synthetic/seadronessee_30m_to_80m/geometry_only/train/val_00024022.png,data/synthetic/seadronessee_30m_to_80m/calibrated/train/val_00024022.png
val:24028,val:4911,val,24028,4911,4911.jpg,3840,2160,1,swimmer,1765.0,1062.0,78.0,38.0,2964.0,30.39851752514477,37.1,mavic,NorthSea_Fri_DJI_0112.MP4,6105,data/raw/seadronessee/odv2/images/val/4911.jpg,train,1684,962,239,2646,1923,val_00024028,80.0,640,0.38004750593824227,305.17814726840857,312.7790973871734,29.643705463182897,14.441805225653207,428.1086204659193,1.0,8fe6c319c145bfe6c41b4bd884be5417741d8218678ea8dfc0735cca6b82988f,data/synthetic/seadronessee_30m_to_80m/geometry_only/train/val_00024028.png,data/synthetic/seadronessee_30m_to_80m/calibrated/train/val_00024028.png
val:24030,val:4911,val,24030,4911,4911.jpg,3840,2160,1,swimmer,1660.0,1191.0,29.0,26.0,754.0,30.39851752514477,37.1,mavic,NorthSea_Fri_DJI_0112.MP4,6105,data/raw/seadronessee/odv2/images/val/4911.jpg,train,1684,832,362,2516,2046,val_00024030,80.0,640,0.38004750593824227,314.6793349168646,315.05938242280286,11.021377672209026,9.881235154394298,108.90482450448822,1.0,8fe6c319c145bfe6c41b4bd884be5417741d8218678ea8dfc0735cca6b82988f,data/synthetic/seadronessee_30m_to_80m/geometry_only/train/val_00024030.png,data/synthetic/seadronessee_30m_to_80m/calibrated/train/val_00024030.png
val:24036,val:4913,val,24036,4913,4913.jpg,3840,2160,1,swimmer,1985.0,1069.0,74.0,39.0,2886.0,30.698502895458702,37.1,mavic,NorthSea_Fri_DJI_0112.MP4,6135,data/raw/seadronessee/odv2/images/val/4913.jpg,train,1668,1188,254,2856,1922,val_00024036,80.0,640,0.38369304556354916,305.8033573141487,312.7098321342926,28.39328537170264,14.964028776978417,424.8779393751186,1.0,8fe6c319c145bfe6c41b4bd884be5417741d8218678ea8dfc0735cca6b82988f,data/synthetic/seadronessee_30m_to_80m/geometry_only/train/val_00024036.png,data/synthetic/seadronessee_30m_to_80m/calibrated/train/val_00024036.png
val:24038,val:4913,val,24038,4913,4913.jpg,3840,2160,1,swimmer,1859.0,1190.0,31.0,28.0,868.0,30.698502895458702,37.1,mavic,NorthSea_Fri_DJI_0112.MP4,6135,data/raw/seadronessee/odv2/images/val/4913.jpg,train,1668,1040,370,2708,2038,val_00024038,80.0,640,0.38369304556354916,314.24460431654677,314.6282973621103,11.894484412470025,10.743405275779377,127.78726658960603,1.0,8fe6c319c145bfe6c41b4bd884be5417741d8218678ea8dfc0735cca6b82988f,data/synthetic/seadronessee_30m_to_80m/geometry_only/train/val_00024038.png,data/synthetic/seadronessee_30m_to_80m/calibrated/train/val_00024038.png
val:24044,val:4915,val,24044,4915,4915.jpg,3840,2160,1,swimmer,2237.0,1088.0,62.0,37.0,2294.0,30.698502895458702,37.1,mavic,NorthSea_Fri_DJI_0112.MP4,6165,data/raw/seadronessee/odv2/images/val/4915.jpg,train,1668,1434,272,3102,1940,val_00024044,80.0,640,0.38369304556354916,308.10551558752996,313.0935251798561,23.78896882494005,14.19664268585132,337.7234902725302,1.0,8fe6c319c145bfe6c41b4bd884be5417741d8218678ea8dfc0735cca6b82988f,data/synthetic/seadronessee_30m_to_80m/geometry_only/train/val_00024044.png,data/synthetic/seadronessee_30m_to_80m/calibrated/train/val_00024044.png
val:24046,val:4915,val,24046,4915,4915.jpg,3840,2160,1,swimmer,2080.0,1187.0,28.0,24.0,672.0,30.698502895458702,37.1,mavic,NorthSea_Fri_DJI_0112.MP4,6165,data/raw/seadronessee/odv2/images/val/4915.jpg,train,1668,1260,365,2928,2033,val_00024046,80.0,640,0.38369304556354916,314.6282973621103,315.39568345323744,10.743405275779377,9.20863309352518,98.93207735969499,1.0,8fe6c319c145bfe6c41b4bd884be5417741d8218678ea8dfc0735cca6b82988f,data/synthetic/seadronessee_30m_to_80m/geometry_only/train/val_00024046.png,data/synthetic/seadronessee_30m_to_80m/calibrated/train/val_00024046.png
val:24052,val:4917,val,24052,4917,4917.jpg,3840,2160,1,swimmer,2256.0,1073.0,53.0,30.0,1590.0,30.598507772020724,37.1,mavic,NorthSea_Fri_DJI_0112.MP4,6195,data/raw/seadronessee/odv2/images/val/4917.jpg,train,1673,1446,252,3119,1925,val_00024052,80.0,640,0.38254632396891813,309.8625224148237,314.07053197848177,20.274955170352662,11.476389719067544,232.68328707159066,1.0,8fe6c319c145bfe6c41b4bd884be5417741d8218678ea8dfc0735cca6b82988f,data/synthetic/seadronessee_30m_to_80m/geometry_only/train/val_00024052.png,data/synthetic/seadronessee_30m_to_80m/calibrated/train/val_00024052.png
val:24054,val:4917,val,24054,4917,4917.jpg,3840,2160,1,swimmer,2086.0,1178.0,26.0,22.0,572.0,30.598507772020724,37.1,mavic,NorthSea_Fri_DJI_0112.MP4,6195,data/raw/seadronessee/odv2/images/val/4917.jpg,train,1673,1262,352,2935,2025,val_00024054,80.0,640,0.38254632396891813,315.2181709503885,315.9832635983264,9.94620442319187,8.416019127316199,83.70744666977977,1.0,8fe6c319c145bfe6c41b4bd884be5417741d8218678ea8dfc0735cca6b82988f,data/synthetic/seadronessee_30m_to_80m/geometry_only/train/val_00024054.png,data/synthetic/seadronessee_30m_to_80m/calibrated/train/val_00024054.png
val:24060,val:4919,val,24060,4919,4919.jpg,3840,2160,1,swimmer,2260.0,1055.0,56.0,35.0,1960.0,30.498512648582743,37.1,mavic,NorthSea_Fri_DJI_0112.MP4,6225,data/raw/seadronessee/odv2/images/val/4919.jpg,train,1679,1448,233,3127,1912,val_00024060,80.0,640,0.38117927337701013,309.5175699821322,313.32936271590233,21.346039309112566,13.341274568195354,284.7833713663618,1.0,8fe6c319c145bfe6c41b4bd884be5417741d8218678ea8dfc0735cca6b82988f,data/synthetic/seadronessee_30m_to_80m/geometry_only/train/val_00024060.png,data/synthetic/seadronessee_30m_to_80m/calibrated/train/val_00024060.png
val:24062,val:4919,val,24062,4919,4919.jpg,3840,2160,1,swimmer,2100.0,1163.0,29.0,22.0,638.0,30.498512648582743,37.1,mavic,NorthSea_Fri_DJI_0112.MP4,6225,data/raw/seadronessee/odv2/images/val/4919.jpg,train,1679,1275,334,2954,2013,val_00024062,80.0,640,0.38117927337701013,314.47290053603336,315.9976176295414,11.054198927933294,8.385944014294223,92.69989333251982,1.0,8fe6c319c145bfe6c41b4bd884be5417741d8218678ea8dfc0735cca6b82988f,data/synthetic/seadronessee_30m_to_80m/geometry_only/train/val_00024062.png,data/synthetic/seadronessee_30m_to_80m/calibrated/train/val_00024062.png
val:24069,val:4921,val,24069,4921,4921.jpg,3840,2160,1,swimmer,2247.0,1058.0,61.0,42.0,2562.0,30.598507772020724,37.1,mavic,NorthSea_Fri_DJI_0112.MP4,6255,data/raw/seadronessee/odv2/images/val/4921.jpg,train,1673,1441,242,3114,1915,val_00024069,80.0,640,0.38254632396891813,308.33233711894803,312.1578003586372,23.335325762104006,16.06694560669456,374.9274097342233,1.0,8fe6c319c145bfe6c41b4bd884be5417741d8218678ea8dfc0735cca6b82988f,data/synthetic/seadronessee_30m_to_80m/geometry_only/train/val_00024069.png,data/synthetic/seadronessee_30m_to_80m/calibrated/train/val_00024069.png
val:24071,val:4921,val,24071,4921,4921.jpg,3840,2160,1,swimmer,2090.0,1164.0,30.0,23.0,690.0,30.598507772020724,37.1,mavic,NorthSea_Fri_DJI_0112.MP4,6255,data/raw/seadronessee/odv2/images/val/4921.jpg,train,1673,1268,339,2941,2012,val_00024071,80.0,640,0.38254632396891813,314.4530783024507,315.60071727435746,11.476389719067544,8.798565451285118,100.97576608767142,1.0,8fe6c319c145bfe6c41b4bd884be5417741d8218678ea8dfc0735cca6b82988f,data/synthetic/seadronessee_30m_to_80m/geometry_only/train/val_00024071.png,data/synthetic/seadronessee_30m_to_80m/calibrated/train/val_00024071.png
val:24079,val:4923,val,24079,4923,4923.jpg,3840,2160,1,swimmer,2277.0,1081.0,69.0,48.0,3312.0,30.698502895458702,37.1,mavic,NorthSea_Fri_DJI_0112.MP4,6285,data/raw/seadronessee/odv2/images/val/4923.jpg,train,1668,1478,271,3146,1939,val_00024079,80.0,640,0.38369304556354916,306.5707434052758,310.7913669064748,26.47482014388489,18.41726618705036,487.5938098442109,1.0,8fe6c319c145bfe6c41b4bd884be5417741d8218678ea8dfc0735cca6b82988f,data/synthetic/seadronessee_30m_to_80m/geometry_only/train/val_00024079.png,data/synthetic/seadronessee_30m_to_80m/calibrated/train/val_00024079.png
val:24081,val:4923,val,24081,4923,4923.jpg,3840,2160,1,swimmer,2131.0,1193.0,30.0,20.0,600.0,30.698502895458702,37.1,mavic,NorthSea_Fri_DJI_0112.MP4,6285,data/raw/seadronessee/odv2/images/val/4923.jpg,train,1668,1312,369,2980,2037,val_00024081,80.0,640,0.38369304556354916,314.24460431654677,316.16306954436453,11.510791366906474,7.6738609112709835,88.33221192829909,1.0,8fe6c319c145bfe6c41b4bd884be5417741d8218678ea8dfc0735cca6b82988f,data/synthetic/seadronessee_30m_to_80m/geometry_only/train/val_00024081.png,data/synthetic/seadronessee_30m_to_80m/calibrated/train/val_00024081.png
val:37468,val:6641,val,37468,6641,6641.jpg,3840,2160,2,boat,1453.0,815.0,233.0,113.0,26329.0,31.698454129838463,26.7,mavic,NorthSea_Fri_DJI_0114.MP4,5415,data/raw/seadronessee/odv2/images/val/6641.jpg,train,1615,762,64,2377,1679,val_00037468,80.0,640,0.39628482972136225,273.83281733746134,297.60990712074306,92.3343653250774,44.78018575851394,4134.750031151454,1.0,8fe6c319c145bfe6c41b4bd884be5417741d8218678ea8dfc0735cca6b82988f,data/synthetic/seadronessee_30m_to_80m/geometry_only/train/val_00037468.png,data/synthetic/seadronessee_30m_to_80m/calibrated/train/val_00037468.png
val:37469,val:6641,val,37469,6641,6641.jpg,3840,2160,1,swimmer,1695.0,1190.0,56.0,33.0,1848.0,31.698454129838463,26.7,mavic,NorthSea_Fri_DJI_0114.MP4,5415,data/raw/seadronessee/odv2/images/val/6641.jpg,train,1615,916,399,2531,2014,val_00037469,80.0,640,0.39628482972136225,308.7058823529412,313.46130030959756,22.191950464396285,13.077399380804954,290.2129992619502,1.0,8fe6c319c145bfe6c41b4bd884be5417741d8218678ea8dfc0735cca6b82988f,data/synthetic/seadronessee_30m_to_80m/geometry_only/train/val_00037469.png,data/synthetic/seadronessee_30m_to_80m/calibrated/train/val_00037469.png
val:37471,val:6641,val,37471,6641,6641.jpg,3840,2160,1,swimmer,1803.0,1104.0,30.0,25.0,750.0,31.698454129838463,26.7,mavic,NorthSea_Fri_DJI_0114.MP4,5415,data/raw/seadronessee/odv2/images/val/6641.jpg,train,1615,1010,309,2625,1924,val_00037471,80.0,640,0.39628482972136225,314.25386996904024,315.046439628483,11.888544891640867,9.907120743034056,117.7812497004668,1.0,8fe6c319c145bfe6c41b4bd884be5417741d8218678ea8dfc0735cca6b82988f,data/synthetic/seadronessee_30m_to_80m/geometry_only/train/val_00037471.png,data/synthetic/seadronessee_30m_to_80m/calibrated/train/val_00037471.png
val:37472,val:6641,val,37472,6641,6641.jpg,3840,2160,1,swimmer,1495.0,1088.0,24.0,28.0,672.0,31.698454129838463,26.7,mavic,NorthSea_Fri_DJI_0114.MP4,5415,data/raw/seadronessee/odv2/images/val/6641.jpg,train,1615,700,294,2315,1909,val_00037472,80.0,640,0.39628482972136225,315.046439628483,314.6501547987616,9.510835913312693,11.095975232198143,105.53199973161824,1.0,8fe6c319c145bfe6c41b4bd884be5417741d8218678ea8dfc0735cca6b82988f,data/synthetic/seadronessee_30m_to_80m/geometry_only/train/val_00037472.png,data/synthetic/seadronessee_30m_to_80m/calibrated/train/val_00037472.png
val:37473,val:6641,val,37473,6641,6641.jpg,3840,2160,1,swimmer,1536.0,1315.0,62.0,39.0,2418.0,31.698454129838463,26.7,mavic,NorthSea_Fri_DJI_0114.MP4,5415,data/raw/seadronessee/odv2/images/val/6641.jpg,train,1615,760,527,2375,2142,val_00037473,80.0,640,0.39628482972136225,307.5170278637771,312.27244582043346,24.56965944272446,15.455108359133128,379.726749034305,1.0,8fe6c319c145bfe6c41b4bd884be5417741d8218678ea8dfc0735cca6b82988f,data/synthetic/seadronessee_30m_to_80m/geometry_only/train/val_00037473.png,data/synthetic/seadronessee_30m_to_80m/calibrated/train/val_00037473.png
val:37477,val:6641,val,37477,6641,6641.jpg,3840,2160,1,swimmer,1964.0,999.0,28.0,28.0,784.0,31.698454129838463,26.7,mavic,NorthSea_Fri_DJI_0114.MP4,5415,data/raw/seadronessee/odv2/images/val/6641.jpg,train,1615,1170,206,2785,1821,val_00037477,80.0,640,0.39628482972136225,314.6501547987616,314.25386996904024,11.095975232198143,11.095975232198143,123.12066635355463,1.0,8fe6c319c145bfe6c41b4bd884be5417741d8218678ea8dfc0735cca6b82988f,data/synthetic/seadronessee_30m_to_80m/geometry_only/train/val_00037477.png,data/synthetic/seadronessee_30m_to_80m/calibrated/train/val_00037477.png
val:37489,val:6643,val,37489,6643,6643.jpg,3840,2160,2,boat,1444.0,755.0,223.0,105.0,23415.0,31.698454129838463,26.7,mavic,NorthSea_Fri_DJI_0114.MP4,5445,data/raw/seadronessee/odv2/images/val/6643.jpg,train,1615,748,0,2363,1615,val_00037489,80.0,640,0.39628482972136225,275.8142414860681,299.1950464396285,88.37151702786379,41.60990712074304,3677.1306156485743,1.0,8fe6c319c145bfe6c41b4bd884be5417741d8218678ea8dfc0735cca6b82988f,data/synthetic/seadronessee_30m_to_80m/geometry_only/train/val_00037489.png,data/synthetic/seadronessee_30m_to_80m/calibrated/train/val_00037489.png
val:37490,val:6643,val,37490,6643,6643.jpg,3840,2160,1,swimmer,1723.0,1105.0,67.0,28.0,1876.0,31.698454129838463,26.7,mavic,NorthSea_Fri_DJI_0114.MP4,5445,data/raw/seadronessee/odv2/images/val/6643.jpg,train,1615,949,312,2564,1927,val_00037490,80.0,640,0.39628482972136225,306.7244582043344,314.25386996904024,26.55108359133127,11.095975232198143,294.6101659174343,1.0,8fe6c319c145bfe6c41b4bd884be5417741d8218678ea8dfc0735cca6b82988f,data/synthetic/seadronessee_30m_to_80m/geometry_only/train/val_00037490.png,data/synthetic/seadronessee_30m_to_80m/calibrated/train/val_00037490.png
val:37492,val:6643,val,37492,6643,6643.jpg,3840,2160,1,swimmer,1827.0,1028.0,28.0,24.0,672.0,31.698454129838463,26.7,mavic,NorthSea_Fri_DJI_0114.MP4,5445,data/raw/seadronessee/odv2/images/val/6643.jpg,train,1615,1034,232,2649,1847,val_00037492,80.0,640,0.39628482972136225,314.25386996904024,315.44272445820434,11.095975232198143,9.510835913312693,105.53199973161824,1.0,8fe6c319c145bfe6c41b4bd884be5417741d8218678ea8dfc0735cca6b82988f,data/synthetic/seadronessee_30m_to_80m/geometry_only/train/val_00037492.png,data/synthetic/seadronessee_30m_to_80m/calibrated/train/val_00037492.png
val:37493,val:6643,val,37493,6643,6643.jpg,3840,2160,1,swimmer,1525.0,1000.0,22.0,26.0,572.0,31.698454129838463,26.7,mavic,NorthSea_Fri_DJI_0114.MP4,5445,data/raw/seadronessee/odv2/images/val/6643.jpg,train,1615,728,206,2343,1821,val_00037493,80.0,640,0.39628482972136225,315.8390092879257,314.6501547987616,8.71826625386997,10.303405572755418,89.82783310488935,1.0,8fe6c319c145bfe6c41b4bd884be5417741d8218678ea8dfc0735cca6b82988f,data/synthetic/seadronessee_30m_to_80m/geometry_only/train/val_00037493.png,data/synthetic/seadronessee_30m_to_80m/calibrated/train/val_00037493.png
val:37494,val:6643,val,37494,6643,6643.jpg,3840,2160,1,swimmer,1584.0,1217.0,58.0,28.0,1624.0,31.698454129838463,26.7,mavic,NorthSea_Fri_DJI_0114.MP4,5445,data/raw/seadronessee/odv2/images/val/6643.jpg,train,1615,806,424,2421,2039,val_00037494,80.0,640,0.39628482972136225,308.30959752321985,314.25386996904024,22.98452012383901,11.095975232198143,255.03566601807745,1.0,8fe6c319c145bfe6c41b4bd884be5417741d8218678ea8dfc0735cca6b82988f,data/synthetic/seadronessee_30m_to_80m/geometry_only/train/val_00037494.png,data/synthetic/seadronessee_30m_to_80m/calibrated/train/val_00037494.png
val:37495,val:6643,val,37495,6643,6643.jpg,3840,2160,1,swimmer,1636.0,1279.0,33.0,34.0,1122.0,31.698454129838463,26.7,mavic,NorthSea_Fri_DJI_0114.MP4,5445,data/raw/seadronessee/odv2/images/val/6643.jpg,train,1615,845,488,2460,2103,val_00037495,80.0,640,0.39628482972136225,313.46130030959756,313.46130030959756,13.077399380804954,13.473684210526317,176.20074955189833,1.0,8fe6c319c145bfe6c41b4bd884be5417741d8218678ea8dfc0735cca6b82988f,data/synthetic/seadronessee_30m_to_80m/geometry_only/train/val_00037495.png,data/synthetic/seadronessee_30m_to_80m/calibrated/train/val_00037495.png
val:37496,val:6643,val,37496,6643,6643.jpg,3840,2160,1,swimmer,1538.0,1292.0,43.0,29.0,1247.0,31.698454129838463,26.7,mavic,NorthSea_Fri_DJI_0114.MP4,5445,data/raw/seadronessee/odv2/images/val/6643.jpg,train,1615,752,499,2367,2114,val_00037496,80.0,640,0.39628482972136225,311.4798761609907,314.25386996904024,17.040247678018577,11.492260061919506,195.83095783530948,1.0,8fe6c319c145bfe6c41b4bd884be5417741d8218678ea8dfc0735cca6b82988f,data/synthetic/seadronessee_30m_to_80m/geometry_only/train/val_00037496.png,data/synthetic/seadronessee_30m_to_80m/calibrated/train/val_00037496.png
val:37498,val:6643,val,37498,6643,6643.jpg,3840,2160,1,swimmer,1976.0,927.0,34.0,24.0,816.0,31.698454129838463,26.7,mavic,NorthSea_Fri_DJI_0114.MP4,5445,data/raw/seadronessee/odv2/images/val/6643.jpg,train,1615,1186,132,2801,1747,val_00037498,80.0,640,0.39628482972136225,313.0650154798762,315.046439628483,13.473684210526317,9.510835913312693,128.14599967410788,1.0,8fe6c319c145bfe6c41b4bd884be5417741d8218678ea8dfc0735cca6b82988f,data/synthetic/seadronessee_30m_to_80m/geometry_only/train/val_00037498.png,data/synthetic/seadronessee_30m_to_80m/calibrated/train/val_00037498.png
val:37511,val:6645,val,37511,6645,6645.jpg,3840,2160,2,boat,1402.0,758.0,230.0,112.0,25760.0,31.79844925327644,26.7,mavic,NorthSea_Fri_DJI_0114.MP4,5475,data/raw/seadronessee/odv2/images/val/6645.jpg,train,1610,712,9,2322,1619,val_00037511,80.0,640,0.39751552795031053,274.2857142857143,297.73913043478257,91.42857142857142,44.52173913043478,4070.5590062111796,1.0,8fe6c319c145bfe6c41b4bd884be5417741d8218678ea8dfc0735cca6b82988f,data/synthetic/seadronessee_30m_to_80m/geometry_only/train/val_00037511.png,data/synthetic/seadronessee_30m_to_80m/calibrated/train/val_00037511.png
val:37512,val:6645,val,37512,6645,6645.jpg,3840,2160,1,swimmer,1741.0,1094.0,53.0,25.0,1325.0,31.79844925327644,26.7,mavic,NorthSea_Fri_DJI_0114.MP4,5475,data/raw/seadronessee/odv2/images/val/6645.jpg,train,1610,962,302,2572,1912,val_00037512,80.0,640,0.39751552795031053,309.6645962732919,314.83229813664593,21.068322981366457,9.937888198757763,209.3746383241387,1.0,8fe6c319c145bfe6c41b4bd884be5417741d8218678ea8dfc0735cca6b82988f,data/synthetic/seadronessee_30m_to_80m/geometry_only/train/val_00037512.png,data/synthetic/seadronessee_30m_to_80m/calibrated/train/val_00037512.png
val:37514,val:6645,val,37514,6645,6645.jpg,3840,2160,1,swimmer,1979.0,920.0,32.0,22.0,704.0,31.79844925327644,26.7,mavic,NorthSea_Fri_DJI_0114.MP4,5475,data/raw/seadronessee/odv2/images/val/6645.jpg,train,1610,1190,126,2800,1736,val_00037514,80.0,640,0.39751552795031053,313.639751552795,315.62732919254654,12.720496894409937,8.745341614906831,111.24509085297633,1.0,8fe6c319c145bfe6c41b4bd884be5417741d8218678ea8dfc0735cca6b82988f,data/synthetic/seadronessee_30m_to_80m/geometry_only/train/val_00037514.png,data/synthetic/seadronessee_30m_to_80m/calibrated/train/val_00037514.png
val:37515,val:6645,val,37515,6645,6645.jpg,3840,2160,1,swimmer,1826.0,1021.0,32.0,20.0,640.0,31.79844925327644,26.7,mavic,NorthSea_Fri_DJI_0114.MP4,5475,data/raw/seadronessee/odv2/images/val/6645.jpg,train,1610,1037,226,2647,1836,val_00037515,80.0,640,0.39751552795031053,313.639751552795,316.0248447204969,12.720496894409937,7.95031055900621,101.13190077543302,1.0,8fe6c319c145bfe6c41b4bd884be5417741d8218678ea8dfc0735cca6b82988f,data/synthetic/seadronessee_30m_to_80m/geometry_only/train/val_00037515.png,data/synthetic/seadronessee_30m_to_80m/calibrated/train/val_00037515.png
val:37516,val:6645,val,37516,6645,6645.jpg,3840,2160,1,swimmer,1534.0,981.0,18.0,24.0,432.0,31.79844925327644,26.7,mavic,NorthSea_Fri_DJI_0114.MP4,5475,data/raw/seadronessee/odv2/images/val/6645.jpg,train,1610,738,188,2348,1798,val_00037516,80.0,640,0.39751552795031053,316.4223602484472,315.22981366459624,7.155279503105589,9.540372670807454,68.2640330234173,1.0,8fe6c319c145bfe6c41b4bd884be5417741d8218678ea8dfc0735cca6b82988f,data/synthetic/seadronessee_30m_to_80m/geometry_only/train/val_00037516.png,data/synthetic/seadronessee_30m_to_80m/calibrated/train/val_00037516.png
val:37517,val:6645,val,37517,6645,6645.jpg,3840,2160,1,swimmer,1601.0,1199.0,59.0,27.0,1593.0,31.79844925327644,26.7,mavic,NorthSea_Fri_DJI_0114.MP4,5475,data/raw/seadronessee/odv2/images/val/6645.jpg,train,1610,826,408,2436,2018,val_00037517,80.0,640,0.39751552795031053,308.07453416149065,314.4347826086956,23.45341614906832,10.732919254658384,251.72362177385128,1.0,8fe6c319c145bfe6c41b4bd884be5417741d8218678ea8dfc0735cca6b82988f,data/synthetic/seadronessee_30m_to_80m/geometry_only/train/val_00037517.png,data/synthetic/seadronessee_30m_to_80m/calibrated/train/val_00037517.png
val:37518,val:6645,val,37518,6645,6645.jpg,3840,2160,1,swimmer,1657.0,1274.0,23.0,30.0,690.0,31.79844925327644,26.7,mavic,NorthSea_Fri_DJI_0114.MP4,5475,data/raw/seadronessee/odv2/images/val/6645.jpg,train,1610,864,484,2474,2094,val_00037518,80.0,640,0.39751552795031053,315.22981366459624,314.0372670807453,9.142857142857142,11.925465838509316,109.03283052351374,1.0,8fe6c319c145bfe6c41b4bd884be5417741d8218678ea8dfc0735cca6b82988f,data/synthetic/seadronessee_30m_to_80m/geometry_only/train/val_00037518.png,data/synthetic/seadronessee_30m_to_80m/calibrated/train/val_00037518.png
val:37519,val:6645,val,37519,6645,6645.jpg,3840,2160,1,swimmer,1550.0,1282.0,40.0,30.0,1200.0,31.79844925327644,26.7,mavic,NorthSea_Fri_DJI_0114.MP4,5475,data/raw/seadronessee/odv2/images/val/6645.jpg,train,1610,765,492,2375,2102,val_00037519,80.0,640,0.39751552795031053,312.04968944099375,314.0372670807453,15.90062111801242,11.925465838509316,189.62231395393692,1.0,8fe6c319c145bfe6c41b4bd884be5417741d8218678ea8dfc0735cca6b82988f,data/synthetic/seadronessee_30m_to_80m/geometry_only/train/val_00037519.png,data/synthetic/seadronessee_30m_to_80m/calibrated/train/val_00037519.png
val:37520,val:6645,val,37520,6645,6645.jpg,3840,2160,1,swimmer,1548.0,1336.0,35.0,25.0,875.0,31.79844925327644,26.7,mavic,NorthSea_Fri_DJI_0114.MP4,5475,data/raw/seadronessee/odv2/images/val/6645.jpg,train,1610,760,544,2370,2154,val_00037520,80.0,640,0.39751552795031053,313.2422360248447,314.83229813664593,13.91304347826087,9.937888198757763,138.26627059141236,1.0,8fe6c319c145bfe6c41b4bd884be5417741d8218678ea8dfc0735cca6b82988f,data/synthetic/seadronessee_30m_to_80m/geometry_only/train/val_00037520.png,data/synthetic/seadronessee_30m_to_80m/calibrated/train/val_00037520.png
val:37533,val:6647,val,37533,6647,6647.jpg,3840,2160,2,boat,1352.0,772.0,225.0,106.0,23850.0,31.89844437671441,26.7,mavic,NorthSea_Fri_DJI_0114.MP4,5505,data/raw/seadronessee/odv2/images/val/6647.jpg,train,1605,662,22,2267,1627,val_00037533,80.0,640,0.3987538940809969,275.14018691588785,299.06542056074767,89.7196261682243,42.26791277258567,3792.261332867499,1.0,8fe6c319c145bfe6c41b4bd884be5417741d8218678ea8dfc0735cca6b82988f,data/synthetic/seadronessee_30m_to_80m/geometry_only/train/val_00037533.png,data/synthetic/seadronessee_30m_to_80m/calibrated/train/val_00037533.png
val:37534,val:6647,val,37534,6647,6647.jpg,3840,2160,1,swimmer,1750.0,1087.0,60.0,23.0,1380.0,31.89844437671441,26.7,mavic,NorthSea_Fri_DJI_0114.MP4,5505,data/raw/seadronessee/odv2/images/val/6647.jpg,train,1605,978,296,2583,1901,val_00037534,80.0,640,0.3987538940809969,307.8380062305296,315.4143302180685,23.925233644859812,9.171339563862928,219.42644190176722,1.0,8fe6c319c145bfe6c41b4bd884be5417741d8218678ea8dfc0735cca6b82988f,data/synthetic/seadronessee_30m_to_80m/geometry_only/train/val_00037534.png,data/synthetic/seadronessee_30m_to_80m/calibrated/train/val_00037534.png
val:37536,val:6647,val,37536,6647,6647.jpg,3840,2160,1,swimmer,1968.0,917.0,36.0,23.0,828.0,31.89844437671441,26.7,mavic,NorthSea_Fri_DJI_0114.MP4,5505,data/raw/seadronessee/odv2/images/val/6647.jpg,train,1605,1184,126,2789,1731,val_00037536,80.0,640,0.3987538940809969,312.62305295950154,315.4143302180685,14.355140186915888,9.171339563862928,131.65586514106033,1.0,8fe6c319c145bfe6c41b4bd884be5417741d8218678ea8dfc0735cca6b82988f,data/synthetic/seadronessee_30m_to_80m/geometry_only/train/val_00037536.png,data/synthetic/seadronessee_30m_to_80m/calibrated/train/val_00037536.png
val:37537,val:6647,val,37537,6647,6647.jpg,3840,2160,1,swimmer,1832.0,1017.0,27.0,19.0,513.0,31.89844437671441,26.7,mavic,NorthSea_Fri_DJI_0114.MP4,5505,data/raw/seadronessee/odv2/images/val/6647.jpg,train,1605,1043,224,2648,1829,val_00037537,80.0,640,0.3987538940809969,314.6168224299065,316.2118380062305,10.766355140186915,7.576323987538941,81.5693947069613,1.0,8fe6c319c145bfe6c41b4bd884be5417741d8218678ea8dfc0735cca6b82988f,data/synthetic/seadronessee_30m_to_80m/geometry_only/train/val_00037537.png,data/synthetic/seadronessee_30m_to_80m/calibrated/train/val_00037537.png
val:37538,val:6647,val,37538,6647,6647.jpg,3840,2160,1,swimmer,1533.0,981.0,19.0,24.0,456.0,31.89844437671441,26.7,mavic,NorthSea_Fri_DJI_0114.MP4,5505,data/raw/seadronessee/odv2/images/val/6647.jpg,train,1605,740,190,2345,1795,val_00037538,80.0,640,0.3987538940809969,316.2118380062305,315.4143302180685,7.576323987538941,9.570093457943925,72.50612862841004,1.0,8fe6c319c145bfe6c41b4bd884be5417741d8218678ea8dfc0735cca6b82988f,data/synthetic/seadronessee_30m_to_80m/geometry_only/train/val_00037538.png,data/synthetic/seadronessee_30m_to_80m/calibrated/train/val_00037538.png
val:37539,val:6647,val,37539,6647,6647.jpg,3840,2160,1,swimmer,1623.0,1208.0,44.0,23.0,1012.0,31.89844437671441,26.7,mavic,NorthSea_Fri_DJI_0114.MP4,5505,data/raw/seadronessee/odv2/images/val/6647.jpg,train,1605,842,417,2447,2022,val_00037539,80.0,640,0.3987538940809969,311.42679127725853,315.4143302180685,17.54517133956386,9.171339563862928,160.91272406129596,1.0,8fe6c319c145bfe6c41b4bd884be5417741d8218678ea8dfc0735cca6b82988f,data/synthetic/seadronessee_30m_to_80m/geometry_only/train/val_00037539.png,data/synthetic/seadronessee_30m_to_80m/calibrated/train/val_00037539.png
val:37540,val:6647,val,37540,6647,6647.jpg,3840,2160,1,swimmer,1645.0,1278.0,26.0,33.0,858.0,31.89844437671441,26.7,mavic,NorthSea_Fri_DJI_0114.MP4,5505,data/raw/seadronessee/odv2/images/val/6647.jpg,train,1605,856,492,2461,2097,val_00037540,80.0,640,0.3987538940809969,314.6168224299065,313.42056074766356,10.367601246105918,13.158878504672897,136.42600518240312,1.0,8fe6c319c145bfe6c41b4bd884be5417741d8218678ea8dfc0735cca6b82988f,data/synthetic/seadronessee_30m_to_80m/geometry_only/train/val_00037540.png,data/synthetic/seadronessee_30m_to_80m/calibrated/train/val_00037540.png
val:37541,val:6647,val,37541,6647,6647.jpg,3840,2160,1,swimmer,1544.0,1280.0,38.0,48.0,1824.0,31.89844437671441,26.7,mavic,NorthSea_Fri_DJI_0114.MP4,5505,data/raw/seadronessee/odv2/images/val/6647.jpg,train,1605,760,502,2365,2107,val_00037541,80.0,640,0.3987538940809969,312.62305295950154,310.2305295950156,15.152647975077882,19.14018691588785,290.02451451364016,1.0,8fe6c319c145bfe6c41b4bd884be5417741d8218678ea8dfc0735cca6b82988f,data/synthetic/seadronessee_30m_to_80m/geometry_only/train/val_00037541.png,data/synthetic/seadronessee_30m_to_80m/calibrated/train/val_00037541.png
val:37542,val:6647,val,37542,6647,6647.jpg,3840,2160,1,swimmer,1533.0,1342.0,43.0,26.0,1118.0,31.89844437671441,26.7,mavic,NorthSea_Fri_DJI_0114.MP4,5505,data/raw/seadronessee/odv2/images/val/6647.jpg,train,1605,752,552,2357,2157,val_00037542,80.0,640,0.3987538940809969,311.42679127725853,315.01557632398755,17.146417445482864,10.367601246105918,177.7672188740404,1.0,8fe6c319c145bfe6c41b4bd884be5417741d8218678ea8dfc0735cca6b82988f,data/synthetic/seadronessee_30m_to_80m/geometry_only/train/val_00037542.png,data/synthetic/seadronessee_30m_to_80m/calibrated/train/val_00037542.png
val:37555,val:6649,val,37555,6649,6649.jpg,3840,2160,2,boat,1312.0,788.0,235.0,110.0,25850.0,31.89844437671441,26.7,mavic,NorthSea_Fri_DJI_0114.MP4,5535,data/raw/seadronessee/odv2/images/val/6649.jpg,train,1605,627,40,2232,1645,val_00037555,80.0,640,0.3987538940809969,273.1464174454829,298.26791277258565,93.70716510903426,43.862928348909655,4110.270668957017,1.0,8fe6c319c145bfe6c41b4bd884be5417741d8218678ea8dfc0735cca6b82988f,data/synthetic/seadronessee_30m_to_80m/geometry_only/train/val_00037555.png,data/synthetic/seadronessee_30m_to_80m/calibrated/train/val_00037555.png
val:37556,val:6649,val,37556,6649,6649.jpg,3840,2160,1,swimmer,1765.0,1095.0,58.0,22.0,1276.0,31.89844437671441,26.7,mavic,NorthSea_Fri_DJI_0114.MP4,5535,data/raw/seadronessee/odv2/images/val/6649.jpg,train,1605,992,304,2597,1909,val_00037556,80.0,640,0.3987538940809969,308.23676012461056,315.4143302180685,23.12772585669782,8.77258566978193,202.8899564251123,1.0,8fe6c319c145bfe6c41b4bd884be5417741d8218678ea8dfc0735cca6b82988f,data/synthetic/seadronessee_30m_to_80m/geometry_only/train/val_00037556.png,data/synthetic/seadronessee_30m_to_80m/calibrated/train/val_00037556.png
val:37558,val:6649,val,37558,6649,6649.jpg,3840,2160,1,swimmer,1981.0,915.0,53.0,24.0,1272.0,31.89844437671441,26.7,mavic,NorthSea_Fri_DJI_0114.MP4,5535,data/raw/seadronessee/odv2/images/val/6649.jpg,train,1605,1205,124,2810,1729,val_00037558,80.0,640,0.3987538940809969,309.43302180685356,315.4143302180685,21.133956386292834,9.570093457943925,202.25393775293327,1.0,8fe6c319c145bfe6c41b4bd884be5417741d8218678ea8dfc0735cca6b82988f,data/synthetic/seadronessee_30m_to_80m/geometry_only/train/val_00037558.png,data/synthetic/seadronessee_30m_to_80m/calibrated/train/val_00037558.png
val:37559,val:6649,val,37559,6649,6649.jpg,3840,2160,1,swimmer,1843.0,1017.0,29.0,23.0,667.0,31.89844437671441,26.7,mavic,NorthSea_Fri_DJI_0114.MP4,5535,data/raw/seadronessee/odv2/images/val/6649.jpg,train,1605,1055,226,2660,1831,val_00037559,80.0,640,0.3987538940809969,314.2180685358255,315.4143302180685,11.56386292834891,9.171339563862928,106.05611358585416,1.0,8fe6c319c145bfe6c41b4bd884be5417741d8218678ea8dfc0735cca6b82988f,data/synthetic/seadronessee_30m_to_80m/geometry_only/train/val_00037559.png,data/synthetic/seadronessee_30m_to_80m/calibrated/train/val_00037559.png
val:37560,val:6649,val,37560,6649,6649.jpg,3840,2160,1,swimmer,1537.0,976.0,21.0,23.0,483.0,31.89844437671441,26.7,mavic,NorthSea_Fri_DJI_0114.MP4,5535,data/raw/seadronessee/odv2/images/val/6649.jpg,train,1605,745,185,2350,1790,val_00037560,80.0,640,0.3987538940809969,315.8130841121495,315.4143302180685,8.373831775700934,9.171339563862928,76.79925466561852,1.0,8fe6c319c145bfe6c41b4bd884be5417741d8218678ea8dfc0735cca6b82988f,data/synthetic/seadronessee_30m_to_80m/geometry_only/train/val_00037560.png,data/synthetic/seadronessee_30m_to_80m/calibrated/train/val_00037560.png
val:37561,val:6649,val,37561,6649,6649.jpg,3840,2160,1,swimmer,1618.0,1212.0,51.0,25.0,1275.0,31.89844437671441,26.7,mavic,NorthSea_Fri_DJI_0114.MP4,5535,data/raw/seadronessee/odv2/images/val/6649.jpg,train,1605,841,422,2446,2027,val_00037561,80.0,640,0.3987538940809969,309.83177570093454,315.01557632398755,20.33644859813084,9.968847352024921,202.73095175706754,1.0,8fe6c319c145bfe6c41b4bd884be5417741d8218678ea8dfc0735cca6b82988f,data/synthetic/seadronessee_30m_to_80m/geometry_only/train/val_00037561.png,data/synthetic/seadronessee_30m_to_80m/calibrated/train/val_00037561.png
val:37562,val:6649,val,37562,6649,6649.jpg,3840,2160,1,swimmer,1637.0,1282.0,28.0,30.0,840.0,31.89844437671441,26.7,mavic,NorthSea_Fri_DJI_0114.MP4,5535,data/raw/seadronessee/odv2/images/val/6649.jpg,train,1605,848,494,2453,2099,val_00037562,80.0,640,0.3987538940809969,314.6168224299065,314.2180685358255,11.165109034267912,11.962616822429906,133.56392115759746,1.0,8fe6c319c145bfe6c41b4bd884be5417741d8218678ea8dfc0735cca6b82988f,data/synthetic/seadronessee_30m_to_80m/geometry_only/train/val_00037562.png,data/synthetic/seadronessee_30m_to_80m/calibrated/train/val_00037562.png
val:37563,val:6649,val,37563,6649,6649.jpg,3840,2160,1,swimmer,1531.0,1287.0,39.0,46.0,1794.0,31.89844437671441,26.7,mavic,NorthSea_Fri_DJI_0114.MP4,5535,data/raw/seadronessee/odv2/images/val/6649.jpg,train,1605,748,508,2353,2113,val_00037563,80.0,640,0.3987538940809969,312.22429906542055,310.62928348909657,15.551401869158878,18.342679127725855,285.2543744722974,1.0,8fe6c319c145bfe6c41b4bd884be5417741d8218678ea8dfc0735cca6b82988f,data/synthetic/seadronessee_30m_to_80m/geometry_only/train/val_00037563.png,data/synthetic/seadronessee_30m_to_80m/calibrated/train/val_00037563.png
val:37578,val:6651,val,37578,6651,6651.jpg,3840,2160,2,boat,1452.0,785.0,235.0,106.0,24910.0,31.89844437671441,26.7,mavic,NorthSea_Fri_DJI_0114.MP4,5565,data/raw/seadronessee/odv2/images/val/6651.jpg,train,1605,767,36,2372,1641,val_00037578,80.0,640,0.3987538940809969,273.1464174454829,298.6666666666667,93.70716510903426,42.26791277258567,3960.8062809949433,1.0,8fe6c319c145bfe6c41b4bd884be5417741d8218678ea8dfc0735cca6b82988f,data/synthetic/seadronessee_30m_to_80m/geometry_only/train/val_00037578.png,data/synthetic/seadronessee_30m_to_80m/calibrated/train/val_00037578.png
val:37579,val:6651,val,37579,6651,6651.jpg,3840,2160,1,swimmer,1914.0,1088.0,74.0,21.0,1554.0,31.89844437671441,26.7,mavic,NorthSea_Fri_DJI_0114.MP4,5565,data/raw/seadronessee/odv2/images/val/6651.jpg,train,1605,1148,296,2753,1901,val_00037579,80.0,640,0.3987538940809969,305.4454828660436,315.8130841121495,29.50778816199377,8.373831775700934,247.09325414155526,1.0,8fe6c319c145bfe6c41b4bd884be5417741d8218678ea8dfc0735cca6b82988f,data/synthetic/seadronessee_30m_to_80m/geometry_only/train/val_00037579.png,data/synthetic/seadronessee_30m_to_80m/calibrated/train/val_00037579.png
val:37581,val:6651,val,37581,6651,6651.jpg,3840,2160,1,swimmer,2163.0,920.0,56.0,22.0,1232.0,31.89844437671441,26.7,mavic,NorthSea_Fri_DJI_0114.MP4,5565,data/raw/seadronessee/odv2/images/val/6651.jpg,train,1605,1388,128,2993,1733,val_00037581,80.0,640,0.3987538940809969,309.0342679127726,315.8130841121495,22.330218068535824,8.77258566978193,195.89375103114293,1.0,8fe6c319c145bfe6c41b4bd884be5417741d8218678ea8dfc0735cca6b82988f,data/synthetic/seadronessee_30m_to_80m/geometry_only/train/val_00037581.png,data/synthetic/seadronessee_30m_to_80m/calibrated/train/val_00037581.png
val:37582,val:6651,val,37582,6651,6651.jpg,3840,2160,1,swimmer,2003.0,1020.0,32.0,22.0,704.0,31.89844437671441,26.7,mavic,NorthSea_Fri_DJI_0114.MP4,5565,data/raw/seadronessee/odv2/images/val/6651.jpg,train,1605,1216,228,2821,1833,val_00037582,80.0,640,0.3987538940809969,313.81931464174454,315.8130841121495,12.7601246105919,8.77258566978193,111.93928630351024,1.0,8fe6c319c145bfe6c41b4bd884be5417741d8218678ea8dfc0735cca6b82988f,data/synthetic/seadronessee_30m_to_80m/geometry_only/train/val_00037582.png,data/synthetic/seadronessee_30m_to_80m/calibrated/train/val_00037582.png
val:37583,val:6651,val,37583,6651,6651.jpg,3840,2160,1,swimmer,1702.0,960.0,22.0,23.0,506.0,31.89844437671441,26.7,mavic,NorthSea_Fri_DJI_0114.MP4,5565,data/raw/seadronessee/odv2/images/val/6651.jpg,train,1605,910,169,2515,1774,val_00037583,80.0,640,0.3987538940809969,315.8130841121495,315.4143302180685,8.77258566978193,9.171339563862928,80.45636203064798,1.0,8fe6c319c145bfe6c41b4bd884be5417741d8218678ea8dfc0735cca6b82988f,data/synthetic/seadronessee_30m_to_80m/geometry_only/train/val_00037583.png,data/synthetic/seadronessee_30m_to_80m/calibrated/train/val_00037583.png
val:37584,val:6651,val,37584,6651,6651.jpg,3840,2160,1,swimmer,1777.0,1200.0,44.0,26.0,1144.0,31.89844437671441,26.7,mavic,NorthSea_Fri_DJI_0114.MP4,5565,data/raw/seadronessee/odv2/images/val/6651.jpg,train,1605,996,410,2601,2015,val_00037584,80.0,640,0.3987538940809969,311.42679127725853,315.01557632398755,17.54517133956386,10.367601246105918,181.90134024320415,1.0,8fe6c319c145bfe6c41b4bd884be5417741d8218678ea8dfc0735cca6b82988f,data/synthetic/seadronessee_30m_to_80m/geometry_only/train/val_00037584.png,data/synthetic/seadronessee_30m_to_80m/calibrated/train/val_00037584.png
val:37585,val:6651,val,37585,6651,6651.jpg,3840,2160,1,swimmer,1772.0,1275.0,29.0,27.0,783.0,31.89844437671441,26.7,mavic,NorthSea_Fri_DJI_0114.MP4,5565,data/raw/seadronessee/odv2/images/val/6651.jpg,train,1605,984,486,2589,2091,val_00037585,80.0,640,0.3987538940809969,314.2180685358255,314.6168224299065,11.56386292834891,10.766355140186915,124.5006550790462,1.0,8fe6c319c145bfe6c41b4bd884be5417741d8218678ea8dfc0735cca6b82988f,data/synthetic/seadronessee_30m_to_80m/geometry_only/train/val_00037585.png,data/synthetic/seadronessee_30m_to_80m/calibrated/train/val_00037585.png
val:37586,val:6651,val,37586,6651,6651.jpg,3840,2160,1,swimmer,1667.0,1275.0,40.0,39.0,1560.0,31.89844437671441,26.7,mavic,NorthSea_Fri_DJI_0114.MP4,5565,data/raw/seadronessee/odv2/images/val/6651.jpg,train,1605,884,492,2489,2097,val_00037586,80.0,640,0.3987538940809969,312.22429906542055,312.22429906542055,15.950155763239875,15.551401869158878,248.04728214982384,1.0,8fe6c319c145bfe6c41b4bd884be5417741d8218678ea8dfc0735cca6b82988f,data/synthetic/seadronessee_30m_to_80m/geometry_only/train/val_00037586.png,data/synthetic/seadronessee_30m_to_80m/calibrated/train/val_00037586.png
val:37587,val:6651,val,37587,6651,6651.jpg,3840,2160,1,swimmer,1647.0,1343.0,52.0,23.0,1196.0,31.89844437671441,26.7,mavic,NorthSea_Fri_DJI_0114.MP4,5565,data/raw/seadronessee/odv2/images/val/6651.jpg,train,1605,870,552,2475,2157,val_00037587,80.0,640,0.3987538940809969,309.83177570093454,315.4143302180685,20.735202492211837,9.171339563862928,190.1695829815316,1.0,8fe6c319c145bfe6c41b4bd884be5417741d8218678ea8dfc0735cca6b82988f,data/synthetic/seadronessee_30m_to_80m/geometry_only/train/val_00037587.png,data/synthetic/seadronessee_30m_to_80m/calibrated/train/val_00037587.png
val:37602,val:6653,val,37602,6653,6653.jpg,3840,2160,2,boat,1475.0,804.0,229.0,108.0,24732.0,31.89844437671441,26.7,mavic,NorthSea_Fri_DJI_0114.MP4,5595,data/raw/seadronessee/odv2/images/val/6653.jpg,train,1605,787,56,2392,1661,val_00037602,80.0,640,0.3987538940809969,274.34267912772583,298.26791277258565,91.31464174454828,43.06542056074766,3932.503450082976,1.0,8fe6c319c145bfe6c41b4bd884be5417741d8218678ea8dfc0735cca6b82988f,data/synthetic/seadronessee_30m_to_80m/geometry_only/train/val_00037602.png,data/synthetic/seadronessee_30m_to_80m/calibrated/train/val_00037602.png
val:37603,val:6653,val,37603,6653,6653.jpg,3840,2160,1,swimmer,1976.0,1084.0,66.0,22.0,1452.0,31.89844437671441,26.7,mavic,NorthSea_Fri_DJI_0114.MP4,5595,data/raw/seadronessee/odv2/images/val/6653.jpg,train,1605,1206,292,2811,1897,val_00037603,80.0,640,0.3987538940809969,307.0404984423676,315.8130841121495,26.317757009345794,8.77258566978193,230.87477800098986,1.0,8fe6c319c145bfe6c41b4bd884be5417741d8218678ea8dfc0735cca6b82988f,data/synthetic/seadronessee_30m_to_80m/geometry_only/train/val_00037603.png,data/synthetic/seadronessee_30m_to_80m/calibrated/train/val_00037603.png
val:37605,val:6653,val,37605,6653,6653.jpg,3840,2160,1,swimmer,2218.0,937.0,64.0,23.0,1472.0,31.89844437671441,26.7,mavic,NorthSea_Fri_DJI_0114.MP4,5595,data/raw/seadronessee/odv2/images/val/6653.jpg,train,1605,1448,146,3053,1751,val_00037605,80.0,640,0.3987538940809969,307.0404984423676,315.4143302180685,25.5202492211838,9.171339563862928,234.05487136188506,1.0,8fe6c319c145bfe6c41b4bd884be5417741d8218678ea8dfc0735cca6b82988f,data/synthetic/seadronessee_30m_to_80m/geometry_only/train/val_00037605.png,data/synthetic/seadronessee_30m_to_80m/calibrated/train/val_00037605.png
val:37606,val:6653,val,37606,6653,6653.jpg,3840,2160,1,swimmer,2066.0,1024.0,24.0,17.0,408.0,31.89844437671441,26.7,mavic,NorthSea_Fri_DJI_0114.MP4,5595,data/raw/seadronessee/odv2/images/val/6653.jpg,train,1605,1276,230,2881,1835,val_00037606,80.0,640,0.3987538940809969,315.01557632398755,316.61059190031153,9.570093457943925,6.778816199376947,64.87390456226161,1.0,8fe6c319c145bfe6c41b4bd884be5417741d8218678ea8dfc0735cca6b82988f,data/synthetic/seadronessee_30m_to_80m/geometry_only/train/val_00037606.png,data/synthetic/seadronessee_30m_to_80m/calibrated/train/val_00037606.png
val:37607,val:6653,val,37607,6653,6653.jpg,3840,2160,1,swimmer,1755.0,957.0,20.0,24.0,480.0,31.89844437671441,26.7,mavic,NorthSea_Fri_DJI_0114.MP4,5595,data/raw/seadronessee/odv2/images/val/6653.jpg,train,1605,962,166,2567,1771,val_00037607,80.0,640,0.3987538940809969,316.2118380062305,315.4143302180685,7.975077881619938,9.570093457943925,76.32224066148426,1.0,8fe6c319c145bfe6c41b4bd884be5417741d8218678ea8dfc0735cca6b82988f,data/synthetic/seadronessee_30m_to_80m/geometry_only/train/val_00037607.png,data/synthetic/seadronessee_30m_to_80m/calibrated/train/val_00037607.png
val:37608,val:6653,val,37608,6653,6653.jpg,3840,2160,1,swimmer,1825.0,1191.0,37.0,24.0,888.0,31.89844437671441,26.7,mavic,NorthSea_Fri_DJI_0114.MP4,5595,data/raw/seadronessee/odv2/images/val/6653.jpg,train,1605,1041,400,2646,2005,val_00037608,80.0,640,0.3987538940809969,312.62305295950154,315.4143302180685,14.753894080996885,9.570093457943925,141.19614522374587,1.0,8fe6c319c145bfe6c41b4bd884be5417741d8218678ea8dfc0735cca6b82988f,data/synthetic/seadronessee_30m_to_80m/geometry_only/train/val_00037608.png,data/synthetic/seadronessee_30m_to_80m/calibrated/train/val_00037608.png
val:37609,val:6653,val,37609,6653,6653.jpg,3840,2160,1,swimmer,1804.0,1256.0,26.0,32.0,832.0,31.89844437671441,26.7,mavic,NorthSea_Fri_DJI_0114.MP4,5595,data/raw/seadronessee/odv2/images/val/6653.jpg,train,1605,1014,470,2619,2075,val_00037609,80.0,640,0.3987538940809969,315.01557632398755,313.42056074766356,10.367601246105918,12.7601246105919,132.29188381323937,1.0,8fe6c319c145bfe6c41b4bd884be5417741d8218678ea8dfc0735cca6b82988f,data/synthetic/seadronessee_30m_to_80m/geometry_only/train/val_00037609.png,data/synthetic/seadronessee_30m_to_80m/calibrated/train/val_00037609.png
val:37610,val:6653,val,37610,6653,6653.jpg,3840,2160,1,swimmer,1703.0,1255.0,42.0,31.0,1302.0,31.89844437671441,26.7,mavic,NorthSea_Fri_DJI_0114.MP4,5595,data/raw/seadronessee/odv2/images/val/6653.jpg,train,1605,922,468,2527,2073,val_00037610,80.0,640,0.3987538940809969,311.42679127725853,313.81931464174454,16.747663551401867,12.361370716510903,207.02407779427602,1.0,8fe6c319c145bfe6c41b4bd884be5417741d8218678ea8dfc0735cca6b82988f,data/synthetic/seadronessee_30m_to_80m/geometry_only/train/val_00037610.png,data/synthetic/seadronessee_30m_to_80m/calibrated/train/val_00037610.png
val:37611,val:6653,val,37611,6653,6653.jpg,3840,2160,1,swimmer,1682.0,1328.0,46.0,22.0,1012.0,31.89844437671441,26.7,mavic,NorthSea_Fri_DJI_0114.MP4,5595,data/raw/seadronessee/odv2/images/val/6653.jpg,train,1605,902,536,2507,2141,val_00037611,80.0,640,0.3987538940809969,311.02803738317755,315.8130841121495,18.342679127725855,8.77258566978193,160.91272406129596,1.0,8fe6c319c145bfe6c41b4bd884be5417741d8218678ea8dfc0735cca6b82988f,data/synthetic/seadronessee_30m_to_80m/geometry_only/train/val_00037611.png,data/synthetic/seadronessee_30m_to_80m/calibrated/train/val_00037611.png
val:37626,val:6655,val,37626,6655,6655.jpg,3840,2160,2,boat,1570.0,802.0,226.0,105.0,23730.0,31.89844437671441,26.7,mavic,NorthSea_Fri_DJI_0114.MP4,5625,data/raw/seadronessee/odv2/images/val/6655.jpg,train,1605,880,52,2485,1657,val_00037626,80.0,640,0.3987538940809969,275.14018691588785,299.06542056074767,90.11838006230529,41.86915887850467,3773.180772702128,1.0,8fe6c319c145bfe6c41b4bd884be5417741d8218678ea8dfc0735cca6b82988f,data/synthetic/seadronessee_30m_to_80m/geometry_only/train/val_00037626.png,data/synthetic/seadronessee_30m_to_80m/calibrated/train/val_00037626.png
val:37627,val:6655,val,37627,6655,6655.jpg,3840,2160,1,swimmer,2098.0,1089.0,64.0,26.0,1664.0,31.89844437671441,26.7,mavic,NorthSea_Fri_DJI_0114.MP4,5625,data/raw/seadronessee/odv2/images/val/6655.jpg,train,1605,1328,300,2933,1905,val_00037627,80.0,640,0.3987538940809969,307.0404984423676,314.6168224299065,25.5202492211838,10.367601246105918,264.58376762647873,1.0,8fe6c319c145bfe6c41b4bd884be5417741d8218678ea8dfc0735cca6b82988f,data/synthetic/seadronessee_30m_to_80m/geometry_only/train/val_00037627.png,data/synthetic/seadronessee_30m_to_80m/calibrated/train/val_00037627.png
val:37629,val:6655,val,37629,6655,6655.jpg,3840,2160,1,swimmer,2342.0,941.0,63.0,26.0,1638.0,31.89844437671441,26.7,mavic,NorthSea_Fri_DJI_0114.MP4,5625,data/raw/seadronessee/odv2/images/val/6655.jpg,train,1605,1571,152,3176,1757,val_00037629,80.0,640,0.3987538940809969,307.4392523364486,314.6168224299065,25.121495327102803,10.367601246105918,260.449646257315,1.0,8fe6c319c145bfe6c41b4bd884be5417741d8218678ea8dfc0735cca6b82988f,data/synthetic/seadronessee_30m_to_80m/geometry_only/train/val_00037629.png,data/synthetic/seadronessee_30m_to_80m/calibrated/train/val_00037629.png
val:37630,val:6655,val,37630,6655,6655.jpg,3840,2160,1,swimmer,2194.0,1032.0,17.0,18.0,306.0,31.89844437671441,26.7,mavic,NorthSea_Fri_DJI_0114.MP4,5625,data/raw/seadronessee/odv2/images/val/6655.jpg,train,1605,1400,238,3005,1843,val_00037630,80.0,640,0.3987538940809969,316.61059190031153,316.61059190031153,6.778816199376947,7.177570093457944,48.655428421696215,1.0,8fe6c319c145bfe6c41b4bd884be5417741d8218678ea8dfc0735cca6b82988f,data/synthetic/seadronessee_30m_to_80m/geometry_only/train/val_00037630.png,data/synthetic/seadronessee_30m_to_80m/calibrated/train/val_00037630.png
val:37631,val:6655,val,37631,6655,6655.jpg,3840,2160,1,swimmer,1879.0,945.0,20.0,22.0,440.0,31.89844437671441,26.7,mavic,NorthSea_Fri_DJI_0114.MP4,5625,data/raw/seadronessee/odv2/images/val/6655.jpg,train,1605,1086,154,2691,1759,val_00037631,80.0,640,0.3987538940809969,316.2118380062305,315.4143302180685,7.975077881619938,8.77258566978193,69.9620539396939,1.0,8fe6c319c145bfe6c41b4bd884be5417741d8218678ea8dfc0735cca6b82988f,data/synthetic/seadronessee_30m_to_80m/geometry_only/train/val_00037631.png,data/synthetic/seadronessee_30m_to_80m/calibrated/train/val_00037631.png
val:37632,val:6655,val,37632,6655,6655.jpg,3840,2160,1,swimmer,1934.0,1178.0,45.0,23.0,1035.0,31.89844437671441,26.7,mavic,NorthSea_Fri_DJI_0114.MP4,5625,data/raw/seadronessee/odv2/images/val/6655.jpg,train,1605,1154,387,2759,1992,val_00037632,80.0,640,0.3987538940809969,311.02803738317755,315.4143302180685,17.94392523364486,9.171339563862928,164.5698314263254,1.0,8fe6c319c145bfe6c41b4bd884be5417741d8218678ea8dfc0735cca6b82988f,data/synthetic/seadronessee_30m_to_80m/geometry_only/train/val_00037632.png,data/synthetic/seadronessee_30m_to_80m/calibrated/train/val_00037632.png
val:37633,val:6655,val,37633,6655,6655.jpg,3840,2160,1,swimmer,1907.0,1244.0,27.0,28.0,756.0,31.89844437671441,26.7,mavic,NorthSea_Fri_DJI_0114.MP4,5625,data/raw/seadronessee/odv2/images/val/6655.jpg,train,1605,1118,456,2723,2061,val_00037633,80.0,640,0.3987538940809969,314.6168224299065,314.2180685358255,10.766355140186915,11.165109034267912,120.2075290418377,1.0,8fe6c319c145bfe6c41b4bd884be5417741d8218678ea8dfc0735cca6b82988f,data/synthetic/seadronessee_30m_to_80m/geometry_only/train/val_00037633.png,data/synthetic/seadronessee_30m_to_80m/calibrated/train/val_00037633.png
val:37634,val:6655,val,37634,6655,6655.jpg,3840,2160,1,swimmer,1808.0,1239.0,45.0,32.0,1440.0,31.89844437671441,26.7,mavic,NorthSea_Fri_DJI_0114.MP4,5625,data/raw/seadronessee/odv2/images/val/6655.jpg,train,1605,1028,452,2633,2057,val_00037634,80.0,640,0.3987538940809969,311.02803738317755,313.81931464174454,17.94392523364486,12.7601246105919,228.96672198445276,1.0,8fe6c319c145bfe6c41b4bd884be5417741d8218678ea8dfc0735cca6b82988f,data/synthetic/seadronessee_30m_to_80m/geometry_only/train/val_00037634.png,data/synthetic/seadronessee_30m_to_80m/calibrated/train/val_00037634.png
val:37635,val:6655,val,37635,6655,6655.jpg,3840,2160,1,swimmer,1781.0,1308.0,50.0,23.0,1150.0,31.89844437671441,26.7,mavic,NorthSea_Fri_DJI_0114.MP4,5625,data/raw/seadronessee/odv2/images/val/6655.jpg,train,1605,1004,517,2609,2122,val_00037635,80.0,640,0.3987538940809969,309.83177570093454,315.4143302180685,19.937694704049843,9.171339563862928,182.8553682514727,1.0,8fe6c319c145bfe6c41b4bd884be5417741d8218678ea8dfc0735cca6b82988f,data/synthetic/seadronessee_30m_to_80m/geometry_only/train/val_00037635.png,data/synthetic/seadronessee_30m_to_80m/calibrated/train/val_00037635.png
val:37651,val:6657,val,37651,6657,6657.jpg,3840,2160,2,boat,1604.0,798.0,231.0,110.0,25410.0,31.89844437671441,26.7,mavic,NorthSea_Fri_DJI_0114.MP4,5655,data/raw/seadronessee/odv2/images/val/6657.jpg,train,1605,917,50,2522,1655,val_00037651,80.0,640,0.3987538940809969,273.94392523364485,298.26791277258565,92.11214953271028,43.862928348909655,4040.3086150173226,1.0,8fe6c319c145bfe6c41b4bd884be5417741d8218678ea8dfc0735cca6b82988f,data/synthetic/seadronessee_30m_to_80m/geometry_only/train/val_00037651.png,data/synthetic/seadronessee_30m_to_80m/calibrated/train/val_00037651.png
val:37652,val:6657,val,37652,6657,6657.jpg,3840,2160,1,swimmer,2167.0,1089.0,62.0,25.0,1550.0,31.89844437671441,26.7,mavic,NorthSea_Fri_DJI_0114.MP4,5655,data/raw/seadronessee/odv2/images/val/6657.jpg,train,1605,1396,299,3001,1904,val_00037652,80.0,640,0.3987538940809969,307.4392523364486,315.01557632398755,24.722741433021806,9.968847352024921,246.45723546937623,1.0,8fe6c319c145bfe6c41b4bd884be5417741d8218678ea8dfc0735cca6b82988f,data/synthetic/seadronessee_30m_to_80m/geometry_only/train/val_00037652.png,data/synthetic/seadronessee_30m_to_80m/calibrated/train/val_00037652.png
val:37654,val:6657,val,37654,6657,6657.jpg,3840,2160,1,swimmer,2412.0,945.0,70.0,26.0,1820.0,31.89844437671441,26.7,mavic,NorthSea_Fri_DJI_0114.MP4,5655,data/raw/seadronessee/odv2/images/val/6657.jpg,train,1605,1644,156,3249,1761,val_00037654,80.0,640,0.3987538940809969,306.2429906542056,314.6168224299065,27.91277258566978,10.367601246105918,289.3884958414611,1.0,8fe6c319c145bfe6c41b4bd884be5417741d8218678ea8dfc0735cca6b82988f,data/synthetic/seadronessee_30m_to_80m/geometry_only/train/val_00037654.png,data/synthetic/seadronessee_30m_to_80m/calibrated/train/val_00037654.png
val:37655,val:6657,val,37655,6657,6657.jpg,3840,2160,1,swimmer,2259.0,1038.0,21.0,17.0,357.0,31.89844437671441,26.7,mavic,NorthSea_Fri_DJI_0114.MP4,5655,data/raw/seadronessee/odv2/images/val/6657.jpg,train,1605,1467,244,3072,1849,val_00037655,80.0,640,0.3987538940809969,315.8130841121495,316.61059190031153,8.373831775700934,6.778816199376947,56.764666491978915,1.0,8fe6c319c145bfe6c41b4bd884be5417741d8218678ea8dfc0735cca6b82988f,data/synthetic/seadronessee_30m_to_80m/geometry_only/train/val_00037655.png,data/synthetic/seadronessee_30m_to_80m/calibrated/train/val_00037655.png
val:37656,val:6657,val,37656,6657,6657.jpg,3840,2160,1,swimmer,1952.0,945.0,21.0,23.0,483.0,31.89844437671441,26.7,mavic,NorthSea_Fri_DJI_0114.MP4,5655,data/raw/seadronessee/odv2/images/val/6657.jpg,train,1605,1160,154,2765,1759,val_00037656,80.0,640,0.3987538940809969,315.8130841121495,315.4143302180685,8.373831775700934,9.171339563862928,76.79925466561852,1.0,8fe6c319c145bfe6c41b4bd884be5417741d8218678ea8dfc0735cca6b82988f,data/synthetic/seadronessee_30m_to_80m/geometry_only/train/val_00037656.png,data/synthetic/seadronessee_30m_to_80m/calibrated/train/val_00037656.png
val:37657,val:6657,val,37657,6657,6657.jpg,3840,2160,1,swimmer,2006.0,1174.0,25.0,24.0,600.0,31.89844437671441,26.7,mavic,NorthSea_Fri_DJI_0114.MP4,5655,data/raw/seadronessee/odv2/images/val/6657.jpg,train,1605,1216,384,2821,1989,val_00037657,80.0,640,0.3987538940809969,315.01557632398755,315.01557632398755,9.968847352024921,9.570093457943925,95.40280082685531,1.0,8fe6c319c145bfe6c41b4bd884be5417741d8218678ea8dfc0735cca6b82988f,data/synthetic/seadronessee_30m_to_80m/geometry_only/train/val_00037657.png,data/synthetic/seadronessee_30m_to_80m/calibrated/train/val_00037657.png
val:37658,val:6657,val,37658,6657,6657.jpg,3840,2160,1,swimmer,1954.0,1239.0,27.0,29.0,783.0,31.89844437671441,26.7,mavic,NorthSea_Fri_DJI_0114.MP4,5655,data/raw/seadronessee/odv2/images/val/6657.jpg,train,1605,1165,451,2770,2056,val_00037658,80.0,640,0.3987538940809969,314.6168224299065,314.2180685358255,10.766355140186915,11.56386292834891,124.5006550790462,1.0,8fe6c319c145bfe6c41b4bd884be5417741d8218678ea8dfc0735cca6b82988f,data/synthetic/seadronessee_30m_to_80m/geometry_only/train/val_00037658.png,data/synthetic/seadronessee_30m_to_80m/calibrated/train/val_00037658.png
val:37659,val:6657,val,37659,6657,6657.jpg,3840,2160,1,swimmer,1860.0,1227.0,40.0,31.0,1240.0,31.89844437671441,26.7,mavic,NorthSea_Fri_DJI_0114.MP4,5655,data/raw/seadronessee/odv2/images/val/6657.jpg,train,1605,1078,440,2683,2045,val_00037659,80.0,640,0.3987538940809969,311.82554517133957,313.81931464174454,15.950155763239875,12.361370716510903,197.165788375501,1.0,8fe6c319c145bfe6c41b4bd884be5417741d8218678ea8dfc0735cca6b82988f,data/synthetic/seadronessee_30m_to_80m/geometry_only/train/val_00037659.png,data/synthetic/seadronessee_30m_to_80m/calibrated/train/val_00037659.png
val:37660,val:6657,val,37660,6657,6657.jpg,3840,2160,1,swimmer,1824.0,1300.0,50.0,22.0,1100.0,31.89844437671441,26.7,mavic,NorthSea_Fri_DJI_0114.MP4,5655,data/raw/seadronessee/odv2/images/val/6657.jpg,train,1605,1046,508,2651,2113,val_00037660,80.0,640,0.3987538940809969,310.2305295950156,315.8130841121495,19.937694704049843,8.77258566978193,174.90513484923474,1.0,8fe6c319c145bfe6c41b4bd884be5417741d8218678ea8dfc0735cca6b82988f,data/synthetic/seadronessee_30m_to_80m/geometry_only/train/val_00037660.png,data/synthetic/seadronessee_30m_to_80m/calibrated/train/val_00037660.png
val:37677,val:6659,val,37677,6659,6659.jpg,3840,2160,2,boat,1446.0,800.0,237.0,106.0,25122.0,31.698454129838463,26.7,mavic,NorthSea_Fri_DJI_0114.MP4,5685,data/raw/seadronessee/odv2/images/val/6659.jpg,train,1615,757,46,2372,1661,val_00037677,80.0,640,0.39628482972136225,273.0402476780186,298.79876160990716,93.91950464396285,42.0061919504644,3945.200739966836,1.0,8fe6c319c145bfe6c41b4bd884be5417741d8218678ea8dfc0735cca6b82988f,data/synthetic/seadronessee_30m_to_80m/geometry_only/train/val_00037677.png,data/synthetic/seadronessee_30m_to_80m/calibrated/train/val_00037677.png
val:37678,val:6659,val,37678,6659,6659.jpg,3840,2160,1,swimmer,2049.0,1084.0,57.0,30.0,1710.0,31.698454129838463,26.7,mavic,NorthSea_Fri_DJI_0114.MP4,5685,data/raw/seadronessee/odv2/images/val/6659.jpg,train,1615,1270,292,2885,1907,val_00037678,80.0,640,0.39628482972136225,308.7058823529412,313.8575851393189,22.58823529411765,11.888544891640867,268.54124931706434,1.0,8fe6c319c145bfe6c41b4bd884be5417741d8218678ea8dfc0735cca6b82988f,data/synthetic/seadronessee_30m_to_80m/geometry_only/train/val_00037678.png,data/synthetic/seadronessee_30m_to_80m/calibrated/train/val_00037678.png
val:37680,val:6659,val,37680,6659,6659.jpg,3840,2160,1,swimmer,2285.0,946.0,60.0,27.0,1620.0,31.698454129838463,26.7,mavic,NorthSea_Fri_DJI_0114.MP4,5685,data/raw/seadronessee/odv2/images/val/6659.jpg,train,1615,1508,152,3123,1767,val_00037680,80.0,640,0.39628482972136225,307.9133126934985,314.6501547987616,23.777089783281735,10.699690402476781,254.40749935300832,1.0,8fe6c319c145bfe6c41b4bd884be5417741d8218678ea8dfc0735cca6b82988f,data/synthetic/seadronessee_30m_to_80m/geometry_only/train/val_00037680.png,data/synthetic/seadronessee_30m_to_80m/calibrated/train/val_00037680.png
val:37681,val:6659,val,37681,6659,6659.jpg,3840,2160,1,swimmer,1834.0,934.0,20.0,23.0,460.0,31.698454129838463,26.7,mavic,NorthSea_Fri_DJI_0114.MP4,5685,data/raw/seadronessee/odv2/images/val/6659.jpg,train,1615,1036,138,2651,1753,val_00037681,80.0,640,0.39628482972136225,316.2352941176471,315.44272445820434,7.9256965944272455,9.114551083591332,72.23916648295298,1.0,8fe6c319c145bfe6c41b4bd884be5417741d8218678ea8dfc0735cca6b82988f,data/synthetic/seadronessee_30m_to_80m/geometry_only/train/val_00037681.png,data/synthetic/seadronessee_30m_to_80m/calibrated/train/val_00037681.png
val:37682,val:6659,val,37682,6659,6659.jpg,3840,2160,1,swimmer,1874.0,1171.0,25.0,26.0,650.0,31.698454129838463,26.7,mavic,NorthSea_Fri_DJI_0114.MP4,5685,data/raw/seadronessee/odv2/images/val/6659.jpg,train,1615,1079,376,2694,1991,val_00037682,80.0,640,0.39628482972136225,315.046439628483,315.046439628483,9.907120743034056,10.303405572755418,102.0770830737379,1.0,8fe6c319c145bfe6c41b4bd884be5417741d8218678ea8dfc0735cca6b82988f,data/synthetic/seadronessee_30m_to_80m/geometry_only/train/val_00037682.png,data/synthetic/seadronessee_30m_to_80m/calibrated/train/val_00037682.png
val:37683,val:6659,val,37683,6659,6659.jpg,3840,2160,1,swimmer,1810.0,1237.0,26.0,27.0,702.0,31.698454129838463,26.7,mavic,NorthSea_Fri_DJI_0114.MP4,5685,data/raw/seadronessee/odv2/images/val/6659.jpg,train,1615,1016,443,2631,2058,val_00037683,80.0,640,0.39628482972136225,314.6501547987616,314.6501547987616,10.303405572755418,10.699690402476781,110.24324971963692,1.0,8fe6c319c145bfe6c41b4bd884be5417741d8218678ea8dfc0735cca6b82988f,data/synthetic/seadronessee_30m_to_80m/geometry_only/train/val_00037683.png,data/synthetic/seadronessee_30m_to_80m/calibrated/train/val_00037683.png
val:37684,val:6659,val,37684,6659,6659.jpg,3840,2160,1,swimmer,1719.0,1224.0,38.0,28.0,1064.0,31.698454129838463,26.7,mavic,NorthSea_Fri_DJI_0114.MP4,5685,data/raw/seadronessee/odv2/images/val/6659.jpg,train,1615,930,430,2545,2045,val_00037684,80.0,640,0.39628482972136225,312.6687306501548,314.6501547987616,15.058823529411766,11.095975232198143,167.09233290839558,1.0,8fe6c319c145bfe6c41b4bd884be5417741d8218678ea8dfc0735cca6b82988f,data/synthetic/seadronessee_30m_to_80m/geometry_only/train/val_00037684.png,data/synthetic/seadronessee_30m_to_80m/calibrated/train/val_00037684.png
val:37685,val:6659,val,37685,6659,6659.jpg,3840,2160,1,swimmer,1671.0,1299.0,49.0,21.0,1029.0,31.698454129838463,26.7,mavic,NorthSea_Fri_DJI_0114.MP4,5685,data/raw/seadronessee/odv2/images/val/6659.jpg,train,1615,888,502,2503,2117,val_00037685,80.0,640,0.39628482972136225,310.2910216718266,315.8390092879257,19.41795665634675,8.321981424148607,161.59587458904045,1.0,8fe6c319c145bfe6c41b4bd884be5417741d8218678ea8dfc0735cca6b82988f,data/synthetic/seadronessee_30m_to_80m/geometry_only/train/val_00037685.png,data/synthetic/seadronessee_30m_to_80m/calibrated/train/val_00037685.png
val:37689,val:6659,val,37689,6659,6659.jpg,3840,2160,1,swimmer,2141.0,1037.0,26.0,20.0,520.0,31.698454129838463,26.7,mavic,NorthSea_Fri_DJI_0114.MP4,5685,data/raw/seadronessee/odv2/images/val/6659.jpg,train,1615,1346,240,2961,1855,val_00037689,80.0,640,0.39628482972136225,315.046439628483,315.8390092879257,10.303405572755418,7.9256965944272455,81.66166645899033,1.0,8fe6c319c145bfe6c41b4bd884be5417741d8218678ea8dfc0735cca6b82988f,data/synthetic/seadronessee_30m_to_80m/geometry_only/train/val_00037689.png,data/synthetic/seadronessee_30m_to_80m/calibrated/train/val_00037689.png
val:37703,val:6661,val,37703,6661,6661.jpg,3840,2160,2,boat,1304.0,819.0,243.0,106.0,25758.0,31.59845900640049,26.7,mavic,NorthSea_Fri_DJI_0114.MP4,5715,data/raw/seadronessee/odv2/images/val/6661.jpg,train,1620,616,62,2236,1682,val_00037703,80.0,640,0.3950617283950617,271.8024691358024,299.0617283950617,96.0,41.876543209876544,4020.1481481481483,1.0,8fe6c319c145bfe6c41b4bd884be5417741d8218678ea8dfc0735cca6b82988f,data/synthetic/seadronessee_30m_to_80m/geometry_only/train/val_00037703.png,data/synthetic/seadronessee_30m_to_80m/calibrated/train/val_00037703.png
val:37704,val:6661,val,37704,6661,6661.jpg,3840,2160,1,swimmer,1945.0,1094.0,54.0,27.0,1458.0,31.59845900640049,26.7,mavic,NorthSea_Fri_DJI_0114.MP4,5715,data/raw/seadronessee/odv2/images/val/6661.jpg,train,1620,1162,298,2782,1918,val_00037704,80.0,640,0.3950617283950617,309.3333333333333,314.4691358024691,21.333333333333332,10.666666666666666,227.55555555555554,1.0,8fe6c319c145bfe6c41b4bd884be5417741d8218678ea8dfc0735cca6b82988f,data/synthetic/seadronessee_30m_to_80m/geometry_only/train/val_00037704.png,data/synthetic/seadronessee_30m_to_80m/calibrated/train/val_00037704.png
val:37706,val:6661,val,37706,6661,6661.jpg,3840,2160,1,swimmer,2184.0,943.0,56.0,26.0,1456.0,31.59845900640049,26.7,mavic,NorthSea_Fri_DJI_0114.MP4,5715,data/raw/seadronessee/odv2/images/val/6661.jpg,train,1620,1402,146,3022,1766,val_00037706,80.0,640,0.3950617283950617,308.9382716049383,314.8641975308642,22.123456790123456,10.271604938271604,227.24340801707055,1.0,8fe6c319c145bfe6c41b4bd884be5417741d8218678ea8dfc0735cca6b82988f,data/synthetic/seadronessee_30m_to_80m/geometry_only/train/val_00037706.png,data/synthetic/seadronessee_30m_to_80m/calibrated/train/val_00037706.png
val:37707,val:6661,val,37707,6661,6661.jpg,3840,2160,1,swimmer,1725.0,925.0,25.0,22.0,550.0,31.59845900640049,26.7,mavic,NorthSea_Fri_DJI_0114.MP4,5715,data/raw/seadronessee/odv2/images/val/6661.jpg,train,1620,928,126,2548,1746,val_00037707,80.0,640,0.3950617283950617,314.8641975308642,315.65432098765433,9.876543209876543,8.691358024691358,85.84057308337142,1.0,8fe6c319c145bfe6c41b4bd884be5417741d8218678ea8dfc0735cca6b82988f,data/synthetic/seadronessee_30m_to_80m/geometry_only/train/val_00037707.png,data/synthetic/seadronessee_30m_to_80m/calibrated/train/val_00037707.png
val:37708,val:6661,val,37708,6661,6661.jpg,3840,2160,1,swimmer,1754.0,1182.0,17.0,20.0,340.0,31.59845900640049,26.7,mavic,NorthSea_Fri_DJI_0114.MP4,5715,data/raw/seadronessee/odv2/images/val/6661.jpg,train,1620,952,382,2572,2002,val_00037708,80.0,640,0.3950617283950617,316.8395061728395,316.04938271604937,6.716049382716049,7.901234567901234,53.06508154244779,1.0,8fe6c319c145bfe6c41b4bd884be5417741d8218678ea8dfc0735cca6b82988f,data/synthetic/seadronessee_30m_to_80m/geometry_only/train/val_00037708.png,data/synthetic/seadronessee_30m_to_80m/calibrated/train/val_00037708.png
val:37709,val:6661,val,37709,6661,6661.jpg,3840,2160,1,swimmer,1671.0,1247.0,26.0,22.0,572.0,31.59845900640049,26.7,mavic,NorthSea_Fri_DJI_0114.MP4,5715,data/raw/seadronessee/odv2/images/val/6661.jpg,train,1620,874,448,2494,2068,val_00037709,80.0,640,0.3950617283950617,314.8641975308642,315.65432098765433,10.271604938271604,8.691358024691358,89.27419600670629,1.0,8fe6c319c145bfe6c41b4bd884be5417741d8218678ea8dfc0735cca6b82988f,data/synthetic/seadronessee_30m_to_80m/geometry_only/train/val_00037709.png,data/synthetic/seadronessee_30m_to_80m/calibrated/train/val_00037709.png
val:37710,val:6661,val,37710,6661,6661.jpg,3840,2160,1,swimmer,1587.0,1231.0,44.0,30.0,1320.0,31.59845900640049,26.7,mavic,NorthSea_Fri_DJI_0114.MP4,5715,data/raw/seadronessee/odv2/images/val/6661.jpg,train,1620,799,436,2419,2056,val_00037710,80.0,640,0.3950617283950617,311.3086419753086,314.0740740740741,17.382716049382715,11.851851851851851,206.01737540009142,1.0,8fe6c319c145bfe6c41b4bd884be5417741d8218678ea8dfc0735cca6b82988f,data/synthetic/seadronessee_30m_to_80m/geometry_only/train/val_00037710.png,data/synthetic/seadronessee_30m_to_80m/calibrated/train/val_00037710.png
val:37711,val:6661,val,37711,6661,6661.jpg,3840,2160,1,swimmer,1533.0,1299.0,42.0,20.0,840.0,31.59845900640049,26.7,mavic,NorthSea_Fri_DJI_0114.MP4,5715,data/raw/seadronessee/odv2/images/val/6661.jpg,train,1620,744,499,2364,2119,val_00037711,80.0,640,0.3950617283950617,311.7037037037037,316.04938271604937,16.59259259259259,7.901234567901234,131.10196616369456,1.0,8fe6c319c145bfe6c41b4bd884be5417741d8218678ea8dfc0735cca6b82988f,data/synthetic/seadronessee_30m_to_80m/geometry_only/train/val_00037711.png,data/synthetic/seadronessee_30m_to_80m/calibrated/train/val_00037711.png
val:37715,val:6661,val,37715,6661,6661.jpg,3840,2160,1,swimmer,2037.0,1046.0,27.0,21.0,567.0,31.59845900640049,26.7,mavic,NorthSea_Fri_DJI_0114.MP4,5715,data/raw/seadronessee/odv2/images/val/6661.jpg,train,1620,1240,246,2860,1866,val_00037715,80.0,640,0.3950617283950617,314.8641975308642,316.04938271604937,10.666666666666666,8.296296296296296,88.49382716049382,1.0,8fe6c319c145bfe6c41b4bd884be5417741d8218678ea8dfc0735cca6b82988f,data/synthetic/seadronessee_30m_to_80m/geometry_only/train/val_00037715.png,data/synthetic/seadronessee_30m_to_80m/calibrated/train/val_00037715.png
val:37729,val:6663,val,37729,6663,6663.jpg,3840,2160,2,boat,1397.0,816.0,240.0,101.0,24240.0,31.698454129838463,26.7,mavic,NorthSea_Fri_DJI_0114.MP4,5745,data/raw/seadronessee/odv2/images/val/6663.jpg,train,1615,710,59,2325,1674,val_00037729,80.0,640,0.39628482972136225,272.24767801857587,299.9876160990712,95.10835913312694,40.024767801857585,3806.689990319087,1.0,8fe6c319c145bfe6c41b4bd884be5417741d8218678ea8dfc0735cca6b82988f,data/synthetic/seadronessee_30m_to_80m/geometry_only/train/val_00037729.png,data/synthetic/seadronessee_30m_to_80m/calibrated/train/val_00037729.png
val:37730,val:6663,val,37730,6663,6663.jpg,3840,2160,1,swimmer,2045.0,1095.0,50.0,27.0,1350.0,31.698454129838463,26.7,mavic,NorthSea_Fri_DJI_0114.MP4,5745,data/raw/seadronessee/odv2/images/val/6663.jpg,train,1615,1262,301,2877,1916,val_00037730,80.0,640,0.39628482972136225,310.2910216718266,314.6501547987616,19.814241486068113,10.699690402476781,212.00624946084025,1.0,8fe6c319c145bfe6c41b4bd884be5417741d8218678ea8dfc0735cca6b82988f,data/synthetic/seadronessee_30m_to_80m/geometry_only/train/val_00037730.png,data/synthetic/seadronessee_30m_to_80m/calibrated/train/val_00037730.png
val:37732,val:6663,val,37732,6663,6663.jpg,3840,2160,1,swimmer,2300.0,956.0,55.0,27.0,1485.0,31.698454129838463,26.7,mavic,NorthSea_Fri_DJI_0114.MP4,5745,data/raw/seadronessee/odv2/images/val/6663.jpg,train,1615,1520,162,3135,1777,val_00037732,80.0,640,0.39628482972136225,309.1021671826626,314.6501547987616,21.795665634674926,10.699690402476781,233.2068744069243,1.0,8fe6c319c145bfe6c41b4bd884be5417741d8218678ea8dfc0735cca6b82988f,data/synthetic/seadronessee_30m_to_80m/geometry_only/train/val_00037732.png,data/synthetic/seadronessee_30m_to_80m/calibrated/train/val_00037732.png
val:37733,val:6663,val,37733,6663,6663.jpg,3840,2160,1,swimmer,1838.0,922.0,31.0,20.0,620.0,31.698454129838463,26.7,mavic,NorthSea_Fri_DJI_0114.MP4,5745,data/raw/seadronessee/odv2/images/val/6663.jpg,train,1615,1046,124,2661,1739,val_00037733,80.0,640,0.39628482972136225,313.8575851393189,316.2352941176471,12.28482972136223,7.9256965944272455,97.36583308571925,1.0,8fe6c319c145bfe6c41b4bd884be5417741d8218678ea8dfc0735cca6b82988f,data/synthetic/seadronessee_30m_to_80m/geometry_only/train/val_00037733.png,data/synthetic/seadronessee_30m_to_80m/calibrated/train/val_00037733.png
val:37734,val:6663,val,37734,6663,6663.jpg,3840,2160,1,swimmer,1825.0,1170.0,23.0,19.0,437.0,31.698454129838463,26.7,mavic,NorthSea_Fri_DJI_0114.MP4,5745,data/raw/seadronessee/odv2/images/val/6663.jpg,train,1615,1029,372,2644,1987,val_00037734,80.0,640,0.39628482972136225,315.44272445820434,316.2352941176471,9.114551083591332,7.529411764705883,68.62720815880533,1.0,8fe6c319c145bfe6c41b4bd884be5417741d8218678ea8dfc0735cca6b82988f,data/synthetic/seadronessee_30m_to_80m/geometry_only/train/val_00037734.png,data/synthetic/seadronessee_30m_to_80m/calibrated/train/val_00037734.png
val:37735,val:6663,val,37735,6663,6663.jpg,3840,2160,1,swimmer,1733.0,1240.0,29.0,20.0,580.0,31.698454129838463,26.7,mavic,NorthSea_Fri_DJI_0114.MP4,5745,data/raw/seadronessee/odv2/images/val/6663.jpg,train,1615,940,442,2555,2057,val_00037735,80.0,640,0.39628482972136225,314.25386996904024,316.2352941176471,11.492260061919506,7.9256965944272455,91.08416643502767,1.0,8fe6c319c145bfe6c41b4bd884be5417741d8218678ea8dfc0735cca6b82988f,data/synthetic/seadronessee_30m_to_80m/geometry_only/train/val_00037735.png,data/synthetic/seadronessee_30m_to_80m/calibrated/train/val_00037735.png
val:37736,val:6663,val,37736,6663,6663.jpg,3840,2160,1,swimmer,1667.0,1209.0,37.0,28.0,1036.0,31.698454129838463,26.7,mavic,NorthSea_Fri_DJI_0114.MP4,5745,data/raw/seadronessee/odv2/images/val/6663.jpg,train,1615,878,416,2493,2031,val_00037736,80.0,640,0.39628482972136225,312.6687306501548,314.25386996904024,14.662538699690403,11.095975232198143,162.69516625291146,1.0,8fe6c319c145bfe6c41b4bd884be5417741d8218678ea8dfc0735cca6b82988f,data/synthetic/seadronessee_30m_to_80m/geometry_only/train/val_00037736.png,data/synthetic/seadronessee_30m_to_80m/calibrated/train/val_00037736.png
val:37737,val:6663,val,37737,6663,6663.jpg,3840,2160,1,swimmer,1596.0,1279.0,52.0,22.0,1144.0,31.698454129838463,26.7,mavic,NorthSea_Fri_DJI_0114.MP4,5745,data/raw/seadronessee/odv2/images/val/6663.jpg,train,1615,814,482,2429,2097,val_00037737,80.0,640,0.39628482972136225,309.89473684210526,315.8390092879257,20.606811145510836,8.71826625386997,179.6556662097787,1.0,8fe6c319c145bfe6c41b4bd884be5417741d8218678ea8dfc0735cca6b82988f,data/synthetic/seadronessee_30m_to_80m/geometry_only/train/val_00037737.png,data/synthetic/seadronessee_30m_to_80m/calibrated/train/val_00037737.png
val:37741,val:6663,val,37741,6663,6663.jpg,3840,2160,1,swimmer,2135.0,1050.0,29.0,24.0,696.0,31.698454129838463,26.7,mavic,NorthSea_Fri_DJI_0114.MP4,5745,data/raw/seadronessee/odv2/images/val/6663.jpg,train,1615,1342,254,2957,1869,val_00037741,80.0,640,0.39628482972136225,314.25386996904024,315.44272445820434,11.492260061919506,9.510835913312693,109.3009997220332,1.0,8fe6c319c145bfe6c41b4bd884be5417741d8218678ea8dfc0735cca6b82988f,data/synthetic/seadronessee_30m_to_80m/geometry_only/train/val_00037741.png,data/synthetic/seadronessee_30m_to_80m/calibrated/train/val_00037741.png
val:37755,val:6665,val,37755,6665,6665.jpg,3840,2160,2,boat,1440.0,803.0,235.0,96.0,22560.0,31.698454129838463,26.7,mavic,NorthSea_Fri_DJI_0114.MP4,5775,data/raw/seadronessee/odv2/images/val/6665.jpg,train,1615,750,44,2365,1659,val_00037755,80.0,640,0.39628482972136225,273.43653250773997,300.78018575851394,93.12693498452013,38.04334365325077,3542.8599909900413,1.0,8fe6c319c145bfe6c41b4bd884be5417741d8218678ea8dfc0735cca6b82988f,data/synthetic/seadronessee_30m_to_80m/geometry_only/train/val_00037755.png,data/synthetic/seadronessee_30m_to_80m/calibrated/train/val_00037755.png
val:37756,val:6665,val,37756,6665,6665.jpg,3840,2160,1,swimmer,2088.0,1093.0,51.0,27.0,1377.0,31.698454129838463,26.7,mavic,NorthSea_Fri_DJI_0114.MP4,5775,data/raw/seadronessee/odv2/images/val/6665.jpg,train,1615,1306,299,2921,1914,val_00037756,80.0,640,0.39628482972136225,309.89473684210526,314.6501547987616,20.210526315789476,10.699690402476781,216.2463744500571,1.0,8fe6c319c145bfe6c41b4bd884be5417741d8218678ea8dfc0735cca6b82988f,data/synthetic/seadronessee_30m_to_80m/geometry_only/train/val_00037756.png,data/synthetic/seadronessee_30m_to_80m/calibrated/train/val_00037756.png
val:37758,val:6665,val,37758,6665,6665.jpg,3840,2160,1,swimmer,2352.0,970.0,61.0,27.0,1647.0,31.698454129838463,26.7,mavic,NorthSea_Fri_DJI_0114.MP4,5775,data/raw/seadronessee/odv2/images/val/6665.jpg,train,1615,1575,176,3190,1791,val_00037758,80.0,640,0.39628482972136225,307.9133126934985,314.6501547987616,24.173374613003098,10.699690402476781,258.64762434222513,1.0,8fe6c319c145bfe6c41b4bd884be5417741d8218678ea8dfc0735cca6b82988f,data/synthetic/seadronessee_30m_to_80m/geometry_only/train/val_00037758.png,data/synthetic/seadronessee_30m_to_80m/calibrated/train/val_00037758.png
val:37759,val:6665,val,37759,6665,6665.jpg,3840,2160,1,swimmer,1908.0,921.0,27.0,21.0,567.0,31.698454129838463,26.7,mavic,NorthSea_Fri_DJI_0114.MP4,5775,data/raw/seadronessee/odv2/images/val/6665.jpg,train,1615,1114,124,2729,1739,val_00037759,80.0,640,0.39628482972136225,314.6501547987616,315.8390092879257,10.699690402476781,8.321981424148607,89.0426247735529,1.0,8fe6c319c145bfe6c41b4bd884be5417741d8218678ea8dfc0735cca6b82988f,data/synthetic/seadronessee_30m_to_80m/geometry_only/train/val_00037759.png,data/synthetic/seadronessee_30m_to_80m/calibrated/train/val_00037759.png
val:37760,val:6665,val,37760,6665,6665.jpg,3840,2160,1,swimmer,1857.0,1150.0,26.0,17.0,442.0,31.698454129838463,26.7,mavic,NorthSea_Fri_DJI_0114.MP4,5775,data/raw/seadronessee/odv2/images/val/6665.jpg,train,1615,1062,351,2677,1966,val_00037760,80.0,640,0.39628482972136225,315.046439628483,316.63157894736844,10.303405572755418,6.736842105263158,69.41241649014177,1.0,8fe6c319c145bfe6c41b4bd884be5417741d8218678ea8dfc0735cca6b82988f,data/synthetic/seadronessee_30m_to_80m/geometry_only/train/val_00037760.png,data/synthetic/seadronessee_30m_to_80m/calibrated/train/val_00037760.png
val:37761,val:6665,val,37761,6665,6665.jpg,3840,2160,1,swimmer,1753.0,1221.0,28.0,21.0,588.0,31.698454129838463,26.7,mavic,NorthSea_Fri_DJI_0114.MP4,5775,data/raw/seadronessee/odv2/images/val/6665.jpg,train,1615,960,424,2575,2039,val_00037761,80.0,640,0.39628482972136225,314.25386996904024,315.8390092879257,11.095975232198143,8.321981424148607,92.34049976516597,1.0,8fe6c319c145bfe6c41b4bd884be5417741d8218678ea8dfc0735cca6b82988f,data/synthetic/seadronessee_30m_to_80m/geometry_only/train/val_00037761.png,data/synthetic/seadronessee_30m_to_80m/calibrated/train/val_00037761.png
val:37762,val:6665,val,37762,6665,6665.jpg,3840,2160,1,swimmer,1695.0,1187.0,37.0,28.0,1036.0,31.698454129838463,26.7,mavic,NorthSea_Fri_DJI_0114.MP4,5775,data/raw/seadronessee/odv2/images/val/6665.jpg,train,1615,906,394,2521,2009,val_00037762,80.0,640,0.39628482972136225,312.6687306501548,314.25386996904024,14.662538699690403,11.095975232198143,162.69516625291146,1.0,8fe6c319c145bfe6c41b4bd884be5417741d8218678ea8dfc0735cca6b82988f,data/synthetic/seadronessee_30m_to_80m/geometry_only/train/val_00037762.png,data/synthetic/seadronessee_30m_to_80m/calibrated/train/val_00037762.png
val:37763,val:6665,val,37763,6665,6665.jpg,3840,2160,1,swimmer,1616.0,1257.0,51.0,23.0,1173.0,31.698454129838463,26.7,mavic,NorthSea_Fri_DJI_0114.MP4,5775,data/raw/seadronessee/odv2/images/val/6665.jpg,train,1615,834,461,2449,2076,val_00037763,80.0,640,0.39628482972136225,309.89473684210526,315.44272445820434,20.210526315789476,9.114551083591332,184.2098745315301,1.0,8fe6c319c145bfe6c41b4bd884be5417741d8218678ea8dfc0735cca6b82988f,data/synthetic/seadronessee_30m_to_80m/geometry_only/train/val_00037763.png,data/synthetic/seadronessee_30m_to_80m/calibrated/train/val_00037763.png
val:37767,val:6665,val,37767,6665,6665.jpg,3840,2160,1,swimmer,2184.0,1053.0,34.0,24.0,816.0,31.698454129838463,26.7,mavic,NorthSea_Fri_DJI_0114.MP4,5775,data/raw/seadronessee/odv2/images/val/6665.jpg,train,1615,1394,258,3009,1873,val_00037767,80.0,640,0.39628482972136225,313.0650154798762,315.046439628483,13.473684210526317,9.510835913312693,128.14599967410788,1.0,8fe6c319c145bfe6c41b4bd884be5417741d8218678ea8dfc0735cca6b82988f,data/synthetic/seadronessee_30m_to_80m/geometry_only/train/val_00037767.png,data/synthetic/seadronessee_30m_to_80m/calibrated/train/val_00037767.png
val:37782,val:6667,val,37782,6667,6667.jpg,3840,2160,2,boat,1455.0,781.0,232.0,96.0,22272.0,31.79844925327644,26.7,mavic,NorthSea_Fri_DJI_0114.MP4,5805,data/raw/seadronessee/odv2/images/val/6667.jpg,train,1610,766,24,2376,1634,val_00037782,80.0,640,0.39751552795031053,273.888198757764,300.91925465838506,92.22360248447204,38.161490683229815,3519.39014698507,1.0,8fe6c319c145bfe6c41b4bd884be5417741d8218678ea8dfc0735cca6b82988f,data/synthetic/seadronessee_30m_to_80m/geometry_only/train/val_00037782.png,data/synthetic/seadronessee_30m_to_80m/calibrated/train/val_00037782.png
val:37783,val:6667,val,37783,6667,6667.jpg,3840,2160,1,swimmer,2099.0,1089.0,50.0,26.0,1300.0,31.79844925327644,26.7,mavic,NorthSea_Fri_DJI_0114.MP4,5805,data/raw/seadronessee/odv2/images/val/6667.jpg,train,1610,1319,297,2929,1907,val_00037783,80.0,640,0.39751552795031053,310.0621118012422,314.83229813664593,19.875776397515526,10.335403726708075,205.42417345009835,1.0,8fe6c319c145bfe6c41b4bd884be5417741d8218678ea8dfc0735cca6b82988f,data/synthetic/seadronessee_30m_to_80m/geometry_only/train/val_00037783.png,data/synthetic/seadronessee_30m_to_80m/calibrated/train/val_00037783.png
val:37785,val:6667,val,37785,6667,6667.jpg,3840,2160,1,swimmer,2361.0,978.0,66.0,27.0,1782.0,31.79844925327644,26.7,mavic,NorthSea_Fri_DJI_0114.MP4,5805,data/raw/seadronessee/odv2/images/val/6667.jpg,train,1610,1589,186,3199,1796,val_00037785,80.0,640,0.39751552795031053,306.88198757763973,314.83229813664593,26.236024844720497,10.732919254658384,281.58913622159633,1.0,8fe6c319c145bfe6c41b4bd884be5417741d8218678ea8dfc0735cca6b82988f,data/synthetic/seadronessee_30m_to_80m/geometry_only/train/val_00037785.png,data/synthetic/seadronessee_30m_to_80m/calibrated/train/val_00037785.png
val:37786,val:6667,val,37786,6667,6667.jpg,3840,2160,1,swimmer,1934.0,905.0,29.0,20.0,580.0,31.79844925327644,26.7,mavic,NorthSea_Fri_DJI_0114.MP4,5805,data/raw/seadronessee/odv2/images/val/6667.jpg,train,1610,1144,110,2754,1720,val_00037786,80.0,640,0.39751552795031053,314.0372670807453,316.0248447204969,11.527950310559005,7.95031055900621,91.65078507773617,1.0,8fe6c319c145bfe6c41b4bd884be5417741d8218678ea8dfc0735cca6b82988f,data/synthetic/seadronessee_30m_to_80m/geometry_only/train/val_00037786.png,data/synthetic/seadronessee_30m_to_80m/calibrated/train/val_00037786.png
val:37787,val:6667,val,37787,6667,6667.jpg,3840,2160,1,swimmer,1846.0,1133.0,38.0,19.0,722.0,31.79844925327644,26.7,mavic,NorthSea_Fri_DJI_0114.MP4,5805,data/raw/seadronessee/odv2/images/val/6667.jpg,train,1610,1060,338,2670,1948,val_00037787,80.0,640,0.39751552795031053,312.4472049689441,316.0248447204969,15.1055900621118,7.5527950310559,114.08942556228538,1.0,8fe6c319c145bfe6c41b4bd884be5417741d8218678ea8dfc0735cca6b82988f,data/synthetic/seadronessee_30m_to_80m/geometry_only/train/val_00037787.png,data/synthetic/seadronessee_30m_to_80m/calibrated/train/val_00037787.png
val:37788,val:6667,val,37788,6667,6667.jpg,3840,2160,1,swimmer,1737.0,1199.0,25.0,19.0,475.0,31.79844925327644,26.7,mavic,NorthSea_Fri_DJI_0114.MP4,5805,data/raw/seadronessee/odv2/images/val/6667.jpg,train,1610,944,404,2554,2014,val_00037788,80.0,640,0.39751552795031053,315.22981366459624,316.0248447204969,9.937888198757763,7.5527950310559,75.0588326067667,1.0,8fe6c319c145bfe6c41b4bd884be5417741d8218678ea8dfc0735cca6b82988f,data/synthetic/seadronessee_30m_to_80m/geometry_only/train/val_00037788.png,data/synthetic/seadronessee_30m_to_80m/calibrated/train/val_00037788.png
val:37789,val:6667,val,37789,6667,6667.jpg,3840,2160,1,swimmer,1694.0,1158.0,39.0,29.0,1131.0,31.79844925327644,26.7,mavic,NorthSea_Fri_DJI_0114.MP4,5805,data/raw/seadronessee/odv2/images/val/6667.jpg,train,1610,908,368,2518,1978,val_00037789,80.0,640,0.39751552795031053,312.4472049689441,314.0372670807453,15.50310559006211,11.527950310559005,178.71903090158557,1.0,8fe6c319c145bfe6c41b4bd884be5417741d8218678ea8dfc0735cca6b82988f,data/synthetic/seadronessee_30m_to_80m/geometry_only/train/val_00037789.png,data/synthetic/seadronessee_30m_to_80m/calibrated/train/val_00037789.png
val:37790,val:6667,val,37790,6667,6667.jpg,3840,2160,1,swimmer,1606.0,1223.0,48.0,22.0,1056.0,31.79844925327644,26.7,mavic,NorthSea_Fri_DJI_0114.MP4,5805,data/raw/seadronessee/odv2/images/val/6667.jpg,train,1610,825,429,2435,2039,val_00037790,80.0,640,0.39751552795031053,310.45962732919253,315.62732919254654,19.080745341614907,8.745341614906831,166.8676362794645,1.0,8fe6c319c145bfe6c41b4bd884be5417741d8218678ea8dfc0735cca6b82988f,data/synthetic/seadronessee_30m_to_80m/geometry_only/train/val_00037790.png,data/synthetic/seadronessee_30m_to_80m/calibrated/train/val_00037790.png
val:37795,val:6667,val,37795,6667,6667.jpg,3840,2160,1,swimmer,2199.0,1062.0,27.0,19.0,513.0,31.79844925327644,26.7,mavic,NorthSea_Fri_DJI_0114.MP4,5805,data/raw/seadronessee/odv2/images/val/6667.jpg,train,1610,1408,266,3018,1876,val_00037795,80.0,640,0.39751552795031053,314.4347826086956,316.4223602484472,10.732919254658384,7.5527950310559,81.06353921530804,1.0,8fe6c319c145bfe6c41b4bd884be5417741d8218678ea8dfc0735cca6b82988f,data/synthetic/seadronessee_30m_to_80m/geometry_only/train/val_00037795.png,data/synthetic/seadronessee_30m_to_80m/calibrated/train/val_00037795.png
val:37810,val:6669,val,37810,6669,6669.jpg,3840,2160,2,boat,1479.0,759.0,203.0,91.0,18473.0,31.79844925327644,26.7,mavic,NorthSea_Fri_DJI_0114.MP4,5835,data/raw/seadronessee/odv2/images/val/6669.jpg,train,1610,776,0,2386,1610,val_00037810,80.0,640,0.39751552795031053,279.4534161490683,301.71428571428567,80.69565217391303,36.17391304347826,2919.077504725897,1.0,8fe6c319c145bfe6c41b4bd884be5417741d8218678ea8dfc0735cca6b82988f,data/synthetic/seadronessee_30m_to_80m/geometry_only/train/val_00037810.png,data/synthetic/seadronessee_30m_to_80m/calibrated/train/val_00037810.png
val:37811,val:6669,val,37811,6669,6669.jpg,3840,2160,1,swimmer,2109.0,1084.0,31.0,21.0,651.0,31.79844925327644,26.7,mavic,NorthSea_Fri_DJI_0114.MP4,5835,data/raw/seadronessee/odv2/images/val/6669.jpg,train,1610,1320,290,2930,1900,val_00037811,80.0,640,0.39751552795031053,313.639751552795,315.62732919254654,12.322981366459626,8.347826086956522,102.87010532001078,1.0,8fe6c319c145bfe6c41b4bd884be5417741d8218678ea8dfc0735cca6b82988f,data/synthetic/seadronessee_30m_to_80m/geometry_only/train/val_00037811.png,data/synthetic/seadronessee_30m_to_80m/calibrated/train/val_00037811.png
val:37813,val:6669,val,37813,6669,6669.jpg,3840,2160,1,swimmer,2353.0,964.0,79.0,31.0,2449.0,31.79844925327644,26.7,mavic,NorthSea_Fri_DJI_0114.MP4,5835,data/raw/seadronessee/odv2/images/val/6669.jpg,train,1610,1588,174,3198,1784,val_00037813,80.0,640,0.39751552795031053,304.09937888198755,314.0372670807453,31.403726708074533,12.322981366459626,386.98753906099296,1.0,8fe6c319c145bfe6c41b4bd884be5417741d8218678ea8dfc0735cca6b82988f,data/synthetic/seadronessee_30m_to_80m/geometry_only/train/val_00037813.png,data/synthetic/seadronessee_30m_to_80m/calibrated/train/val_00037813.png
val:37814,val:6669,val,37814,6669,6669.jpg,3840,2160,1,swimmer,1956.0,878.0,25.0,22.0,550.0,31.79844925327644,26.7,mavic,NorthSea_Fri_DJI_0114.MP4,5835,data/raw/seadronessee/odv2/images/val/6669.jpg,train,1610,1164,84,2774,1694,val_00037814,80.0,640,0.39751552795031053,314.83229813664593,315.62732919254654,9.937888198757763,8.745341614906831,86.91022722888775,1.0,8fe6c319c145bfe6c41b4bd884be5417741d8218678ea8dfc0735cca6b82988f,data/synthetic/seadronessee_30m_to_80m/geometry_only/train/val_00037814.png,data/synthetic/seadronessee_30m_to_80m/calibrated/train/val_00037814.png
val:37815,val:6669,val,37815,6669,6669.jpg,3840,2160,1,swimmer,1847.0,1113.0,25.0,17.0,425.0,31.79844925327644,26.7,mavic,NorthSea_Fri_DJI_0114.MP4,5835,data/raw/seadronessee/odv2/images/val/6669.jpg,train,1610,1054,316,2664,1926,val_00037815,80.0,640,0.39751552795031053,315.22981366459624,316.8198757763975,9.937888198757763,6.757763975155279,67.157902858686,1.0,8fe6c319c145bfe6c41b4bd884be5417741d8218678ea8dfc0735cca6b82988f,data/synthetic/seadronessee_30m_to_80m/geometry_only/train/val_00037815.png,data/synthetic/seadronessee_30m_to_80m/calibrated/train/val_00037815.png
val:37816,val:6669,val,37816,6669,6669.jpg,3840,2160,1,swimmer,1711.0,1172.0,24.0,19.0,456.0,31.79844925327644,26.7,mavic,NorthSea_Fri_DJI_0114.MP4,5835,data/raw/seadronessee/odv2/images/val/6669.jpg,train,1610,918,376,2528,1986,val_00037816,80.0,640,0.39751552795031053,315.22981366459624,316.4223602484472,9.540372670807454,7.5527950310559,72.05647930249604,1.0,8fe6c319c145bfe6c41b4bd884be5417741d8218678ea8dfc0735cca6b82988f,data/synthetic/seadronessee_30m_to_80m/geometry_only/train/val_00037816.png,data/synthetic/seadronessee_30m_to_80m/calibrated/train/val_00037816.png
val:37817,val:6669,val,37817,6669,6669.jpg,3840,2160,1,swimmer,1684.0,1132.0,42.0,26.0,1092.0,31.79844925327644,26.7,mavic,NorthSea_Fri_DJI_0114.MP4,5835,data/raw/seadronessee/odv2/images/val/6669.jpg,train,1610,900,340,2510,1950,val_00037817,80.0,640,0.39751552795031053,311.65217391304344,314.83229813664593,16.695652173913043,10.335403726708075,172.55630569808264,1.0,8fe6c319c145bfe6c41b4bd884be5417741d8218678ea8dfc0735cca6b82988f,data/synthetic/seadronessee_30m_to_80m/geometry_only/train/val_00037817.png,data/synthetic/seadronessee_30m_to_80m/calibrated/train/val_00037817.png
val:37818,val:6669,val,37818,6669,6669.jpg,3840,2160,1,swimmer,1584.0,1191.0,46.0,21.0,966.0,31.79844925327644,26.7,mavic,NorthSea_Fri_DJI_0114.MP4,5835,data/raw/seadronessee/odv2/images/val/6669.jpg,train,1610,802,396,2412,2006,val_00037818,80.0,640,0.39751552795031053,310.85714285714283,316.0248447204969,18.285714285714285,8.347826086956522,152.64596273291923,1.0,8fe6c319c145bfe6c41b4bd884be5417741d8218678ea8dfc0735cca6b82988f,data/synthetic/seadronessee_30m_to_80m/geometry_only/train/val_00037818.png,data/synthetic/seadronessee_30m_to_80m/calibrated/train/val_00037818.png
val:37819,val:6669,val,37819,6669,6669.jpg,3840,2160,5,buoy,824.0,914.0,58.0,77.0,4466.0,31.79844925327644,26.7,mavic,NorthSea_Fri_DJI_0114.MP4,5835,data/raw/seadronessee/odv2/images/val/6669.jpg,train,1610,48,148,1658,1758,val_00037819,80.0,640,0.39751552795031053,308.47204968944095,304.49689440993785,23.05590062111801,30.60869565217391,705.7110450985685,1.0,8fe6c319c145bfe6c41b4bd884be5417741d8218678ea8dfc0735cca6b82988f,data/synthetic/seadronessee_30m_to_80m/geometry_only/train/val_00037819.png,data/synthetic/seadronessee_30m_to_80m/calibrated/train/val_00037819.png
val:37823,val:6669,val,37823,6669,6669.jpg,3840,2160,1,swimmer,2192.0,1050.0,33.0,24.0,792.0,31.79844925327644,26.7,mavic,NorthSea_Fri_DJI_0114.MP4,5835,data/raw/seadronessee/odv2/images/val/6669.jpg,train,1610,1404,257,3014,1867,val_00037823,80.0,640,0.39751552795031053,313.2422360248447,315.22981366459624,13.118012422360248,9.540372670807454,125.1507272095984,1.0,8fe6c319c145bfe6c41b4bd884be5417741d8218678ea8dfc0735cca6b82988f,data/synthetic/seadronessee_30m_to_80m/geometry_only/train/val_00037823.png,data/synthetic/seadronessee_30m_to_80m/calibrated/train/val_00037823.png
val:37839,val:6671,val,37839,6671,6671.jpg,3840,2160,1,swimmer,2130.0,1060.0,25.0,28.0,700.0,31.89844437671441,26.7,mavic,NorthSea_Fri_DJI_0114.MP4,5865,data/raw/seadronessee/odv2/images/val/6671.jpg,train,1605,1340,272,2945,1877,val_00037839,80.0,640,0.3987538940809969,315.01557632398755,314.2180685358255,9.968847352024921,11.165109034267912,111.30326763133121,1.0,8fe6c319c145bfe6c41b4bd884be5417741d8218678ea8dfc0735cca6b82988f,data/synthetic/seadronessee_30m_to_80m/geometry_only/train/val_00037839.png,data/synthetic/seadronessee_30m_to_80m/calibrated/train/val_00037839.png
val:37841,val:6671,val,37841,6671,6671.jpg,3840,2160,1,swimmer,2374.0,956.0,53.0,27.0,1431.0,31.89844437671441,26.7,mavic,NorthSea_Fri_DJI_0114.MP4,5865,data/raw/seadronessee/odv2/images/val/6671.jpg,train,1605,1598,167,3203,1772,val_00037841,80.0,640,0.3987538940809969,309.43302180685356,314.6168224299065,21.133956386292834,10.766355140186915,227.53567997204993,1.0,8fe6c319c145bfe6c41b4bd884be5417741d8218678ea8dfc0735cca6b82988f,data/synthetic/seadronessee_30m_to_80m/geometry_only/train/val_00037841.png,data/synthetic/seadronessee_30m_to_80m/calibrated/train/val_00037841.png
val:37842,val:6671,val,37842,6671,6671.jpg,3840,2160,1,swimmer,1997.0,855.0,32.0,20.0,640.0,31.89844437671441,26.7,mavic,NorthSea_Fri_DJI_0114.MP4,5865,data/raw/seadronessee/odv2/images/val/6671.jpg,train,1605,1210,62,2815,1667,val_00037842,80.0,640,0.3987538940809969,313.81931464174454,316.2118380062305,12.7601246105919,7.975077881619938,101.76298754864568,1.0,8fe6c319c145bfe6c41b4bd884be5417741d8218678ea8dfc0735cca6b82988f,data/synthetic/seadronessee_30m_to_80m/geometry_only/train/val_00037842.png,data/synthetic/seadronessee_30m_to_80m/calibrated/train/val_00037842.png
val:37843,val:6671,val,37843,6671,6671.jpg,3840,2160,1,swimmer,1862.0,1092.0,23.0,15.0,345.0,31.89844437671441,26.7,mavic,NorthSea_Fri_DJI_0114.MP4,5865,data/raw/seadronessee/odv2/images/val/6671.jpg,train,1605,1071,297,2676,1902,val_00037843,80.0,640,0.3987538940809969,315.4143302180685,317.0093457943925,9.171339563862928,5.981308411214953,54.856610475441805,1.0,8fe6c319c145bfe6c41b4bd884be5417741d8218678ea8dfc0735cca6b82988f,data/synthetic/seadronessee_30m_to_80m/geometry_only/train/val_00037843.png,data/synthetic/seadronessee_30m_to_80m/calibrated/train/val_00037843.png
val:37844,val:6671,val,37844,6671,6671.jpg,3840,2160,1,swimmer,1706.0,1137.0,42.0,30.0,1260.0,31.89844437671441,26.7,mavic,NorthSea_Fri_DJI_0114.MP4,5865,data/raw/seadronessee/odv2/images/val/6671.jpg,train,1605,924,350,2529,1955,val_00037844,80.0,640,0.3987538940809969,311.82554517133957,313.81931464174454,16.747663551401867,11.962616822429906,200.34588173639617,1.0,8fe6c319c145bfe6c41b4bd884be5417741d8218678ea8dfc0735cca6b82988f,data/synthetic/seadronessee_30m_to_80m/geometry_only/train/val_00037844.png,data/synthetic/seadronessee_30m_to_80m/calibrated/train/val_00037844.png
val:37845,val:6671,val,37845,6671,6671.jpg,3840,2160,1,swimmer,1694.0,1098.0,34.0,26.0,884.0,31.89844437671441,26.7,mavic,NorthSea_Fri_DJI_0114.MP4,5865,data/raw/seadronessee/odv2/images/val/6671.jpg,train,1605,908,308,2513,1913,val_00037845,80.0,640,0.3987538940809969,313.42056074766356,315.01557632398755,13.557632398753894,10.367601246105918,140.56012655156684,1.0,8fe6c319c145bfe6c41b4bd884be5417741d8218678ea8dfc0735cca6b82988f,data/synthetic/seadronessee_30m_to_80m/geometry_only/train/val_00037845.png,data/synthetic/seadronessee_30m_to_80m/calibrated/train/val_00037845.png
val:37846,val:6671,val,37846,6671,6671.jpg,3840,2160,1,swimmer,1585.0,1150.0,43.0,21.0,903.0,31.89844437671441,26.7,mavic,NorthSea_Fri_DJI_0114.MP4,5865,data/raw/seadronessee/odv2/images/val/6671.jpg,train,1605,804,358,2409,1963,val_00037846,80.0,640,0.3987538940809969,311.42679127725853,315.8130841121495,17.146417445482864,8.373831775700934,143.58121524441725,1.0,8fe6c319c145bfe6c41b4bd884be5417741d8218678ea8dfc0735cca6b82988f,data/synthetic/seadronessee_30m_to_80m/geometry_only/train/val_00037846.png,data/synthetic/seadronessee_30m_to_80m/calibrated/train/val_00037846.png
val:37847,val:6671,val,37847,6671,6671.jpg,3840,2160,5,buoy,917.0,852.0,54.0,73.0,3942.0,31.89844437671441,26.7,mavic,NorthSea_Fri_DJI_0114.MP4,5865,data/raw/seadronessee/odv2/images/val/6671.jpg,train,1605,142,86,1747,1691,val_00037847,80.0,640,0.3987538940809969,309.0342679127726,305.4454828660436,21.53271028037383,29.109034267912772,626.7964014324394,1.0,8fe6c319c145bfe6c41b4bd884be5417741d8218678ea8dfc0735cca6b82988f,data/synthetic/seadronessee_30m_to_80m/geometry_only/train/val_00037847.png,data/synthetic/seadronessee_30m_to_80m/calibrated/train/val_00037847.png
val:37851,val:6671,val,37851,6671,6671.jpg,3840,2160,1,swimmer,2208.0,1034.0,35.0,25.0,875.0,31.89844437671441,26.7,mavic,NorthSea_Fri_DJI_0114.MP4,5865,data/raw/seadronessee/odv2/images/val/6671.jpg,train,1605,1423,244,3028,1849,val_00037851,80.0,640,0.3987538940809969,313.0218068535825,315.01557632398755,13.95638629283489,9.968847352024921,139.129084539164,1.0,8fe6c319c145bfe6c41b4bd884be5417741d8218678ea8dfc0735cca6b82988f,data/synthetic/seadronessee_30m_to_80m/geometry_only/train/val_00037851.png,data/synthetic/seadronessee_30m_to_80m/calibrated/train/val_00037851.png
val:37867,val:6673,val,37867,6673,6673.jpg,3840,2160,1,swimmer,2117.0,1039.0,32.0,27.0,864.0,31.89844437671441,26.7,mavic,NorthSea_Fri_DJI_0114.MP4,5895,data/raw/seadronessee/odv2/images/val/6673.jpg,train,1605,1330,250,2935,1855,val_00037867,80.0,640,0.3987538940809969,313.81931464174454,314.6168224299065,12.7601246105919,10.766355140186915,137.38003319067167,1.0,8fe6c319c145bfe6c41b4bd884be5417741d8218678ea8dfc0735cca6b82988f,data/synthetic/seadronessee_30m_to_80m/geometry_only/train/val_00037867.png,data/synthetic/seadronessee_30m_to_80m/calibrated/train/val_00037867.png
val:37869,val:6673,val,37869,6673,6673.jpg,3840,2160,1,swimmer,2383.0,943.0,37.0,28.0,1036.0,31.89844437671441,26.7,mavic,NorthSea_Fri_DJI_0114.MP4,5895,data/raw/seadronessee/odv2/images/val/6673.jpg,train,1605,1599,154,3204,1759,val_00037869,80.0,640,0.3987538940809969,312.62305295950154,314.6168224299065,14.753894080996885,11.165109034267912,164.7288360943702,1.0,8fe6c319c145bfe6c41b4bd884be5417741d8218678ea8dfc0735cca6b82988f,data/synthetic/seadronessee_30m_to_80m/geometry_only/train/val_00037869.png,data/synthetic/seadronessee_30m_to_80m/calibrated/train/val_00037869.png
val:37870,val:6673,val,37870,6673,6673.jpg,3840,2160,1,swimmer,2035.0,830.0,27.0,21.0,567.0,31.89844437671441,26.7,mavic,NorthSea_Fri_DJI_0114.MP4,5895,data/raw/seadronessee/odv2/images/val/6673.jpg,train,1605,1246,38,2851,1643,val_00037870,80.0,640,0.3987538940809969,314.6168224299065,315.8130841121495,10.766355140186915,8.373831775700934,90.15564678137827,1.0,8fe6c319c145bfe6c41b4bd884be5417741d8218678ea8dfc0735cca6b82988f,data/synthetic/seadronessee_30m_to_80m/geometry_only/train/val_00037870.png,data/synthetic/seadronessee_30m_to_80m/calibrated/train/val_00037870.png
val:37871,val:6673,val,37871,6673,6673.jpg,3840,2160,1,swimmer,1860.0,1047.0,26.0,17.0,442.0,31.89844437671441,26.7,mavic,NorthSea_Fri_DJI_0114.MP4,5895,data/raw/seadronessee/odv2/images/val/6673.jpg,train,1605,1070,253,2675,1858,val_00037871,80.0,640,0.3987538940809969,315.01557632398755,316.61059190031153,10.367601246105918,6.778816199376947,70.28006327578342,1.0,8fe6c319c145bfe6c41b4bd884be5417741d8218678ea8dfc0735cca6b82988f,data/synthetic/seadronessee_30m_to_80m/geometry_only/train/val_00037871.png,data/synthetic/seadronessee_30m_to_80m/calibrated/train/val_00037871.png
val:37872,val:6673,val,37872,6673,6673.jpg,3840,2160,1,swimmer,1688.0,1094.0,41.0,26.0,1066.0,31.89844437671441,26.7,mavic,NorthSea_Fri_DJI_0114.MP4,5895,data/raw/seadronessee/odv2/images/val/6673.jpg,train,1605,906,304,2511,1909,val_00037872,80.0,640,0.3987538940809969,311.82554517133957,315.01557632398755,16.34890965732087,10.367601246105918,169.49897613571295,1.0,8fe6c319c145bfe6c41b4bd884be5417741d8218678ea8dfc0735cca6b82988f,data/synthetic/seadronessee_30m_to_80m/geometry_only/train/val_00037872.png,data/synthetic/seadronessee_30m_to_80m/calibrated/train/val_00037872.png
val:37873,val:6673,val,37873,6673,6673.jpg,3840,2160,1,swimmer,1702.0,1057.0,31.0,25.0,775.0,31.89844437671441,26.7,mavic,NorthSea_Fri_DJI_0114.MP4,5895,data/raw/seadronessee/odv2/images/val/6673.jpg,train,1605,915,267,2520,1872,val_00037873,80.0,640,0.3987538940809969,313.81931464174454,315.01557632398755,12.361370716510903,9.968847352024921,123.22861773468811,1.0,8fe6c319c145bfe6c41b4bd884be5417741d8218678ea8dfc0735cca6b82988f,data/synthetic/seadronessee_30m_to_80m/geometry_only/train/val_00037873.png,data/synthetic/seadronessee_30m_to_80m/calibrated/train/val_00037873.png
val:37874,val:6673,val,37874,6673,6673.jpg,3840,2160,1,swimmer,1571.0,1110.0,48.0,19.0,912.0,31.89844437671441,26.7,mavic,NorthSea_Fri_DJI_0114.MP4,5895,data/raw/seadronessee/odv2/images/val/6673.jpg,train,1605,792,317,2397,1922,val_00037874,80.0,640,0.3987538940809969,310.62928348909657,316.2118380062305,19.14018691588785,7.576323987538941,145.01225725682008,1.0,8fe6c319c145bfe6c41b4bd884be5417741d8218678ea8dfc0735cca6b82988f,data/synthetic/seadronessee_30m_to_80m/geometry_only/train/val_00037874.png,data/synthetic/seadronessee_30m_to_80m/calibrated/train/val_00037874.png
val:37875,val:6673,val,37875,6673,6673.jpg,3840,2160,5,buoy,1000.0,795.0,52.0,71.0,3692.0,31.89844437671441,26.7,mavic,NorthSea_Fri_DJI_0114.MP4,5895,data/raw/seadronessee/odv2/images/val/6673.jpg,train,1605,224,28,1829,1633,val_00037875,80.0,640,0.3987538940809969,309.43302180685356,305.8442367601246,20.735202492211837,28.31152647975078,587.0452344212498,1.0,8fe6c319c145bfe6c41b4bd884be5417741d8218678ea8dfc0735cca6b82988f,data/synthetic/seadronessee_30m_to_80m/geometry_only/train/val_00037875.png,data/synthetic/seadronessee_30m_to_80m/calibrated/train/val_00037875.png
val:37879,val:6673,val,37879,6673,6673.jpg,3840,2160,1,swimmer,2198.0,1020.0,34.0,23.0,782.0,31.89844437671441,26.7,mavic,NorthSea_Fri_DJI_0114.MP4,5895,data/raw/seadronessee/odv2/images/val/6673.jpg,train,1605,1412,229,3017,1834,val_00037879,80.0,640,0.3987538940809969,313.42056074766356,315.4143302180685,13.557632398753894,9.171339563862928,124.34165041100144,1.0,8fe6c319c145bfe6c41b4bd884be5417741d8218678ea8dfc0735cca6b82988f,data/synthetic/seadronessee_30m_to_80m/geometry_only/train/val_00037879.png,data/synthetic/seadronessee_30m_to_80m/calibrated/train/val_00037879.png
val:37895,val:6675,val,37895,6675,6675.jpg,3840,2160,1,swimmer,2112.0,1015.0,25.0,23.0,575.0,31.79844925327644,26.7,mavic,NorthSea_Fri_DJI_0114.MP4,5925,data/raw/seadronessee/odv2/images/val/6675.jpg,train,1610,1320,222,2930,1832,val_00037895,80.0,640,0.39751552795031053,314.83229813664593,315.22981366459624,9.937888198757763,9.142857142857142,90.86069210292811,1.0,8fe6c319c145bfe6c41b4bd884be5417741d8218678ea8dfc0735cca6b82988f,data/synthetic/seadronessee_30m_to_80m/geometry_only/train/val_00037895.png,data/synthetic/seadronessee_30m_to_80m/calibrated/train/val_00037895.png
val:37897,val:6675,val,37897,6675,6675.jpg,3840,2160,1,swimmer,2392.0,919.0,34.0,29.0,986.0,31.79844925327644,26.7,mavic,NorthSea_Fri_DJI_0114.MP4,5925,data/raw/seadronessee/odv2/images/val/6675.jpg,train,1610,1604,128,3214,1738,val_00037897,80.0,640,0.39751552795031053,313.2422360248447,314.4347826086956,13.515527950310558,11.527950310559005,155.8063346321515,1.0,8fe6c319c145bfe6c41b4bd884be5417741d8218678ea8dfc0735cca6b82988f,data/synthetic/seadronessee_30m_to_80m/geometry_only/train/val_00037897.png,data/synthetic/seadronessee_30m_to_80m/calibrated/train/val_00037897.png
val:37898,val:6675,val,37898,6675,6675.jpg,3840,2160,1,swimmer,2073.0,811.0,25.0,18.0,450.0,31.79844925327644,26.7,mavic,NorthSea_Fri_DJI_0114.MP4,5925,data/raw/seadronessee/odv2/images/val/6675.jpg,train,1610,1280,15,2890,1625,val_00037898,80.0,640,0.39751552795031053,315.22981366459624,316.4223602484472,9.937888198757763,7.155279503105589,71.10836773272635,1.0,8fe6c319c145bfe6c41b4bd884be5417741d8218678ea8dfc0735cca6b82988f,data/synthetic/seadronessee_30m_to_80m/geometry_only/train/val_00037898.png,data/synthetic/seadronessee_30m_to_80m/calibrated/train/val_00037898.png
val:37899,val:6675,val,37899,6675,6675.jpg,3840,2160,1,swimmer,1860.0,1012.0,38.0,15.0,570.0,31.79844925327644,26.7,mavic,NorthSea_Fri_DJI_0114.MP4,5925,data/raw/seadronessee/odv2/images/val/6675.jpg,train,1610,1074,214,2684,1824,val_00037899,80.0,640,0.39751552795031053,312.4472049689441,317.2173913043478,15.1055900621118,5.962732919254658,90.07059912812004,1.0,8fe6c319c145bfe6c41b4bd884be5417741d8218678ea8dfc0735cca6b82988f,data/synthetic/seadronessee_30m_to_80m/geometry_only/train/val_00037899.png,data/synthetic/seadronessee_30m_to_80m/calibrated/train/val_00037899.png
val:37900,val:6675,val,37900,6675,6675.jpg,3840,2160,1,swimmer,1682.0,1054.0,41.0,20.0,820.0,31.79844925327644,26.7,mavic,NorthSea_Fri_DJI_0114.MP4,5925,data/raw/seadronessee/odv2/images/val/6675.jpg,train,1610,898,259,2508,1869,val_00037900,80.0,640,0.39751552795031053,311.65217391304344,316.0248447204969,16.29813664596273,7.95031055900621,129.57524786852358,1.0,8fe6c319c145bfe6c41b4bd884be5417741d8218678ea8dfc0735cca6b82988f,data/synthetic/seadronessee_30m_to_80m/geometry_only/train/val_00037900.png,data/synthetic/seadronessee_30m_to_80m/calibrated/train/val_00037900.png
val:37901,val:6675,val,37901,6675,6675.jpg,3840,2160,1,swimmer,1705.0,1006.0,33.0,24.0,792.0,31.79844925327644,26.7,mavic,NorthSea_Fri_DJI_0114.MP4,5925,data/raw/seadronessee/odv2/images/val/6675.jpg,train,1610,916,213,2526,1823,val_00037901,80.0,640,0.39751552795031053,313.639751552795,315.22981366459624,13.118012422360248,9.540372670807454,125.1507272095984,1.0,8fe6c319c145bfe6c41b4bd884be5417741d8218678ea8dfc0735cca6b82988f,data/synthetic/seadronessee_30m_to_80m/geometry_only/train/val_00037901.png,data/synthetic/seadronessee_30m_to_80m/calibrated/train/val_00037901.png
val:37902,val:6675,val,37902,6675,6675.jpg,3840,2160,1,swimmer,1578.0,1063.0,42.0,16.0,672.0,31.79844925327644,26.7,mavic,NorthSea_Fri_DJI_0114.MP4,5925,data/raw/seadronessee/odv2/images/val/6675.jpg,train,1610,794,266,2404,1876,val_00037902,80.0,640,0.39751552795031053,311.65217391304344,316.8198757763975,16.695652173913043,6.3602484472049685,106.18849581420469,1.0,8fe6c319c145bfe6c41b4bd884be5417741d8218678ea8dfc0735cca6b82988f,data/synthetic/seadronessee_30m_to_80m/geometry_only/train/val_00037902.png,data/synthetic/seadronessee_30m_to_80m/calibrated/train/val_00037902.png
val:37907,val:6675,val,37907,6675,6675.jpg,3840,2160,1,swimmer,2195.0,999.0,30.0,23.0,690.0,31.79844925327644,26.7,mavic,NorthSea_Fri_DJI_0114.MP4,5925,data/raw/seadronessee/odv2/images/val/6675.jpg,train,1610,1405,206,3015,1816,val_00037907,80.0,640,0.39751552795031053,314.0372670807453,315.22981366459624,11.925465838509316,9.142857142857142,109.03283052351374,1.0,8fe6c319c145bfe6c41b4bd884be5417741d8218678ea8dfc0735cca6b82988f,data/synthetic/seadronessee_30m_to_80m/geometry_only/train/val_00037907.png,data/synthetic/seadronessee_30m_to_80m/calibrated/train/val_00037907.png
val:37923,val:6677,val,37923,6677,6677.jpg,3840,2160,1,swimmer,1949.0,993.0,25.0,25.0,625.0,31.79844925327644,26.7,mavic,NorthSea_Fri_DJI_0114.MP4,5955,data/raw/seadronessee/odv2/images/val/6677.jpg,train,1610,1156,200,2766,1810,val_00037923,80.0,640,0.39751552795031053,315.22981366459624,315.22981366459624,9.937888198757763,9.937888198757763,98.76162185100883,1.0,8fe6c319c145bfe6c41b4bd884be5417741d8218678ea8dfc0735cca6b82988f,data/synthetic/seadronessee_30m_to_80m/geometry_only/train/val_00037923.png,data/synthetic/seadronessee_30m_to_80m/calibrated/train/val_00037923.png
val:37925,val:6677,val,37925,6677,6677.jpg,3840,2160,1,swimmer,2233.0,906.0,33.0,22.0,726.0,31.79844925327644,26.7,mavic,NorthSea_Fri_DJI_0114.MP4,5955,data/raw/seadronessee/odv2/images/val/6677.jpg,train,1610,1444,112,3054,1722,val_00037925,80.0,640,0.39751552795031053,313.639751552795,315.62732919254654,13.118012422360248,8.745341614906831,114.72149994213184,1.0,8fe6c319c145bfe6c41b4bd884be5417741d8218678ea8dfc0735cca6b82988f,data/synthetic/seadronessee_30m_to_80m/geometry_only/train/val_00037925.png,data/synthetic/seadronessee_30m_to_80m/calibrated/train/val_00037925.png
val:37926,val:6677,val,37926,6677,6677.jpg,3840,2160,1,swimmer,1954.0,796.0,20.0,19.0,380.0,31.79844925327644,26.7,mavic,NorthSea_Fri_DJI_0114.MP4,5955,data/raw/seadronessee/odv2/images/val/6677.jpg,train,1610,1159,0,2769,1610,val_00037926,80.0,640,0.39751552795031053,316.0248447204969,316.4223602484472,7.95031055900621,7.5527950310559,60.047066085413356,1.0,8fe6c319c145bfe6c41b4bd884be5417741d8218678ea8dfc0735cca6b82988f,data/synthetic/seadronessee_30m_to_80m/geometry_only/train/val_00037926.png,data/synthetic/seadronessee_30m_to_80m/calibrated/train/val_00037926.png
val:37927,val:6677,val,37927,6677,6677.jpg,3840,2160,1,swimmer,1707.0,984.0,31.0,17.0,527.0,31.79844925327644,26.7,mavic,NorthSea_Fri_DJI_0114.MP4,5955,data/raw/seadronessee/odv2/images/val/6677.jpg,train,1610,918,188,2528,1798,val_00037927,80.0,640,0.39751552795031053,313.639751552795,316.4223602484472,12.322981366459626,6.757763975155279,83.27579954477063,1.0,8fe6c319c145bfe6c41b4bd884be5417741d8218678ea8dfc0735cca6b82988f,data/synthetic/seadronessee_30m_to_80m/geometry_only/train/val_00037927.png,data/synthetic/seadronessee_30m_to_80m/calibrated/train/val_00037927.png
val:37928,val:6677,val,37928,6677,6677.jpg,3840,2160,1,swimmer,1516.0,1009.0,36.0,24.0,864.0,31.79844925327644,26.7,mavic,NorthSea_Fri_DJI_0114.MP4,5955,data/raw/seadronessee/odv2/images/val/6677.jpg,train,1610,729,216,2339,1826,val_00037928,80.0,640,0.39751552795031053,312.8447204968944,315.22981366459624,14.310559006211179,9.540372670807454,136.5280660468346,1.0,8fe6c319c145bfe6c41b4bd884be5417741d8218678ea8dfc0735cca6b82988f,data/synthetic/seadronessee_30m_to_80m/geometry_only/train/val_00037928.png,data/synthetic/seadronessee_30m_to_80m/calibrated/train/val_00037928.png
val:37929,val:6677,val,37929,6677,6677.jpg,3840,2160,1,swimmer,1548.0,970.0,32.0,22.0,704.0,31.79844925327644,26.7,mavic,NorthSea_Fri_DJI_0114.MP4,5955,data/raw/seadronessee/odv2/images/val/6677.jpg,train,1610,759,176,2369,1786,val_00037929,80.0,640,0.39751552795031053,313.639751552795,315.62732919254654,12.720496894409937,8.745341614906831,111.24509085297633,1.0,8fe6c319c145bfe6c41b4bd884be5417741d8218678ea8dfc0735cca6b82988f,data/synthetic/seadronessee_30m_to_80m/geometry_only/train/val_00037929.png,data/synthetic/seadronessee_30m_to_80m/calibrated/train/val_00037929.png
val:37930,val:6677,val,37930,6677,6677.jpg,3840,2160,1,swimmer,1423.0,1010.0,39.0,22.0,858.0,31.79844925327644,26.7,mavic,NorthSea_Fri_DJI_0114.MP4,5955,data/raw/seadronessee/odv2/images/val/6677.jpg,train,1610,638,216,2248,1826,val_00037930,80.0,640,0.39751552795031053,312.04968944099375,315.62732919254654,15.50310559006211,8.745341614906831,135.5799544770649,1.0,8fe6c319c145bfe6c41b4bd884be5417741d8218678ea8dfc0735cca6b82988f,data/synthetic/seadronessee_30m_to_80m/geometry_only/train/val_00037930.png,data/synthetic/seadronessee_30m_to_80m/calibrated/train/val_00037930.png
val:37935,val:6677,val,37935,6677,6677.jpg,3840,2160,1,swimmer,2038.0,979.0,22.0,23.0,506.0,31.79844925327644,26.7,mavic,NorthSea_Fri_DJI_0114.MP4,5955,data/raw/seadronessee/odv2/images/val/6677.jpg,train,1610,1244,186,2854,1796,val_00037935,80.0,640,0.39751552795031053,315.62732919254654,315.22981366459624,8.745341614906831,9.142857142857142,79.95740905057674,1.0,8fe6c319c145bfe6c41b4bd884be5417741d8218678ea8dfc0735cca6b82988f,data/synthetic/seadronessee_30m_to_80m/geometry_only/train/val_00037935.png,data/synthetic/seadronessee_30m_to_80m/calibrated/train/val_00037935.png
val:37951,val:6679,val,37951,6679,6679.jpg,3840,2160,1,swimmer,1740.0,967.0,24.0,23.0,552.0,31.79844925327644,26.7,mavic,NorthSea_Fri_DJI_0114.MP4,5985,data/raw/seadronessee/odv2/images/val/6679.jpg,train,1610,947,174,2557,1784,val_00037951,80.0,640,0.39751552795031053,315.22981366459624,315.22981366459624,9.540372670807454,9.142857142857142,87.226264418811,1.0,8fe6c319c145bfe6c41b4bd884be5417741d8218678ea8dfc0735cca6b82988f,data/synthetic/seadronessee_30m_to_80m/geometry_only/train/val_00037951.png,data/synthetic/seadronessee_30m_to_80m/calibrated/train/val_00037951.png
val:37953,val:6679,val,37953,6679,6679.jpg,3840,2160,1,swimmer,2024.0,891.0,32.0,22.0,704.0,31.79844925327644,26.7,mavic,NorthSea_Fri_DJI_0114.MP4,5985,data/raw/seadronessee/odv2/images/val/6679.jpg,train,1610,1235,97,2845,1707,val_00037953,80.0,640,0.39751552795031053,313.639751552795,315.62732919254654,12.720496894409937,8.745341614906831,111.24509085297633,1.0,8fe6c319c145bfe6c41b4bd884be5417741d8218678ea8dfc0735cca6b82988f,data/synthetic/seadronessee_30m_to_80m/geometry_only/train/val_00037953.png,data/synthetic/seadronessee_30m_to_80m/calibrated/train/val_00037953.png
val:37955,val:6679,val,37955,6679,6679.jpg,3840,2160,1,swimmer,1507.0,962.0,25.0,18.0,450.0,31.79844925327644,26.7,mavic,NorthSea_Fri_DJI_0114.MP4,5985,data/raw/seadronessee/odv2/images/val/6679.jpg,train,1610,714,166,2324,1776,val_00037955,80.0,640,0.39751552795031053,315.22981366459624,316.4223602484472,9.937888198757763,7.155279503105589,71.10836773272635,1.0,8fe6c319c145bfe6c41b4bd884be5417741d8218678ea8dfc0735cca6b82988f,data/synthetic/seadronessee_30m_to_80m/geometry_only/train/val_00037955.png,data/synthetic/seadronessee_30m_to_80m/calibrated/train/val_00037955.png
val:37956,val:6679,val,37956,6679,6679.jpg,3840,2160,1,swimmer,1305.0,986.0,29.0,26.0,754.0,31.79844925327644,26.7,mavic,NorthSea_Fri_DJI_0114.MP4,5985,data/raw/seadronessee/odv2/images/val/6679.jpg,train,1610,514,194,2124,1804,val_00037956,80.0,640,0.39751552795031053,314.4347826086956,314.83229813664593,11.527950310559005,10.335403726708075,119.14602060105705,1.0,8fe6c319c145bfe6c41b4bd884be5417741d8218678ea8dfc0735cca6b82988f,data/synthetic/seadronessee_30m_to_80m/geometry_only/train/val_00037956.png,data/synthetic/seadronessee_30m_to_80m/calibrated/train/val_00037956.png
val:37957,val:6679,val,37957,6679,6679.jpg,3840,2160,1,swimmer,1350.0,959.0,32.0,21.0,672.0,31.79844925327644,26.7,mavic,NorthSea_Fri_DJI_0114.MP4,5985,data/raw/seadronessee/odv2/images/val/6679.jpg,train,1610,561,164,2171,1774,val_00037957,80.0,640,0.39751552795031053,313.639751552795,316.0248447204969,12.720496894409937,8.347826086956522,106.18849581420469,1.0,8fe6c319c145bfe6c41b4bd884be5417741d8218678ea8dfc0735cca6b82988f,data/synthetic/seadronessee_30m_to_80m/geometry_only/train/val_00037957.png,data/synthetic/seadronessee_30m_to_80m/calibrated/train/val_00037957.png
val:37958,val:6679,val,37958,6679,6679.jpg,3840,2160,1,swimmer,1207.0,992.0,45.0,22.0,990.0,31.79844925327644,26.7,mavic,NorthSea_Fri_DJI_0114.MP4,5985,data/raw/seadronessee/odv2/images/val/6679.jpg,train,1610,424,198,2034,1808,val_00037958,80.0,640,0.39751552795031053,311.25465838509314,315.62732919254654,17.888198757763973,8.745341614906831,156.43840901199795,1.0,8fe6c319c145bfe6c41b4bd884be5417741d8218678ea8dfc0735cca6b82988f,data/synthetic/seadronessee_30m_to_80m/geometry_only/train/val_00037958.png,data/synthetic/seadronessee_30m_to_80m/calibrated/train/val_00037958.png
val:37963,val:6679,val,37963,6679,6679.jpg,3840,2160,1,swimmer,1828.0,956.0,15.0,19.0,285.0,31.79844925327644,26.7,mavic,NorthSea_Fri_DJI_0114.MP4,5985,data/raw/seadronessee/odv2/images/val/6679.jpg,train,1610,1030,160,2640,1770,val_00037963,80.0,640,0.39751552795031053,317.2173913043478,316.4223602484472,5.962732919254658,7.5527950310559,45.03529956406002,1.0,8fe6c319c145bfe6c41b4bd884be5417741d8218678ea8dfc0735cca6b82988f,data/synthetic/seadronessee_30m_to_80m/geometry_only/train/val_00037963.png,data/synthetic/seadronessee_30m_to_80m/calibrated/train/val_00037963.png
val:37978,val:6681,val,37978,6681,6681.jpg,3840,2160,1,swimmer,1673.0,952.0,25.0,22.0,550.0,31.79844925327644,26.7,mavic,NorthSea_Fri_DJI_0114.MP4,6015,data/raw/seadronessee/odv2/images/val/6681.jpg,train,1610,880,158,2490,1768,val_00037978,80.0,640,0.39751552795031053,315.22981366459624,315.62732919254654,9.937888198757763,8.745341614906831,86.91022722888775,1.0,8fe6c319c145bfe6c41b4bd884be5417741d8218678ea8dfc0735cca6b82988f,data/synthetic/seadronessee_30m_to_80m/geometry_only/train/val_00037978.png,data/synthetic/seadronessee_30m_to_80m/calibrated/train/val_00037978.png
val:37980,val:6681,val,37980,6681,6681.jpg,3840,2160,1,swimmer,1950.0,872.0,36.0,23.0,828.0,31.79844925327644,26.7,mavic,NorthSea_Fri_DJI_0114.MP4,6015,data/raw/seadronessee/odv2/images/val/6681.jpg,train,1610,1163,78,2773,1688,val_00037980,80.0,640,0.39751552795031053,312.8447204968944,315.62732919254654,14.310559006211179,9.142857142857142,130.8393966282165,1.0,8fe6c319c145bfe6c41b4bd884be5417741d8218678ea8dfc0735cca6b82988f,data/synthetic/seadronessee_30m_to_80m/geometry_only/train/val_00037980.png,data/synthetic/seadronessee_30m_to_80m/calibrated/train/val_00037980.png
val:37982,val:6681,val,37982,6681,6681.jpg,3840,2160,1,swimmer,1451.0,949.0,25.0,16.0,400.0,31.79844925327644,26.7,mavic,NorthSea_Fri_DJI_0114.MP4,6015,data/raw/seadronessee/odv2/images/val/6681.jpg,train,1610,658,152,2268,1762,val_00037982,80.0,640,0.39751552795031053,315.22981366459624,316.8198757763975,9.937888198757763,6.3602484472049685,63.207437984645644,1.0,8fe6c319c145bfe6c41b4bd884be5417741d8218678ea8dfc0735cca6b82988f,data/synthetic/seadronessee_30m_to_80m/geometry_only/train/val_00037982.png,data/synthetic/seadronessee_30m_to_80m/calibrated/train/val_00037982.png
val:37983,val:6681,val,37983,6681,6681.jpg,3840,2160,1,swimmer,1242.0,985.0,22.0,23.0,506.0,31.79844925327644,26.7,mavic,NorthSea_Fri_DJI_0114.MP4,6015,data/raw/seadronessee/odv2/images/val/6681.jpg,train,1610,448,192,2058,1802,val_00037983,80.0,640,0.39751552795031053,315.62732919254654,315.22981366459624,8.745341614906831,9.142857142857142,79.95740905057674,1.0,8fe6c319c145bfe6c41b4bd884be5417741d8218678ea8dfc0735cca6b82988f,data/synthetic/seadronessee_30m_to_80m/geometry_only/train/val_00037983.png,data/synthetic/seadronessee_30m_to_80m/calibrated/train/val_00037983.png
val:37984,val:6681,val,37984,6681,6681.jpg,3840,2160,1,swimmer,1286.0,945.0,32.0,21.0,672.0,31.79844925327644,26.7,mavic,NorthSea_Fri_DJI_0114.MP4,6015,data/raw/seadronessee/odv2/images/val/6681.jpg,train,1610,497,150,2107,1760,val_00037984,80.0,640,0.39751552795031053,313.639751552795,316.0248447204969,12.720496894409937,8.347826086956522,106.18849581420469,1.0,8fe6c319c145bfe6c41b4bd884be5417741d8218678ea8dfc0735cca6b82988f,data/synthetic/seadronessee_30m_to_80m/geometry_only/train/val_00037984.png,data/synthetic/seadronessee_30m_to_80m/calibrated/train/val_00037984.png
val:37985,val:6681,val,37985,6681,6681.jpg,3840,2160,1,swimmer,1142.0,990.0,45.0,24.0,1080.0,31.79844925327644,26.7,mavic,NorthSea_Fri_DJI_0114.MP4,6015,data/raw/seadronessee/odv2/images/val/6681.jpg,train,1610,360,197,1970,1807,val_00037985,80.0,640,0.39751552795031053,310.85714285714283,315.22981366459624,17.888198757763973,9.540372670807454,170.66008255854325,1.0,8fe6c319c145bfe6c41b4bd884be5417741d8218678ea8dfc0735cca6b82988f,data/synthetic/seadronessee_30m_to_80m/geometry_only/train/val_00037985.png,data/synthetic/seadronessee_30m_to_80m/calibrated/train/val_00037985.png
val:37989,val:6681,val,37989,6681,6681.jpg,3840,2160,1,swimmer,1754.0,947.0,15.0,21.0,315.0,31.79844925327644,26.7,mavic,NorthSea_Fri_DJI_0114.MP4,6015,data/raw/seadronessee/odv2/images/val/6681.jpg,train,1610,956,152,2566,1762,val_00037989,80.0,640,0.39751552795031053,317.2173913043478,316.0248447204969,5.962732919254658,8.347826086956522,49.77585741290845,1.0,8fe6c319c145bfe6c41b4bd884be5417741d8218678ea8dfc0735cca6b82988f,data/synthetic/seadronessee_30m_to_80m/geometry_only/train/val_00037989.png,data/synthetic/seadronessee_30m_to_80m/calibrated/train/val_00037989.png
val:38004,val:6683,val,38004,6683,6683.jpg,3840,2160,1,swimmer,1681.0,958.0,21.0,19.0,399.0,31.59845900640049,26.7,mavic,NorthSea_Fri_DJI_0114.MP4,6045,data/raw/seadronessee/odv2/images/val/6683.jpg,train,1620,882,158,2502,1778,val_00038004,80.0,640,0.3950617283950617,315.65432098765433,316.04938271604937,8.296296296296296,7.506172839506172,62.27343392775491,1.0,8fe6c319c145bfe6c41b4bd884be5417741d8218678ea8dfc0735cca6b82988f,data/synthetic/seadronessee_30m_to_80m/geometry_only/train/val_00038004.png,data/synthetic/seadronessee_30m_to_80m/calibrated/train/val_00038004.png
val:38006,val:6683,val,38006,6683,6683.jpg,3840,2160,1,swimmer,1950.0,855.0,34.0,24.0,816.0,31.59845900640049,26.7,mavic,NorthSea_Fri_DJI_0114.MP4,6045,data/raw/seadronessee/odv2/images/val/6683.jpg,train,1620,1157,57,2777,1677,val_00038006,80.0,640,0.3950617283950617,313.28395061728395,315.25925925925924,13.432098765432098,9.481481481481481,127.3561957018747,1.0,8fe6c319c145bfe6c41b4bd884be5417741d8218678ea8dfc0735cca6b82988f,data/synthetic/seadronessee_30m_to_80m/geometry_only/train/val_00038006.png,data/synthetic/seadronessee_30m_to_80m/calibrated/train/val_00038006.png
val:38008,val:6683,val,38008,6683,6683.jpg,3840,2160,1,swimmer,1456.0,956.0,24.0,17.0,408.0,31.59845900640049,26.7,mavic,NorthSea_Fri_DJI_0114.MP4,6045,data/raw/seadronessee/odv2/images/val/6683.jpg,train,1620,658,154,2278,1774,val_00038008,80.0,640,0.3950617283950617,315.25925925925924,316.8395061728395,9.481481481481481,6.716049382716049,63.67809785093735,1.0,8fe6c319c145bfe6c41b4bd884be5417741d8218678ea8dfc0735cca6b82988f,data/synthetic/seadronessee_30m_to_80m/geometry_only/train/val_00038008.png,data/synthetic/seadronessee_30m_to_80m/calibrated/train/val_00038008.png
val:38009,val:6683,val,38009,6683,6683.jpg,3840,2160,1,swimmer,1242.0,973.0,23.0,26.0,598.0,31.59845900640049,26.7,mavic,NorthSea_Fri_DJI_0114.MP4,6045,data/raw/seadronessee/odv2/images/val/6683.jpg,train,1620,444,176,2064,1796,val_00038009,80.0,640,0.3950617283950617,315.25925925925924,314.8641975308642,9.08641975308642,10.271604938271604,93.33211400701111,1.0,8fe6c319c145bfe6c41b4bd884be5417741d8218678ea8dfc0735cca6b82988f,data/synthetic/seadronessee_30m_to_80m/geometry_only/train/val_00038009.png,data/synthetic/seadronessee_30m_to_80m/calibrated/train/val_00038009.png
val:38010,val:6683,val,38010,6683,6683.jpg,3840,2160,1,swimmer,1279.0,941.0,33.0,22.0,726.0,31.59845900640049,26.7,mavic,NorthSea_Fri_DJI_0114.MP4,6045,data/raw/seadronessee/odv2/images/val/6683.jpg,train,1620,486,142,2106,1762,val_00038010,80.0,640,0.3950617283950617,313.28395061728395,315.65432098765433,13.037037037037036,8.691358024691358,113.30955647005028,1.0,8fe6c319c145bfe6c41b4bd884be5417741d8218678ea8dfc0735cca6b82988f,data/synthetic/seadronessee_30m_to_80m/geometry_only/train/val_00038010.png,data/synthetic/seadronessee_30m_to_80m/calibrated/train/val_00038010.png
val:38011,val:6683,val,38011,6683,6683.jpg,3840,2160,1,swimmer,1141.0,978.0,49.0,26.0,1274.0,31.59845900640049,26.7,mavic,NorthSea_Fri_DJI_0114.MP4,6045,data/raw/seadronessee/odv2/images/val/6683.jpg,train,1620,356,181,1976,1801,val_00038011,80.0,640,0.3950617283950617,310.12345679012344,314.8641975308642,19.358024691358025,10.271604938271604,198.83798201493676,1.0,8fe6c319c145bfe6c41b4bd884be5417741d8218678ea8dfc0735cca6b82988f,data/synthetic/seadronessee_30m_to_80m/geometry_only/train/val_00038011.png,data/synthetic/seadronessee_30m_to_80m/calibrated/train/val_00038011.png
val:38015,val:6683,val,38015,6683,6683.jpg,3840,2160,1,swimmer,1757.0,949.0,18.0,18.0,324.0,31.59845900640049,26.7,mavic,NorthSea_Fri_DJI_0114.MP4,6045,data/raw/seadronessee/odv2/images/val/6683.jpg,train,1620,956,148,2576,1768,val_00038015,80.0,640,0.3950617283950617,316.4444444444444,316.4444444444444,7.111111111111111,7.111111111111111,50.5679012345679,1.0,8fe6c319c145bfe6c41b4bd884be5417741d8218678ea8dfc0735cca6b82988f,data/synthetic/seadronessee_30m_to_80m/geometry_only/train/val_00038015.png,data/synthetic/seadronessee_30m_to_80m/calibrated/train/val_00038015.png
val:38030,val:6685,val,38030,6685,6685.jpg,3840,2160,1,swimmer,1690.0,959.0,23.0,24.0,552.0,31.59845900640049,26.7,mavic,NorthSea_Fri_DJI_0114.MP4,6075,data/raw/seadronessee/odv2/images/val/6685.jpg,train,1620,892,161,2512,1781,val_00038030,80.0,640,0.3950617283950617,315.25925925925924,315.25925925925924,9.08641975308642,9.481481481481481,86.15272062185642,1.0,8fe6c319c145bfe6c41b4bd884be5417741d8218678ea8dfc0735cca6b82988f,data/synthetic/seadronessee_30m_to_80m/geometry_only/train/val_00038030.png,data/synthetic/seadronessee_30m_to_80m/calibrated/train/val_00038030.png
val:38032,val:6685,val,38032,6685,6685.jpg,3840,2160,1,swimmer,1943.0,848.0,34.0,24.0,816.0,31.59845900640049,26.7,mavic,NorthSea_Fri_DJI_0114.MP4,6075,data/raw/seadronessee/odv2/images/val/6685.jpg,train,1620,1150,50,2770,1670,val_00038032,80.0,640,0.3950617283950617,313.28395061728395,315.25925925925924,13.432098765432098,9.481481481481481,127.3561957018747,1.0,8fe6c319c145bfe6c41b4bd884be5417741d8218678ea8dfc0735cca6b82988f,data/synthetic/seadronessee_30m_to_80m/geometry_only/train/val_00038032.png,data/synthetic/seadronessee_30m_to_80m/calibrated/train/val_00038032.png
val:38034,val:6685,val,38034,6685,6685.jpg,3840,2160,1,swimmer,1461.0,952.0,21.0,15.0,315.0,31.59845900640049,26.7,mavic,NorthSea_Fri_DJI_0114.MP4,6075,data/raw/seadronessee/odv2/images/val/6685.jpg,train,1620,662,150,2282,1770,val_00038034,80.0,640,0.3950617283950617,315.65432098765433,316.8395061728395,8.296296296296296,5.925925925925926,49.16323731138545,1.0,8fe6c319c145bfe6c41b4bd884be5417741d8218678ea8dfc0735cca6b82988f,data/synthetic/seadronessee_30m_to_80m/geometry_only/train/val_00038034.png,data/synthetic/seadronessee_30m_to_80m/calibrated/train/val_00038034.png
val:38035,val:6685,val,38035,6685,6685.jpg,3840,2160,1,swimmer,1242.0,975.0,25.0,26.0,650.0,31.59845900640049,26.7,mavic,NorthSea_Fri_DJI_0114.MP4,6075,data/raw/seadronessee/odv2/images/val/6685.jpg,train,1620,444,178,2064,1798,val_00038035,80.0,640,0.3950617283950617,315.25925925925924,314.8641975308642,9.876543209876543,10.271604938271604,101.44795000762078,1.0,8fe6c319c145bfe6c41b4bd884be5417741d8218678ea8dfc0735cca6b82988f,data/synthetic/seadronessee_30m_to_80m/geometry_only/train/val_00038035.png,data/synthetic/seadronessee_30m_to_80m/calibrated/train/val_00038035.png
val:38036,val:6685,val,38036,6685,6685.jpg,3840,2160,1,swimmer,1281.0,940.0,30.0,21.0,630.0,31.59845900640049,26.7,mavic,NorthSea_Fri_DJI_0114.MP4,6075,data/raw/seadronessee/odv2/images/val/6685.jpg,train,1620,486,140,2106,1760,val_00038036,80.0,640,0.3950617283950617,314.0740740740741,316.04938271604937,11.851851851851851,8.296296296296296,98.3264746227709,1.0,8fe6c319c145bfe6c41b4bd884be5417741d8218678ea8dfc0735cca6b82988f,data/synthetic/seadronessee_30m_to_80m/geometry_only/train/val_00038036.png,data/synthetic/seadronessee_30m_to_80m/calibrated/train/val_00038036.png
val:38037,val:6685,val,38037,6685,6685.jpg,3840,2160,1,swimmer,1141.0,979.0,43.0,24.0,1032.0,31.59845900640049,26.7,mavic,NorthSea_Fri_DJI_0114.MP4,6075,data/raw/seadronessee/odv2/images/val/6685.jpg,train,1620,352,181,1972,1801,val_00038037,80.0,640,0.3950617283950617,311.7037037037037,315.25925925925924,16.98765432098765,9.481481481481481,161.0681298582533,1.0,8fe6c319c145bfe6c41b4bd884be5417741d8218678ea8dfc0735cca6b82988f,data/synthetic/seadronessee_30m_to_80m/geometry_only/train/val_00038037.png,data/synthetic/seadronessee_30m_to_80m/calibrated/train/val_00038037.png
val:38041,val:6685,val,38041,6685,6685.jpg,3840,2160,1,swimmer,1760.0,949.0,21.0,20.0,420.0,31.59845900640049,26.7,mavic,NorthSea_Fri_DJI_0114.MP4,6075,data/raw/seadronessee/odv2/images/val/6685.jpg,train,1620,960,149,2580,1769,val_00038041,80.0,640,0.3950617283950617,316.04938271604937,316.04938271604937,8.296296296296296,7.901234567901234,65.55098308184728,1.0,8fe6c319c145bfe6c41b4bd884be5417741d8218678ea8dfc0735cca6b82988f,data/synthetic/seadronessee_30m_to_80m/geometry_only/train/val_00038041.png,data/synthetic/seadronessee_30m_to_80m/calibrated/train/val_00038041.png
val:38056,val:6687,val,38056,6687,6687.jpg,3840,2160,1,swimmer,1687.0,951.0,22.0,24.0,528.0,31.59845900640049,26.7,mavic,NorthSea_Fri_DJI_0114.MP4,6105,data/raw/seadronessee/odv2/images/val/6687.jpg,train,1620,888,153,2508,1773,val_00038056,80.0,640,0.3950617283950617,315.65432098765433,315.25925925925924,8.691358024691358,9.481481481481481,82.40695016003657,1.0,8fe6c319c145bfe6c41b4bd884be5417741d8218678ea8dfc0735cca6b82988f,data/synthetic/seadronessee_30m_to_80m/geometry_only/train/val_00038056.png,data/synthetic/seadronessee_30m_to_80m/calibrated/train/val_00038056.png
val:38058,val:6687,val,38058,6687,6687.jpg,3840,2160,1,swimmer,1933.0,845.0,31.0,24.0,744.0,31.59845900640049,26.7,mavic,NorthSea_Fri_DJI_0114.MP4,6105,data/raw/seadronessee/odv2/images/val/6687.jpg,train,1620,1138,47,2758,1667,val_00038058,80.0,640,0.3950617283950617,314.0740740740741,315.25925925925924,12.246913580246913,9.481481481481481,116.11888431641516,1.0,8fe6c319c145bfe6c41b4bd884be5417741d8218678ea8dfc0735cca6b82988f,data/synthetic/seadronessee_30m_to_80m/geometry_only/train/val_00038058.png,data/synthetic/seadronessee_30m_to_80m/calibrated/train/val_00038058.png
val:38060,val:6687,val,38060,6687,6687.jpg,3840,2160,1,swimmer,1464.0,946.0,16.0,19.0,304.0,31.59845900640049,26.7,mavic,NorthSea_Fri_DJI_0114.MP4,6105,data/raw/seadronessee/odv2/images/val/6687.jpg,train,1620,662,146,2282,1766,val_00038060,80.0,640,0.3950617283950617,316.8395061728395,316.04938271604937,6.320987654320987,7.506172839506172,47.446425849718025,1.0,8fe6c319c145bfe6c41b4bd884be5417741d8218678ea8dfc0735cca6b82988f,data/synthetic/seadronessee_30m_to_80m/geometry_only/train/val_00038060.png,data/synthetic/seadronessee_30m_to_80m/calibrated/train/val_00038060.png
val:38061,val:6687,val,38061,6687,6687.jpg,3840,2160,1,swimmer,1246.0,972.0,23.0,24.0,552.0,31.59845900640049,26.7,mavic,NorthSea_Fri_DJI_0114.MP4,6105,data/raw/seadronessee/odv2/images/val/6687.jpg,train,1620,448,174,2068,1794,val_00038061,80.0,640,0.3950617283950617,315.25925925925924,315.25925925925924,9.08641975308642,9.481481481481481,86.15272062185642,1.0,8fe6c319c145bfe6c41b4bd884be5417741d8218678ea8dfc0735cca6b82988f,data/synthetic/seadronessee_30m_to_80m/geometry_only/train/val_00038061.png,data/synthetic/seadronessee_30m_to_80m/calibrated/train/val_00038061.png
val:38062,val:6687,val,38062,6687,6687.jpg,3840,2160,1,swimmer,1280.0,940.0,27.0,19.0,513.0,31.59845900640049,26.7,mavic,NorthSea_Fri_DJI_0114.MP4,6105,data/raw/seadronessee/odv2/images/val/6687.jpg,train,1620,484,140,2104,1760,val_00038062,80.0,640,0.3950617283950617,314.4691358024691,316.04938271604937,10.666666666666666,7.506172839506172,80.06584362139917,1.0,8fe6c319c145bfe6c41b4bd884be5417741d8218678ea8dfc0735cca6b82988f,data/synthetic/seadronessee_30m_to_80m/geometry_only/train/val_00038062.png,data/synthetic/seadronessee_30m_to_80m/calibrated/train/val_00038062.png
val:38063,val:6687,val,38063,6687,6687.jpg,3840,2160,1,swimmer,1139.0,979.0,48.0,25.0,1200.0,31.59845900640049,26.7,mavic,NorthSea_Fri_DJI_0114.MP4,6105,data/raw/seadronessee/odv2/images/val/6687.jpg,train,1620,353,182,1973,1802,val_00038063,80.0,640,0.3950617283950617,310.5185185185185,314.8641975308642,18.962962962962962,9.876543209876543,187.28852309099221,1.0,8fe6c319c145bfe6c41b4bd884be5417741d8218678ea8dfc0735cca6b82988f,data/synthetic/seadronessee_30m_to_80m/geometry_only/train/val_00038063.png,data/synthetic/seadronessee_30m_to_80m/calibrated/train/val_00038063.png
val:38067,val:6687,val,38067,6687,6687.jpg,3840,2160,1,swimmer,1754.0,945.0,20.0,19.0,380.0,31.59845900640049,26.7,mavic,NorthSea_Fri_DJI_0114.MP4,6105,data/raw/seadronessee/odv2/images/val/6687.jpg,train,1620,954,144,2574,1764,val_00038067,80.0,640,0.3950617283950617,316.04938271604937,316.4444444444444,7.901234567901234,7.506172839506172,59.30803231214753,1.0,8fe6c319c145bfe6c41b4bd884be5417741d8218678ea8dfc0735cca6b82988f,data/synthetic/seadronessee_30m_to_80m/geometry_only/train/val_00038067.png,data/synthetic/seadronessee_30m_to_80m/calibrated/train/val_00038067.png
val:38082,val:6689,val,38082,6689,6689.jpg,3840,2160,1,swimmer,1683.0,945.0,21.0,21.0,441.0,31.59845900640049,26.7,mavic,NorthSea_Fri_DJI_0114.MP4,6135,data/raw/seadronessee/odv2/images/val/6689.jpg,train,1620,884,146,2504,1766,val_00038082,80.0,640,0.3950617283950617,315.65432098765433,315.65432098765433,8.296296296296296,8.296296296296296,68.82853223593963,1.0,8fe6c319c145bfe6c41b4bd884be5417741d8218678ea8dfc0735cca6b82988f,data/synthetic/seadronessee_30m_to_80m/geometry_only/train/val_00038082.png,data/synthetic/seadronessee_30m_to_80m/calibrated/train/val_00038082.png
val:38084,val:6689,val,38084,6689,6689.jpg,3840,2160,1,swimmer,1914.0,842.0,29.0,23.0,667.0,31.59845900640049,26.7,mavic,NorthSea_Fri_DJI_0114.MP4,6135,data/raw/seadronessee/odv2/images/val/6689.jpg,train,1620,1118,44,2738,1664,val_00038084,80.0,640,0.3950617283950617,314.4691358024691,315.25925925925924,11.45679012345679,9.08641975308642,104.10120408474317,1.0,8fe6c319c145bfe6c41b4bd884be5417741d8218678ea8dfc0735cca6b82988f,data/synthetic/seadronessee_30m_to_80m/geometry_only/train/val_00038084.png,data/synthetic/seadronessee_30m_to_80m/calibrated/train/val_00038084.png
val:38086,val:6689,val,38086,6689,6689.jpg,3840,2160,1,swimmer,1469.0,947.0,17.0,15.0,255.0,31.59845900640049,26.7,mavic,NorthSea_Fri_DJI_0114.MP4,6135,data/raw/seadronessee/odv2/images/val/6689.jpg,train,1620,668,144,2288,1764,val_00038086,80.0,640,0.3950617283950617,316.4444444444444,317.2345679012345,6.716049382716049,5.925925925925926,39.798811156835846,1.0,8fe6c319c145bfe6c41b4bd884be5417741d8218678ea8dfc0735cca6b82988f,data/synthetic/seadronessee_30m_to_80m/geometry_only/train/val_00038086.png,data/synthetic/seadronessee_30m_to_80m/calibrated/train/val_00038086.png
val:38087,val:6689,val,38087,6689,6689.jpg,3840,2160,1,swimmer,1247.0,974.0,25.0,24.0,600.0,31.59845900640049,26.7,mavic,NorthSea_Fri_DJI_0114.MP4,6135,data/raw/seadronessee/odv2/images/val/6689.jpg,train,1620,450,176,2070,1796,val_00038087,80.0,640,0.3950617283950617,314.8641975308642,315.25925925925924,9.876543209876543,9.481481481481481,93.64426154549611,1.0,8fe6c319c145bfe6c41b4bd884be5417741d8218678ea8dfc0735cca6b82988f,data/synthetic/seadronessee_30m_to_80m/geometry_only/train/val_00038087.png,data/synthetic/seadronessee_30m_to_80m/calibrated/train/val_00038087.png
val:38088,val:6689,val,38088,6689,6689.jpg,3840,2160,1,swimmer,1278.0,942.0,26.0,19.0,494.0,31.59845900640049,26.7,mavic,NorthSea_Fri_DJI_0114.MP4,6135,data/raw/seadronessee/odv2/images/val/6689.jpg,train,1620,481,142,2101,1762,val_00038088,80.0,640,0.3950617283950617,314.8641975308642,316.04938271604937,10.271604938271604,7.506172839506172,77.10044200579179,1.0,8fe6c319c145bfe6c41b4bd884be5417741d8218678ea8dfc0735cca6b82988f,data/synthetic/seadronessee_30m_to_80m/geometry_only/train/val_00038088.png,data/synthetic/seadronessee_30m_to_80m/calibrated/train/val_00038088.png
val:38089,val:6689,val,38089,6689,6689.jpg,3840,2160,1,swimmer,1138.0,983.0,46.0,24.0,1104.0,31.59845900640049,26.7,mavic,NorthSea_Fri_DJI_0114.MP4,6135,data/raw/seadronessee/odv2/images/val/6689.jpg,train,1620,351,185,1971,1805,val_00038089,80.0,640,0.3950617283950617,310.91358024691357,315.25925925925924,18.17283950617284,9.481481481481481,172.30544124371283,1.0,8fe6c319c145bfe6c41b4bd884be5417741d8218678ea8dfc0735cca6b82988f,data/synthetic/seadronessee_30m_to_80m/geometry_only/train/val_00038089.png,data/synthetic/seadronessee_30m_to_80m/calibrated/train/val_00038089.png
val:38093,val:6689,val,38093,6689,6689.jpg,3840,2160,1,swimmer,1741.0,939.0,24.0,21.0,504.0,31.59845900640049,26.7,mavic,NorthSea_Fri_DJI_0114.MP4,6135,data/raw/seadronessee/odv2/images/val/6689.jpg,train,1620,943,140,2563,1760,val_00038093,80.0,640,0.3950617283950617,315.25925925925924,315.65432098765433,9.481481481481481,8.296296296296296,78.66117969821673,1.0,8fe6c319c145bfe6c41b4bd884be5417741d8218678ea8dfc0735cca6b82988f,data/synthetic/seadronessee_30m_to_80m/geometry_only/train/val_00038093.png,data/synthetic/seadronessee_30m_to_80m/calibrated/train/val_00038093.png
val:38108,val:6691,val,38108,6691,6691.jpg,3840,2160,1,swimmer,1672.0,948.0,20.0,21.0,420.0,31.59845900640049,26.7,mavic,NorthSea_Fri_DJI_0114.MP4,6165,data/raw/seadronessee/odv2/images/val/6691.jpg,train,1620,872,148,2492,1768,val_00038108,80.0,640,0.3950617283950617,316.04938271604937,316.04938271604937,7.901234567901234,8.296296296296296,65.55098308184728,1.0,8fe6c319c145bfe6c41b4bd884be5417741d8218678ea8dfc0735cca6b82988f,data/synthetic/seadronessee_30m_to_80m/geometry_only/train/val_00038108.png,data/synthetic/seadronessee_30m_to_80m/calibrated/train/val_00038108.png
val:38110,val:6691,val,38110,6691,6691.jpg,3840,2160,1,swimmer,1901.0,843.0,31.0,21.0,651.0,31.59845900640049,26.7,mavic,NorthSea_Fri_DJI_0114.MP4,6165,data/raw/seadronessee/odv2/images/val/6691.jpg,train,1620,1106,44,2726,1664,val_00038110,80.0,640,0.3950617283950617,314.0740740740741,315.65432098765433,12.246913580246913,8.296296296296296,101.60402377686327,1.0,8fe6c319c145bfe6c41b4bd884be5417741d8218678ea8dfc0735cca6b82988f,data/synthetic/seadronessee_30m_to_80m/geometry_only/train/val_00038110.png,data/synthetic/seadronessee_30m_to_80m/calibrated/train/val_00038110.png
val:38112,val:6691,val,38112,6691,6691.jpg,3840,2160,1,swimmer,1467.0,950.0,22.0,15.0,330.0,31.59845900640049,26.7,mavic,NorthSea_Fri_DJI_0114.MP4,6165,data/raw/seadronessee/odv2/images/val/6691.jpg,train,1620,668,148,2288,1768,val_00038112,80.0,640,0.3950617283950617,315.65432098765433,316.8395061728395,8.691358024691358,5.925925925925926,51.504343850022856,1.0,8fe6c319c145bfe6c41b4bd884be5417741d8218678ea8dfc0735cca6b82988f,data/synthetic/seadronessee_30m_to_80m/geometry_only/train/val_00038112.png,data/synthetic/seadronessee_30m_to_80m/calibrated/train/val_00038112.png
val:38113,val:6691,val,38113,6691,6691.jpg,3840,2160,1,swimmer,1252.0,971.0,24.0,23.0,552.0,31.59845900640049,26.7,mavic,NorthSea_Fri_DJI_0114.MP4,6165,data/raw/seadronessee/odv2/images/val/6691.jpg,train,1620,454,172,2074,1792,val_00038113,80.0,640,0.3950617283950617,315.25925925925924,315.65432098765433,9.481481481481481,9.08641975308642,86.15272062185642,1.0,8fe6c319c145bfe6c41b4bd884be5417741d8218678ea8dfc0735cca6b82988f,data/synthetic/seadronessee_30m_to_80m/geometry_only/train/val_00038113.png,data/synthetic/seadronessee_30m_to_80m/calibrated/train/val_00038113.png
val:38114,val:6691,val,38114,6691,6691.jpg,3840,2160,1,swimmer,1275.0,939.0,32.0,21.0,672.0,31.59845900640049,26.7,mavic,NorthSea_Fri_DJI_0114.MP4,6165,data/raw/seadronessee/odv2/images/val/6691.jpg,train,1620,481,140,2101,1760,val_00038114,80.0,640,0.3950617283950617,313.679012345679,315.65432098765433,12.641975308641975,8.296296296296296,104.88157293095564,1.0,8fe6c319c145bfe6c41b4bd884be5417741d8218678ea8dfc0735cca6b82988f,data/synthetic/seadronessee_30m_to_80m/geometry_only/train/val_00038114.png,data/synthetic/seadronessee_30m_to_80m/calibrated/train/val_00038114.png
val:38115,val:6691,val,38115,6691,6691.jpg,3840,2160,1,swimmer,1130.0,980.0,50.0,25.0,1250.0,31.59845900640049,26.7,mavic,NorthSea_Fri_DJI_0114.MP4,6165,data/raw/seadronessee/odv2/images/val/6691.jpg,train,1620,345,182,1965,1802,val_00038115,80.0,640,0.3950617283950617,310.12345679012344,315.25925925925924,19.753086419753085,9.876543209876543,195.09221155311687,1.0,8fe6c319c145bfe6c41b4bd884be5417741d8218678ea8dfc0735cca6b82988f,data/synthetic/seadronessee_30m_to_80m/geometry_only/train/val_00038115.png,data/synthetic/seadronessee_30m_to_80m/calibrated/train/val_00038115.png
val:38119,val:6691,val,38119,6691,6691.jpg,3840,2160,1,swimmer,1737.0,942.0,21.0,22.0,462.0,31.59845900640049,26.7,mavic,NorthSea_Fri_DJI_0114.MP4,6165,data/raw/seadronessee/odv2/images/val/6691.jpg,train,1620,938,143,2558,1763,val_00038119,80.0,640,0.3950617283950617,315.65432098765433,315.65432098765433,8.296296296296296,8.691358024691358,72.106081390032,1.0,8fe6c319c145bfe6c41b4bd884be5417741d8218678ea8dfc0735cca6b82988f,data/synthetic/seadronessee_30m_to_80m/geometry_only/train/val_00038119.png,data/synthetic/seadronessee_30m_to_80m/calibrated/train/val_00038119.png
val:38134,val:6693,val,38134,6693,6693.jpg,3840,2160,1,swimmer,1667.0,951.0,19.0,19.0,361.0,31.59845900640049,26.7,mavic,NorthSea_Fri_DJI_0114.MP4,6195,data/raw/seadronessee/odv2/images/val/6693.jpg,train,1620,866,150,2486,1770,val_00038134,80.0,640,0.3950617283950617,316.4444444444444,316.4444444444444,7.506172839506172,7.506172839506172,56.342630696540155,1.0,8fe6c319c145bfe6c41b4bd884be5417741d8218678ea8dfc0735cca6b82988f,data/synthetic/seadronessee_30m_to_80m/geometry_only/train/val_00038134.png,data/synthetic/seadronessee_30m_to_80m/calibrated/train/val_00038134.png
val:38136,val:6693,val,38136,6693,6693.jpg,3840,2160,1,swimmer,1888.0,838.0,33.0,21.0,693.0,31.59845900640049,26.7,mavic,NorthSea_Fri_DJI_0114.MP4,6195,data/raw/seadronessee/odv2/images/val/6693.jpg,train,1620,1094,38,2714,1658,val_00038136,80.0,640,0.3950617283950617,313.679012345679,316.04938271604937,13.037037037037036,8.296296296296296,108.159122085048,1.0,8fe6c319c145bfe6c41b4bd884be5417741d8218678ea8dfc0735cca6b82988f,data/synthetic/seadronessee_30m_to_80m/geometry_only/train/val_00038136.png,data/synthetic/seadronessee_30m_to_80m/calibrated/train/val_00038136.png
val:38138,val:6693,val,38138,6693,6693.jpg,3840,2160,1,swimmer,1460.0,946.0,27.0,17.0,459.0,31.59845900640049,26.7,mavic,NorthSea_Fri_DJI_0114.MP4,6195,data/raw/seadronessee/odv2/images/val/6693.jpg,train,1620,664,144,2284,1764,val_00038138,80.0,640,0.3950617283950617,314.4691358024691,316.8395061728395,10.666666666666666,6.716049382716049,71.63786008230451,1.0,8fe6c319c145bfe6c41b4bd884be5417741d8218678ea8dfc0735cca6b82988f,data/synthetic/seadronessee_30m_to_80m/geometry_only/train/val_00038138.png,data/synthetic/seadronessee_30m_to_80m/calibrated/train/val_00038138.png
val:38139,val:6693,val,38139,6693,6693.jpg,3840,2160,1,swimmer,1250.0,966.0,26.0,25.0,650.0,31.59845900640049,26.7,mavic,NorthSea_Fri_DJI_0114.MP4,6195,data/raw/seadronessee/odv2/images/val/6693.jpg,train,1620,453,168,2073,1788,val_00038139,80.0,640,0.3950617283950617,314.8641975308642,315.25925925925924,10.271604938271604,9.876543209876543,101.44795000762078,1.0,8fe6c319c145bfe6c41b4bd884be5417741d8218678ea8dfc0735cca6b82988f,data/synthetic/seadronessee_30m_to_80m/geometry_only/train/val_00038139.png,data/synthetic/seadronessee_30m_to_80m/calibrated/train/val_00038139.png
val:38140,val:6693,val,38140,6693,6693.jpg,3840,2160,1,swimmer,1269.0,939.0,31.0,21.0,651.0,31.59845900640049,26.7,mavic,NorthSea_Fri_DJI_0114.MP4,6195,data/raw/seadronessee/odv2/images/val/6693.jpg,train,1620,474,140,2094,1760,val_00038140,80.0,640,0.3950617283950617,314.0740740740741,315.65432098765433,12.246913580246913,8.296296296296296,101.60402377686327,1.0,8fe6c319c145bfe6c41b4bd884be5417741d8218678ea8dfc0735cca6b82988f,data/synthetic/seadronessee_30m_to_80m/geometry_only/train/val_00038140.png,data/synthetic/seadronessee_30m_to_80m/calibrated/train/val_00038140.png
val:38141,val:6693,val,38141,6693,6693.jpg,3840,2160,1,swimmer,1128.0,981.0,51.0,21.0,1071.0,31.59845900640049,26.7,mavic,NorthSea_Fri_DJI_0114.MP4,6195,data/raw/seadronessee/odv2/images/val/6693.jpg,train,1620,344,182,1964,1802,val_00038141,80.0,640,0.3950617283950617,309.7283950617284,315.65432098765433,20.148148148148145,8.296296296296296,167.15500685871052,1.0,8fe6c319c145bfe6c41b4bd884be5417741d8218678ea8dfc0735cca6b82988f,data/synthetic/seadronessee_30m_to_80m/geometry_only/train/val_00038141.png,data/synthetic/seadronessee_30m_to_80m/calibrated/train/val_00038141.png
val:38145,val:6693,val,38145,6693,6693.jpg,3840,2160,1,swimmer,1727.0,946.0,25.0,23.0,575.0,31.59845900640049,26.7,mavic,NorthSea_Fri_DJI_0114.MP4,6195,data/raw/seadronessee/odv2/images/val/6693.jpg,train,1620,930,148,2550,1768,val_00038145,80.0,640,0.3950617283950617,314.8641975308642,315.25925925925924,9.876543209876543,9.08641975308642,89.74241731443377,1.0,8fe6c319c145bfe6c41b4bd884be5417741d8218678ea8dfc0735cca6b82988f,data/synthetic/seadronessee_30m_to_80m/geometry_only/train/val_00038145.png,data/synthetic/seadronessee_30m_to_80m/calibrated/train/val_00038145.png
val:38160,val:6695,val,38160,6695,6695.jpg,3840,2160,1,swimmer,1659.0,949.0,20.0,21.0,420.0,31.59845900640049,26.7,mavic,NorthSea_Fri_DJI_0114.MP4,6225,data/raw/seadronessee/odv2/images/val/6695.jpg,train,1620,859,150,2479,1770,val_00038160,80.0,640,0.3950617283950617,316.04938271604937,315.65432098765433,7.901234567901234,8.296296296296296,65.55098308184728,1.0,8fe6c319c145bfe6c41b4bd884be5417741d8218678ea8dfc0735cca6b82988f,data/synthetic/seadronessee_30m_to_80m/geometry_only/train/val_00038160.png,data/synthetic/seadronessee_30m_to_80m/calibrated/train/val_00038160.png
val:38162,val:6695,val,38162,6695,6695.jpg,3840,2160,1,swimmer,1883.0,833.0,29.0,22.0,638.0,31.59845900640049,26.7,mavic,NorthSea_Fri_DJI_0114.MP4,6225,data/raw/seadronessee/odv2/images/val/6695.jpg,train,1620,1088,34,2708,1654,val_00038162,80.0,640,0.3950617283950617,314.0740740740741,315.65432098765433,11.45679012345679,8.691358024691358,99.57506477671086,1.0,8fe6c319c145bfe6c41b4bd884be5417741d8218678ea8dfc0735cca6b82988f,data/synthetic/seadronessee_30m_to_80m/geometry_only/train/val_00038162.png,data/synthetic/seadronessee_30m_to_80m/calibrated/train/val_00038162.png
val:38164,val:6695,val,38164,6695,6695.jpg,3840,2160,1,swimmer,1446.0,950.0,37.0,18.0,666.0,31.59845900640049,26.7,mavic,NorthSea_Fri_DJI_0114.MP4,6225,data/raw/seadronessee/odv2/images/val/6695.jpg,train,1620,654,149,2274,1769,val_00038164,80.0,640,0.3950617283950617,312.88888888888886,316.4444444444444,14.617283950617283,7.111111111111111,103.94513031550068,1.0,8fe6c319c145bfe6c41b4bd884be5417741d8218678ea8dfc0735cca6b82988f,data/synthetic/seadronessee_30m_to_80m/geometry_only/train/val_00038164.png,data/synthetic/seadronessee_30m_to_80m/calibrated/train/val_00038164.png
val:38165,val:6695,val,38165,6695,6695.jpg,3840,2160,1,swimmer,1249.0,966.0,23.0,23.0,529.0,31.59845900640049,26.7,mavic,NorthSea_Fri_DJI_0114.MP4,6225,data/raw/seadronessee/odv2/images/val/6695.jpg,train,1620,450,168,2070,1788,val_00038165,80.0,640,0.3950617283950617,315.65432098765433,315.25925925925924,9.08641975308642,9.08641975308642,82.56302392927907,1.0,8fe6c319c145bfe6c41b4bd884be5417741d8218678ea8dfc0735cca6b82988f,data/synthetic/seadronessee_30m_to_80m/geometry_only/train/val_00038165.png,data/synthetic/seadronessee_30m_to_80m/calibrated/train/val_00038165.png
val:38166,val:6695,val,38166,6695,6695.jpg,3840,2160,1,swimmer,1263.0,940.0,29.0,21.0,609.0,31.59845900640049,26.7,mavic,NorthSea_Fri_DJI_0114.MP4,6225,data/raw/seadronessee/odv2/images/val/6695.jpg,train,1620,468,140,2088,1760,val_00038166,80.0,640,0.3950617283950617,314.0740740740741,316.04938271604937,11.45679012345679,8.296296296296296,95.04892546867855,1.0,8fe6c319c145bfe6c41b4bd884be5417741d8218678ea8dfc0735cca6b82988f,data/synthetic/seadronessee_30m_to_80m/geometry_only/train/val_00038166.png,data/synthetic/seadronessee_30m_to_80m/calibrated/train/val_00038166.png
val:38167,val:6695,val,38167,6695,6695.jpg,3840,2160,1,swimmer,1123.0,979.0,53.0,23.0,1219.0,31.59845900640049,26.7,mavic,NorthSea_Fri_DJI_0114.MP4,6225,data/raw/seadronessee/odv2/images/val/6695.jpg,train,1620,340,180,1960,1800,val_00038167,80.0,640,0.3950617283950617,309.3333333333333,315.65432098765433,20.938271604938272,9.08641975308642,190.2539247065996,1.0,8fe6c319c145bfe6c41b4bd884be5417741d8218678ea8dfc0735cca6b82988f,data/synthetic/seadronessee_30m_to_80m/geometry_only/train/val_00038167.png,data/synthetic/seadronessee_30m_to_80m/calibrated/train/val_00038167.png
val:38171,val:6695,val,38171,6695,6695.jpg,3840,2160,1,swimmer,1728.0,949.0,19.0,21.0,399.0,31.59845900640049,26.7,mavic,NorthSea_Fri_DJI_0114.MP4,6225,data/raw/seadronessee/odv2/images/val/6695.jpg,train,1620,928,150,2548,1770,val_00038171,80.0,640,0.3950617283950617,316.04938271604937,315.65432098765433,7.506172839506172,8.296296296296296,62.27343392775491,1.0,8fe6c319c145bfe6c41b4bd884be5417741d8218678ea8dfc0735cca6b82988f,data/synthetic/seadronessee_30m_to_80m/geometry_only/train/val_00038171.png,data/synthetic/seadronessee_30m_to_80m/calibrated/train/val_00038171.png
val:38186,val:6697,val,38186,6697,6697.jpg,3840,2160,1,swimmer,1652.0,951.0,47.0,23.0,1081.0,31.59845900640049,26.7,mavic,NorthSea_Fri_DJI_0114.MP4,6255,data/raw/seadronessee/odv2/images/val/6697.jpg,train,1620,866,152,2486,1772,val_00038186,80.0,640,0.3950617283950617,310.5185185185185,315.65432098765433,18.5679012345679,9.08641975308642,168.71574455113546,1.0,8fe6c319c145bfe6c41b4bd884be5417741d8218678ea8dfc0735cca6b82988f,data/synthetic/seadronessee_30m_to_80m/geometry_only/train/val_00038186.png,data/synthetic/seadronessee_30m_to_80m/calibrated/train/val_00038186.png
val:38188,val:6697,val,38188,6697,6697.jpg,3840,2160,1,swimmer,1874.0,842.0,29.0,22.0,638.0,31.59845900640049,26.7,mavic,NorthSea_Fri_DJI_0114.MP4,6255,data/raw/seadronessee/odv2/images/val/6697.jpg,train,1620,1078,43,2698,1663,val_00038188,80.0,640,0.3950617283950617,314.4691358024691,315.65432098765433,11.45679012345679,8.691358024691358,99.57506477671086,1.0,8fe6c319c145bfe6c41b4bd884be5417741d8218678ea8dfc0735cca6b82988f,data/synthetic/seadronessee_30m_to_80m/geometry_only/train/val_00038188.png,data/synthetic/seadronessee_30m_to_80m/calibrated/train/val_00038188.png
val:38190,val:6697,val,38190,6697,6697.jpg,3840,2160,1,swimmer,1454.0,952.0,33.0,18.0,594.0,31.59845900640049,26.7,mavic,NorthSea_Fri_DJI_0114.MP4,6255,data/raw/seadronessee/odv2/images/val/6697.jpg,train,1620,660,151,2280,1771,val_00038190,80.0,640,0.3950617283950617,313.679012345679,316.4444444444444,13.037037037037036,7.111111111111111,92.70781893004114,1.0,8fe6c319c145bfe6c41b4bd884be5417741d8218678ea8dfc0735cca6b82988f,data/synthetic/seadronessee_30m_to_80m/geometry_only/train/val_00038190.png,data/synthetic/seadronessee_30m_to_80m/calibrated/train/val_00038190.png
val:38191,val:6697,val,38191,6697,6697.jpg,3840,2160,1,swimmer,1249.0,973.0,23.0,28.0,644.0,31.59845900640049,26.7,mavic,NorthSea_Fri_DJI_0114.MP4,6255,data/raw/seadronessee/odv2/images/val/6697.jpg,train,1620,450,177,2070,1797,val_00038191,80.0,640,0.3950617283950617,315.65432098765433,314.4691358024691,9.08641975308642,11.061728395061728,100.51150739216581,1.0,8fe6c319c145bfe6c41b4bd884be5417741d8218678ea8dfc0735cca6b82988f,data/synthetic/seadronessee_30m_to_80m/geometry_only/train/val_00038191.png,data/synthetic/seadronessee_30m_to_80m/calibrated/train/val_00038191.png
val:38192,val:6697,val,38192,6697,6697.jpg,3840,2160,1,swimmer,1254.0,950.0,29.0,20.0,580.0,31.59845900640049,26.7,mavic,NorthSea_Fri_DJI_0114.MP4,6255,data/raw/seadronessee/odv2/images/val/6697.jpg,train,1620,458,150,2078,1770,val_00038192,80.0,640,0.3950617283950617,314.4691358024691,316.04938271604937,11.45679012345679,7.901234567901234,90.52278616064623,1.0,8fe6c319c145bfe6c41b4bd884be5417741d8218678ea8dfc0735cca6b82988f,data/synthetic/seadronessee_30m_to_80m/geometry_only/train/val_00038192.png,data/synthetic/seadronessee_30m_to_80m/calibrated/train/val_00038192.png
val:38193,val:6697,val,38193,6697,6697.jpg,3840,2160,1,swimmer,1112.0,988.0,53.0,24.0,1272.0,31.59845900640049,26.7,mavic,NorthSea_Fri_DJI_0114.MP4,6255,data/raw/seadronessee/odv2/images/val/6697.jpg,train,1620,328,190,1948,1810,val_00038193,80.0,640,0.3950617283950617,309.7283950617284,315.25925925925924,20.938271604938272,9.481481481481481,198.52583447645176,1.0,8fe6c319c145bfe6c41b4bd884be5417741d8218678ea8dfc0735cca6b82988f,data/synthetic/seadronessee_30m_to_80m/geometry_only/train/val_00038193.png,data/synthetic/seadronessee_30m_to_80m/calibrated/train/val_00038193.png
val:38197,val:6697,val,38197,6697,6697.jpg,3840,2160,1,swimmer,1726.0,947.0,18.0,20.0,360.0,31.59845900640049,26.7,mavic,NorthSea_Fri_DJI_0114.MP4,6255,data/raw/seadronessee/odv2/images/val/6697.jpg,train,1620,925,147,2545,1767,val_00038197,80.0,640,0.3950617283950617,316.4444444444444,316.04938271604937,7.111111111111111,7.901234567901234,56.18655692729766,1.0,8fe6c319c145bfe6c41b4bd884be5417741d8218678ea8dfc0735cca6b82988f,data/synthetic/seadronessee_30m_to_80m/geometry_only/train/val_00038197.png,data/synthetic/seadronessee_30m_to_80m/calibrated/train/val_00038197.png
val:38212,val:6699,val,38212,6699,6699.jpg,3840,2160,1,swimmer,1650.0,960.0,42.0,20.0,840.0,31.59845900640049,26.7,mavic,NorthSea_Fri_DJI_0114.MP4,6285,data/raw/seadronessee/odv2/images/val/6699.jpg,train,1620,861,160,2481,1780,val_00038212,80.0,640,0.3950617283950617,311.7037037037037,316.04938271604937,16.59259259259259,7.901234567901234,131.10196616369456,1.0,8fe6c319c145bfe6c41b4bd884be5417741d8218678ea8dfc0735cca6b82988f,data/synthetic/seadronessee_30m_to_80m/geometry_only/train/val_00038212.png,data/synthetic/seadronessee_30m_to_80m/calibrated/train/val_00038212.png
val:38214,val:6699,val,38214,6699,6699.jpg,3840,2160,1,swimmer,1865.0,836.0,29.0,23.0,667.0,31.59845900640049,26.7,mavic,NorthSea_Fri_DJI_0114.MP4,6285,data/raw/seadronessee/odv2/images/val/6699.jpg,train,1620,1070,38,2690,1658,val_00038214,80.0,640,0.3950617283950617,314.0740740740741,315.25925925925924,11.45679012345679,9.08641975308642,104.10120408474317,1.0,8fe6c319c145bfe6c41b4bd884be5417741d8218678ea8dfc0735cca6b82988f,data/synthetic/seadronessee_30m_to_80m/geometry_only/train/val_00038214.png,data/synthetic/seadronessee_30m_to_80m/calibrated/train/val_00038214.png
val:38216,val:6699,val,38216,6699,6699.jpg,3840,2160,1,swimmer,1450.0,967.0,25.0,16.0,400.0,31.59845900640049,26.7,mavic,NorthSea_Fri_DJI_0114.MP4,6285,data/raw/seadronessee/odv2/images/val/6699.jpg,train,1620,652,165,2272,1785,val_00038216,80.0,640,0.3950617283950617,315.25925925925924,316.8395061728395,9.876543209876543,6.320987654320987,62.429507696997405,1.0,8fe6c319c145bfe6c41b4bd884be5417741d8218678ea8dfc0735cca6b82988f,data/synthetic/seadronessee_30m_to_80m/geometry_only/train/val_00038216.png,data/synthetic/seadronessee_30m_to_80m/calibrated/train/val_00038216.png
val:38217,val:6699,val,38217,6699,6699.jpg,3840,2160,1,swimmer,1252.0,982.0,22.0,22.0,484.0,31.59845900640049,26.7,mavic,NorthSea_Fri_DJI_0114.MP4,6285,data/raw/seadronessee/odv2/images/val/6699.jpg,train,1620,453,183,2073,1803,val_00038217,80.0,640,0.3950617283950617,315.65432098765433,315.65432098765433,8.691358024691358,8.691358024691358,75.53970431336685,1.0,8fe6c319c145bfe6c41b4bd884be5417741d8218678ea8dfc0735cca6b82988f,data/synthetic/seadronessee_30m_to_80m/geometry_only/train/val_00038217.png,data/synthetic/seadronessee_30m_to_80m/calibrated/train/val_00038217.png
val:38218,val:6699,val,38218,6699,6699.jpg,3840,2160,1,swimmer,1253.0,953.0,30.0,22.0,660.0,31.59845900640049,26.7,mavic,NorthSea_Fri_DJI_0114.MP4,6285,data/raw/seadronessee/odv2/images/val/6699.jpg,train,1620,458,154,2078,1774,val_00038218,80.0,640,0.3950617283950617,314.0740740740741,315.65432098765433,11.851851851851851,8.691358024691358,103.00868770004571,1.0,8fe6c319c145bfe6c41b4bd884be5417741d8218678ea8dfc0735cca6b82988f,data/synthetic/seadronessee_30m_to_80m/geometry_only/train/val_00038218.png,data/synthetic/seadronessee_30m_to_80m/calibrated/train/val_00038218.png
val:38219,val:6699,val,38219,6699,6699.jpg,3840,2160,1,swimmer,1107.0,999.0,51.0,23.0,1173.0,31.59845900640049,26.7,mavic,NorthSea_Fri_DJI_0114.MP4,6285,data/raw/seadronessee/odv2/images/val/6699.jpg,train,1620,322,200,1942,1820,val_00038219,80.0,640,0.3950617283950617,310.12345679012344,315.65432098765433,20.148148148148145,9.08641975308642,183.07453132144485,1.0,8fe6c319c145bfe6c41b4bd884be5417741d8218678ea8dfc0735cca6b82988f,data/synthetic/seadronessee_30m_to_80m/geometry_only/train/val_00038219.png,data/synthetic/seadronessee_30m_to_80m/calibrated/train/val_00038219.png
val:38223,val:6699,val,38223,6699,6699.jpg,3840,2160,1,swimmer,1722.0,959.0,21.0,20.0,420.0,31.59845900640049,26.7,mavic,NorthSea_Fri_DJI_0114.MP4,6285,data/raw/seadronessee/odv2/images/val/6699.jpg,train,1620,922,159,2542,1779,val_00038223,80.0,640,0.3950617283950617,316.04938271604937,316.04938271604937,8.296296296296296,7.901234567901234,65.55098308184728,1.0,8fe6c319c145bfe6c41b4bd884be5417741d8218678ea8dfc0735cca6b82988f,data/synthetic/seadronessee_30m_to_80m/geometry_only/train/val_00038223.png,data/synthetic/seadronessee_30m_to_80m/calibrated/train/val_00038223.png
val:52830,val:8116,val,52830,8116,8116.jpg,3840,2160,1,swimmer,2981.0,985.0,49.0,62.0,3038.0,34.29832733922585,40.4,mavic,NorthSea_Fri_DJI_0117.MP4,2025,data/raw/seadronessee/odv2/images/val/8116.jpg,train,1493,2259,270,3752,1763,val_00052830,80.0,640,0.4286671131949096,309.4976557267247,306.49698593436034,21.004688546550568,26.577361018084392,558.2491905740968,1.0,8fe6c319c145bfe6c41b4bd884be5417741d8218678ea8dfc0735cca6b82988f,data/synthetic/seadronessee_30m_to_80m/geometry_only/train/val_00052830.png,data/synthetic/seadronessee_30m_to_80m/calibrated/train/val_00052830.png
val:52831,val:8116,val,52831,8116,8116.jpg,3840,2160,1,swimmer,2678.0,1019.0,31.0,31.0,961.0,34.29832733922585,40.4,mavic,NorthSea_Fri_DJI_0117.MP4,2025,data/raw/seadronessee/odv2/images/val/8116.jpg,train,1493,1947,288,3440,1781,val_00052831,80.0,640,0.4286671131949096,313.3556597454789,313.3556597454789,13.288680509042196,13.288680509042196,176.58902967139795,1.0,8fe6c319c145bfe6c41b4bd884be5417741d8218678ea8dfc0735cca6b82988f,data/synthetic/seadronessee_30m_to_80m/geometry_only/train/val_00052831.png,data/synthetic/seadronessee_30m_to_80m/calibrated/train/val_00052831.png
val:52833,val:8116,val,52833,8116,8116.jpg,3840,2160,1,swimmer,2564.0,983.0,37.0,33.0,1221.0,34.29832733922585,40.4,mavic,NorthSea_Fri_DJI_0117.MP4,2025,data/raw/seadronessee/odv2/images/val/8116.jpg,train,1493,1836,253,3329,1746,val_00052833,80.0,640,0.4286671131949096,312.0696584058942,312.926992632284,15.860683188211654,14.146014735432017,224.3654580944609,1.0,8fe6c319c145bfe6c41b4bd884be5417741d8218678ea8dfc0735cca6b82988f,data/synthetic/seadronessee_30m_to_80m/geometry_only/train/val_00052833.png,data/synthetic/seadronessee_30m_to_80m/calibrated/train/val_00052833.png
val:72423,val:10418,val,72423,10418,10418.jpg,3840,2160,1,swimmer,2717.0,923.0,51.0,58.0,2958.0,34.4983175861018,54.6,mavic,NorthSea_Sat_DJI_0126.MP4,6045,data/raw/seadronessee/odv2/images/val/10418.jpg,train,1484,2000,210,3484,1694,val_00072423,80.0,640,0.431266846361186,309.21832884097034,307.4932614555256,21.994609164420485,25.01347708894879,550.1616524146149,1.0,8fe6c319c145bfe6c41b4bd884be5417741d8218678ea8dfc0735cca6b82988f,data/synthetic/seadronessee_30m_to_80m/geometry_only/train/val_00072423.png,data/synthetic/seadronessee_30m_to_80m/calibrated/train/val_00072423.png
val:72424,val:10418,val,72424,10418,10418.jpg,3840,2160,1,swimmer,2502.0,1036.0,57.0,28.0,1596.0,34.4983175861018,54.6,mavic,NorthSea_Sat_DJI_0126.MP4,6045,data/raw/seadronessee/odv2/images/val/10418.jpg,train,1484,1788,308,3272,1792,val_00072424,80.0,640,0.431266846361186,307.9245283018868,313.96226415094344,24.582210242587603,12.075471698113208,296.84178406143525,1.0,8fe6c319c145bfe6c41b4bd884be5417741d8218678ea8dfc0735cca6b82988f,data/synthetic/seadronessee_30m_to_80m/geometry_only/train/val_00072424.png,data/synthetic/seadronessee_30m_to_80m/calibrated/train/val_00072424.png
val:72476,val:10422,val,72476,10422,10422.jpg,3840,2160,3,jetski,2903.0,727.0,251.0,173.0,43423.0,31.89844437671441,54.6,mavic,NorthSea_Sat_DJI_0126.MP4,6105,data/raw/seadronessee/odv2/images/val/10422.jpg,train,1605,2226,11,3831,1616,val_00072476,80.0,640,0.3987538940809969,269.9563862928349,285.50778816199374,100.08722741433021,68.98442367601245,6904.459700507564,1.0,8fe6c319c145bfe6c41b4bd884be5417741d8218678ea8dfc0735cca6b82988f,data/synthetic/seadronessee_30m_to_80m/geometry_only/train/val_00072476.png,data/synthetic/seadronessee_30m_to_80m/calibrated/train/val_00072476.png
val:72492,val:10424,val,72492,10424,10424.jpg,3840,2160,1,swimmer,2964.0,1168.0,72.0,50.0,3600.0,30.89849314233465,54.6,mavic,NorthSea_Sat_DJI_0126.MP4,6135,data/raw/seadronessee/odv2/images/val/10424.jpg,train,1657,2172,364,3829,2021,val_00072492,80.0,640,0.38624019312009655,305.90223295111645,310.5371152685576,27.809293904646953,19.31200965600483,537.0533524132181,1.0,8fe6c319c145bfe6c41b4bd884be5417741d8218678ea8dfc0735cca6b82988f,data/synthetic/seadronessee_30m_to_80m/geometry_only/train/val_00072492.png,data/synthetic/seadronessee_30m_to_80m/calibrated/train/val_00072492.png
val:72516,val:10426,val,72516,10426,10426.jpg,3840,2160,1,swimmer,2752.0,1080.0,52.0,54.0,2808.0,30.798498018896677,54.6,mavic,NorthSea_Sat_DJI_0126.MP4,6165,data/raw/seadronessee/odv2/images/val/10426.jpg,train,1662,1947,276,3609,1938,val_00072516,80.0,640,0.3850782190132371,309.98796630565585,309.6028880866426,20.024067388688326,20.794223826714802,416.3849392016056,1.0,8fe6c319c145bfe6c41b4bd884be5417741d8218678ea8dfc0735cca6b82988f,data/synthetic/seadronessee_30m_to_80m/geometry_only/train/val_00072516.png,data/synthetic/seadronessee_30m_to_80m/calibrated/train/val_00072516.png
val:72517,val:10426,val,72517,10426,10426.jpg,3840,2160,1,swimmer,2396.0,1029.0,103.0,55.0,5665.0,30.798498018896677,54.6,mavic,NorthSea_Sat_DJI_0126.MP4,6165,data/raw/seadronessee/odv2/images/val/10426.jpg,train,1662,1616,226,3278,1888,val_00072517,80.0,640,0.3850782190132371,300.3610108303249,309.2178098676294,39.66305655836342,21.17930204572804,840.0358549063734,1.0,8fe6c319c145bfe6c41b4bd884be5417741d8218678ea8dfc0735cca6b82988f,data/synthetic/seadronessee_30m_to_80m/geometry_only/train/val_00072517.png,data/synthetic/seadronessee_30m_to_80m/calibrated/train/val_00072517.png
val:72520,val:10426,val,72520,10426,10426.jpg,3840,2160,1,swimmer,2616.0,1158.0,46.0,63.0,2898.0,30.798498018896677,54.6,mavic,NorthSea_Sat_DJI_0126.MP4,6165,data/raw/seadronessee/odv2/images/val/10426.jpg,train,1662,1808,358,3470,2020,val_00072520,80.0,640,0.3850782190132371,311.1432009626956,308.06257521058967,17.713598074608907,24.259927797833935,429.7306103298623,1.0,8fe6c319c145bfe6c41b4bd884be5417741d8218678ea8dfc0735cca6b82988f,data/synthetic/seadronessee_30m_to_80m/geometry_only/train/val_00072520.png,data/synthetic/seadronessee_30m_to_80m/calibrated/train/val_00072520.png
val:72545,val:10428,val,72545,10428,10428.jpg,3840,2160,1,swimmer,2417.0,944.0,46.0,46.0,2116.0,29.89854190795489,54.6,mavic,NorthSea_Sat_DJI_0126.MP4,6195,data/raw/seadronessee/odv2/images/val/10428.jpg,train,1712,1584,111,3296,1823,val_00072545,80.0,640,0.37383177570093457,311.40186915887847,311.40186915887847,17.19626168224299,17.19626168224299,295.71141584417853,1.0,8fe6c319c145bfe6c41b4bd884be5417741d8218678ea8dfc0735cca6b82988f,data/synthetic/seadronessee_30m_to_80m/geometry_only/train/val_00072545.png,data/synthetic/seadronessee_30m_to_80m/calibrated/train/val_00072545.png
val:72546,val:10428,val,72546,10428,10428.jpg,3840,2160,1,swimmer,2078.0,882.0,74.0,40.0,2960.0,29.89854190795489,54.6,mavic,NorthSea_Sat_DJI_0126.MP4,6195,data/raw/seadronessee/odv2/images/val/10428.jpg,train,1712,1259,46,2971,1758,val_00072546,80.0,640,0.37383177570093457,306.1682242990654,312.5233644859813,27.663551401869157,14.953271028037383,413.660581710193,1.0,8fe6c319c145bfe6c41b4bd884be5417741d8218678ea8dfc0735cca6b82988f,data/synthetic/seadronessee_30m_to_80m/geometry_only/train/val_00072546.png,data/synthetic/seadronessee_30m_to_80m/calibrated/train/val_00072546.png
val:72573,val:10430,val,72573,10430,10430.jpg,3840,2160,1,swimmer,2631.0,961.0,69.0,46.0,3174.0,29.69855166107894,54.6,mavic,NorthSea_Sat_DJI_0126.MP4,6225,data/raw/seadronessee/odv2/images/val/10430.jpg,train,1724,1804,122,3528,1846,val_00072573,80.0,640,0.37122969837587005,307.00696055684455,311.461716937355,25.614849187935032,17.07656612529002,437.413665947104,1.0,8fe6c319c145bfe6c41b4bd884be5417741d8218678ea8dfc0735cca6b82988f,data/synthetic/seadronessee_30m_to_80m/geometry_only/train/val_00072573.png,data/synthetic/seadronessee_30m_to_80m/calibrated/train/val_00072573.png
val:72599,val:10432,val,72599,10432,10432.jpg,3840,2160,1,swimmer,2659.0,983.0,58.0,39.0,2262.0,28.698600426699173,54.6,mavic,NorthSea_Sat_DJI_0126.MP4,6255,data/raw/seadronessee/odv2/images/val/10432.jpg,train,1784,1796,110,3580,1894,val_00072599,80.0,640,0.35874439461883406,309.5964125560538,313.1838565022421,20.807174887892376,13.991031390134529,291.1138369965211,1.0,8fe6c319c145bfe6c41b4bd884be5417741d8218678ea8dfc0735cca6b82988f,data/synthetic/seadronessee_30m_to_80m/geometry_only/train/val_00072599.png,data/synthetic/seadronessee_30m_to_80m/calibrated/train/val_00072599.png
val:72625,val:10434,val,72625,10434,10434.jpg,3840,2160,1,swimmer,2730.0,1084.0,40.0,49.0,1960.0,28.998585797013103,54.6,mavic,NorthSea_Sat_DJI_0126.MP4,6285,data/raw/seadronessee/odv2/images/val/10434.jpg,train,1766,1867,226,3633,1992,val_00072625,80.0,640,0.362400906002265,312.7519818799547,310.9399773499434,14.4960362400906,17.757644394110983,257.4154566756745,1.0,8fe6c319c145bfe6c41b4bd884be5417741d8218678ea8dfc0735cca6b82988f,data/synthetic/seadronessee_30m_to_80m/geometry_only/train/val_00072625.png,data/synthetic/seadronessee_30m_to_80m/calibrated/train/val_00072625.png
val:72718,val:10446,val,72718,10446,10446.jpg,3840,2160,1,swimmer,2720.0,956.0,68.0,52.0,3536.0,27.59865406888144,54.6,mavic,NorthSea_Sat_DJI_0126.MP4,6465,data/raw/seadronessee/odv2/images/val/10446.jpg,train,1855,1826,54,3681,1909,val_00072718,80.0,640,0.3450134770889488,308.4420485175202,311.2021563342318,23.460916442048518,17.940700808625337,420.9052825829513,1.0,8fe6c319c145bfe6c41b4bd884be5417741d8218678ea8dfc0735cca6b82988f,data/synthetic/seadronessee_30m_to_80m/geometry_only/train/val_00072718.png,data/synthetic/seadronessee_30m_to_80m/calibrated/train/val_00072718.png
val:72746,val:10448,val,72746,10448,10448.jpg,3840,2160,1,swimmer,2682.0,843.0,59.0,42.0,2478.0,32.29842487046632,54.6,mavic,NorthSea_Sat_DJI_0126.MP4,6495,data/raw/seadronessee/odv2/images/val/10448.jpg,train,1585,1919,72,3504,1657,val_00072746,80.0,640,0.4037854889589905,308.0883280757098,311.3186119873817,23.82334384858044,16.958990536277604,404.0198628705629,1.0,8fe6c319c145bfe6c41b4bd884be5417741d8218678ea8dfc0735cca6b82988f,data/synthetic/seadronessee_30m_to_80m/geometry_only/train/val_00072746.png,data/synthetic/seadronessee_30m_to_80m/calibrated/train/val_00072746.png
val:72748,val:10448,val,72748,10448,10448.jpg,3840,2160,1,swimmer,2415.0,1240.0,78.0,50.0,3900.0,32.29842487046632,54.6,mavic,NorthSea_Sat_DJI_0126.MP4,6495,data/raw/seadronessee/odv2/images/val/10448.jpg,train,1585,1662,472,3247,2057,val_00072748,80.0,640,0.4037854889589905,304.05047318611986,310.10725552050474,31.49526813880126,20.189274447949526,635.8666122660192,1.0,8fe6c319c145bfe6c41b4bd884be5417741d8218678ea8dfc0735cca6b82988f,data/synthetic/seadronessee_30m_to_80m/geometry_only/train/val_00072748.png,data/synthetic/seadronessee_30m_to_80m/calibrated/train/val_00072748.png
val:72749,val:10448,val,72749,10448,10448.jpg,3840,2160,1,swimmer,2205.0,1159.0,31.0,32.0,992.0,32.29842487046632,54.6,mavic,NorthSea_Sat_DJI_0126.MP4,6495,data/raw/seadronessee/odv2/images/val/10448.jpg,train,1585,1428,382,3013,1967,val_00072749,80.0,640,0.4037854889589905,313.74132492113563,313.74132492113563,12.517350157728707,12.921135646687697,161.73837932510025,1.0,8fe6c319c145bfe6c41b4bd884be5417741d8218678ea8dfc0735cca6b82988f,data/synthetic/seadronessee_30m_to_80m/geometry_only/train/val_00072749.png,data/synthetic/seadronessee_30m_to_80m/calibrated/train/val_00072749.png
val:72750,val:10448,val,72750,10448,10448.jpg,3840,2160,1,swimmer,1953.0,1226.0,70.0,56.0,3920.0,32.29842487046632,54.6,mavic,NorthSea_Sat_DJI_0126.MP4,6495,data/raw/seadronessee/odv2/images/val/10448.jpg,train,1585,1196,462,2781,2047,val_00072750,80.0,640,0.4037854889589905,305.6656151419558,308.4921135646688,28.264984227129336,22.611987381703468,639.1274666878961,1.0,8fe6c319c145bfe6c41b4bd884be5417741d8218678ea8dfc0735cca6b82988f,data/synthetic/seadronessee_30m_to_80m/geometry_only/train/val_00072750.png,data/synthetic/seadronessee_30m_to_80m/calibrated/train/val_00072750.png
val:72754,val:10448,val,72754,10448,10448.jpg,3840,2160,1,swimmer,2556.0,1276.0,38.0,68.0,2584.0,32.29842487046632,54.6,mavic,NorthSea_Sat_DJI_0126.MP4,6495,data/raw/seadronessee/odv2/images/val/10448.jpg,train,1585,1782,518,3367,2103,val_00072754,80.0,640,0.4037854889589905,312.52996845425866,306.0694006309148,15.34384858044164,27.457413249211356,421.30239130651114,1.0,8fe6c319c145bfe6c41b4bd884be5417741d8218678ea8dfc0735cca6b82988f,data/synthetic/seadronessee_30m_to_80m/geometry_only/train/val_00072754.png,data/synthetic/seadronessee_30m_to_80m/calibrated/train/val_00072754.png
val:72774,val:10450,val,72774,10450,10450.jpg,3840,2160,1,swimmer,2665.0,829.0,54.0,35.0,1890.0,33.69835659859799,54.6,mavic,NorthSea_Sat_DJI_0126.MP4,6525,data/raw/seadronessee/odv2/images/val/10450.jpg,train,1519,1932,87,3451,1606,val_00072774,80.0,640,0.42132982225148125,308.83475971033573,312.62672811059906,22.751810401579988,14.746543778801843,335.51056813389846,1.0,8fe6c319c145bfe6c41b4bd884be5417741d8218678ea8dfc0735cca6b82988f,data/synthetic/seadronessee_30m_to_80m/geometry_only/train/val_00072774.png,data/synthetic/seadronessee_30m_to_80m/calibrated/train/val_00072774.png
val:72776,val:10450,val,72776,10450,10450.jpg,3840,2160,1,swimmer,2399.0,1238.0,69.0,48.0,3312.0,33.69835659859799,54.6,mavic,NorthSea_Sat_DJI_0126.MP4,6525,data/raw/seadronessee/odv2/images/val/10450.jpg,train,1519,1674,502,3193,2021,val_00072776,80.0,640,0.42132982225148125,305.4641211323239,310.0987491770902,29.071757735352207,20.2238314680711,587.9423289203554,1.0,8fe6c319c145bfe6c41b4bd884be5417741d8218678ea8dfc0735cca6b82988f,data/synthetic/seadronessee_30m_to_80m/geometry_only/train/val_00072776.png,data/synthetic/seadronessee_30m_to_80m/calibrated/train/val_00072776.png
val:72777,val:10450,val,72777,10450,10450.jpg,3840,2160,1,swimmer,2187.0,1151.0,31.0,34.0,1054.0,33.69835659859799,54.6,mavic,NorthSea_Sat_DJI_0126.MP4,6525,data/raw/seadronessee/odv2/images/val/10450.jpg,train,1519,1443,408,2962,1927,val_00072777,80.0,640,0.42132982225148125,313.46938775510205,313.04805793285055,13.061224489795919,14.325213956550362,187.1048353508619,1.0,8fe6c319c145bfe6c41b4bd884be5417741d8218678ea8dfc0735cca6b82988f,data/synthetic/seadronessee_30m_to_80m/geometry_only/train/val_00072777.png,data/synthetic/seadronessee_30m_to_80m/calibrated/train/val_00072777.png
val:72778,val:10450,val,72778,10450,10450.jpg,3840,2160,1,swimmer,1923.0,1213.0,67.0,72.0,4824.0,33.69835659859799,54.6,mavic,NorthSea_Sat_DJI_0126.MP4,6525,data/raw/seadronessee/odv2/images/val/10450.jpg,train,1519,1197,490,2716,2009,val_00072778,80.0,640,0.42132982225148125,305.8854509545754,304.62146148782097,28.229098090849245,30.33574720210665,856.3507834274741,1.0,8fe6c319c145bfe6c41b4bd884be5417741d8218678ea8dfc0735cca6b82988f,data/synthetic/seadronessee_30m_to_80m/geometry_only/train/val_00072778.png,data/synthetic/seadronessee_30m_to_80m/calibrated/train/val_00072778.png
val:72782,val:10450,val,72782,10450,10450.jpg,3840,2160,1,swimmer,2530.0,1274.0,48.0,61.0,2928.0,33.69835659859799,54.6,mavic,NorthSea_Sat_DJI_0126.MP4,6525,data/raw/seadronessee/odv2/images/val/10450.jpg,train,1519,1794,545,3313,2064,val_00072782,80.0,640,0.42132982225148125,310.0987491770902,307.1494404213298,20.2238314680711,25.701119157340354,519.7751023788649,1.0,8fe6c319c145bfe6c41b4bd884be5417741d8218678ea8dfc0735cca6b82988f,data/synthetic/seadronessee_30m_to_80m/geometry_only/train/val_00072782.png,data/synthetic/seadronessee_30m_to_80m/calibrated/train/val_00072782.png
val:72785,val:10450,val,72785,10450,10450.jpg,3840,2160,1,swimmer,2461.0,1351.0,42.0,46.0,1932.0,33.69835659859799,54.6,mavic,NorthSea_Sat_DJI_0126.MP4,6525,data/raw/seadronessee/odv2/images/val/10450.jpg,train,1519,1722,614,3241,2133,val_00072785,80.0,640,0.42132982225148125,311.36273864384464,310.5200789993417,17.695852534562214,19.38117182356814,342.966358536874,1.0,8fe6c319c145bfe6c41b4bd884be5417741d8218678ea8dfc0735cca6b82988f,data/synthetic/seadronessee_30m_to_80m/geometry_only/train/val_00072785.png,data/synthetic/seadronessee_30m_to_80m/calibrated/train/val_00072785.png
val:72802,val:10452,val,72802,10452,10452.jpg,3840,2160,1,swimmer,2624.0,909.0,61.0,41.0,2501.0,33.79835172203596,54.6,mavic,NorthSea_Sat_DJI_0126.MP4,6555,data/raw/seadronessee/odv2/images/val/10452.jpg,train,1515,1897,172,3412,1687,val_00072802,80.0,640,0.42244224422442245,307.1155115511551,311.33993399339937,25.768976897689768,17.32013201320132,446.3220817131218,1.0,8fe6c319c145bfe6c41b4bd884be5417741d8218678ea8dfc0735cca6b82988f,data/synthetic/seadronessee_30m_to_80m/geometry_only/train/val_00072802.png,data/synthetic/seadronessee_30m_to_80m/calibrated/train/val_00072802.png
val:72803,val:10452,val,72803,10452,10452.jpg,3840,2160,1,swimmer,2448.0,774.0,33.0,27.0,891.0,33.79835172203596,54.6,mavic,NorthSea_Sat_DJI_0126.MP4,6555,data/raw/seadronessee/odv2/images/val/10452.jpg,train,1515,1707,30,3222,1545,val_00072803,80.0,640,0.42244224422442245,313.029702970297,314.2970297029703,13.94059405940594,11.405940594059405,159.0055876874816,1.0,8fe6c319c145bfe6c41b4bd884be5417741d8218678ea8dfc0735cca6b82988f,data/synthetic/seadronessee_30m_to_80m/geometry_only/train/val_00072803.png,data/synthetic/seadronessee_30m_to_80m/calibrated/train/val_00072803.png
val:72804,val:10452,val,72804,10452,10452.jpg,3840,2160,1,swimmer,2384.0,1319.0,47.0,54.0,2538.0,33.79835172203596,54.6,mavic,NorthSea_Sat_DJI_0126.MP4,6555,data/raw/seadronessee/odv2/images/val/10452.jpg,train,1515,1650,588,3165,2103,val_00072804,80.0,640,0.42244224422442245,310.0726072607261,308.80528052805283,19.854785478547853,22.81188118811881,452.92500735222035,1.0,8fe6c319c145bfe6c41b4bd884be5417741d8218678ea8dfc0735cca6b82988f,data/synthetic/seadronessee_30m_to_80m/geometry_only/train/val_00072804.png,data/synthetic/seadronessee_30m_to_80m/calibrated/train/val_00072804.png
val:72805,val:10452,val,72805,10452,10452.jpg,3840,2160,1,swimmer,2176.0,1238.0,30.0,30.0,900.0,33.79835172203596,54.6,mavic,NorthSea_Sat_DJI_0126.MP4,6555,data/raw/seadronessee/odv2/images/val/10452.jpg,train,1515,1434,496,2949,2011,val_00072805,80.0,640,0.42244224422442245,313.45214521452147,313.45214521452147,12.673267326732674,12.673267326732674,160.61170473482994,1.0,8fe6c319c145bfe6c41b4bd884be5417741d8218678ea8dfc0735cca6b82988f,data/synthetic/seadronessee_30m_to_80m/geometry_only/train/val_00072805.png,data/synthetic/seadronessee_30m_to_80m/calibrated/train/val_00072805.png
val:72806,val:10452,val,72806,10452,10452.jpg,3840,2160,1,swimmer,1921.0,1323.0,68.0,46.0,3128.0,33.79835172203596,54.6,mavic,NorthSea_Sat_DJI_0126.MP4,6555,data/raw/seadronessee/odv2/images/val/10452.jpg,train,1515,1198,588,2713,2103,val_00072806,80.0,640,0.42244224422442245,305.4257425742574,310.4950495049505,28.726072607260726,19.432343234323433,558.2149026783867,1.0,8fe6c319c145bfe6c41b4bd884be5417741d8218678ea8dfc0735cca6b82988f,data/synthetic/seadronessee_30m_to_80m/geometry_only/train/val_00072806.png,data/synthetic/seadronessee_30m_to_80m/calibrated/train/val_00072806.png
val:72810,val:10452,val,72810,10452,10452.jpg,3840,2160,1,swimmer,2515.0,1371.0,40.0,55.0,2200.0,33.79835172203596,54.6,mavic,NorthSea_Sat_DJI_0126.MP4,6555,data/raw/seadronessee/odv2/images/val/10452.jpg,train,1515,1778,641,3293,2156,val_00072810,80.0,640,0.42244224422442245,311.33993399339937,308.3828382838284,16.897689768976896,23.234323432343235,392.60638935180646,1.0,8fe6c319c145bfe6c41b4bd884be5417741d8218678ea8dfc0735cca6b82988f,data/synthetic/seadronessee_30m_to_80m/geometry_only/train/val_00072810.png,data/synthetic/seadronessee_30m_to_80m/calibrated/train/val_00072810.png
val:72830,val:10454,val,72830,10454,10454.jpg,3840,2160,1,swimmer,2595.0,960.0,61.0,42.0,2562.0,33.99834196891192,54.6,mavic,NorthSea_Sat_DJI_0126.MP4,6585,data/raw/seadronessee/odv2/images/val/10454.jpg,train,1506,1872,228,3378,1734,val_00072830,80.0,640,0.4249667994687915,307.25099601593627,311.0756972111554,25.922974767596283,17.848605577689245,462.6889520272166,1.0,8fe6c319c145bfe6c41b4bd884be5417741d8218678ea8dfc0735cca6b82988f,data/synthetic/seadronessee_30m_to_80m/geometry_only/train/val_00072830.png,data/synthetic/seadronessee_30m_to_80m/calibrated/train/val_00072830.png
val:72831,val:10454,val,72831,10454,10454.jpg,3840,2160,1,swimmer,2372.0,1357.0,44.0,51.0,2244.0,33.99834196891192,54.6,mavic,NorthSea_Sat_DJI_0126.MP4,6585,data/raw/seadronessee/odv2/images/val/10454.jpg,train,1506,1641,630,3147,2136,val_00072831,80.0,640,0.4249667994687915,310.6507304116866,308.95086321381143,18.698539176626827,21.67330677290837,405.25917578027867,1.0,8fe6c319c145bfe6c41b4bd884be5417741d8218678ea8dfc0735cca6b82988f,data/synthetic/seadronessee_30m_to_80m/geometry_only/train/val_00072831.png,data/synthetic/seadronessee_30m_to_80m/calibrated/train/val_00072831.png
val:72832,val:10454,val,72832,10454,10454.jpg,3840,2160,1,swimmer,2165.0,1268.0,31.0,33.0,1023.0,33.99834196891192,54.6,mavic,NorthSea_Sat_DJI_0126.MP4,6585,data/raw/seadronessee/odv2/images/val/10454.jpg,train,1506,1428,532,2934,2038,val_00072832,80.0,640,0.4249667994687915,313.20053120849934,312.77556440903055,13.173970783532537,14.02390438247012,184.75050660571526,1.0,8fe6c319c145bfe6c41b4bd884be5417741d8218678ea8dfc0735cca6b82988f,data/synthetic/seadronessee_30m_to_80m/geometry_only/train/val_00072832.png,data/synthetic/seadronessee_30m_to_80m/calibrated/train/val_00072832.png
val:72833,val:10454,val,72833,10454,10454.jpg,3840,2160,1,swimmer,1912.0,1353.0,58.0,82.0,4756.0,33.99834196891192,54.6,mavic,NorthSea_Sat_DJI_0126.MP4,6585,data/raw/seadronessee/odv2/images/val/10454.jpg,train,1506,1188,641,2694,2147,val_00072833,80.0,640,0.4249667994687915,307.67596281540506,302.57636122177956,24.648074369189906,34.8472775564409,858.9182887749577,1.0,8fe6c319c145bfe6c41b4bd884be5417741d8218678ea8dfc0735cca6b82988f,data/synthetic/seadronessee_30m_to_80m/geometry_only/train/val_00072833.png,data/synthetic/seadronessee_30m_to_80m/calibrated/train/val_00072833.png
train:53012,train:8257,train,53012,8257,8257.jpg,3840,2160,2,boat,1618.0,1182.0,16.0,40.0,640.0,29.89854190795489,-0.0,mavic,NorthSea_Sat_DJI_0129.MP4,0,data/raw/seadronessee/odv2/images/train/8257.jpg,val,1712,770,346,2482,2058,train_00053012,80.0,640,0.37383177570093457,317.0093457943925,312.5233644859813,5.981308411214953,14.953271028037383,89.44012577517687,1.0,8fe6c319c145bfe6c41b4bd884be5417741d8218678ea8dfc0735cca6b82988f,data/synthetic/seadronessee_30m_to_80m/geometry_only/val/train_00053012.png,data/synthetic/seadronessee_30m_to_80m/calibrated/val/train_00053012.png
train:53013,train:8257,train,53013,8257,8257.jpg,3840,2160,2,boat,2210.0,1192.0,29.0,46.0,1334.0,29.89854190795489,-0.0,mavic,NorthSea_Sat_DJI_0129.MP4,0,data/raw/seadronessee/odv2/images/train/8257.jpg,val,1712,1368,359,3080,2071,train_00053013,80.0,640,0.37383177570093457,314.76635514018693,311.40186915887847,10.841121495327103,17.19626168224299,186.4267621626343,1.0,8fe6c319c145bfe6c41b4bd884be5417741d8218678ea8dfc0735cca6b82988f,data/synthetic/seadronessee_30m_to_80m/geometry_only/val/train_00053013.png,data/synthetic/seadronessee_30m_to_80m/calibrated/val/train_00053013.png
train:53014,train:8257,train,53014,8257,8257.jpg,3840,2160,2,boat,2303.0,1179.0,36.0,56.0,2016.0,29.89854190795489,-0.0,mavic,NorthSea_Sat_DJI_0129.MP4,0,data/raw/seadronessee/odv2/images/train/8257.jpg,val,1712,1465,351,3177,2063,train_00053014,80.0,640,0.37383177570093457,313.2710280373832,309.5327102803738,13.457943925233645,20.934579439252335,281.7363961918071,1.0,8fe6c319c145bfe6c41b4bd884be5417741d8218678ea8dfc0735cca6b82988f,data/synthetic/seadronessee_30m_to_80m/geometry_only/val/train_00053014.png,data/synthetic/seadronessee_30m_to_80m/calibrated/val/train_00053014.png
train:53015,train:8257,train,53015,8257,8257.jpg,3840,2160,2,boat,2095.0,1237.0,20.0,14.0,280.0,29.89854190795489,-0.0,mavic,NorthSea_Sat_DJI_0129.MP4,0,data/raw/seadronessee/odv2/images/train/8257.jpg,val,1712,1249,388,2961,2100,train_00053015,80.0,640,0.37383177570093457,316.2616822429906,317.38317757009344,7.4766355140186915,5.233644859813084,39.13005502663988,1.0,8fe6c319c145bfe6c41b4bd884be5417741d8218678ea8dfc0735cca6b82988f,data/synthetic/seadronessee_30m_to_80m/geometry_only/val/train_00053015.png,data/synthetic/seadronessee_30m_to_80m/calibrated/val/train_00053015.png
train:53016,train:8257,train,53016,8257,8257.jpg,3840,2160,2,boat,2134.0,1235.0,21.0,10.0,210.0,29.89854190795489,-0.0,mavic,NorthSea_Sat_DJI_0129.MP4,0,data/raw/seadronessee/odv2/images/train/8257.jpg,val,1712,1288,384,3000,2096,train_00053016,80.0,640,0.37383177570093457,316.2616822429906,318.13084112149534,7.850467289719626,3.7383177570093458,29.34754126997991,1.0,8fe6c319c145bfe6c41b4bd884be5417741d8218678ea8dfc0735cca6b82988f,data/synthetic/seadronessee_30m_to_80m/geometry_only/val/train_00053016.png,data/synthetic/seadronessee_30m_to_80m/calibrated/val/train_00053016.png
train:53024,train:8259,train,53024,8259,8259.jpg,3840,2160,2,boat,1585.0,1191.0,15.0,37.0,555.0,29.89854190795489,-0.0,mavic,NorthSea_Sat_DJI_0129.MP4,30,data/raw/seadronessee/odv2/images/train/8259.jpg,val,1712,736,354,2448,2066,train_00053024,80.0,640,0.37383177570093457,317.38317757009344,312.8971962616822,5.607476635514018,13.831775700934578,77.56135907066118,1.0,8fe6c319c145bfe6c41b4bd884be5417741d8218678ea8dfc0735cca6b82988f,data/synthetic/seadronessee_30m_to_80m/geometry_only/val/train_00053024.png,data/synthetic/seadronessee_30m_to_80m/calibrated/val/train_00053024.png
train:53025,train:8259,train,53025,8259,8259.jpg,3840,2160,2,boat,2174.0,1202.0,29.0,50.0,1450.0,29.89854190795489,-0.0,mavic,NorthSea_Sat_DJI_0129.MP4,30,data/raw/seadronessee/odv2/images/train/8259.jpg,val,1712,1332,371,3044,2083,train_00053025,80.0,640,0.37383177570093457,314.76635514018693,310.6542056074766,10.841121495327103,18.69158878504673,202.6377849593851,1.0,8fe6c319c145bfe6c41b4bd884be5417741d8218678ea8dfc0735cca6b82988f,data/synthetic/seadronessee_30m_to_80m/geometry_only/val/train_00053025.png,data/synthetic/seadronessee_30m_to_80m/calibrated/val/train_00053025.png
train:53026,train:8259,train,53026,8259,8259.jpg,3840,2160,2,boat,2268.0,1193.0,36.0,53.0,1908.0,29.89854190795489,-0.0,mavic,NorthSea_Sat_DJI_0129.MP4,30,data/raw/seadronessee/odv2/images/train/8259.jpg,val,1712,1430,364,3142,2076,train_00053026,80.0,640,0.37383177570093457,313.2710280373832,309.9065420560747,13.457943925233645,19.813084112149532,266.643374967246,1.0,8fe6c319c145bfe6c41b4bd884be5417741d8218678ea8dfc0735cca6b82988f,data/synthetic/seadronessee_30m_to_80m/geometry_only/val/train_00053026.png,data/synthetic/seadronessee_30m_to_80m/calibrated/val/train_00053026.png
train:53027,train:8259,train,53027,8259,8259.jpg,3840,2160,2,boat,2066.0,1249.0,19.0,12.0,228.0,29.89854190795489,-0.0,mavic,NorthSea_Sat_DJI_0129.MP4,30,data/raw/seadronessee/odv2/images/train/8259.jpg,val,1712,1220,399,2932,2111,train_00053027,80.0,640,0.37383177570093457,316.2616822429906,317.75700934579436,7.102803738317757,4.485981308411215,31.86304480740676,1.0,8fe6c319c145bfe6c41b4bd884be5417741d8218678ea8dfc0735cca6b82988f,data/synthetic/seadronessee_30m_to_80m/geometry_only/val/train_00053027.png,data/synthetic/seadronessee_30m_to_80m/calibrated/val/train_00053027.png
train:53028,train:8259,train,53028,8259,8259.jpg,3840,2160,2,boat,2096.0,1245.0,28.0,10.0,280.0,29.89854190795489,-0.0,mavic,NorthSea_Sat_DJI_0129.MP4,30,data/raw/seadronessee/odv2/images/train/8259.jpg,val,1712,1254,394,2966,2106,train_00053028,80.0,640,0.37383177570093457,314.76635514018693,318.13084112149534,10.467289719626168,3.7383177570093458,39.13005502663988,1.0,8fe6c319c145bfe6c41b4bd884be5417741d8218678ea8dfc0735cca6b82988f,data/synthetic/seadronessee_30m_to_80m/geometry_only/val/train_00053028.png,data/synthetic/seadronessee_30m_to_80m/calibrated/val/train_00053028.png
train:53036,train:8261,train,53036,8261,8261.jpg,3840,2160,2,boat,1555.0,1195.0,14.0,36.0,504.0,32.49841511734228,-0.0,mavic,NorthSea_Sat_DJI_0129.MP4,60,data/raw/seadronessee/odv2/images/train/8261.jpg,val,1575,774,426,2349,2001,train_00053036,80.0,640,0.40634920634920635,317.35873015873017,312.4825396825397,5.688888888888889,14.628571428571428,83.22031746031746,1.0,8fe6c319c145bfe6c41b4bd884be5417741d8218678ea8dfc0735cca6b82988f,data/synthetic/seadronessee_30m_to_80m/geometry_only/val/train_00053036.png,data/synthetic/seadronessee_30m_to_80m/calibrated/val/train_00053036.png
train:53037,train:8261,train,53037,8261,8261.jpg,3840,2160,2,boat,2139.0,1209.0,28.0,48.0,1344.0,32.49841511734228,-0.0,mavic,NorthSea_Sat_DJI_0129.MP4,60,data/raw/seadronessee/odv2/images/train/8261.jpg,val,1575,1366,446,2941,2021,train_00053037,80.0,640,0.40634920634920635,314.10793650793653,310.0444444444444,11.377777777777778,19.504761904761907,221.9208465608466,1.0,8fe6c319c145bfe6c41b4bd884be5417741d8218678ea8dfc0735cca6b82988f,data/synthetic/seadronessee_30m_to_80m/geometry_only/val/train_00053037.png,data/synthetic/seadronessee_30m_to_80m/calibrated/val/train_00053037.png
train:53038,train:8261,train,53038,8261,8261.jpg,3840,2160,2,boat,2233.0,1199.0,36.0,53.0,1908.0,32.49841511734228,-0.0,mavic,NorthSea_Sat_DJI_0129.MP4,60,data/raw/seadronessee/odv2/images/train/8261.jpg,val,1575,1464,438,3039,2013,train_00053038,80.0,640,0.40634920634920635,312.4825396825397,309.231746031746,14.628571428571428,21.536507936507938,315.04834467120185,1.0,8fe6c319c145bfe6c41b4bd884be5417741d8218678ea8dfc0735cca6b82988f,data/synthetic/seadronessee_30m_to_80m/geometry_only/val/train_00053038.png,data/synthetic/seadronessee_30m_to_80m/calibrated/val/train_00053038.png
train:53039,train:8261,train,53039,8261,8261.jpg,3840,2160,2,boat,2037.0,1257.0,19.0,13.0,247.0,32.49841511734228,-0.0,mavic,NorthSea_Sat_DJI_0129.MP4,60,data/raw/seadronessee/odv2/images/train/8261.jpg,val,1575,1259,476,2834,2051,train_00053039,80.0,640,0.40634920634920635,316.13968253968255,317.35873015873017,7.720634920634921,5.282539682539682,40.78456034265558,1.0,8fe6c319c145bfe6c41b4bd884be5417741d8218678ea8dfc0735cca6b82988f,data/synthetic/seadronessee_30m_to_80m/geometry_only/val/train_00053039.png,data/synthetic/seadronessee_30m_to_80m/calibrated/val/train_00053039.png
train:53040,train:8261,train,53040,8261,8261.jpg,3840,2160,2,boat,2064.0,1252.0,30.0,10.0,300.0,32.49841511734228,-0.0,mavic,NorthSea_Sat_DJI_0129.MP4,60,data/raw/seadronessee/odv2/images/train/8261.jpg,val,1575,1292,470,2867,2045,train_00053040,80.0,640,0.40634920634920635,313.7015873015873,317.7650793650794,12.19047619047619,4.063492063492063,49.53590325018896,1.0,8fe6c319c145bfe6c41b4bd884be5417741d8218678ea8dfc0735cca6b82988f,data/synthetic/seadronessee_30m_to_80m/geometry_only/val/train_00053040.png,data/synthetic/seadronessee_30m_to_80m/calibrated/val/train_00053040.png
train:54006,train:8388,train,54006,8388,8388.jpg,3840,2160,2,boat,2171.0,795.0,95.0,53.0,5035.0,33.29837610484608,16.4,mavic,NorthSea_Sat_DJI_0129.MP4,1965,data/raw/seadronessee/odv2/images/train/8388.jpg,val,1538,1450,52,2988,1590,train_00054006,80.0,640,0.41612483745123535,300.0260078023407,309.1807542262679,39.53185955786736,22.054616384915473,871.8599975311188,1.0,8fe6c319c145bfe6c41b4bd884be5417741d8218678ea8dfc0735cca6b82988f,data/synthetic/seadronessee_30m_to_80m/geometry_only/val/train_00054006.png,data/synthetic/seadronessee_30m_to_80m/calibrated/val/train_00054006.png
train:54010,train:8388,train,54010,8388,8388.jpg,3840,2160,5,buoy,941.0,1149.0,49.0,69.0,3381.0,33.29837610484608,16.4,mavic,NorthSea_Sat_DJI_0129.MP4,1965,data/raw/seadronessee/odv2/images/train/8388.jpg,val,1538,196,414,1734,1952,train_00054010,80.0,640,0.41612483745123535,310.01300390117035,305.851755526658,20.39011703511053,28.71261378413524,585.4535554424455,1.0,8fe6c319c145bfe6c41b4bd884be5417741d8218678ea8dfc0735cca6b82988f,data/synthetic/seadronessee_30m_to_80m/geometry_only/val/train_00054010.png,data/synthetic/seadronessee_30m_to_80m/calibrated/val/train_00054010.png
train:54011,train:8388,train,54011,8388,8388.jpg,3840,2160,2,boat,1760.0,767.0,76.0,20.0,1520.0,33.29837610484608,16.4,mavic,NorthSea_Sat_DJI_0129.MP4,1965,data/raw/seadronessee/odv2/images/train/8388.jpg,val,1538,1029,8,2567,1546,train_00054011,80.0,640,0.41612483745123535,304.18725617685305,315.83875162548765,31.625487646293887,8.322496749024706,263.2030181226019,1.0,8fe6c319c145bfe6c41b4bd884be5417741d8218678ea8dfc0735cca6b82988f,data/synthetic/seadronessee_30m_to_80m/geometry_only/val/train_00054011.png,data/synthetic/seadronessee_30m_to_80m/calibrated/val/train_00054011.png
train:54026,train:8390,train,54026,8390,8390.jpg,3840,2160,2,boat,2193.0,814.0,95.0,53.0,5035.0,32.29842487046632,16.4,mavic,NorthSea_Sat_DJI_0129.MP4,1995,data/raw/seadronessee/odv2/images/train/8390.jpg,val,1585,1448,48,3033,1633,train_00054026,80.0,640,0.4037854889589905,300.82018927444796,309.29968454258676,38.3596214511041,21.400630914826497,820.92010070754,1.0,8fe6c319c145bfe6c41b4bd884be5417741d8218678ea8dfc0735cca6b82988f,data/synthetic/seadronessee_30m_to_80m/geometry_only/val/train_00054026.png,data/synthetic/seadronessee_30m_to_80m/calibrated/val/train_00054026.png
train:54030,train:8390,train,54030,8390,8390.jpg,3840,2160,5,buoy,893.0,1214.0,51.0,71.0,3621.0,32.29842487046632,16.4,mavic,NorthSea_Sat_DJI_0129.MP4,1995,data/raw/seadronessee/odv2/images/train/8390.jpg,val,1585,126,457,1711,2042,train_00054030,80.0,640,0.4037854889589905,309.70347003154575,305.6656151419558,20.593059936908517,28.668769716088327,590.3776930808347,1.0,8fe6c319c145bfe6c41b4bd884be5417741d8218678ea8dfc0735cca6b82988f,data/synthetic/seadronessee_30m_to_80m/geometry_only/val/train_00054030.png,data/synthetic/seadronessee_30m_to_80m/calibrated/val/train_00054030.png
train:54031,train:8390,train,54031,8390,8390.jpg,3840,2160,2,boat,1757.0,784.0,79.0,21.0,1659.0,32.29842487046632,16.4,mavic,NorthSea_Sat_DJI_0129.MP4,1995,data/raw/seadronessee/odv2/images/train/8390.jpg,val,1585,1004,2,2589,1587,train_00054031,80.0,640,0.4037854889589905,304.05047318611986,315.76025236593057,31.899053627760253,8.479495268138802,270.48787429469894,1.0,8fe6c319c145bfe6c41b4bd884be5417741d8218678ea8dfc0735cca6b82988f,data/synthetic/seadronessee_30m_to_80m/geometry_only/val/train_00054031.png,data/synthetic/seadronessee_30m_to_80m/calibrated/val/train_00054031.png
train:54049,train:8392,train,54049,8392,8392.jpg,3840,2160,5,buoy,813.0,1129.0,53.0,76.0,4028.0,32.3984199939043,17.2,mavic,NorthSea_Sat_DJI_0129.MP4,2025,data/raw/seadronessee/odv2/images/train/8392.jpg,val,1580,50,377,1630,1957,train_00054049,80.0,640,0.4050632911392405,309.0632911392405,304.60759493670884,21.468354430379748,30.78481012658228,660.8992148694119,1.0,8fe6c319c145bfe6c41b4bd884be5417741d8218678ea8dfc0735cca6b82988f,data/synthetic/seadronessee_30m_to_80m/geometry_only/val/train_00054049.png,data/synthetic/seadronessee_30m_to_80m/calibrated/val/train_00054049.png
train:54120,train:8400,train,54120,8400,8400.jpg,3840,2160,1,swimmer,1259.0,897.0,41.0,26.0,1066.0,32.3984199939043,25.4,mavic,NorthSea_Sat_DJI_0129.MP4,2145,data/raw/seadronessee/odv2/images/train/8400.jpg,val,1580,490,120,2070,1700,train_00054120,80.0,640,0.4050632911392405,311.49367088607596,314.73417721518985,16.60759493670886,10.531645569620252,174.9053036372376,1.0,8fe6c319c145bfe6c41b4bd884be5417741d8218678ea8dfc0735cca6b82988f,data/synthetic/seadronessee_30m_to_80m/geometry_only/val/train_00054120.png,data/synthetic/seadronessee_30m_to_80m/calibrated/val/train_00054120.png
train:54149,train:8402,train,54149,8402,8402.jpg,3840,2160,1,swimmer,1241.0,922.0,29.0,23.0,667.0,32.3984199939043,28.8,mavic,NorthSea_Sat_DJI_0129.MP4,2175,data/raw/seadronessee/odv2/images/train/8402.jpg,val,1580,466,144,2046,1724,train_00054149,80.0,640,0.4050632911392405,313.92405063291136,315.1392405063291,11.746835443037975,9.316455696202532,109.43887197564493,1.0,8fe6c319c145bfe6c41b4bd884be5417741d8218678ea8dfc0735cca6b82988f,data/synthetic/seadronessee_30m_to_80m/geometry_only/val/train_00054149.png,data/synthetic/seadronessee_30m_to_80m/calibrated/val/train_00054149.png
train:54179,train:8404,train,54179,8404,8404.jpg,3840,2160,1,swimmer,1179.0,1002.0,41.0,26.0,1066.0,32.59841024078025,28.8,mavic,NorthSea_Sat_DJI_0129.MP4,2205,data/raw/seadronessee/odv2/images/train/8404.jpg,val,1571,414,230,1985,1801,train_00054179,80.0,640,0.40738383195416933,311.64863144493955,314.50031826861874,16.702737110120943,10.591979630808403,176.91505124914863,1.0,8fe6c319c145bfe6c41b4bd884be5417741d8218678ea8dfc0735cca6b82988f,data/synthetic/seadronessee_30m_to_80m/geometry_only/val/train_00054179.png,data/synthetic/seadronessee_30m_to_80m/calibrated/val/train_00054179.png
train:54181,train:8404,train,54181,8404,8404.jpg,3840,2160,1,swimmer,1072.0,848.0,64.0,24.0,1536.0,32.59841024078025,28.8,mavic,NorthSea_Sat_DJI_0129.MP4,2205,data/raw/seadronessee/odv2/images/train/8404.jpg,val,1571,318,74,1889,1645,train_00054181,80.0,640,0.40738383195416933,307.16740929344365,315.31508593252704,26.072565245066837,9.777211966900063,254.91699692185017,1.0,8fe6c319c145bfe6c41b4bd884be5417741d8218678ea8dfc0735cca6b82988f,data/synthetic/seadronessee_30m_to_80m/geometry_only/val/train_00054181.png,data/synthetic/seadronessee_30m_to_80m/calibrated/val/train_00054181.png
train:54182,train:8404,train,54182,8404,8404.jpg,3840,2160,1,swimmer,1027.0,812.0,56.0,32.0,1792.0,32.59841024078025,28.8,mavic,NorthSea_Sat_DJI_0129.MP4,2205,data/raw/seadronessee/odv2/images/train/8404.jpg,val,1571,270,42,1841,1613,train_00054182,80.0,640,0.40738383195416933,308.3895607893062,313.6855506047104,22.813494589433482,13.036282622533419,297.4031630754919,1.0,8fe6c319c145bfe6c41b4bd884be5417741d8218678ea8dfc0735cca6b82988f,data/synthetic/seadronessee_30m_to_80m/geometry_only/val/train_00054182.png,data/synthetic/seadronessee_30m_to_80m/calibrated/val/train_00054182.png
train:54209,train:8406,train,54209,8406,8406.jpg,3840,2160,1,swimmer,1085.0,1152.0,33.0,29.0,957.0,32.49841511734228,28.8,mavic,NorthSea_Sat_DJI_0129.MP4,2235,data/raw/seadronessee/odv2/images/train/8406.jpg,val,1575,314,379,1889,1954,train_00054209,80.0,640,0.40634920634920635,313.2952380952381,314.10793650793653,13.40952380952381,11.784126984126985,158.0195313681028,1.0,8fe6c319c145bfe6c41b4bd884be5417741d8218678ea8dfc0735cca6b82988f,data/synthetic/seadronessee_30m_to_80m/geometry_only/val/train_00054209.png,data/synthetic/seadronessee_30m_to_80m/calibrated/val/train_00054209.png
train:54211,train:8406,train,54211,8406,8406.jpg,3840,2160,1,swimmer,988.0,964.0,64.0,24.0,1536.0,32.49841511734228,28.8,mavic,NorthSea_Sat_DJI_0129.MP4,2235,data/raw/seadronessee/odv2/images/train/8406.jpg,val,1575,232,188,1807,1763,train_00054211,80.0,640,0.40634920634920635,307.2,315.32698412698414,26.006349206349206,9.752380952380953,253.6238246409675,1.0,8fe6c319c145bfe6c41b4bd884be5417741d8218678ea8dfc0735cca6b82988f,data/synthetic/seadronessee_30m_to_80m/geometry_only/val/train_00054211.png,data/synthetic/seadronessee_30m_to_80m/calibrated/val/train_00054211.png
train:54212,train:8406,train,54212,8406,8406.jpg,3840,2160,1,swimmer,936.0,936.0,56.0,32.0,1792.0,32.49841511734228,28.8,mavic,NorthSea_Sat_DJI_0129.MP4,2235,data/raw/seadronessee/odv2/images/train/8406.jpg,val,1575,176,164,1751,1739,train_00054212,80.0,640,0.40634920634920635,308.8253968253968,313.7015873015873,22.755555555555556,13.003174603174603,295.8944620811288,1.0,8fe6c319c145bfe6c41b4bd884be5417741d8218678ea8dfc0735cca6b82988f,data/synthetic/seadronessee_30m_to_80m/geometry_only/val/train_00054212.png,data/synthetic/seadronessee_30m_to_80m/calibrated/val/train_00054212.png
train:54215,train:8406,train,54215,8406,8406.jpg,3840,2160,1,swimmer,1171.0,849.0,23.0,17.0,391.0,32.49841511734228,28.8,mavic,NorthSea_Sat_DJI_0129.MP4,2235,data/raw/seadronessee/odv2/images/train/8406.jpg,val,1575,395,70,1970,1645,train_00054215,80.0,640,0.40634920634920635,315.32698412698414,316.54603174603176,9.346031746031747,6.907936507936508,64.56179390274629,1.0,8fe6c319c145bfe6c41b4bd884be5417741d8218678ea8dfc0735cca6b82988f,data/synthetic/seadronessee_30m_to_80m/geometry_only/val/train_00054215.png,data/synthetic/seadronessee_30m_to_80m/calibrated/val/train_00054215.png
train:54239,train:8408,train,54239,8408,8408.jpg,3840,2160,1,swimmer,1376.0,908.0,26.0,26.0,676.0,32.29842487046632,28.8,mavic,NorthSea_Sat_DJI_0129.MP4,2265,data/raw/seadronessee/odv2/images/train/8408.jpg,val,1585,596,128,2181,1713,train_00054239,80.0,640,0.4037854889589905,314.9526813880126,314.9526813880126,10.498422712933754,10.498422712933754,110.21687945944333,1.0,8fe6c319c145bfe6c41b4bd884be5417741d8218678ea8dfc0735cca6b82988f,data/synthetic/seadronessee_30m_to_80m/geometry_only/val/train_00054239.png,data/synthetic/seadronessee_30m_to_80m/calibrated/val/train_00054239.png
train:54240,train:8408,train,54240,8408,8408.jpg,3840,2160,1,swimmer,847.0,1163.0,64.0,24.0,1536.0,32.29842487046632,28.8,mavic,NorthSea_Sat_DJI_0129.MP4,2265,data/raw/seadronessee/odv2/images/train/8408.jpg,val,1585,86,382,1671,1967,train_00054240,80.0,640,0.4037854889589905,307.28075709779176,315.3564668769716,25.842271293375394,9.690851735015773,250.43361960015523,1.0,8fe6c319c145bfe6c41b4bd884be5417741d8218678ea8dfc0735cca6b82988f,data/synthetic/seadronessee_30m_to_80m/geometry_only/val/train_00054240.png,data/synthetic/seadronessee_30m_to_80m/calibrated/val/train_00054240.png
train:54241,train:8408,train,54241,8408,8408.jpg,3840,2160,1,swimmer,798.0,1126.0,61.0,27.0,1647.0,32.29842487046632,28.8,mavic,NorthSea_Sat_DJI_0129.MP4,2265,data/raw/seadronessee/odv2/images/train/8408.jpg,val,1585,36,347,1621,1932,train_00054241,80.0,640,0.4037854889589905,307.68454258675075,314.5488958990536,24.630914826498422,10.902208201892744,268.5313616415727,1.0,8fe6c319c145bfe6c41b4bd884be5417741d8218678ea8dfc0735cca6b82988f,data/synthetic/seadronessee_30m_to_80m/geometry_only/val/train_00054241.png,data/synthetic/seadronessee_30m_to_80m/calibrated/val/train_00054241.png
train:54243,train:8408,train,54243,8408,8408.jpg,3840,2160,1,swimmer,1409.0,790.0,48.0,26.0,1248.0,32.29842487046632,28.8,mavic,NorthSea_Sat_DJI_0129.MP4,2265,data/raw/seadronessee/odv2/images/train/8408.jpg,val,1585,640,10,2225,1595,train_00054243,80.0,640,0.4037854889589905,310.5110410094637,314.9526813880126,19.381703470031546,10.498422712933754,203.47731592512613,1.0,8fe6c319c145bfe6c41b4bd884be5417741d8218678ea8dfc0735cca6b82988f,data/synthetic/seadronessee_30m_to_80m/geometry_only/val/train_00054243.png,data/synthetic/seadronessee_30m_to_80m/calibrated/val/train_00054243.png
train:54245,train:8408,train,54245,8408,8408.jpg,3840,2160,1,swimmer,1042.0,1014.0,31.0,21.0,651.0,32.29842487046632,28.8,mavic,NorthSea_Sat_DJI_0129.MP4,2265,data/raw/seadronessee/odv2/images/train/8408.jpg,val,1585,265,232,1850,1817,train_00054245,80.0,640,0.4037854889589905,313.74132492113563,315.76025236593057,12.517350157728707,8.479495268138802,106.14081143209705,1.0,8fe6c319c145bfe6c41b4bd884be5417741d8218678ea8dfc0735cca6b82988f,data/synthetic/seadronessee_30m_to_80m/geometry_only/val/train_00054245.png,data/synthetic/seadronessee_30m_to_80m/calibrated/val/train_00054245.png
train:54268,train:8410,train,54268,8410,8410.jpg,3840,2160,1,swimmer,1294.0,893.0,31.0,35.0,1085.0,32.19842974702834,28.8,mavic,NorthSea_Sat_DJI_0129.MP4,2295,data/raw/seadronessee/odv2/images/train/8410.jpg,val,1590,514,116,2104,1706,train_00054268,80.0,640,0.4025157232704403,313.96226415094344,312.7547169811321,12.477987421383649,14.08805031446541,175.79051461571933,1.0,8fe6c319c145bfe6c41b4bd884be5417741d8218678ea8dfc0735cca6b82988f,data/synthetic/seadronessee_30m_to_80m/geometry_only/val/train_00054268.png,data/synthetic/seadronessee_30m_to_80m/calibrated/val/train_00054268.png
train:54274,train:8410,train,54274,8410,8410.jpg,3840,2160,1,swimmer,911.0,1047.0,31.0,22.0,682.0,32.19842974702834,28.8,mavic,NorthSea_Sat_DJI_0129.MP4,2295,data/raw/seadronessee/odv2/images/train/8410.jpg,val,1590,132,263,1722,1853,train_00054274,80.0,640,0.4025157232704403,313.55974842767296,315.5723270440252,12.477987421383649,8.855345911949685,110.49689490130929,1.0,8fe6c319c145bfe6c41b4bd884be5417741d8218678ea8dfc0735cca6b82988f,data/synthetic/seadronessee_30m_to_80m/geometry_only/val/train_00054274.png,data/synthetic/seadronessee_30m_to_80m/calibrated/val/train_00054274.png
train:54298,train:8412,train,54298,8412,8412.jpg,3840,2160,1,swimmer,1805.0,783.0,42.0,30.0,1260.0,32.19842974702834,32.3,mavic,NorthSea_Sat_DJI_0129.MP4,2325,data/raw/seadronessee/odv2/images/train/8412.jpg,val,1590,1031,3,2621,1593,train_00054298,80.0,640,0.4025157232704403,311.54716981132077,313.96226415094344,16.90566037735849,12.075471698113208,204.1438234247063,1.0,8fe6c319c145bfe6c41b4bd884be5417741d8218678ea8dfc0735cca6b82988f,data/synthetic/seadronessee_30m_to_80m/geometry_only/val/train_00054298.png,data/synthetic/seadronessee_30m_to_80m/calibrated/val/train_00054298.png
train:54299,train:8412,train,54299,8412,8412.jpg,3840,2160,1,swimmer,1318.0,857.0,42.0,33.0,1386.0,32.19842974702834,32.3,mavic,NorthSea_Sat_DJI_0129.MP4,2325,data/raw/seadronessee/odv2/images/train/8412.jpg,val,1590,544,78,2134,1668,train_00054299,80.0,640,0.4025157232704403,311.54716981132077,313.55974842767296,16.90566037735849,13.283018867924529,224.55820576717693,1.0,8fe6c319c145bfe6c41b4bd884be5417741d8218678ea8dfc0735cca6b82988f,data/synthetic/seadronessee_30m_to_80m/geometry_only/val/train_00054299.png,data/synthetic/seadronessee_30m_to_80m/calibrated/val/train_00054299.png
train:54301,train:8412,train,54301,8412,8412.jpg,3840,2160,1,swimmer,844.0,1206.0,33.0,21.0,693.0,32.19842974702834,32.3,mavic,NorthSea_Sat_DJI_0129.MP4,2325,data/raw/seadronessee/odv2/images/train/8412.jpg,val,1590,66,422,1656,2012,train_00054301,80.0,640,0.4025157232704403,313.15723270440253,315.5723270440252,13.283018867924529,8.452830188679245,112.27910288358846,1.0,8fe6c319c145bfe6c41b4bd884be5417741d8218678ea8dfc0735cca6b82988f,data/synthetic/seadronessee_30m_to_80m/geometry_only/val/train_00054301.png,data/synthetic/seadronessee_30m_to_80m/calibrated/val/train_00054301.png
train:54306,train:8412,train,54306,8412,8412.jpg,3840,2160,1,swimmer,1275.0,1018.0,46.0,33.0,1518.0,32.19842974702834,32.3,mavic,NorthSea_Sat_DJI_0129.MP4,2325,data/raw/seadronessee/odv2/images/train/8412.jpg,val,1590,503,240,2093,1830,train_00054306,80.0,640,0.4025157232704403,310.7421383647799,313.15723270440253,18.51572327044025,13.283018867924529,245.94470155452711,1.0,8fe6c319c145bfe6c41b4bd884be5417741d8218678ea8dfc0735cca6b82988f,data/synthetic/seadronessee_30m_to_80m/geometry_only/val/train_00054306.png,data/synthetic/seadronessee_30m_to_80m/calibrated/val/train_00054306.png
train:54326,train:8414,train,54326,8414,8414.jpg,3840,2160,1,swimmer,1843.0,828.0,40.0,31.0,1240.0,32.49841511734228,32.3,mavic,NorthSea_Sat_DJI_0129.MP4,2355,data/raw/seadronessee/odv2/images/train/8414.jpg,val,1575,1076,56,2651,1631,train_00054326,80.0,640,0.40634920634920635,311.66984126984124,313.7015873015873,16.253968253968253,12.596825396825396,204.74840010078103,1.0,8fe6c319c145bfe6c41b4bd884be5417741d8218678ea8dfc0735cca6b82988f,data/synthetic/seadronessee_30m_to_80m/geometry_only/val/train_00054326.png,data/synthetic/seadronessee_30m_to_80m/calibrated/val/train_00054326.png
train:54327,train:8414,train,54327,8414,8414.jpg,3840,2160,1,swimmer,1341.0,907.0,38.0,27.0,1026.0,32.49841511734228,32.3,mavic,NorthSea_Sat_DJI_0129.MP4,2355,data/raw/seadronessee/odv2/images/train/8414.jpg,val,1575,572,133,2147,1708,train_00054327,80.0,640,0.40634920634920635,312.4825396825397,314.51428571428573,15.441269841269841,10.971428571428572,169.41278911564626,1.0,8fe6c319c145bfe6c41b4bd884be5417741d8218678ea8dfc0735cca6b82988f,data/synthetic/seadronessee_30m_to_80m/geometry_only/val/train_00054327.png,data/synthetic/seadronessee_30m_to_80m/calibrated/val/train_00054327.png
train:54328,train:8414,train,54328,8414,8414.jpg,3840,2160,1,swimmer,1459.0,776.0,49.0,27.0,1323.0,32.49841511734228,32.3,mavic,NorthSea_Sat_DJI_0129.MP4,2355,data/raw/seadronessee/odv2/images/train/8414.jpg,val,1575,696,2,2271,1577,train_00054328,80.0,640,0.40634920634920635,310.0444444444444,314.51428571428573,19.91111111111111,10.971428571428572,218.45333333333335,1.0,8fe6c319c145bfe6c41b4bd884be5417741d8218678ea8dfc0735cca6b82988f,data/synthetic/seadronessee_30m_to_80m/geometry_only/val/train_00054328.png,data/synthetic/seadronessee_30m_to_80m/calibrated/val/train_00054328.png
train:54329,train:8414,train,54329,8414,8414.jpg,3840,2160,1,swimmer,852.0,1273.0,33.0,27.0,891.0,32.49841511734228,32.3,mavic,NorthSea_Sat_DJI_0129.MP4,2355,data/raw/seadronessee/odv2/images/train/8414.jpg,val,1575,81,499,1656,2074,train_00054329,80.0,640,0.40634920634920635,313.2952380952381,314.51428571428573,13.40952380952381,10.971428571428572,147.12163265306123,1.0,8fe6c319c145bfe6c41b4bd884be5417741d8218678ea8dfc0735cca6b82988f,data/synthetic/seadronessee_30m_to_80m/geometry_only/val/train_00054329.png,data/synthetic/seadronessee_30m_to_80m/calibrated/val/train_00054329.png
train:54334,train:8414,train,54334,8414,8414.jpg,3840,2160,1,swimmer,1281.0,1076.0,31.0,31.0,961.0,32.49841511734228,32.3,mavic,NorthSea_Sat_DJI_0129.MP4,2355,data/raw/seadronessee/odv2/images/train/8414.jpg,val,1575,509,304,2084,1879,train_00054334,80.0,640,0.40634920634920635,313.7015873015873,313.7015873015873,12.596825396825396,12.596825396825396,158.6800100781053,1.0,8fe6c319c145bfe6c41b4bd884be5417741d8218678ea8dfc0735cca6b82988f,data/synthetic/seadronessee_30m_to_80m/geometry_only/val/train_00054334.png,data/synthetic/seadronessee_30m_to_80m/calibrated/val/train_00054334.png
train:54354,train:8416,train,54354,8416,8416.jpg,3840,2160,1,swimmer,1950.0,810.0,34.0,30.0,1020.0,32.49841511734228,32.3,mavic,NorthSea_Sat_DJI_0129.MP4,2385,data/raw/seadronessee/odv2/images/train/8416.jpg,val,1575,1180,38,2755,1613,train_00054354,80.0,640,0.40634920634920635,312.8888888888889,313.7015873015873,13.815873015873017,12.19047619047619,168.42207105064247,1.0,8fe6c319c145bfe6c41b4bd884be5417741d8218678ea8dfc0735cca6b82988f,data/synthetic/seadronessee_30m_to_80m/geometry_only/val/train_00054354.png,data/synthetic/seadronessee_30m_to_80m/calibrated/val/train_00054354.png
train:54355,train:8416,train,54355,8416,8416.jpg,3840,2160,1,swimmer,1442.0,900.0,38.0,26.0,988.0,32.49841511734228,32.3,mavic,NorthSea_Sat_DJI_0129.MP4,2385,data/raw/seadronessee/odv2/images/train/8416.jpg,val,1575,674,126,2249,1701,train_00054355,80.0,640,0.40634920634920635,312.0761904761905,314.51428571428573,15.441269841269841,10.565079365079365,163.13824137062232,1.0,8fe6c319c145bfe6c41b4bd884be5417741d8218678ea8dfc0735cca6b82988f,data/synthetic/seadronessee_30m_to_80m/geometry_only/val/train_00054355.png,data/synthetic/seadronessee_30m_to_80m/calibrated/val/train_00054355.png
train:54357,train:8416,train,54357,8416,8416.jpg,3840,2160,1,swimmer,978.0,1249.0,32.0,27.0,864.0,32.49841511734228,32.3,mavic,NorthSea_Sat_DJI_0129.MP4,2385,data/raw/seadronessee/odv2/images/train/8416.jpg,val,1575,206,475,1781,2050,train_00054357,80.0,640,0.40634920634920635,313.7015873015873,314.51428571428573,13.003174603174603,10.971428571428572,142.6634013605442,1.0,8fe6c319c145bfe6c41b4bd884be5417741d8218678ea8dfc0735cca6b82988f,data/synthetic/seadronessee_30m_to_80m/geometry_only/val/train_00054357.png,data/synthetic/seadronessee_30m_to_80m/calibrated/val/train_00054357.png
train:54362,train:8416,train,54362,8416,8416.jpg,3840,2160,1,swimmer,1384.0,1059.0,37.0,41.0,1517.0,32.49841511734228,32.3,mavic,NorthSea_Sat_DJI_0129.MP4,2385,data/raw/seadronessee/odv2/images/train/8416.jpg,val,1575,615,292,2190,1867,train_00054362,80.0,640,0.40634920634920635,312.4825396825397,311.66984126984124,15.034920634920635,16.66031746031746,250.48655076845554,1.0,8fe6c319c145bfe6c41b4bd884be5417741d8218678ea8dfc0735cca6b82988f,data/synthetic/seadronessee_30m_to_80m/geometry_only/val/train_00054362.png,data/synthetic/seadronessee_30m_to_80m/calibrated/val/train_00054362.png
train:54378,train:8418,train,54378,8418,8418.jpg,3840,2160,1,swimmer,802.0,1312.0,86.0,43.0,3698.0,32.49841511734228,34.2,mavic,NorthSea_Sat_DJI_0129.MP4,2415,data/raw/seadronessee/odv2/images/train/8418.jpg,val,1575,58,546,1633,2121,train_00054378,80.0,640,0.40634920634920635,302.32380952380953,311.26349206349204,34.94603174603174,17.47301587301587,610.6125673973291,1.0,8fe6c319c145bfe6c41b4bd884be5417741d8218678ea8dfc0735cca6b82988f,data/synthetic/seadronessee_30m_to_80m/geometry_only/val/train_00054378.png,data/synthetic/seadronessee_30m_to_80m/calibrated/val/train_00054378.png
train:54379,train:8418,train,54379,8418,8418.jpg,3840,2160,1,swimmer,768.0,1264.0,49.0,37.0,1813.0,32.49841511734228,34.2,mavic,NorthSea_Sat_DJI_0129.MP4,2415,data/raw/seadronessee/odv2/images/train/8418.jpg,val,1575,5,495,1580,2070,train_00054379,80.0,640,0.40634920634920635,310.0444444444444,312.4825396825397,19.91111111111111,15.034920634920635,299.361975308642,1.0,8fe6c319c145bfe6c41b4bd884be5417741d8218678ea8dfc0735cca6b82988f,data/synthetic/seadronessee_30m_to_80m/geometry_only/val/train_00054379.png,data/synthetic/seadronessee_30m_to_80m/calibrated/val/train_00054379.png
train:54383,train:8418,train,54383,8418,8418.jpg,3840,2160,1,swimmer,1021.0,1124.0,24.0,26.0,624.0,32.49841511734228,34.2,mavic,NorthSea_Sat_DJI_0129.MP4,2415,data/raw/seadronessee/odv2/images/train/8418.jpg,val,1575,246,350,1821,1925,train_00054383,80.0,640,0.40634920634920635,314.92063492063494,314.51428571428573,9.752380952380953,10.565079365079365,103.03467876039305,1.0,8fe6c319c145bfe6c41b4bd884be5417741d8218678ea8dfc0735cca6b82988f,data/synthetic/seadronessee_30m_to_80m/geometry_only/val/train_00054383.png,data/synthetic/seadronessee_30m_to_80m/calibrated/val/train_00054383.png
train:54385,train:8418,train,54385,8418,8418.jpg,3840,2160,1,swimmer,1424.0,939.0,43.0,28.0,1204.0,32.49841511734228,34.2,mavic,NorthSea_Sat_DJI_0129.MP4,2415,data/raw/seadronessee/odv2/images/train/8418.jpg,val,1575,658,166,2233,1741,train_00054385,80.0,640,0.40634920634920635,311.26349206349204,314.10793650793653,17.47301587301587,11.377777777777778,198.80409171075837,1.0,8fe6c319c145bfe6c41b4bd884be5417741d8218678ea8dfc0735cca6b82988f,data/synthetic/seadronessee_30m_to_80m/geometry_only/val/train_00054385.png,data/synthetic/seadronessee_30m_to_80m/calibrated/val/train_00054385.png
train:54402,train:8420,train,54402,8420,8420.jpg,3840,2160,1,swimmer,931.0,1194.0,49.0,45.0,2205.0,32.3984199939043,34.9,mavic,NorthSea_Sat_DJI_0129.MP4,2445,data/raw/seadronessee/odv2/images/train/8420.jpg,val,1580,166,426,1746,2006,train_00054402,80.0,640,0.4050632911392405,309.873417721519,311.0886075949367,19.848101265822784,18.227848101265824,361.7881749719596,1.0,8fe6c319c145bfe6c41b4bd884be5417741d8218678ea8dfc0735cca6b82988f,data/synthetic/seadronessee_30m_to_80m/geometry_only/val/train_00054402.png,data/synthetic/seadronessee_30m_to_80m/calibrated/val/train_00054402.png
train:54404,train:8420,train,54404,8420,8420.jpg,3840,2160,1,swimmer,965.0,1256.0,87.0,29.0,2523.0,32.3984199939043,34.9,mavic,NorthSea_Sat_DJI_0129.MP4,2445,data/raw/seadronessee/odv2/images/train/8420.jpg,val,1580,218,480,1798,2060,train_00054404,80.0,640,0.4050632911392405,302.5822784810127,314.3291139240506,35.24050632911392,11.746835443037975,413.9644287774395,1.0,8fe6c319c145bfe6c41b4bd884be5417741d8218678ea8dfc0735cca6b82988f,data/synthetic/seadronessee_30m_to_80m/geometry_only/val/train_00054404.png,data/synthetic/seadronessee_30m_to_80m/calibrated/val/train_00054404.png
train:54407,train:8420,train,54407,8420,8420.jpg,3840,2160,1,swimmer,1176.0,1078.0,24.0,29.0,696.0,32.3984199939043,34.9,mavic,NorthSea_Sat_DJI_0129.MP4,2445,data/raw/seadronessee/odv2/images/train/8420.jpg,val,1580,398,302,1978,1882,train_00054407,80.0,640,0.4050632911392405,315.1392405063291,314.3291139240506,9.721518987341772,11.746835443037975,114.19708380067297,1.0,8fe6c319c145bfe6c41b4bd884be5417741d8218678ea8dfc0735cca6b82988f,data/synthetic/seadronessee_30m_to_80m/geometry_only/val/train_00054407.png,data/synthetic/seadronessee_30m_to_80m/calibrated/val/train_00054407.png
train:54409,train:8420,train,54409,8420,8420.jpg,3840,2160,1,swimmer,1578.0,909.0,65.0,34.0,2210.0,32.3984199939043,34.9,mavic,NorthSea_Sat_DJI_0129.MP4,2445,data/raw/seadronessee/odv2/images/train/8420.jpg,val,1580,820,136,2400,1716,train_00054409,80.0,640,0.4050632911392405,307.0379746835443,313.11392405063293,26.32911392405063,13.772151898734178,362.60855632110236,1.0,8fe6c319c145bfe6c41b4bd884be5417741d8218678ea8dfc0735cca6b82988f,data/synthetic/seadronessee_30m_to_80m/geometry_only/val/train_00054409.png,data/synthetic/seadronessee_30m_to_80m/calibrated/val/train_00054409.png
train:54430,train:8422,train,54430,8422,8422.jpg,3840,2160,1,swimmer,1270.0,1132.0,69.0,32.0,2208.0,32.49841511734228,34.9,mavic,NorthSea_Sat_DJI_0129.MP4,2475,data/raw/seadronessee/odv2/images/train/8422.jpg,val,1575,517,360,2092,1935,train_00054430,80.0,640,0.40634920634920635,305.9809523809524,313.7015873015873,28.038095238095238,13.003174603174603,364.5842479213908,1.0,8fe6c319c145bfe6c41b4bd884be5417741d8218678ea8dfc0735cca6b82988f,data/synthetic/seadronessee_30m_to_80m/geometry_only/val/train_00054430.png,data/synthetic/seadronessee_30m_to_80m/calibrated/val/train_00054430.png
train:54433,train:8422,train,54433,8422,8422.jpg,3840,2160,1,swimmer,1243.0,1076.0,43.0,36.0,1548.0,32.49841511734228,34.9,mavic,NorthSea_Sat_DJI_0129.MP4,2475,data/raw/seadronessee/odv2/images/train/8422.jpg,val,1575,477,306,2052,1881,train_00054433,80.0,640,0.40634920634920635,311.26349206349204,312.8888888888889,17.47301587301587,14.628571428571428,255.60526077097504,1.0,8fe6c319c145bfe6c41b4bd884be5417741d8218678ea8dfc0735cca6b82988f,data/synthetic/seadronessee_30m_to_80m/geometry_only/val/train_00054433.png,data/synthetic/seadronessee_30m_to_80m/calibrated/val/train_00054433.png
train:54434,train:8422,train,54434,8422,8422.jpg,3840,2160,1,swimmer,1474.0,987.0,26.0,25.0,650.0,32.49841511734228,34.9,mavic,NorthSea_Sat_DJI_0129.MP4,2475,data/raw/seadronessee/odv2/images/train/8422.jpg,val,1575,700,212,2275,1787,train_00054434,80.0,640,0.40634920634920635,314.51428571428573,314.92063492063494,10.565079365079365,10.158730158730158,107.32779037540942,1.0,8fe6c319c145bfe6c41b4bd884be5417741d8218678ea8dfc0735cca6b82988f,data/synthetic/seadronessee_30m_to_80m/geometry_only/val/train_00054434.png,data/synthetic/seadronessee_30m_to_80m/calibrated/val/train_00054434.png
train:54437,train:8422,train,54437,8422,8422.jpg,3840,2160,1,swimmer,1892.0,855.0,65.0,35.0,2275.0,32.49841511734228,34.9,mavic,NorthSea_Sat_DJI_0129.MP4,2475,data/raw/seadronessee/odv2/images/train/8422.jpg,val,1575,1137,85,2712,1660,train_00054437,80.0,640,0.40634920634920635,306.7936507936508,312.8888888888889,26.41269841269841,14.222222222222221,375.64726631393296,1.0,8fe6c319c145bfe6c41b4bd884be5417741d8218678ea8dfc0735cca6b82988f,data/synthetic/seadronessee_30m_to_80m/geometry_only/val/train_00054437.png,data/synthetic/seadronessee_30m_to_80m/calibrated/val/train_00054437.png
train:54459,train:8424,train,54459,8424,8424.jpg,3840,2160,1,swimmer,1244.0,973.0,32.0,45.0,1440.0,32.3984199939043,34.9,mavic,NorthSea_Sat_DJI_0129.MP4,2505,data/raw/seadronessee/odv2/images/train/8424.jpg,val,1580,470,206,2050,1786,train_00054459,80.0,640,0.4050632911392405,313.5189873417722,310.6835443037975,12.962025316455696,18.227848101265824,236.2698285531165,1.0,8fe6c319c145bfe6c41b4bd884be5417741d8218678ea8dfc0735cca6b82988f,data/synthetic/seadronessee_30m_to_80m/geometry_only/val/train_00054459.png,data/synthetic/seadronessee_30m_to_80m/calibrated/val/train_00054459.png
train:54460,train:8424,train,54460,8424,8424.jpg,3840,2160,1,swimmer,1263.0,1028.0,59.0,33.0,1947.0,32.3984199939043,34.9,mavic,NorthSea_Sat_DJI_0129.MP4,2505,data/raw/seadronessee/odv2/images/train/8424.jpg,val,1580,502,254,2082,1834,train_00054460,80.0,640,0.4050632911392405,308.253164556962,313.5189873417722,23.89873417721519,13.367088607594937,319.4564973561929,1.0,8fe6c319c145bfe6c41b4bd884be5417741d8218678ea8dfc0735cca6b82988f,data/synthetic/seadronessee_30m_to_80m/geometry_only/val/train_00054460.png,data/synthetic/seadronessee_30m_to_80m/calibrated/val/train_00054460.png
train:54463,train:8424,train,54463,8424,8424.jpg,3840,2160,1,swimmer,1481.0,903.0,22.0,25.0,550.0,32.3984199939043,34.9,mavic,NorthSea_Sat_DJI_0129.MP4,2505,data/raw/seadronessee/odv2/images/train/8424.jpg,val,1580,702,126,2282,1706,train_00054463,80.0,640,0.4050632911392405,315.54430379746833,314.73417721518985,8.91139240506329,10.126582278481013,90.24194840570422,1.0,8fe6c319c145bfe6c41b4bd884be5417741d8218678ea8dfc0735cca6b82988f,data/synthetic/seadronessee_30m_to_80m/geometry_only/val/train_00054463.png,data/synthetic/seadronessee_30m_to_80m/calibrated/val/train_00054463.png
train:54466,train:8424,train,54466,8424,8424.jpg,3840,2160,1,swimmer,1911.0,803.0,64.0,33.0,2112.0,32.3984199939043,34.9,mavic,NorthSea_Sat_DJI_0129.MP4,2505,data/raw/seadronessee/odv2/images/train/8424.jpg,val,1580,1153,30,2733,1610,train_00054466,80.0,640,0.4050632911392405,307.0379746835443,313.11392405063293,25.924050632911392,13.367088607594937,346.52908187790416,1.0,8fe6c319c145bfe6c41b4bd884be5417741d8218678ea8dfc0735cca6b82988f,data/synthetic/seadronessee_30m_to_80m/geometry_only/val/train_00054466.png,data/synthetic/seadronessee_30m_to_80m/calibrated/val/train_00054466.png
train:54486,train:8426,train,54486,8426,8426.jpg,3840,2160,1,swimmer,1097.0,1285.0,89.0,53.0,4717.0,32.49841511734228,34.9,mavic,NorthSea_Sat_DJI_0129.MP4,2535,data/raw/seadronessee/odv2/images/train/8426.jpg,val,1575,354,524,1929,2099,train_00054486,80.0,640,0.40634920634920635,301.9174603174603,309.231746031746,36.165079365079364,21.536507936507938,778.8695187704712,1.0,8fe6c319c145bfe6c41b4bd884be5417741d8218678ea8dfc0735cca6b82988f,data/synthetic/seadronessee_30m_to_80m/geometry_only/val/train_00054486.png,data/synthetic/seadronessee_30m_to_80m/calibrated/val/train_00054486.png
train:54488,train:8426,train,54488,8426,8426.jpg,3840,2160,1,swimmer,1269.0,983.0,45.0,33.0,1485.0,32.49841511734228,34.9,mavic,NorthSea_Sat_DJI_0129.MP4,2535,data/raw/seadronessee/odv2/images/train/8426.jpg,val,1575,504,212,2079,1787,train_00054488,80.0,640,0.40634920634920635,310.85714285714283,313.2952380952381,18.285714285714285,13.40952380952381,245.20272108843537,1.0,8fe6c319c145bfe6c41b4bd884be5417741d8218678ea8dfc0735cca6b82988f,data/synthetic/seadronessee_30m_to_80m/geometry_only/val/train_00054488.png,data/synthetic/seadronessee_30m_to_80m/calibrated/val/train_00054488.png
train:54492,train:8426,train,54492,8426,8426.jpg,3840,2160,1,swimmer,1259.0,931.0,41.0,30.0,1230.0,32.49841511734228,34.9,mavic,NorthSea_Sat_DJI_0129.MP4,2535,data/raw/seadronessee/odv2/images/train/8426.jpg,val,1575,492,158,2067,1733,train_00054492,80.0,640,0.40634920634920635,311.66984126984124,314.10793650793653,16.66031746031746,12.19047619047619,203.09720332577476,1.0,8fe6c319c145bfe6c41b4bd884be5417741d8218678ea8dfc0735cca6b82988f,data/synthetic/seadronessee_30m_to_80m/geometry_only/val/train_00054492.png,data/synthetic/seadronessee_30m_to_80m/calibrated/val/train_00054492.png
train:54493,train:8426,train,54493,8426,8426.jpg,3840,2160,1,swimmer,1486.0,873.0,29.0,22.0,638.0,32.49841511734228,34.9,mavic,NorthSea_Sat_DJI_0129.MP4,2535,data/raw/seadronessee/odv2/images/train/8426.jpg,val,1575,713,96,2288,1671,train_00054493,80.0,640,0.40634920634920635,314.10793650793653,315.73333333333335,11.784126984126985,8.93968253968254,105.34635424540187,1.0,8fe6c319c145bfe6c41b4bd884be5417741d8218678ea8dfc0735cca6b82988f,data/synthetic/seadronessee_30m_to_80m/geometry_only/val/train_00054493.png,data/synthetic/seadronessee_30m_to_80m/calibrated/val/train_00054493.png
train:54496,train:8426,train,54496,8426,8426.jpg,3840,2160,1,swimmer,1915.0,799.0,73.0,33.0,2409.0,32.49841511734228,34.9,mavic,NorthSea_Sat_DJI_0129.MP4,2535,data/raw/seadronessee/odv2/images/train/8426.jpg,val,1575,1164,28,2739,1603,train_00054496,80.0,640,0.40634920634920635,305.16825396825396,313.2952380952381,29.663492063492065,13.40952380952381,397.7733030990174,1.0,8fe6c319c145bfe6c41b4bd884be5417741d8218678ea8dfc0735cca6b82988f,data/synthetic/seadronessee_30m_to_80m/geometry_only/val/train_00054496.png,data/synthetic/seadronessee_30m_to_80m/calibrated/val/train_00054496.png
train:54514,train:8428,train,54514,8428,8428.jpg,3840,2160,1,swimmer,1108.0,1268.0,89.0,53.0,4717.0,32.49841511734228,34.9,mavic,NorthSea_Sat_DJI_0129.MP4,2565,data/raw/seadronessee/odv2/images/train/8428.jpg,val,1575,365,507,1940,2082,train_00054514,80.0,640,0.40634920634920635,301.9174603174603,309.231746031746,36.165079365079364,21.536507936507938,778.8695187704712,1.0,8fe6c319c145bfe6c41b4bd884be5417741d8218678ea8dfc0735cca6b82988f,data/synthetic/seadronessee_30m_to_80m/geometry_only/val/train_00054514.png,data/synthetic/seadronessee_30m_to_80m/calibrated/val/train_00054514.png
train:54515,train:8428,train,54515,8428,8428.jpg,3840,2160,1,swimmer,2002.0,816.0,72.0,35.0,2520.0,32.49841511734228,34.9,mavic,NorthSea_Sat_DJI_0129.MP4,2565,data/raw/seadronessee/odv2/images/train/8428.jpg,val,1575,1250,46,2825,1621,train_00054515,80.0,640,0.40634920634920635,305.57460317460317,312.8888888888889,29.257142857142856,14.222222222222221,416.10158730158724,1.0,8fe6c319c145bfe6c41b4bd884be5417741d8218678ea8dfc0735cca6b82988f,data/synthetic/seadronessee_30m_to_80m/geometry_only/val/train_00054515.png,data/synthetic/seadronessee_30m_to_80m/calibrated/val/train_00054515.png
train:54516,train:8428,train,54516,8428,8428.jpg,3840,2160,1,swimmer,1322.0,961.0,50.0,44.0,2200.0,32.49841511734228,34.9,mavic,NorthSea_Sat_DJI_0129.MP4,2565,data/raw/seadronessee/odv2/images/train/8428.jpg,val,1575,560,196,2135,1771,train_00054516,80.0,640,0.40634920634920635,309.6380952380952,310.85714285714283,20.317460317460316,17.87936507936508,363.2632905013857,1.0,8fe6c319c145bfe6c41b4bd884be5417741d8218678ea8dfc0735cca6b82988f,data/synthetic/seadronessee_30m_to_80m/geometry_only/val/train_00054516.png,data/synthetic/seadronessee_30m_to_80m/calibrated/val/train_00054516.png
train:54517,train:8428,train,54517,8428,8428.jpg,3840,2160,1,swimmer,1325.0,914.0,42.0,33.0,1386.0,32.49841511734228,34.9,mavic,NorthSea_Sat_DJI_0129.MP4,2565,data/raw/seadronessee/odv2/images/train/8428.jpg,val,1575,558,143,2133,1718,train_00054517,80.0,640,0.40634920634920635,311.66984126984124,313.2952380952381,17.066666666666666,13.40952380952381,228.85587301587302,1.0,8fe6c319c145bfe6c41b4bd884be5417741d8218678ea8dfc0735cca6b82988f,data/synthetic/seadronessee_30m_to_80m/geometry_only/val/train_00054517.png,data/synthetic/seadronessee_30m_to_80m/calibrated/val/train_00054517.png
train:54521,train:8428,train,54521,8428,8428.jpg,3840,2160,1,swimmer,1556.0,866.0,30.0,23.0,690.0,32.49841511734228,34.9,mavic,NorthSea_Sat_DJI_0129.MP4,2565,data/raw/seadronessee/odv2/images/train/8428.jpg,val,1575,784,90,2359,1665,train_00054521,80.0,640,0.40634920634920635,313.7015873015873,315.32698412698414,12.19047619047619,9.346031746031747,113.93257747543461,1.0,8fe6c319c145bfe6c41b4bd884be5417741d8218678ea8dfc0735cca6b82988f,data/synthetic/seadronessee_30m_to_80m/geometry_only/val/train_00054521.png,data/synthetic/seadronessee_30m_to_80m/calibrated/val/train_00054521.png
train:54541,train:8430,train,54541,8430,8430.jpg,3840,2160,1,swimmer,1951.0,910.0,72.0,35.0,2520.0,32.698405364218225,34.9,mavic,NorthSea_Sat_DJI_0129.MP4,2595,data/raw/seadronessee/odv2/images/train/8430.jpg,val,1566,1204,144,2770,1710,train_00054541,80.0,640,0.4086845466155811,305.2873563218391,313.05236270753517,29.425287356321842,14.303959131545339,420.8981077788054,1.0,8fe6c319c145bfe6c41b4bd884be5417741d8218678ea8dfc0735cca6b82988f,data/synthetic/seadronessee_30m_to_80m/geometry_only/val/train_00054541.png,data/synthetic/seadronessee_30m_to_80m/calibrated/val/train_00054541.png
train:54542,train:8430,train,54542,8430,8430.jpg,3840,2160,1,swimmer,1231.0,1063.0,42.0,38.0,1596.0,32.698405364218225,34.9,mavic,NorthSea_Sat_DJI_0129.MP4,2595,data/raw/seadronessee/odv2/images/train/8430.jpg,val,1566,469,299,2035,1865,train_00054542,80.0,640,0.4086845466155811,311.4176245210728,312.23499361430396,17.16475095785441,15.530012771392082,266.56880159324345,1.0,8fe6c319c145bfe6c41b4bd884be5417741d8218678ea8dfc0735cca6b82988f,data/synthetic/seadronessee_30m_to_80m/geometry_only/val/train_00054542.png,data/synthetic/seadronessee_30m_to_80m/calibrated/val/train_00054542.png
train:54543,train:8430,train,54543,8430,8430.jpg,3840,2160,1,swimmer,1230.0,1006.0,42.0,33.0,1386.0,32.698405364218225,34.9,mavic,NorthSea_Sat_DJI_0129.MP4,2595,data/raw/seadronessee/odv2/images/train/8430.jpg,val,1566,468,240,2034,1806,train_00054543,80.0,640,0.4086845466155811,311.4176245210728,313.05236270753517,17.16475095785441,13.486590038314176,231.493959278343,1.0,8fe6c319c145bfe6c41b4bd884be5417741d8218678ea8dfc0735cca6b82988f,data/synthetic/seadronessee_30m_to_80m/geometry_only/val/train_00054543.png,data/synthetic/seadronessee_30m_to_80m/calibrated/val/train_00054543.png
train:54544,train:8430,train,54544,8430,8430.jpg,3840,2160,1,swimmer,2626.0,813.0,42.0,34.0,1428.0,32.698405364218225,34.9,mavic,NorthSea_Sat_DJI_0129.MP4,2595,data/raw/seadronessee/odv2/images/train/8430.jpg,val,1566,1864,47,3430,1613,train_00054544,80.0,640,0.4086845466155811,311.4176245210728,313.05236270753517,17.16475095785441,13.895274584929759,238.5089277413231,1.0,8fe6c319c145bfe6c41b4bd884be5417741d8218678ea8dfc0735cca6b82988f,data/synthetic/seadronessee_30m_to_80m/geometry_only/val/train_00054544.png,data/synthetic/seadronessee_30m_to_80m/calibrated/val/train_00054544.png
train:54545,train:8430,train,54545,8430,8430.jpg,3840,2160,1,swimmer,2124.0,780.0,45.0,30.0,1350.0,32.698405364218225,34.9,mavic,NorthSea_Sat_DJI_0129.MP4,2595,data/raw/seadronessee/odv2/images/train/8430.jpg,val,1566,1364,12,2930,1578,train_00054545,80.0,640,0.4086845466155811,310.60025542784166,313.8697318007663,18.390804597701152,12.260536398467433,225.4811291672172,1.0,8fe6c319c145bfe6c41b4bd884be5417741d8218678ea8dfc0735cca6b82988f,data/synthetic/seadronessee_30m_to_80m/geometry_only/val/train_00054545.png,data/synthetic/seadronessee_30m_to_80m/calibrated/val/train_00054545.png
train:54547,train:8430,train,54547,8430,8430.jpg,3840,2160,1,swimmer,1466.0,957.0,28.0,21.0,588.0,32.698405364218225,34.9,mavic,NorthSea_Sat_DJI_0129.MP4,2595,data/raw/seadronessee/odv2/images/train/8430.jpg,val,1566,697,184,2263,1750,train_00054547,80.0,640,0.4086845466155811,314.2784163473819,315.9131545338442,11.44316730523627,8.582375478927204,98.20955848172127,1.0,8fe6c319c145bfe6c41b4bd884be5417741d8218678ea8dfc0735cca6b82988f,data/synthetic/seadronessee_30m_to_80m/geometry_only/val/train_00054547.png,data/synthetic/seadronessee_30m_to_80m/calibrated/val/train_00054547.png
train:54567,train:8432,train,54567,8432,8432.jpg,3840,2160,1,swimmer,1895.0,974.0,72.0,40.0,2880.0,32.698405364218225,34.9,mavic,NorthSea_Sat_DJI_0129.MP4,2625,data/raw/seadronessee/odv2/images/train/8432.jpg,val,1566,1148,211,2714,1777,train_00054567,80.0,640,0.4086845466155811,305.2873563218391,311.8263090676884,29.425287356321842,16.347381864623244,481.02640889006335,1.0,8fe6c319c145bfe6c41b4bd884be5417741d8218678ea8dfc0735cca6b82988f,data/synthetic/seadronessee_30m_to_80m/geometry_only/val/train_00054567.png,data/synthetic/seadronessee_30m_to_80m/calibrated/val/train_00054567.png
train:54568,train:8432,train,54568,8432,8432.jpg,3840,2160,1,swimmer,2560.0,882.0,49.0,36.0,1764.0,32.698405364218225,34.9,mavic,NorthSea_Sat_DJI_0129.MP4,2625,data/raw/seadronessee/odv2/images/train/8432.jpg,val,1566,1802,117,3368,1683,train_00054568,80.0,640,0.4086845466155811,309.7828863346105,312.64367816091954,20.025542784163473,14.712643678160921,294.62867544516376,1.0,8fe6c319c145bfe6c41b4bd884be5417741d8218678ea8dfc0735cca6b82988f,data/synthetic/seadronessee_30m_to_80m/geometry_only/val/train_00054568.png,data/synthetic/seadronessee_30m_to_80m/calibrated/val/train_00054568.png
train:54569,train:8432,train,54569,8432,8432.jpg,3840,2160,1,swimmer,1138.0,1077.0,48.0,37.0,1776.0,32.698405364218225,34.9,mavic,NorthSea_Sat_DJI_0129.MP4,2625,data/raw/seadronessee/odv2/images/train/8432.jpg,val,1566,379,312,1945,1878,train_00054569,80.0,640,0.4086845466155811,310.1915708812261,312.64367816091954,19.616858237547895,15.121328224776502,296.6329521488724,1.0,8fe6c319c145bfe6c41b4bd884be5417741d8218678ea8dfc0735cca6b82988f,data/synthetic/seadronessee_30m_to_80m/geometry_only/val/train_00054569.png,data/synthetic/seadronessee_30m_to_80m/calibrated/val/train_00054569.png
train:54570,train:8432,train,54570,8432,8432.jpg,3840,2160,1,swimmer,1136.0,1140.0,39.0,40.0,1560.0,32.698405364218225,34.9,mavic,NorthSea_Sat_DJI_0129.MP4,2625,data/raw/seadronessee/odv2/images/train/8432.jpg,val,1566,372,377,1938,1943,train_00054570,80.0,640,0.4086845466155811,312.23499361430396,311.8263090676884,15.938697318007664,16.347381864623244,260.5559714821176,1.0,8fe6c319c145bfe6c41b4bd884be5417741d8218678ea8dfc0735cca6b82988f,data/synthetic/seadronessee_30m_to_80m/geometry_only/val/train_00054570.png,data/synthetic/seadronessee_30m_to_80m/calibrated/val/train_00054570.png
train:54571,train:8432,train,54571,8432,8432.jpg,3840,2160,1,swimmer,2079.0,823.0,34.0,37.0,1258.0,32.698405364218225,34.9,mavic,NorthSea_Sat_DJI_0129.MP4,2625,data/raw/seadronessee/odv2/images/train/8432.jpg,val,1566,1313,58,2879,1624,train_00054571,80.0,640,0.4086845466155811,313.05236270753517,312.64367816091954,13.895274584929759,15.121328224776502,210.11500777211793,1.0,8fe6c319c145bfe6c41b4bd884be5417741d8218678ea8dfc0735cca6b82988f,data/synthetic/seadronessee_30m_to_80m/geometry_only/val/train_00054571.png,data/synthetic/seadronessee_30m_to_80m/calibrated/val/train_00054571.png
train:54573,train:8432,train,54573,8432,8432.jpg,3840,2160,1,swimmer,1371.0,1031.0,36.0,19.0,684.0,32.698405364218225,34.9,mavic,NorthSea_Sat_DJI_0129.MP4,2625,data/raw/seadronessee/odv2/images/train/8432.jpg,val,1566,606,258,2172,1824,train_00054573,80.0,640,0.4086845466155811,312.64367816091954,315.9131545338442,14.712643678160921,7.765006385696041,114.24377211139004,1.0,8fe6c319c145bfe6c41b4bd884be5417741d8218678ea8dfc0735cca6b82988f,data/synthetic/seadronessee_30m_to_80m/geometry_only/val/train_00054573.png,data/synthetic/seadronessee_30m_to_80m/calibrated/val/train_00054573.png
train:54593,train:8434,train,54593,8434,8434.jpg,3840,2160,1,swimmer,1885.0,1040.0,72.0,40.0,2880.0,32.59841024078025,34.9,mavic,NorthSea_Sat_DJI_0129.MP4,2655,data/raw/seadronessee/odv2/images/train/8434.jpg,val,1571,1136,274,2707,1845,train_00054593,80.0,640,0.40738383195416933,305.1304901336728,312.05601527689373,29.331635900700192,16.295353278166772,477.969369228469,1.0,8fe6c319c145bfe6c41b4bd884be5417741d8218678ea8dfc0735cca6b82988f,data/synthetic/seadronessee_30m_to_80m/geometry_only/val/train_00054593.png,data/synthetic/seadronessee_30m_to_80m/calibrated/val/train_00054593.png
train:54594,train:8434,train,54594,8434,8434.jpg,3840,2160,1,swimmer,2564.0,959.0,49.0,36.0,1764.0,32.59841024078025,34.9,mavic,NorthSea_Sat_DJI_0129.MP4,2655,data/raw/seadronessee/odv2/images/train/8434.jpg,val,1571,1803,192,3374,1763,train_00054594,80.0,640,0.40738383195416933,310.01909611712284,312.46339910884785,19.961807765754298,14.665817950350096,292.75623865243733,1.0,8fe6c319c145bfe6c41b4bd884be5417741d8218678ea8dfc0735cca6b82988f,data/synthetic/seadronessee_30m_to_80m/geometry_only/val/train_00054594.png,data/synthetic/seadronessee_30m_to_80m/calibrated/val/train_00054594.png
train:54595,train:8434,train,54595,8434,8434.jpg,3840,2160,1,swimmer,1099.0,1167.0,48.0,37.0,1776.0,32.59841024078025,34.9,mavic,NorthSea_Sat_DJI_0129.MP4,2655,data/raw/seadronessee/odv2/images/train/8434.jpg,val,1571,338,400,1909,1971,train_00054595,80.0,640,0.40738383195416933,310.01909611712284,312.46339910884785,19.554423933800127,15.073201782304265,294.7477776908892,1.0,8fe6c319c145bfe6c41b4bd884be5417741d8218678ea8dfc0735cca6b82988f,data/synthetic/seadronessee_30m_to_80m/geometry_only/val/train_00054595.png,data/synthetic/seadronessee_30m_to_80m/calibrated/val/train_00054595.png
train:54596,train:8434,train,54596,8434,8434.jpg,3840,2160,1,swimmer,1090.0,1234.0,39.0,40.0,1560.0,32.59841024078025,34.9,mavic,NorthSea_Sat_DJI_0129.MP4,2655,data/raw/seadronessee/odv2/images/train/8434.jpg,val,1571,324,468,1895,2039,train_00054596,80.0,640,0.40738383195416933,312.05601527689373,312.05601527689373,15.887969446212605,16.295353278166772,258.90007499875406,1.0,8fe6c319c145bfe6c41b4bd884be5417741d8218678ea8dfc0735cca6b82988f,data/synthetic/seadronessee_30m_to_80m/geometry_only/val/train_00054596.png,data/synthetic/seadronessee_30m_to_80m/calibrated/val/train_00054596.png
train:54597,train:8434,train,54597,8434,8434.jpg,3840,2160,1,swimmer,2059.0,882.0,35.0,36.0,1260.0,32.59841024078025,34.9,mavic,NorthSea_Sat_DJI_0129.MP4,2655,data/raw/seadronessee/odv2/images/train/8434.jpg,val,1571,1291,114,2862,1685,train_00054597,80.0,640,0.40738383195416933,312.87078294080203,312.87078294080203,14.258434118395927,14.665817950350096,209.11159903745522,1.0,8fe6c319c145bfe6c41b4bd884be5417741d8218678ea8dfc0735cca6b82988f,data/synthetic/seadronessee_30m_to_80m/geometry_only/val/train_00054597.png,data/synthetic/seadronessee_30m_to_80m/calibrated/val/train_00054597.png
train:54599,train:8434,train,54599,8434,8434.jpg,3840,2160,1,swimmer,1335.0,1117.0,31.0,22.0,682.0,32.59841024078025,34.9,mavic,NorthSea_Sat_DJI_0129.MP4,2655,data/raw/seadronessee/odv2/images/train/8434.jpg,val,1571,565,342,2136,1913,train_00054599,80.0,640,0.40738383195416933,313.6855506047104,315.7224697644812,12.62889879057925,8.962444302991726,113.18580201868609,1.0,8fe6c319c145bfe6c41b4bd884be5417741d8218678ea8dfc0735cca6b82988f,data/synthetic/seadronessee_30m_to_80m/geometry_only/val/train_00054599.png,data/synthetic/seadronessee_30m_to_80m/calibrated/val/train_00054599.png
train:54617,train:8436,train,54617,8436,8436.jpg,3840,2160,1,swimmer,1862.0,1131.0,72.0,40.0,2880.0,32.698405364218225,34.9,mavic,NorthSea_Sat_DJI_0129.MP4,2685,data/raw/seadronessee/odv2/images/train/8436.jpg,val,1566,1115,368,2681,1934,train_00054617,80.0,640,0.4086845466155811,305.2873563218391,311.8263090676884,29.425287356321842,16.347381864623244,481.02640889006335,1.0,8fe6c319c145bfe6c41b4bd884be5417741d8218678ea8dfc0735cca6b82988f,data/synthetic/seadronessee_30m_to_80m/geometry_only/val/train_00054617.png,data/synthetic/seadronessee_30m_to_80m/calibrated/val/train_00054617.png
train:54618,train:8436,train,54618,8436,8436.jpg,3840,2160,1,swimmer,2574.0,1049.0,49.0,36.0,1764.0,32.698405364218225,34.9,mavic,NorthSea_Sat_DJI_0129.MP4,2685,data/raw/seadronessee/odv2/images/train/8436.jpg,val,1566,1816,284,3382,1850,train_00054618,80.0,640,0.4086845466155811,309.7828863346105,312.64367816091954,20.025542784163473,14.712643678160921,294.62867544516376,1.0,8fe6c319c145bfe6c41b4bd884be5417741d8218678ea8dfc0735cca6b82988f,data/synthetic/seadronessee_30m_to_80m/geometry_only/val/train_00054618.png,data/synthetic/seadronessee_30m_to_80m/calibrated/val/train_00054618.png
train:54619,train:8436,train,54619,8436,8436.jpg,3840,2160,1,swimmer,1058.0,1270.0,48.0,37.0,1776.0,32.698405364218225,34.9,mavic,NorthSea_Sat_DJI_0129.MP4,2685,data/raw/seadronessee/odv2/images/train/8436.jpg,val,1566,299,506,1865,2072,train_00054619,80.0,640,0.4086845466155811,310.1915708812261,312.23499361430396,19.616858237547895,15.121328224776502,296.6329521488724,1.0,8fe6c319c145bfe6c41b4bd884be5417741d8218678ea8dfc0735cca6b82988f,data/synthetic/seadronessee_30m_to_80m/geometry_only/val/train_00054619.png,data/synthetic/seadronessee_30m_to_80m/calibrated/val/train_00054619.png
train:54620,train:8436,train,54620,8436,8436.jpg,3840,2160,1,swimmer,1049.0,1357.0,36.0,35.0,1260.0,32.698405364218225,34.9,mavic,NorthSea_Sat_DJI_0129.MP4,2685,data/raw/seadronessee/odv2/images/train/8436.jpg,val,1566,284,592,1850,2158,train_00054620,80.0,640,0.4086845466155811,312.64367816091954,312.64367816091954,14.712643678160921,14.303959131545339,210.4490538894027,1.0,8fe6c319c145bfe6c41b4bd884be5417741d8218678ea8dfc0735cca6b82988f,data/synthetic/seadronessee_30m_to_80m/geometry_only/val/train_00054620.png,data/synthetic/seadronessee_30m_to_80m/calibrated/val/train_00054620.png
train:54621,train:8436,train,54621,8436,8436.jpg,3840,2160,1,swimmer,2042.0,974.0,33.0,28.0,924.0,32.698405364218225,34.9,mavic,NorthSea_Sat_DJI_0129.MP4,2685,data/raw/seadronessee/odv2/images/train/8436.jpg,val,1566,1276,205,2842,1771,train_00054621,80.0,640,0.4086845466155811,313.05236270753517,314.2784163473819,13.486590038314176,11.44316730523627,154.32930618556196,1.0,8fe6c319c145bfe6c41b4bd884be5417741d8218678ea8dfc0735cca6b82988f,data/synthetic/seadronessee_30m_to_80m/geometry_only/val/train_00054621.png,data/synthetic/seadronessee_30m_to_80m/calibrated/val/train_00054621.png
train:54623,train:8436,train,54623,8436,8436.jpg,3840,2160,1,swimmer,2253.0,848.0,68.0,29.0,1972.0,32.698405364218225,34.9,mavic,NorthSea_Sat_DJI_0129.MP4,2685,data/raw/seadronessee/odv2/images/train/8436.jpg,val,1566,1504,80,3070,1646,train_00054623,80.0,640,0.4086845466155811,306.1047254150703,313.8697318007663,27.790549169859517,11.851851851851853,329.3694716427795,1.0,8fe6c319c145bfe6c41b4bd884be5417741d8218678ea8dfc0735cca6b82988f,data/synthetic/seadronessee_30m_to_80m/geometry_only/val/train_00054623.png,data/synthetic/seadronessee_30m_to_80m/calibrated/val/train_00054623.png
train:54624,train:8436,train,54624,8436,8436.jpg,3840,2160,1,swimmer,1299.0,1212.0,29.0,21.0,609.0,32.698405364218225,34.9,mavic,NorthSea_Sat_DJI_0129.MP4,2685,data/raw/seadronessee/odv2/images/train/8436.jpg,val,1566,530,440,2096,2006,train_00054624,80.0,640,0.4086845466155811,314.2784163473819,315.5044699872286,11.851851851851853,8.582375478927204,101.71704271321133,1.0,8fe6c319c145bfe6c41b4bd884be5417741d8218678ea8dfc0735cca6b82988f,data/synthetic/seadronessee_30m_to_80m/geometry_only/val/train_00054624.png,data/synthetic/seadronessee_30m_to_80m/calibrated/val/train_00054624.png
train:54642,train:8438,train,54642,8438,8438.jpg,3840,2160,1,swimmer,2554.0,1175.0,63.0,35.0,2205.0,32.698405364218225,34.9,mavic,NorthSea_Sat_DJI_0129.MP4,2715,data/raw/seadronessee/odv2/images/train/8438.jpg,val,1566,1802,410,3368,1976,train_00054642,80.0,640,0.4086845466155811,307.330779054917,312.64367816091954,25.74712643678161,14.303959131545339,368.2858443064547,1.0,8fe6c319c145bfe6c41b4bd884be5417741d8218678ea8dfc0735cca6b82988f,data/synthetic/seadronessee_30m_to_80m/geometry_only/val/train_00054642.png,data/synthetic/seadronessee_30m_to_80m/calibrated/val/train_00054642.png
train:54645,train:8438,train,54645,8438,8438.jpg,3840,2160,1,swimmer,2037.0,1103.0,33.0,23.0,759.0,32.698405364218225,34.9,mavic,NorthSea_Sat_DJI_0129.MP4,2715,data/raw/seadronessee/odv2/images/train/8438.jpg,val,1566,1270,332,2836,1898,train_00054645,80.0,640,0.4086845466155811,313.46104725415074,315.09578544061304,13.486590038314176,9.399744572158365,126.77050150956876,1.0,8fe6c319c145bfe6c41b4bd884be5417741d8218678ea8dfc0735cca6b82988f,data/synthetic/seadronessee_30m_to_80m/geometry_only/val/train_00054645.png,data/synthetic/seadronessee_30m_to_80m/calibrated/val/train_00054645.png
train:54646,train:8438,train,54646,8438,8438.jpg,3840,2160,1,swimmer,2274.0,970.0,48.0,23.0,1104.0,32.698405364218225,34.9,mavic,NorthSea_Sat_DJI_0129.MP4,2715,data/raw/seadronessee/odv2/images/train/8438.jpg,val,1566,1515,198,3081,1764,train_00054646,80.0,640,0.4086845466155811,310.1915708812261,315.5044699872286,19.616858237547895,9.399744572158365,184.39345674119093,1.0,8fe6c319c145bfe6c41b4bd884be5417741d8218678ea8dfc0735cca6b82988f,data/synthetic/seadronessee_30m_to_80m/geometry_only/val/train_00054646.png,data/synthetic/seadronessee_30m_to_80m/calibrated/val/train_00054646.png
train:54647,train:8438,train,54647,8438,8438.jpg,3840,2160,1,swimmer,1284.0,1325.0,32.0,25.0,800.0,32.698405364218225,34.9,mavic,NorthSea_Sat_DJI_0129.MP4,2715,data/raw/seadronessee/odv2/images/train/8438.jpg,val,1566,517,554,2083,2120,train_00054647,80.0,640,0.4086845466155811,313.46104725415074,315.09578544061304,13.077905491698596,10.217113665389528,133.61844691390647,1.0,8fe6c319c145bfe6c41b4bd884be5417741d8218678ea8dfc0735cca6b82988f,data/synthetic/seadronessee_30m_to_80m/geometry_only/val/train_00054647.png,data/synthetic/seadronessee_30m_to_80m/calibrated/val/train_00054647.png
train:54649,train:8438,train,54649,8438,8438.jpg,3840,2160,1,swimmer,1847.0,1250.0,87.0,35.0,3045.0,32.698405364218225,34.9,mavic,NorthSea_Sat_DJI_0129.MP4,2715,data/raw/seadronessee/odv2/images/train/8438.jpg,val,1566,1108,484,2674,2050,train_00054649,80.0,640,0.4086845466155811,302.01787994891447,313.05236270753517,35.55555555555556,14.303959131545339,508.5852135660565,1.0,8fe6c319c145bfe6c41b4bd884be5417741d8218678ea8dfc0735cca6b82988f,data/synthetic/seadronessee_30m_to_80m/geometry_only/val/train_00054649.png,data/synthetic/seadronessee_30m_to_80m/calibrated/val/train_00054649.png
train:54664,train:8440,train,54664,8440,8440.jpg,3840,2160,1,swimmer,1849.0,1192.0,88.0,47.0,4136.0,32.698405364218225,29.2,mavic,NorthSea_Sat_DJI_0129.MP4,2745,data/raw/seadronessee/odv2/images/train/8440.jpg,val,1566,1110,432,2676,1998,train_00054664,80.0,640,0.4086845466155811,302.01787994891447,310.60025542784166,35.96424010217114,19.208173690932313,690.8073705448965,1.0,8fe6c319c145bfe6c41b4bd884be5417741d8218678ea8dfc0735cca6b82988f,data/synthetic/seadronessee_30m_to_80m/geometry_only/val/train_00054664.png,data/synthetic/seadronessee_30m_to_80m/calibrated/val/train_00054664.png
train:54666,train:8440,train,54666,8440,8440.jpg,3840,2160,1,swimmer,2551.0,1105.0,52.0,36.0,1872.0,32.698405364218225,29.2,mavic,NorthSea_Sat_DJI_0129.MP4,2745,data/raw/seadronessee/odv2/images/train/8440.jpg,val,1566,1794,340,3360,1906,train_00054666,80.0,640,0.4086845466155811,309.37420178799493,312.64367816091954,21.25159642401022,14.712643678160921,312.6671657785412,1.0,8fe6c319c145bfe6c41b4bd884be5417741d8218678ea8dfc0735cca6b82988f,data/synthetic/seadronessee_30m_to_80m/geometry_only/val/train_00054666.png,data/synthetic/seadronessee_30m_to_80m/calibrated/val/train_00054666.png
train:54668,train:8440,train,54668,8440,8440.jpg,3840,2160,1,swimmer,1049.0,1299.0,53.0,39.0,2067.0,32.698405364218225,29.2,mavic,NorthSea_Sat_DJI_0129.MP4,2745,data/raw/seadronessee/odv2/images/train/8440.jpg,val,1566,292,536,1858,2102,train_00054668,80.0,640,0.4086845466155811,309.37420178799493,311.8263090676884,21.6602809706258,15.938697318007664,345.23666221380586,1.0,8fe6c319c145bfe6c41b4bd884be5417741d8218678ea8dfc0735cca6b82988f,data/synthetic/seadronessee_30m_to_80m/geometry_only/val/train_00054668.png,data/synthetic/seadronessee_30m_to_80m/calibrated/val/train_00054668.png
train:54669,train:8440,train,54669,8440,8440.jpg,3840,2160,1,swimmer,2028.0,1031.0,43.0,30.0,1290.0,32.698405364218225,29.2,mavic,NorthSea_Sat_DJI_0129.MP4,2745,data/raw/seadronessee/odv2/images/train/8440.jpg,val,1566,1266,263,2832,1829,train_00054669,80.0,640,0.4086845466155811,311.4176245210728,313.8697318007663,17.573435504469987,12.260536398467433,215.4597456486742,1.0,8fe6c319c145bfe6c41b4bd884be5417741d8218678ea8dfc0735cca6b82988f,data/synthetic/seadronessee_30m_to_80m/geometry_only/val/train_00054669.png,data/synthetic/seadronessee_30m_to_80m/calibrated/val/train_00054669.png
train:54670,train:8440,train,54670,8440,8440.jpg,3840,2160,1,swimmer,2260.0,903.0,58.0,26.0,1508.0,32.698405364218225,29.2,mavic,NorthSea_Sat_DJI_0129.MP4,2745,data/raw/seadronessee/odv2/images/train/8440.jpg,val,1566,1506,133,3072,1699,train_00054670,80.0,640,0.4086845466155811,308.14814814814815,314.68710089399747,23.703703703703706,10.62579821200511,251.87077243271375,1.0,8fe6c319c145bfe6c41b4bd884be5417741d8218678ea8dfc0735cca6b82988f,data/synthetic/seadronessee_30m_to_80m/geometry_only/val/train_00054670.png,data/synthetic/seadronessee_30m_to_80m/calibrated/val/train_00054670.png
train:54671,train:8440,train,54671,8440,8440.jpg,3840,2160,1,swimmer,1267.0,1251.0,39.0,28.0,1092.0,32.698405364218225,29.2,mavic,NorthSea_Sat_DJI_0129.MP4,2745,data/raw/seadronessee/odv2/images/train/8440.jpg,val,1566,504,482,2070,2048,train_00054671,80.0,640,0.4086845466155811,311.8263090676884,314.2784163473819,15.938697318007664,11.44316730523627,182.38918003748233,1.0,8fe6c319c145bfe6c41b4bd884be5417741d8218678ea8dfc0735cca6b82988f,data/synthetic/seadronessee_30m_to_80m/geometry_only/val/train_00054671.png,data/synthetic/seadronessee_30m_to_80m/calibrated/val/train_00054671.png
train:54688,train:8442,train,54688,8442,8442.jpg,3840,2160,1,swimmer,1050.0,1135.0,43.0,42.0,1806.0,32.698405364218225,33.8,mavic,NorthSea_Sat_DJI_0129.MP4,2775,data/raw/seadronessee/odv2/images/train/8442.jpg,val,1566,288,373,1854,1939,train_00054688,80.0,640,0.4086845466155811,311.4176245210728,311.4176245210728,17.573435504469987,17.16475095785441,301.6436439081439,1.0,8fe6c319c145bfe6c41b4bd884be5417741d8218678ea8dfc0735cca6b82988f,data/synthetic/seadronessee_30m_to_80m/geometry_only/val/train_00054688.png,data/synthetic/seadronessee_30m_to_80m/calibrated/val/train_00054688.png
train:54690,train:8442,train,54690,8442,8442.jpg,3840,2160,1,swimmer,2543.0,853.0,47.0,40.0,1880.0,32.698405364218225,33.8,mavic,NorthSea_Sat_DJI_0129.MP4,2775,data/raw/seadronessee/odv2/images/train/8442.jpg,val,1566,1784,90,3350,1656,train_00054690,80.0,640,0.4086845466155811,310.1915708812261,311.8263090676884,19.208173690932313,16.347381864623244,314.0033502476802,1.0,8fe6c319c145bfe6c41b4bd884be5417741d8218678ea8dfc0735cca6b82988f,data/synthetic/seadronessee_30m_to_80m/geometry_only/val/train_00054690.png,data/synthetic/seadronessee_30m_to_80m/calibrated/val/train_00054690.png
train:54691,train:8442,train,54691,8442,8442.jpg,3840,2160,1,swimmer,1063.0,1054.0,36.0,49.0,1764.0,32.698405364218225,33.8,mavic,NorthSea_Sat_DJI_0129.MP4,2775,data/raw/seadronessee/odv2/images/train/8442.jpg,val,1566,298,296,1864,1862,train_00054691,80.0,640,0.4086845466155811,312.64367816091954,309.7828863346105,14.712643678160921,20.025542784163473,294.62867544516376,1.0,8fe6c319c145bfe6c41b4bd884be5417741d8218678ea8dfc0735cca6b82988f,data/synthetic/seadronessee_30m_to_80m/geometry_only/val/train_00054691.png,data/synthetic/seadronessee_30m_to_80m/calibrated/val/train_00054691.png
train:54692,train:8442,train,54692,8442,8442.jpg,3840,2160,1,swimmer,2043.0,780.0,63.0,31.0,1953.0,32.698405364218225,33.8,mavic,NorthSea_Sat_DJI_0129.MP4,2775,data/raw/seadronessee/odv2/images/train/8442.jpg,val,1566,1292,12,2858,1578,train_00054692,80.0,640,0.4086845466155811,306.9220945083014,313.8697318007663,25.74712643678161,12.669220945083016,326.1960335285742,1.0,8fe6c319c145bfe6c41b4bd884be5417741d8218678ea8dfc0735cca6b82988f,data/synthetic/seadronessee_30m_to_80m/geometry_only/val/train_00054692.png,data/synthetic/seadronessee_30m_to_80m/calibrated/val/train_00054692.png
train:54694,train:8442,train,54694,8442,8442.jpg,3840,2160,1,swimmer,1271.0,1022.0,40.0,23.0,920.0,32.698405364218225,33.8,mavic,NorthSea_Sat_DJI_0129.MP4,2775,data/raw/seadronessee/odv2/images/train/8442.jpg,val,1566,508,250,2074,1816,train_00054694,80.0,640,0.4086845466155811,311.8263090676884,315.5044699872286,16.347381864623244,9.399744572158365,153.66121395099245,1.0,8fe6c319c145bfe6c41b4bd884be5417741d8218678ea8dfc0735cca6b82988f,data/synthetic/seadronessee_30m_to_80m/geometry_only/val/train_00054694.png,data/synthetic/seadronessee_30m_to_80m/calibrated/val/train_00054694.png
train:54696,train:8442,train,54696,8442,8442.jpg,3840,2160,1,swimmer,1866.0,940.0,82.0,47.0,3854.0,32.698405364218225,33.8,mavic,NorthSea_Sat_DJI_0129.MP4,2775,data/raw/seadronessee/odv2/images/train/8442.jpg,val,1566,1124,180,2690,1746,train_00054696,80.0,640,0.4086845466155811,303.2439335887612,310.60025542784166,33.51213282247765,19.208173690932313,643.7068680077444,1.0,8fe6c319c145bfe6c41b4bd884be5417741d8218678ea8dfc0735cca6b82988f,data/synthetic/seadronessee_30m_to_80m/geometry_only/val/train_00054696.png,data/synthetic/seadronessee_30m_to_80m/calibrated/val/train_00054696.png
train:54713,train:8444,train,54713,8444,8444.jpg,3840,2160,1,swimmer,1055.0,785.0,57.0,52.0,2964.0,32.59841024078025,38.2,mavic,NorthSea_Sat_DJI_0129.MP4,2805,data/raw/seadronessee/odv2/images/train/8444.jpg,val,1571,298,26,1869,1597,train_00054713,80.0,640,0.40738383195416933,308.3895607893062,309.20432845321454,23.220878421387653,21.183959261616806,491.9101424976328,1.0,8fe6c319c145bfe6c41b4bd884be5417741d8218678ea8dfc0735cca6b82988f,data/synthetic/seadronessee_30m_to_80m/geometry_only/val/train_00054713.png,data/synthetic/seadronessee_30m_to_80m/calibrated/val/train_00054713.png
train:54718,train:8444,train,54718,8444,8444.jpg,3840,2160,1,swimmer,792.0,1172.0,71.0,59.0,4189.0,32.59841024078025,38.2,mavic,NorthSea_Sat_DJI_0129.MP4,2805,data/raw/seadronessee/odv2/images/train/8444.jpg,val,1571,42,416,1613,1987,train_00054718,80.0,640,0.40738383195416933,305.537873965627,307.982176957352,28.92425206874602,24.03564608529599,695.2130860062698,1.0,8fe6c319c145bfe6c41b4bd884be5417741d8218678ea8dfc0735cca6b82988f,data/synthetic/seadronessee_30m_to_80m/geometry_only/val/train_00054718.png,data/synthetic/seadronessee_30m_to_80m/calibrated/val/train_00054718.png
train:54735,train:8446,train,54735,8446,8446.jpg,3840,2160,1,swimmer,1069.0,803.0,59.0,48.0,2832.0,32.7984004876562,44.8,mavic,NorthSea_Sat_DJI_0129.MP4,2835,data/raw/seadronessee/odv2/images/train/8446.jpg,val,1561,318,46,1879,1607,train_00054735,80.0,640,0.4099935938500961,307.90518898142216,310.36515054452275,24.18962203715567,19.679692504804613,476.0443234986689,1.0,8fe6c319c145bfe6c41b4bd884be5417741d8218678ea8dfc0735cca6b82988f,data/synthetic/seadronessee_30m_to_80m/geometry_only/val/train_00054735.png,data/synthetic/seadronessee_30m_to_80m/calibrated/val/train_00054735.png
train:54740,train:8446,train,54740,8446,8446.jpg,3840,2160,1,swimmer,805.0,1197.0,58.0,41.0,2378.0,32.7984004876562,44.8,mavic,NorthSea_Sat_DJI_0129.MP4,2835,data/raw/seadronessee/odv2/images/train/8446.jpg,val,1561,54,437,1615,1998,train_00054740,80.0,640,0.4099935938500961,307.90518898142216,311.59513132607304,23.779628443305572,16.80973734785394,399.7293083615235,1.0,8fe6c319c145bfe6c41b4bd884be5417741d8218678ea8dfc0735cca6b82988f,data/synthetic/seadronessee_30m_to_80m/geometry_only/val/train_00054740.png,data/synthetic/seadronessee_30m_to_80m/calibrated/val/train_00054740.png
train:54757,train:8448,train,54757,8448,8448.jpg,3840,2160,1,swimmer,1082.0,819.0,49.0,49.0,2401.0,33.398371228284056,44.8,mavic,NorthSea_Sat_DJI_0129.MP4,2865,data/raw/seadronessee/odv2/images/train/8448.jpg,val,1533,340,77,1873,1610,train_00054757,80.0,640,0.41748206131767773,309.77168949771686,309.77168949771686,20.45662100456621,20.45662100456621,418.4733429244594,1.0,8fe6c319c145bfe6c41b4bd884be5417741d8218678ea8dfc0735cca6b82988f,data/synthetic/seadronessee_30m_to_80m/geometry_only/val/train_00054757.png,data/synthetic/seadronessee_30m_to_80m/calibrated/val/train_00054757.png
train:54758,train:8448,train,54758,8448,8448.jpg,3840,2160,1,swimmer,1090.0,743.0,30.0,54.0,1620.0,33.398371228284056,44.8,mavic,NorthSea_Sat_DJI_0129.MP4,2865,data/raw/seadronessee/odv2/images/train/8448.jpg,val,1533,338,4,1871,1537,train_00054758,80.0,640,0.41748206131767773,313.94651011089366,308.51924331376387,12.524461839530332,22.544031311154598,282.3518598657327,1.0,8fe6c319c145bfe6c41b4bd884be5417741d8218678ea8dfc0735cca6b82988f,data/synthetic/seadronessee_30m_to_80m/geometry_only/val/train_00054758.png,data/synthetic/seadronessee_30m_to_80m/calibrated/val/train_00054758.png
train:54762,train:8448,train,54762,8448,8448.jpg,3840,2160,1,swimmer,807.0,1204.0,75.0,52.0,3900.0,33.398371228284056,44.8,mavic,NorthSea_Sat_DJI_0129.MP4,2865,data/raw/seadronessee/odv2/images/train/8448.jpg,val,1533,78,464,1611,1997,train_00054762,80.0,640,0.41748206131767773,304.3444227005871,308.93672537508155,31.31115459882583,21.709067188519242,679.7359589360232,1.0,8fe6c319c145bfe6c41b4bd884be5417741d8218678ea8dfc0735cca6b82988f,data/synthetic/seadronessee_30m_to_80m/geometry_only/val/train_00054762.png,data/synthetic/seadronessee_30m_to_80m/calibrated/val/train_00054762.png
train:54779,train:8450,train,54779,8450,8450.jpg,3840,2160,1,swimmer,1077.0,844.0,48.0,45.0,2160.0,33.89834684547394,44.8,mavic,NorthSea_Sat_DJI_0129.MP4,2895,data/raw/seadronessee/odv2/images/train/8450.jpg,val,1510,346,112,1856,1622,train_00054779,80.0,640,0.423841059602649,309.82781456953643,310.25165562913907,20.344370860927153,19.072847682119207,388.025086619008,1.0,8fe6c319c145bfe6c41b4bd884be5417741d8218678ea8dfc0735cca6b82988f,data/synthetic/seadronessee_30m_to_80m/geometry_only/val/train_00054779.png,data/synthetic/seadronessee_30m_to_80m/calibrated/val/train_00054779.png
train:54780,train:8450,train,54780,8450,8450.jpg,3840,2160,1,swimmer,1096.0,764.0,51.0,42.0,2142.0,33.89834684547394,44.8,mavic,NorthSea_Sat_DJI_0129.MP4,2895,data/raw/seadronessee/odv2/images/train/8450.jpg,val,1510,366,30,1876,1540,train_00054780,80.0,640,0.423841059602649,309.4039735099338,311.0993377483444,21.6158940397351,17.801324503311257,384.7915442305162,1.0,8fe6c319c145bfe6c41b4bd884be5417741d8218678ea8dfc0735cca6b82988f,data/synthetic/seadronessee_30m_to_80m/geometry_only/val/train_00054780.png,data/synthetic/seadronessee_30m_to_80m/calibrated/val/train_00054780.png
train:54784,train:8450,train,54784,8450,8450.jpg,3840,2160,1,swimmer,814.0,1222.0,79.0,59.0,4661.0,33.89834684547394,44.8,mavic,NorthSea_Sat_DJI_0129.MP4,2895,data/raw/seadronessee/odv2/images/train/8450.jpg,val,1510,98,496,1608,2006,train_00054784,80.0,640,0.423841059602649,303.4701986754967,307.7086092715232,33.48344370860927,25.00662251655629,837.3078373755537,1.0,8fe6c319c145bfe6c41b4bd884be5417741d8218678ea8dfc0735cca6b82988f,data/synthetic/seadronessee_30m_to_80m/geometry_only/val/train_00054784.png,data/synthetic/seadronessee_30m_to_80m/calibrated/val/train_00054784.png
train:54801,train:8452,train,54801,8452,8452.jpg,3840,2160,1,swimmer,1089.0,859.0,49.0,49.0,2401.0,34.598312709539776,44.8,mavic,NorthSea_Sat_DJI_0129.MP4,2925,data/raw/seadronessee/odv2/images/train/8452.jpg,val,1480,374,144,1854,1624,train_00054801,80.0,640,0.43243243243243246,309.1891891891892,309.1891891891892,21.18918918918919,21.18918918918919,448.98173849525205,1.0,8fe6c319c145bfe6c41b4bd884be5417741d8218678ea8dfc0735cca6b82988f,data/synthetic/seadronessee_30m_to_80m/geometry_only/val/train_00054801.png,data/synthetic/seadronessee_30m_to_80m/calibrated/val/train_00054801.png
train:54802,train:8452,train,54802,8452,8452.jpg,3840,2160,1,swimmer,1098.0,790.0,42.0,37.0,1554.0,34.598312709539776,44.8,mavic,NorthSea_Sat_DJI_0129.MP4,2925,data/raw/seadronessee/odv2/images/train/8452.jpg,val,1480,379,68,1859,1548,train_00054802,80.0,640,0.43243243243243246,310.91891891891896,312.21621621621625,18.16216216216216,16.0,290.5945945945946,1.0,8fe6c319c145bfe6c41b4bd884be5417741d8218678ea8dfc0735cca6b82988f,data/synthetic/seadronessee_30m_to_80m/geometry_only/val/train_00054802.png,data/synthetic/seadronessee_30m_to_80m/calibrated/val/train_00054802.png
train:54805,train:8452,train,54805,8452,8452.jpg,3840,2160,1,swimmer,1262.0,763.0,39.0,25.0,975.0,34.598312709539776,44.8,mavic,NorthSea_Sat_DJI_0129.MP4,2925,data/raw/seadronessee/odv2/images/train/8452.jpg,val,1480,542,36,2022,1516,train_00054805,80.0,640,0.43243243243243246,311.35135135135135,314.3783783783784,16.864864864864867,10.81081081081081,182.3228634039445,1.0,8fe6c319c145bfe6c41b4bd884be5417741d8218678ea8dfc0735cca6b82988f,data/synthetic/seadronessee_30m_to_80m/geometry_only/val/train_00054805.png,data/synthetic/seadronessee_30m_to_80m/calibrated/val/train_00054805.png
train:54806,train:8452,train,54806,8452,8452.jpg,3840,2160,1,swimmer,842.0,1248.0,63.0,57.0,3591.0,34.598312709539776,44.8,mavic,NorthSea_Sat_DJI_0129.MP4,2925,data/raw/seadronessee/odv2/images/train/8452.jpg,val,1480,134,536,1614,2016,train_00054806,80.0,640,0.43243243243243246,306.1621621621622,307.89189189189193,27.243243243243246,24.64864864864865,671.5091307523741,1.0,8fe6c319c145bfe6c41b4bd884be5417741d8218678ea8dfc0735cca6b82988f,data/synthetic/seadronessee_30m_to_80m/geometry_only/val/train_00054806.png,data/synthetic/seadronessee_30m_to_80m/calibrated/val/train_00054806.png
train:61136,train:9108,train,61136,9108,9108.jpg,3840,2160,1,swimmer,1842.0,1170.0,65.0,30.0,1950.0,34.598312709539776,27.7,mavic,NorthSea_Sat_DJI_0131.MP4,3735,data/raw/seadronessee/odv2/images/train/9108.jpg,val,1480,1134,445,2614,1925,train_00061136,80.0,640,0.43243243243243246,306.1621621621622,313.51351351351354,28.10810810810811,12.972972972972974,364.645726807889,1.0,8fe6c319c145bfe6c41b4bd884be5417741d8218678ea8dfc0735cca6b82988f,data/synthetic/seadronessee_30m_to_80m/geometry_only/val/train_00061136.png,data/synthetic/seadronessee_30m_to_80m/calibrated/val/train_00061136.png
train:61140,train:9108,train,61140,9108,9108.jpg,3840,2160,3,jetski,1961.0,1157.0,159.0,38.0,6042.0,34.598312709539776,27.7,mavic,NorthSea_Sat_DJI_0131.MP4,3735,data/raw/seadronessee/odv2/images/train/9108.jpg,val,1480,1300,436,2780,1916,train_00061140,80.0,640,0.43243243243243246,285.83783783783787,311.7837837837838,68.75675675675676,16.432432432432435,1129.8407596785978,1.0,8fe6c319c145bfe6c41b4bd884be5417741d8218678ea8dfc0735cca6b82988f,data/synthetic/seadronessee_30m_to_80m/geometry_only/val/train_00061140.png,data/synthetic/seadronessee_30m_to_80m/calibrated/val/train_00061140.png
train:61154,train:9110,train,61154,9110,9110.jpg,3840,2160,3,jetski,1976.0,1110.0,152.0,46.0,6992.0,33.19838098140811,27.7,mavic,NorthSea_Sat_DJI_0131.MP4,3765,data/raw/seadronessee/odv2/images/train/9110.jpg,val,1542,1281,362,2823,1904,train_00061154,80.0,640,0.4150453955901427,288.45654993514916,310.45395590142675,63.08690012970169,19.092088197146563,1204.4606613608416,1.0,8fe6c319c145bfe6c41b4bd884be5417741d8218678ea8dfc0735cca6b82988f,data/synthetic/seadronessee_30m_to_80m/geometry_only/val/train_00061154.png,data/synthetic/seadronessee_30m_to_80m/calibrated/val/train_00061154.png
train:61157,train:9110,train,61157,9110,9110.jpg,3840,2160,1,swimmer,1852.0,1141.0,55.0,28.0,1540.0,33.19838098140811,27.7,mavic,NorthSea_Sat_DJI_0131.MP4,3765,data/raw/seadronessee/odv2/images/train/9110.jpg,val,1542,1108,384,2650,1926,train_00061157,80.0,640,0.4150453955901427,308.7937743190662,314.189364461738,22.827496757457848,11.621271076523996,265.2845278168902,1.0,8fe6c319c145bfe6c41b4bd884be5417741d8218678ea8dfc0735cca6b82988f,data/synthetic/seadronessee_30m_to_80m/geometry_only/val/train_00061157.png,data/synthetic/seadronessee_30m_to_80m/calibrated/val/train_00061157.png
train:61160,train:9110,train,61160,9110,9110.jpg,3840,2160,1,swimmer,1829.0,1220.0,28.0,32.0,896.0,33.19838098140811,27.7,mavic,NorthSea_Sat_DJI_0131.MP4,3765,data/raw/seadronessee/odv2/images/train/9110.jpg,val,1542,1072,465,2614,2007,train_00061160,80.0,640,0.4150453955901427,314.189364461738,313.35927367055774,11.621271076523996,13.281452658884566,154.34736163891793,1.0,8fe6c319c145bfe6c41b4bd884be5417741d8218678ea8dfc0735cca6b82988f,data/synthetic/seadronessee_30m_to_80m/geometry_only/val/train_00061160.png,data/synthetic/seadronessee_30m_to_80m/calibrated/val/train_00061160.png
train:61176,train:9112,train,61176,9112,9112.jpg,3840,2160,3,jetski,2003.0,1065.0,144.0,52.0,7488.0,32.3984199939043,27.7,mavic,NorthSea_Sat_DJI_0131.MP4,3795,data/raw/seadronessee/odv2/images/train/9112.jpg,val,1580,1285,301,2865,1881,train_00061176,80.0,640,0.4050632911392405,290.8354430379747,309.46835443037975,58.32911392405063,21.063291139240505,1228.6031084762055,1.0,8fe6c319c145bfe6c41b4bd884be5417741d8218678ea8dfc0735cca6b82988f,data/synthetic/seadronessee_30m_to_80m/geometry_only/val/train_00061176.png,data/synthetic/seadronessee_30m_to_80m/calibrated/val/train_00061176.png
train:61179,train:9112,train,61179,9112,9112.jpg,3840,2160,1,swimmer,1846.0,1095.0,63.0,29.0,1827.0,32.3984199939043,27.7,mavic,NorthSea_Sat_DJI_0131.MP4,3795,data/raw/seadronessee/odv2/images/train/9112.jpg,val,1580,1088,320,2668,1900,train_00061179,80.0,640,0.4050632911392405,307.0379746835443,313.92405063291136,25.518987341772153,11.746835443037975,299.7673449767666,1.0,8fe6c319c145bfe6c41b4bd884be5417741d8218678ea8dfc0735cca6b82988f,data/synthetic/seadronessee_30m_to_80m/geometry_only/val/train_00061179.png,data/synthetic/seadronessee_30m_to_80m/calibrated/val/train_00061179.png
train:61182,train:9112,train,61182,9112,9112.jpg,3840,2160,1,swimmer,1835.0,1180.0,42.0,29.0,1218.0,32.3984199939043,27.7,mavic,NorthSea_Sat_DJI_0131.MP4,3795,data/raw/seadronessee/odv2/images/train/9112.jpg,val,1580,1066,404,2646,1984,train_00061182,80.0,640,0.4050632911392405,311.49367088607596,314.3291139240506,17.0126582278481,11.746835443037975,199.8448966511777,1.0,8fe6c319c145bfe6c41b4bd884be5417741d8218678ea8dfc0735cca6b82988f,data/synthetic/seadronessee_30m_to_80m/geometry_only/val/train_00061182.png,data/synthetic/seadronessee_30m_to_80m/calibrated/val/train_00061182.png
train:61198,train:9114,train,61198,9114,9114.jpg,3840,2160,3,jetski,2005.0,1011.0,137.0,53.0,7261.0,30.698502895458702,27.7,mavic,NorthSea_Sat_DJI_0131.MP4,3825,data/raw/seadronessee/odv2/images/train/9114.jpg,val,1668,1240,204,2908,1872,train_00061198,80.0,640,0.38369304556354916,293.52517985611513,309.64028776978415,52.565947242206235,20.335731414868107,1068.966984685633,1.0,8fe6c319c145bfe6c41b4bd884be5417741d8218678ea8dfc0735cca6b82988f,data/synthetic/seadronessee_30m_to_80m/geometry_only/val/train_00061198.png,data/synthetic/seadronessee_30m_to_80m/calibrated/val/train_00061198.png
train:61201,train:9114,train,61201,9114,9114.jpg,3840,2160,1,swimmer,1832.0,1041.0,57.0,27.0,1539.0,30.698502895458702,27.7,mavic,NorthSea_Sat_DJI_0131.MP4,3825,data/raw/seadronessee/odv2/images/train/9114.jpg,val,1668,1026,220,2694,1888,train_00061201,80.0,640,0.38369304556354916,309.25659472422063,315.01199040767386,21.8705035971223,10.359712230215827,226.57212359608715,1.0,8fe6c319c145bfe6c41b4bd884be5417741d8218678ea8dfc0735cca6b82988f,data/synthetic/seadronessee_30m_to_80m/geometry_only/val/train_00061201.png,data/synthetic/seadronessee_30m_to_80m/calibrated/val/train_00061201.png
train:61204,train:9114,train,61204,9114,9114.jpg,3840,2160,1,swimmer,1822.0,1122.0,29.0,27.0,783.0,30.698502895458702,27.7,mavic,NorthSea_Sat_DJI_0131.MP4,3825,data/raw/seadronessee/odv2/images/train/9114.jpg,val,1668,1002,302,2670,1970,train_00061204,80.0,640,0.38369304556354916,314.6282973621103,314.6282973621103,11.127098321342926,10.359712230215827,115.27353656643031,1.0,8fe6c319c145bfe6c41b4bd884be5417741d8218678ea8dfc0735cca6b82988f,data/synthetic/seadronessee_30m_to_80m/geometry_only/val/train_00061204.png,data/synthetic/seadronessee_30m_to_80m/calibrated/val/train_00061204.png
train:61206,train:9114,train,61206,9114,9114.jpg,3840,2160,1,swimmer,2684.0,1302.0,32.0,36.0,1152.0,30.698502895458702,27.7,mavic,NorthSea_Sat_DJI_0131.MP4,3825,data/raw/seadronessee/odv2/images/train/9114.jpg,val,1668,1866,486,3534,2154,train_00061206,80.0,640,0.38369304556354916,313.8609112709832,313.0935251798561,12.278177458033573,13.81294964028777,169.59784690233425,1.0,8fe6c319c145bfe6c41b4bd884be5417741d8218678ea8dfc0735cca6b82988f,data/synthetic/seadronessee_30m_to_80m/geometry_only/val/train_00061206.png,data/synthetic/seadronessee_30m_to_80m/calibrated/val/train_00061206.png
train:61222,train:9116,train,61222,9116,9116.jpg,3840,2160,1,swimmer,1823.0,1016.0,44.0,21.0,924.0,29.09858092045108,27.7,mavic,NorthSea_Sat_DJI_0131.MP4,3855,data/raw/seadronessee/odv2/images/train/9116.jpg,val,1760,965,146,2725,1906,train_00061222,80.0,640,0.36363636363636365,312.0,316.3636363636364,16.0,7.636363636363637,122.18181818181819,1.0,8fe6c319c145bfe6c41b4bd884be5417741d8218678ea8dfc0735cca6b82988f,data/synthetic/seadronessee_30m_to_80m/geometry_only/val/train_00061222.png,data/synthetic/seadronessee_30m_to_80m/calibrated/val/train_00061222.png
train:61225,train:9116,train,61225,9116,9116.jpg,3840,2160,1,swimmer,1808.0,1091.0,37.0,29.0,1073.0,29.09858092045108,27.7,mavic,NorthSea_Sat_DJI_0131.MP4,3855,data/raw/seadronessee/odv2/images/train/9116.jpg,val,1760,946,226,2706,1986,train_00061225,80.0,640,0.36363636363636365,313.45454545454544,314.54545454545456,13.454545454545455,10.545454545454545,141.88429752066116,1.0,8fe6c319c145bfe6c41b4bd884be5417741d8218678ea8dfc0735cca6b82988f,data/synthetic/seadronessee_30m_to_80m/geometry_only/val/train_00061225.png,data/synthetic/seadronessee_30m_to_80m/calibrated/val/train_00061225.png
train:61227,train:9116,train,61227,9116,9116.jpg,3840,2160,1,swimmer,2645.0,1262.0,41.0,33.0,1353.0,29.09858092045108,27.7,mavic,NorthSea_Sat_DJI_0131.MP4,3855,data/raw/seadronessee/odv2/images/train/9116.jpg,val,1760,1786,398,3546,2158,train_00061227,80.0,640,0.36363636363636365,312.3636363636364,314.1818181818182,14.90909090909091,12.0,178.90909090909093,1.0,8fe6c319c145bfe6c41b4bd884be5417741d8218678ea8dfc0735cca6b82988f,data/synthetic/seadronessee_30m_to_80m/geometry_only/val/train_00061227.png,data/synthetic/seadronessee_30m_to_80m/calibrated/val/train_00061227.png
train:61229,train:9116,train,61229,9116,9116.jpg,3840,2160,3,jetski,2012.0,982.0,129.0,60.0,7740.0,29.09858092045108,27.7,mavic,NorthSea_Sat_DJI_0131.MP4,3855,data/raw/seadronessee/odv2/images/train/9116.jpg,val,1760,1196,132,2956,1892,train_00061229,80.0,640,0.36363636363636365,296.72727272727275,309.0909090909091,46.909090909090914,21.81818181818182,1023.4710743801655,1.0,8fe6c319c145bfe6c41b4bd884be5417741d8218678ea8dfc0735cca6b82988f,data/synthetic/seadronessee_30m_to_80m/geometry_only/val/train_00061229.png,data/synthetic/seadronessee_30m_to_80m/calibrated/val/train_00061229.png
train:61244,train:9118,train,61244,9118,9118.jpg,3840,2160,1,swimmer,1818.0,1024.0,49.0,22.0,1078.0,27.99863456263334,27.7,mavic,NorthSea_Sat_DJI_0131.MP4,3885,data/raw/seadronessee/odv2/images/train/9118.jpg,val,1829,928,120,2757,1949,train_00061244,80.0,640,0.34991798797156914,311.4270092946965,316.3258611262985,17.14598141060689,7.698195735374521,131.99312097394477,1.0,8fe6c319c145bfe6c41b4bd884be5417741d8218678ea8dfc0735cca6b82988f,data/synthetic/seadronessee_30m_to_80m/geometry_only/val/train_00061244.png,data/synthetic/seadronessee_30m_to_80m/calibrated/val/train_00061244.png
train:61247,train:9118,train,61247,9118,9118.jpg,3840,2160,1,swimmer,1775.0,1094.0,76.0,37.0,2812.0,27.99863456263334,27.7,mavic,NorthSea_Sat_DJI_0131.MP4,3885,data/raw/seadronessee/odv2/images/train/9118.jpg,val,1829,898,198,2727,2027,train_00061247,80.0,640,0.34991798797156914,306.87807545106614,313.52651722252597,26.593767085839254,12.946965554948058,344.3085864366722,1.0,8fe6c319c145bfe6c41b4bd884be5417741d8218678ea8dfc0735cca6b82988f,data/synthetic/seadronessee_30m_to_80m/geometry_only/val/train_00061247.png,data/synthetic/seadronessee_30m_to_80m/calibrated/val/train_00061247.png
train:61251,train:9118,train,61251,9118,9118.jpg,3840,2160,3,jetski,2036.0,995.0,124.0,62.0,7688.0,27.99863456263334,27.7,mavic,NorthSea_Sat_DJI_0131.MP4,3885,data/raw/seadronessee/odv2/images/train/9118.jpg,val,1829,1184,112,3013,1941,train_00061251,80.0,640,0.34991798797156914,298.1301257517769,308.97758337889553,43.389830508474574,21.694915254237287,941.3386957770755,1.0,8fe6c319c145bfe6c41b4bd884be5417741d8218678ea8dfc0735cca6b82988f,data/synthetic/seadronessee_30m_to_80m/geometry_only/val/train_00061251.png,data/synthetic/seadronessee_30m_to_80m/calibrated/val/train_00061251.png
train:61265,train:9120,train,61265,9120,9120.jpg,3840,2160,1,swimmer,1837.0,1029.0,34.0,21.0,714.0,27.79864431575739,27.7,mavic,NorthSea_Sat_DJI_0131.MP4,3915,data/raw/seadronessee/odv2/images/train/9120.jpg,val,1842,933,118,2775,1960,train_00061265,80.0,640,0.3474484256243214,314.0933767643865,316.5255157437568,11.813246471226927,7.296416938110749,86.19437164673718,1.0,8fe6c319c145bfe6c41b4bd884be5417741d8218678ea8dfc0735cca6b82988f,data/synthetic/seadronessee_30m_to_80m/geometry_only/val/train_00061265.png,data/synthetic/seadronessee_30m_to_80m/calibrated/val/train_00061265.png
train:61269,train:9120,train,61269,9120,9120.jpg,3840,2160,1,swimmer,1788.0,1101.0,95.0,34.0,3230.0,27.79864431575739,27.7,mavic,NorthSea_Sat_DJI_0131.MP4,3915,data/raw/seadronessee/odv2/images/train/9120.jpg,val,1842,914,197,2756,2039,train_00061269,80.0,640,0.3474484256243214,303.66992399565686,314.0933767643865,33.00760043431053,11.813246471226927,389.9269193542873,1.0,8fe6c319c145bfe6c41b4bd884be5417741d8218678ea8dfc0735cca6b82988f,data/synthetic/seadronessee_30m_to_80m/geometry_only/val/train_00061269.png,data/synthetic/seadronessee_30m_to_80m/calibrated/val/train_00061269.png
train:61273,train:9120,train,61273,9120,9120.jpg,3840,2160,3,jetski,2062.0,1003.0,124.0,63.0,7812.0,27.79864431575739,27.7,mavic,NorthSea_Sat_DJI_0131.MP4,3915,data/raw/seadronessee/odv2/images/train/9120.jpg,val,1842,1203,114,3045,1956,train_00061273,80.0,640,0.3474484256243214,298.45819761129206,308.8816503800217,43.08360477741585,21.889250814332247,943.0678309584185,1.0,8fe6c319c145bfe6c41b4bd884be5417741d8218678ea8dfc0735cca6b82988f,data/synthetic/seadronessee_30m_to_80m/geometry_only/val/train_00061273.png,data/synthetic/seadronessee_30m_to_80m/calibrated/val/train_00061273.png
train:61287,train:9122,train,61287,9122,9122.jpg,3840,2160,1,swimmer,1744.0,1025.0,44.0,21.0,924.0,27.99863456263334,27.7,mavic,NorthSea_Sat_DJI_0131.MP4,3945,data/raw/seadronessee/odv2/images/train/9122.jpg,val,1829,852,121,2681,1950,train_00061287,80.0,640,0.34991798797156914,312.12684527063965,316.3258611262985,15.396391470749043,7.348277747402952,113.1369608348098,1.0,8fe6c319c145bfe6c41b4bd884be5417741d8218678ea8dfc0735cca6b82988f,data/synthetic/seadronessee_30m_to_80m/geometry_only/val/train_00061287.png,data/synthetic/seadronessee_30m_to_80m/calibrated/val/train_00061287.png
train:61291,train:9122,train,61291,9122,9122.jpg,3840,2160,1,swimmer,1709.0,1099.0,79.0,32.0,2528.0,27.99863456263334,27.7,mavic,NorthSea_Sat_DJI_0131.MP4,3945,data/raw/seadronessee/odv2/images/train/9122.jpg,val,1829,834,200,2663,2029,train_00061291,80.0,640,0.34991798797156914,306.178239475123,314.57627118644064,27.64352104975396,11.197375615090213,309.534888517748,1.0,8fe6c319c145bfe6c41b4bd884be5417741d8218678ea8dfc0735cca6b82988f,data/synthetic/seadronessee_30m_to_80m/geometry_only/val/train_00061291.png,data/synthetic/seadronessee_30m_to_80m/calibrated/val/train_00061291.png
train:61295,train:9122,train,61295,9122,9122.jpg,3840,2160,3,jetski,1996.0,1009.0,117.0,67.0,7839.0,27.99863456263334,27.7,mavic,NorthSea_Sat_DJI_0131.MP4,3945,data/raw/seadronessee/odv2/images/train/9122.jpg,val,1829,1140,128,2969,1957,train_00061295,80.0,640,0.34991798797156914,299.5297977036632,308.2777474029524,40.94040459267359,23.444505194095132,959.8275281212922,1.0,8fe6c319c145bfe6c41b4bd884be5417741d8218678ea8dfc0735cca6b82988f,data/synthetic/seadronessee_30m_to_80m/geometry_only/val/train_00061295.png,data/synthetic/seadronessee_30m_to_80m/calibrated/val/train_00061295.png
train:61309,train:9124,train,61309,9124,9124.jpg,3840,2160,1,swimmer,1590.0,1004.0,44.0,21.0,924.0,27.59865406888144,27.7,mavic,NorthSea_Sat_DJI_0131.MP4,3975,data/raw/seadronessee/odv2/images/train/9124.jpg,val,1855,684,87,2539,1942,train_00061309,80.0,640,0.3450134770889488,312.5822102425876,316.37735849056605,15.180592991913748,7.245283018867925,109.98769262065811,1.0,8fe6c319c145bfe6c41b4bd884be5417741d8218678ea8dfc0735cca6b82988f,data/synthetic/seadronessee_30m_to_80m/geometry_only/val/train_00061309.png,data/synthetic/seadronessee_30m_to_80m/calibrated/val/train_00061309.png
train:61316,train:9124,train,61316,9124,9124.jpg,3840,2160,3,jetski,1846.0,1004.0,119.0,67.0,7973.0,27.59865406888144,27.7,mavic,NorthSea_Sat_DJI_0131.MP4,3975,data/raw/seadronessee/odv2/images/train/9124.jpg,val,1855,978,110,2833,1965,train_00061316,80.0,640,0.3450134770889488,299.47169811320754,308.4420485175202,41.05660377358491,23.11590296495957,949.0604689009817,1.0,8fe6c319c145bfe6c41b4bd884be5417741d8218678ea8dfc0735cca6b82988f,data/synthetic/seadronessee_30m_to_80m/geometry_only/val/train_00061316.png,data/synthetic/seadronessee_30m_to_80m/calibrated/val/train_00061316.png
train:61328,train:9126,train,61328,9126,9126.jpg,3840,2160,1,swimmer,1592.0,998.0,42.0,25.0,1050.0,26.998683328253588,27.7,mavic,NorthSea_Sat_DJI_0131.MP4,4005,data/raw/seadronessee/odv2/images/train/9126.jpg,val,1896,665,62,2561,1958,train_00061328,80.0,640,0.33755274261603374,312.9113924050633,315.9493670886076,14.177215189873417,8.438818565400844,119.63894674998664,1.0,8fe6c319c145bfe6c41b4bd884be5417741d8218678ea8dfc0735cca6b82988f,data/synthetic/seadronessee_30m_to_80m/geometry_only/val/train_00061328.png,data/synthetic/seadronessee_30m_to_80m/calibrated/val/train_00061328.png
train:61336,train:9126,train,61336,9126,9126.jpg,3840,2160,3,jetski,1848.0,1018.0,125.0,71.0,8875.0,26.998683328253588,27.7,mavic,NorthSea_Sat_DJI_0131.MP4,4005,data/raw/seadronessee/odv2/images/train/9126.jpg,val,1896,962,106,2858,2002,train_00061336,80.0,640,0.33755274261603374,299.07172995780587,307.8481012658228,42.19409282700422,23.966244725738395,1011.2339546725061,1.0,8fe6c319c145bfe6c41b4bd884be5417741d8218678ea8dfc0735cca6b82988f,data/synthetic/seadronessee_30m_to_80m/geometry_only/val/train_00061336.png,data/synthetic/seadronessee_30m_to_80m/calibrated/val/train_00061336.png
train:61347,train:9128,train,61347,9128,9128.jpg,3840,2160,1,swimmer,1648.0,1002.0,58.0,29.0,1682.0,26.8986882048156,27.7,mavic,NorthSea_Sat_DJI_0131.MP4,4035,data/raw/seadronessee/odv2/images/train/9128.jpg,val,1903,726,65,2629,1968,train_00061347,80.0,640,0.33631108775617446,310.07882291119284,315.12348922753546,19.506043089858117,9.753021544929059,190.2428585117008,1.0,8fe6c319c145bfe6c41b4bd884be5417741d8218678ea8dfc0735cca6b82988f,data/synthetic/seadronessee_30m_to_80m/geometry_only/val/train_00061347.png,data/synthetic/seadronessee_30m_to_80m/calibrated/val/train_00061347.png
train:61356,train:9128,train,61356,9128,9128.jpg,3840,2160,3,jetski,1926.0,1029.0,136.0,67.0,9112.0,26.8986882048156,27.7,mavic,NorthSea_Sat_DJI_0131.MP4,4035,data/raw/seadronessee/odv2/images/train/9128.jpg,val,1903,1042,111,2945,2014,train_00061356,80.0,640,0.33631108775617446,297.29900157645824,308.73357856016816,45.738307934839725,22.53284287966369,1030.6141062774186,1.0,8fe6c319c145bfe6c41b4bd884be5417741d8218678ea8dfc0735cca6b82988f,data/synthetic/seadronessee_30m_to_80m/geometry_only/val/train_00061356.png,data/synthetic/seadronessee_30m_to_80m/calibrated/val/train_00061356.png
train:61367,train:9130,train,61367,9130,9130.jpg,3840,2160,1,swimmer,1665.0,1042.0,84.0,27.0,2268.0,26.8986882048156,27.7,mavic,NorthSea_Sat_DJI_0131.MP4,4065,data/raw/seadronessee/odv2/images/train/9130.jpg,val,1903,756,104,2659,2007,train_00061367,80.0,640,0.33631108775617446,305.7067787703626,315.45980031529166,28.250131371518655,9.08039936941671,256.52247509187725,1.0,8fe6c319c145bfe6c41b4bd884be5417741d8218678ea8dfc0735cca6b82988f,data/synthetic/seadronessee_30m_to_80m/geometry_only/val/train_00061367.png,data/synthetic/seadronessee_30m_to_80m/calibrated/val/train_00061367.png
train:61376,train:9130,train,61376,9130,9130.jpg,3840,2160,3,jetski,1988.0,1075.0,144.0,75.0,10800.0,26.8986882048156,27.7,mavic,NorthSea_Sat_DJI_0131.MP4,4065,data/raw/seadronessee/odv2/images/train/9130.jpg,val,1903,1108,161,3011,2064,train_00061376,80.0,640,0.33631108775617446,295.95375722543355,307.38833420914347,48.428796636889125,25.223331581713087,1221.535595675606,1.0,8fe6c319c145bfe6c41b4bd884be5417741d8218678ea8dfc0735cca6b82988f,data/synthetic/seadronessee_30m_to_80m/geometry_only/val/train_00061376.png,data/synthetic/seadronessee_30m_to_80m/calibrated/val/train_00061376.png
train:61387,train:9132,train,61387,9132,9132.jpg,3840,2160,1,swimmer,1671.0,1066.0,68.0,30.0,2040.0,26.198722340749764,27.7,mavic,NorthSea_Sat_DJI_0131.MP4,4095,data/raw/seadronessee/odv2/images/train/9132.jpg,val,1954,728,104,2682,2058,train_00061387,80.0,640,0.32753326509723646,308.863868986694,315.08700102354146,22.27226202661208,9.825997952917094,218.8472010803234,1.0,8fe6c319c145bfe6c41b4bd884be5417741d8218678ea8dfc0735cca6b82988f,data/synthetic/seadronessee_30m_to_80m/geometry_only/val/train_00061387.png,data/synthetic/seadronessee_30m_to_80m/calibrated/val/train_00061387.png
train:61396,train:9132,train,61396,9132,9132.jpg,3840,2160,3,jetski,2044.0,1125.0,161.0,84.0,13524.0,26.198722340749764,27.7,mavic,NorthSea_Sat_DJI_0131.MP4,4095,data/raw/seadronessee/odv2/images/train/9132.jpg,val,1954,1148,190,3102,2144,train_00061396,80.0,640,0.32753326509723646,293.46980552712387,306.2436028659161,52.73285568065507,27.512794268167863,1450.82820951485,1.0,8fe6c319c145bfe6c41b4bd884be5417741d8218678ea8dfc0735cca6b82988f,data/synthetic/seadronessee_30m_to_80m/geometry_only/val/train_00061396.png,data/synthetic/seadronessee_30m_to_80m/calibrated/val/train_00061396.png
val:62130,val:9218,val,62130,9218,9218.jpg,3840,2160,3,jetski,1736.0,858.0,131.0,102.0,13362.0,28.998585797013103,35.7,mavic,NorthSea_Sat_DJI_0131.MP4,5385,data/raw/seadronessee/odv2/images/val/9218.jpg,val,1766,918,26,2684,1792,val_00062130,80.0,640,0.362400906002265,296.44394110985274,301.5175537938845,47.47451868629671,36.96489241223103,1754.8904755614096,1.0,8fe6c319c145bfe6c41b4bd884be5417741d8218678ea8dfc0735cca6b82988f,data/synthetic/seadronessee_30m_to_80m/geometry_only/val/val_00062130.png,data/synthetic/seadronessee_30m_to_80m/calibrated/val/val_00062130.png
val:62149,val:9220,val,62149,9220,9220.jpg,3840,2160,3,jetski,1742.0,924.0,123.0,108.0,13284.0,31.098483389210607,35.7,mavic,NorthSea_Sat_DJI_0131.MP4,5415,data/raw/seadronessee/odv2/images/val/9220.jpg,val,1646,980,155,2626,1801,val_00062149,80.0,640,0.3888213851761847,296.28189550425276,299.003645200486,47.82503037667072,41.99270959902795,2008.3026121722237,1.0,8fe6c319c145bfe6c41b4bd884be5417741d8218678ea8dfc0735cca6b82988f,data/synthetic/seadronessee_30m_to_80m/geometry_only/val/val_00062149.png,data/synthetic/seadronessee_30m_to_80m/calibrated/val/val_00062149.png
val:62150,val:9220,val,62150,9220,9220.jpg,3840,2160,1,swimmer,1870.0,839.0,32.0,23.0,736.0,31.098483389210607,35.7,mavic,NorthSea_Sat_DJI_0131.MP4,5415,data/raw/seadronessee/odv2/images/val/9220.jpg,val,1646,1063,28,2709,1674,val_00062150,80.0,640,0.3888213851761847,313.7788578371811,315.33414337788577,12.44228432563791,8.942891859052247,111.27000320376065,1.0,8fe6c319c145bfe6c41b4bd884be5417741d8218678ea8dfc0735cca6b82988f,data/synthetic/seadronessee_30m_to_80m/geometry_only/val/val_00062150.png,data/synthetic/seadronessee_30m_to_80m/calibrated/val/val_00062150.png
val:62151,val:9220,val,62151,9220,9220.jpg,3840,2160,1,swimmer,1952.0,835.0,35.0,26.0,910.0,31.098483389210607,35.7,mavic,NorthSea_Sat_DJI_0131.MP4,5415,data/raw/seadronessee/odv2/images/val/9220.jpg,val,1646,1146,25,2792,1671,val_00062151,80.0,640,0.3888213851761847,313.3900364520049,314.9453219927096,13.608748481166465,10.109356014580802,137.57568330899755,1.0,8fe6c319c145bfe6c41b4bd884be5417741d8218678ea8dfc0735cca6b82988f,data/synthetic/seadronessee_30m_to_80m/geometry_only/val/val_00062151.png,data/synthetic/seadronessee_30m_to_80m/calibrated/val/val_00062151.png
val:62152,val:9220,val,62152,9220,9220.jpg,3840,2160,1,swimmer,1939.0,816.0,41.0,28.0,1148.0,31.098483389210607,35.7,mavic,NorthSea_Sat_DJI_0131.MP4,5415,data/raw/seadronessee/odv2/images/val/9220.jpg,val,1646,1136,7,2782,1653,val_00062152,80.0,640,0.3888213851761847,312.22357229647633,314.5565006075334,15.941676792223573,10.886998784933171,173.55701586673538,1.0,8fe6c319c145bfe6c41b4bd884be5417741d8218678ea8dfc0735cca6b82988f,data/synthetic/seadronessee_30m_to_80m/geometry_only/val/val_00062152.png,data/synthetic/seadronessee_30m_to_80m/calibrated/val/val_00062152.png
val:62153,val:9220,val,62153,9220,9220.jpg,3840,2160,1,swimmer,2461.0,1003.0,51.0,48.0,2448.0,31.098483389210607,35.7,mavic,NorthSea_Sat_DJI_0131.MP4,5415,data/raw/seadronessee/odv2/images/val/9220.jpg,val,1646,1664,204,3310,1850,val_00062153,80.0,640,0.3888213851761847,309.8906439854192,310.6682867557716,19.82989064398542,18.663426488456864,370.0937063081604,1.0,8fe6c319c145bfe6c41b4bd884be5417741d8218678ea8dfc0735cca6b82988f,data/synthetic/seadronessee_30m_to_80m/geometry_only/val/val_00062153.png,data/synthetic/seadronessee_30m_to_80m/calibrated/val/val_00062153.png
val:62167,val:9222,val,62167,9222,9222.jpg,3840,2160,3,jetski,1748.0,997.0,117.0,111.0,12987.0,33.19838098140811,35.7,mavic,NorthSea_Sat_DJI_0131.MP4,5445,data/raw/seadronessee/odv2/images/val/9222.jpg,val,1542,1036,282,2578,1824,val_00062167,80.0,640,0.4150453955901427,295.5123216601816,296.75745784695204,48.5603112840467,46.070038910505836,2237.175430362307,1.0,8fe6c319c145bfe6c41b4bd884be5417741d8218678ea8dfc0735cca6b82988f,data/synthetic/seadronessee_30m_to_80m/geometry_only/val/val_00062167.png,data/synthetic/seadronessee_30m_to_80m/calibrated/val/val_00062167.png
val:62168,val:9222,val,62168,9222,9222.jpg,3840,2160,1,swimmer,1873.0,906.0,26.0,27.0,702.0,33.19838098140811,35.7,mavic,NorthSea_Sat_DJI_0131.MP4,5445,data/raw/seadronessee/odv2/images/val/9222.jpg,val,1542,1115,148,2657,1690,val_00062168,80.0,640,0.4150453955901427,314.60440985732816,314.60440985732816,10.79118028534371,11.206225680933853,120.9284016412058,1.0,8fe6c319c145bfe6c41b4bd884be5417741d8218678ea8dfc0735cca6b82988f,data/synthetic/seadronessee_30m_to_80m/geometry_only/val/val_00062168.png,data/synthetic/seadronessee_30m_to_80m/calibrated/val/val_00062168.png
val:62169,val:9222,val,62169,9222,9222.jpg,3840,2160,1,swimmer,1952.0,899.0,40.0,25.0,1000.0,33.19838098140811,35.7,mavic,NorthSea_Sat_DJI_0131.MP4,5445,data/raw/seadronessee/odv2/images/val/9222.jpg,val,1542,1201,140,2743,1682,val_00062169,80.0,640,0.4150453955901427,311.6990920881972,315.0194552529183,16.60181582360571,10.376134889753567,172.26268040057803,1.0,8fe6c319c145bfe6c41b4bd884be5417741d8218678ea8dfc0735cca6b82988f,data/synthetic/seadronessee_30m_to_80m/geometry_only/val/val_00062169.png,data/synthetic/seadronessee_30m_to_80m/calibrated/val/val_00062169.png
val:62172,val:9222,val,62172,9222,9222.jpg,3840,2160,1,swimmer,1918.0,886.0,43.0,33.0,1419.0,33.19838098140811,35.7,mavic,NorthSea_Sat_DJI_0131.MP4,5445,data/raw/seadronessee/odv2/images/val/9222.jpg,val,1542,1168,132,2710,1674,val_00062172,80.0,640,0.4150453955901427,311.28404669260703,312.9442282749676,17.846952010376135,13.69649805447471,244.44074348842025,1.0,8fe6c319c145bfe6c41b4bd884be5417741d8218678ea8dfc0735cca6b82988f,data/synthetic/seadronessee_30m_to_80m/geometry_only/val/val_00062172.png,data/synthetic/seadronessee_30m_to_80m/calibrated/val/val_00062172.png
val:62173,val:9222,val,62173,9222,9222.jpg,3840,2160,1,swimmer,2444.0,1097.0,52.0,43.0,2236.0,33.19838098140811,35.7,mavic,NorthSea_Sat_DJI_0131.MP4,5445,data/raw/seadronessee/odv2/images/val/9222.jpg,val,1542,1699,348,3241,1890,val_00062173,80.0,640,0.4150453955901427,309.20881971465633,310.8690012970169,21.58236057068742,17.846952010376135,385.1793533756925,1.0,8fe6c319c145bfe6c41b4bd884be5417741d8218678ea8dfc0735cca6b82988f,data/synthetic/seadronessee_30m_to_80m/geometry_only/val/val_00062173.png,data/synthetic/seadronessee_30m_to_80m/calibrated/val/val_00062173.png
val:62176,val:9222,val,62176,9222,9222.jpg,3840,2160,1,swimmer,2385.0,1261.0,37.0,37.0,1369.0,33.19838098140811,35.7,mavic,NorthSea_Sat_DJI_0131.MP4,5445,data/raw/seadronessee/odv2/images/val/9222.jpg,val,1542,1632,508,3174,2050,val_00062176,80.0,640,0.4150453955901427,312.52918287937746,312.52918287937746,15.35667963683528,15.35667963683528,235.82760946839133,1.0,8fe6c319c145bfe6c41b4bd884be5417741d8218678ea8dfc0735cca6b82988f,data/synthetic/seadronessee_30m_to_80m/geometry_only/val/val_00062176.png,data/synthetic/seadronessee_30m_to_80m/calibrated/val/val_00062176.png
train:24814,train:5106,train,24814,5106,5106.jpg,3840,2160,1,swimmer,1897.0,896.0,62.0,98.0,6076.0,30.298522401706794,45.2,mavic,DJI_0059.MP4,3000,data/raw/seadronessee/odv2/images/train/5106.jpg,test,1690,1083,100,2773,1790,train_00024814,80.0,640,0.378698224852071,308.2603550295858,301.4437869822485,23.4792899408284,37.112426035502956,871.3734112951227,1.0,8fe6c319c145bfe6c41b4bd884be5417741d8218678ea8dfc0735cca6b82988f,data/synthetic/seadronessee_30m_to_80m/geometry_only/test/train_00024814.png,data/synthetic/seadronessee_30m_to_80m/calibrated/test/train_00024814.png
train:24825,train:5108,train,24825,5108,5108.jpg,3840,2160,1,swimmer,1761.0,909.0,80.0,86.0,6880.0,30.298522401706794,45.2,mavic,DJI_0059.MP4,3030,data/raw/seadronessee/odv2/images/train/5108.jpg,test,1690,956,107,2646,1797,train_00024825,80.0,640,0.378698224852071,304.85207100591714,303.71597633136093,30.29585798816568,32.5680473372781,986.6769370820348,1.0,8fe6c319c145bfe6c41b4bd884be5417741d8218678ea8dfc0735cca6b82988f,data/synthetic/seadronessee_30m_to_80m/geometry_only/test/train_00024825.png,data/synthetic/seadronessee_30m_to_80m/calibrated/test/train_00024825.png
train:24826,train:5108,train,24826,5108,5108.jpg,3840,2160,1,swimmer,1993.0,1013.0,93.0,97.0,9021.0,30.298522401706794,45.2,mavic,DJI_0059.MP4,3030,data/raw/seadronessee/odv2/images/train/5108.jpg,test,1690,1194,216,2884,1906,train_00024826,80.0,640,0.378698224852071,302.57988165680473,301.8224852071006,35.218934911242606,36.73372781065088,1293.722768810616,1.0,8fe6c319c145bfe6c41b4bd884be5417741d8218678ea8dfc0735cca6b82988f,data/synthetic/seadronessee_30m_to_80m/geometry_only/test/train_00024826.png,data/synthetic/seadronessee_30m_to_80m/calibrated/test/train_00024826.png
train:24830,train:5108,train,24830,5108,5108.jpg,3840,2160,1,swimmer,2231.0,890.0,70.0,90.0,6300.0,30.298522401706794,45.2,mavic,DJI_0059.MP4,3030,data/raw/seadronessee/odv2/images/train/5108.jpg,test,1690,1421,90,3111,1780,train_00024830,80.0,640,0.378698224852071,306.7455621301775,302.9585798816568,26.50887573964497,34.08284023668639,903.4977766884912,1.0,8fe6c319c145bfe6c41b4bd884be5417741d8218678ea8dfc0735cca6b82988f,data/synthetic/seadronessee_30m_to_80m/geometry_only/test/train_00024830.png,data/synthetic/seadronessee_30m_to_80m/calibrated/test/train_00024830.png
train:24840,train:5110,train,24840,5110,5110.jpg,3840,2160,1,swimmer,1774.0,993.0,82.0,84.0,6888.0,30.298522401706794,44.7,mavic,DJI_0059.MP4,3060,data/raw/seadronessee/odv2/images/train/5110.jpg,test,1690,970,190,2660,1880,train_00024840,80.0,640,0.378698224852071,304.4733727810651,304.094674556213,31.05325443786982,31.810650887573964,987.8242358460838,1.0,8fe6c319c145bfe6c41b4bd884be5417741d8218678ea8dfc0735cca6b82988f,data/synthetic/seadronessee_30m_to_80m/geometry_only/test/train_00024840.png,data/synthetic/seadronessee_30m_to_80m/calibrated/test/train_00024840.png
train:24841,train:5110,train,24841,5110,5110.jpg,3840,2160,1,swimmer,2010.0,1076.0,81.0,91.0,7371.0,30.298522401706794,44.7,mavic,DJI_0059.MP4,3060,data/raw/seadronessee/odv2/images/train/5110.jpg,test,1690,1206,276,2896,1966,train_00024841,80.0,640,0.378698224852071,304.4733727810651,302.9585798816568,30.674556213017752,34.46153846153846,1057.0923987255348,1.0,8fe6c319c145bfe6c41b4bd884be5417741d8218678ea8dfc0735cca6b82988f,data/synthetic/seadronessee_30m_to_80m/geometry_only/test/train_00024841.png,data/synthetic/seadronessee_30m_to_80m/calibrated/test/train_00024841.png
train:24845,train:5110,train,24845,5110,5110.jpg,3840,2160,1,swimmer,2225.0,979.0,77.0,79.0,6083.0,30.298522401706794,44.7,mavic,DJI_0059.MP4,3060,data/raw/seadronessee/odv2/images/train/5110.jpg,test,1690,1418,174,3108,1864,train_00024845,80.0,640,0.378698224852071,305.6094674556213,304.85207100591714,29.159763313609467,29.91715976331361,872.3772977136655,1.0,8fe6c319c145bfe6c41b4bd884be5417741d8218678ea8dfc0735cca6b82988f,data/synthetic/seadronessee_30m_to_80m/geometry_only/test/train_00024845.png,data/synthetic/seadronessee_30m_to_80m/calibrated/test/train_00024845.png
train:24856,train:5112,train,24856,5112,5112.jpg,3840,2160,1,swimmer,1781.0,1196.0,77.0,81.0,6237.0,30.19852727826882,38.2,mavic,DJI_0059.MP4,3090,data/raw/seadronessee/odv2/images/train/5112.jpg,test,1695,972,389,2667,2084,train_00024856,80.0,640,0.3775811209439528,305.4631268436578,304.7079646017699,29.073746312684364,30.584070796460175,889.1935155454615,1.0,8fe6c319c145bfe6c41b4bd884be5417741d8218678ea8dfc0735cca6b82988f,data/synthetic/seadronessee_30m_to_80m/geometry_only/test/train_00024856.png,data/synthetic/seadronessee_30m_to_80m/calibrated/test/train_00024856.png
train:24861,train:5112,train,24861,5112,5112.jpg,3840,2160,1,swimmer,2213.0,1178.0,79.0,86.0,6794.0,30.19852727826882,38.2,mavic,DJI_0059.MP4,3090,data/raw/seadronessee/odv2/images/train/5112.jpg,test,1695,1405,374,3100,2069,train_00024861,80.0,640,0.3775811209439528,305.08554572271385,303.57522123893807,29.828908554572273,32.471976401179944,968.6036146570254,1.0,8fe6c319c145bfe6c41b4bd884be5417741d8218678ea8dfc0735cca6b82988f,data/synthetic/seadronessee_30m_to_80m/geometry_only/test/train_00024861.png,data/synthetic/seadronessee_30m_to_80m/calibrated/test/train_00024861.png
train:24874,train:5114,train,24874,5114,5114.jpg,3840,2160,2,boat,1391.0,865.0,189.0,114.0,21546.0,30.19852727826882,33.3,mavic,DJI_0059.MP4,3120,data/raw/seadronessee/odv2/images/train/5114.jpg,test,1695,638,74,2333,1769,train_00024874,80.0,640,0.3775811209439528,284.3185840707965,298.6666666666667,71.36283185840708,43.044247787610615,3071.759417338867,1.0,8fe6c319c145bfe6c41b4bd884be5417741d8218678ea8dfc0735cca6b82988f,data/synthetic/seadronessee_30m_to_80m/geometry_only/test/train_00024874.png,data/synthetic/seadronessee_30m_to_80m/calibrated/test/train_00024874.png
train:24877,train:5114,train,24877,5114,5114.jpg,3840,2160,1,swimmer,2202.0,1270.0,85.0,77.0,6545.0,30.19852727826882,33.3,mavic,DJI_0059.MP4,3120,data/raw/seadronessee/odv2/images/train/5114.jpg,test,1695,1397,461,3092,2156,train_00024877,80.0,640,0.3775811209439528,303.952802359882,305.4631268436578,32.094395280235986,29.073746312684364,933.1043064365955,1.0,8fe6c319c145bfe6c41b4bd884be5417741d8218678ea8dfc0735cca6b82988f,data/synthetic/seadronessee_30m_to_80m/geometry_only/test/train_00024877.png,data/synthetic/seadronessee_30m_to_80m/calibrated/test/train_00024877.png
train:24878,train:5114,train,24878,5114,5114.jpg,3840,2160,1,swimmer,1932.0,939.0,51.0,50.0,2550.0,30.19852727826882,33.3,mavic,DJI_0059.MP4,3120,data/raw/seadronessee/odv2/images/train/5114.jpg,test,1695,1110,116,2805,1811,train_00024878,80.0,640,0.3775811209439528,310.3716814159292,310.7492625368732,19.256637168141594,18.87905604719764,363.5471323778944,1.0,8fe6c319c145bfe6c41b4bd884be5417741d8218678ea8dfc0735cca6b82988f,data/synthetic/seadronessee_30m_to_80m/geometry_only/test/train_00024878.png,data/synthetic/seadronessee_30m_to_80m/calibrated/test/train_00024878.png
train:24888,train:5116,train,24888,5116,5116.jpg,3840,2160,1,swimmer,1802.0,1243.0,55.0,68.0,3740.0,30.19852727826882,30.8,mavic,DJI_0059.MP4,3150,data/raw/seadronessee/odv2/images/train/5116.jpg,test,1695,982,430,2677,2125,train_00024888,80.0,640,0.3775811209439528,309.6165191740413,306.9734513274336,20.766961651917406,25.67551622418879,533.2024608209118,1.0,8fe6c319c145bfe6c41b4bd884be5417741d8218678ea8dfc0735cca6b82988f,data/synthetic/seadronessee_30m_to_80m/geometry_only/test/train_00024888.png,data/synthetic/seadronessee_30m_to_80m/calibrated/test/train_00024888.png
train:24890,train:5116,train,24890,5116,5116.jpg,3840,2160,2,boat,1400.0,834.0,186.0,112.0,20832.0,30.19852727826882,30.8,mavic,DJI_0059.MP4,3150,data/raw/seadronessee/odv2/images/train/5116.jpg,test,1695,646,42,2341,1737,train_00024890,80.0,640,0.3775811209439528,284.6961651917404,299.04424778761063,70.23008849557522,42.28908554572271,2969.966220273057,1.0,8fe6c319c145bfe6c41b4bd884be5417741d8218678ea8dfc0735cca6b82988f,data/synthetic/seadronessee_30m_to_80m/geometry_only/test/train_00024890.png,data/synthetic/seadronessee_30m_to_80m/calibrated/test/train_00024890.png
train:24893,train:5116,train,24893,5116,5116.jpg,3840,2160,1,swimmer,2180.0,1219.0,100.0,73.0,7300.0,30.19852727826882,30.8,mavic,DJI_0059.MP4,3150,data/raw/seadronessee/odv2/images/train/5116.jpg,test,1695,1382,408,3077,2103,train_00024893,80.0,640,0.3775811209439528,301.30973451327435,306.21828908554573,37.75811209439528,27.563421828908552,1040.742771121031,1.0,8fe6c319c145bfe6c41b4bd884be5417741d8218678ea8dfc0735cca6b82988f,data/synthetic/seadronessee_30m_to_80m/geometry_only/test/train_00024893.png,data/synthetic/seadronessee_30m_to_80m/calibrated/test/train_00024893.png
train:24894,train:5116,train,24894,5116,5116.jpg,3840,2160,1,swimmer,1923.0,920.0,88.0,35.0,3080.0,30.19852727826882,30.8,mavic,DJI_0059.MP4,3150,data/raw/seadronessee/odv2/images/train/5116.jpg,test,1695,1120,90,2815,1785,train_00024894,80.0,640,0.3775811209439528,303.19764011799407,313.39233038348084,33.227138643067846,13.215339233038348,439.1079089113391,1.0,8fe6c319c145bfe6c41b4bd884be5417741d8218678ea8dfc0735cca6b82988f,data/synthetic/seadronessee_30m_to_80m/geometry_only/test/train_00024894.png,data/synthetic/seadronessee_30m_to_80m/calibrated/test/train_00024894.png
train:24904,train:5118,train,24904,5118,5118.jpg,3840,2160,1,swimmer,1797.0,1232.0,60.0,73.0,4380.0,30.19852727826882,30.7,mavic,DJI_0059.MP4,3180,data/raw/seadronessee/odv2/images/train/5118.jpg,test,1695,980,421,2675,2116,train_00024904,80.0,640,0.3775811209439528,308.48377581120945,306.21828908554573,22.654867256637168,27.563421828908552,624.4456626726185,1.0,8fe6c319c145bfe6c41b4bd884be5417741d8218678ea8dfc0735cca6b82988f,data/synthetic/seadronessee_30m_to_80m/geometry_only/test/train_00024904.png,data/synthetic/seadronessee_30m_to_80m/calibrated/test/train_00024904.png
train:24906,train:5118,train,24906,5118,5118.jpg,3840,2160,2,boat,1402.0,830.0,184.0,110.0,20240.0,30.19852727826882,30.7,mavic,DJI_0059.MP4,3180,data/raw/seadronessee/odv2/images/train/5118.jpg,test,1695,646,38,2341,1733,train_00024906,80.0,640,0.3775811209439528,285.4513274336283,299.04424778761063,69.47492625368731,41.53392330383481,2885.5662585602286,1.0,8fe6c319c145bfe6c41b4bd884be5417741d8218678ea8dfc0735cca6b82988f,data/synthetic/seadronessee_30m_to_80m/geometry_only/test/train_00024906.png,data/synthetic/seadronessee_30m_to_80m/calibrated/test/train_00024906.png
train:24909,train:5118,train,24909,5118,5118.jpg,3840,2160,1,swimmer,2176.0,1209.0,87.0,62.0,5394.0,30.19852727826882,30.7,mavic,DJI_0059.MP4,3180,data/raw/seadronessee/odv2/images/train/5118.jpg,test,1695,1372,392,3067,2087,train_00024909,80.0,640,0.3775811209439528,303.57522123893807,308.48377581120945,32.849557522123895,23.410029498525073,769.0091106064166,1.0,8fe6c319c145bfe6c41b4bd884be5417741d8218678ea8dfc0735cca6b82988f,data/synthetic/seadronessee_30m_to_80m/geometry_only/test/train_00024909.png,data/synthetic/seadronessee_30m_to_80m/calibrated/test/train_00024909.png
train:24910,train:5118,train,24910,5118,5118.jpg,3840,2160,1,swimmer,1933.0,922.0,82.0,36.0,2952.0,30.19852727826882,30.7,mavic,DJI_0059.MP4,3180,data/raw/seadronessee/odv2/images/train/5118.jpg,test,1695,1126,92,2821,1787,train_00024910,80.0,640,0.3775811209439528,304.7079646017699,313.39233038348084,30.96165191740413,13.5929203539823,420.85926854099773,1.0,8fe6c319c145bfe6c41b4bd884be5417741d8218678ea8dfc0735cca6b82988f,data/synthetic/seadronessee_30m_to_80m/geometry_only/test/train_00024910.png,data/synthetic/seadronessee_30m_to_80m/calibrated/test/train_00024910.png
train:24920,train:5120,train,24920,5120,5120.jpg,3840,2160,1,swimmer,1802.0,1243.0,49.0,68.0,3332.0,30.19852727826882,30.7,mavic,DJI_0059.MP4,3210,data/raw/seadronessee/odv2/images/train/5120.jpg,test,1695,979,430,2674,2125,train_00024920,80.0,640,0.3775811209439528,310.7492625368732,306.9734513274336,18.501474926253685,25.67551622418879,475.0349196404486,1.0,8fe6c319c145bfe6c41b4bd884be5417741d8218678ea8dfc0735cca6b82988f,data/synthetic/seadronessee_30m_to_80m/geometry_only/test/train_00024920.png,data/synthetic/seadronessee_30m_to_80m/calibrated/test/train_00024920.png
train:24922,train:5120,train,24922,5120,5120.jpg,3840,2160,2,boat,1397.0,835.0,185.0,111.0,20535.0,30.19852727826882,30.7,mavic,DJI_0059.MP4,3210,data/raw/seadronessee/odv2/images/train/5120.jpg,test,1695,642,43,2337,1738,train_00024922,80.0,640,0.3775811209439528,285.07374631268436,299.04424778761063,69.85250737463127,41.91150442477876,2927.6236719137496,1.0,8fe6c319c145bfe6c41b4bd884be5417741d8218678ea8dfc0735cca6b82988f,data/synthetic/seadronessee_30m_to_80m/geometry_only/test/train_00024922.png,data/synthetic/seadronessee_30m_to_80m/calibrated/test/train_00024922.png
train:24925,train:5120,train,24925,5120,5120.jpg,3840,2160,1,swimmer,2172.0,1214.0,83.0,78.0,6474.0,30.19852727826882,30.7,mavic,DJI_0059.MP4,3210,data/raw/seadronessee/odv2/images/train/5120.jpg,test,1695,1366,406,3061,2101,train_00024925,80.0,640,0.3775811209439528,304.33038348082596,305.08554572271385,31.339233038348084,29.451327433628318,922.9820137311718,1.0,8fe6c319c145bfe6c41b4bd884be5417741d8218678ea8dfc0735cca6b82988f,data/synthetic/seadronessee_30m_to_80m/geometry_only/test/train_00024925.png,data/synthetic/seadronessee_30m_to_80m/calibrated/test/train_00024925.png
train:24926,train:5120,train,24926,5120,5120.jpg,3840,2160,1,swimmer,1951.0,932.0,44.0,44.0,1936.0,30.19852727826882,30.7,mavic,DJI_0059.MP4,3210,data/raw/seadronessee/odv2/images/train/5120.jpg,test,1695,1126,106,2821,1801,train_00024926,80.0,640,0.3775811209439528,311.50442477876106,311.882005899705,16.613569321533923,16.613569321533923,276.0106856014131,1.0,8fe6c319c145bfe6c41b4bd884be5417741d8218678ea8dfc0735cca6b82988f,data/synthetic/seadronessee_30m_to_80m/geometry_only/test/train_00024926.png,data/synthetic/seadronessee_30m_to_80m/calibrated/test/train_00024926.png
train:24936,train:5122,train,24936,5122,5122.jpg,3840,2160,1,swimmer,1809.0,1245.0,45.0,69.0,3105.0,30.19852727826882,30.7,mavic,DJI_0059.MP4,3240,data/raw/seadronessee/odv2/images/train/5122.jpg,test,1695,984,432,2679,2127,train_00024936,80.0,640,0.3775811209439528,311.50442477876106,306.9734513274336,16.991150442477874,26.05309734513274,442.6720964836713,1.0,8fe6c319c145bfe6c41b4bd884be5417741d8218678ea8dfc0735cca6b82988f,data/synthetic/seadronessee_30m_to_80m/geometry_only/test/train_00024936.png,data/synthetic/seadronessee_30m_to_80m/calibrated/test/train_00024936.png
train:24938,train:5122,train,24938,5122,5122.jpg,3840,2160,2,boat,1395.0,841.0,183.0,110.0,20130.0,30.19852727826882,30.7,mavic,DJI_0059.MP4,3240,data/raw/seadronessee/odv2/images/train/5122.jpg,test,1695,639,48,2334,1743,train_00024938,80.0,640,0.3775811209439528,285.4513274336283,299.4218289085546,69.09734513274336,41.53392330383481,2869.8838332419664,1.0,8fe6c319c145bfe6c41b4bd884be5417741d8218678ea8dfc0735cca6b82988f,data/synthetic/seadronessee_30m_to_80m/geometry_only/test/train_00024938.png,data/synthetic/seadronessee_30m_to_80m/calibrated/test/train_00024938.png
train:24941,train:5122,train,24941,5122,5122.jpg,3840,2160,1,swimmer,2162.0,1215.0,84.0,76.0,6384.0,30.19852727826882,30.7,mavic,DJI_0059.MP4,3240,data/raw/seadronessee/odv2/images/train/5122.jpg,test,1695,1356,406,3051,2101,train_00024941,80.0,640,0.3775811209439528,304.33038348082596,305.4631268436578,31.716814159292035,28.696165191740413,910.1509384707756,1.0,8fe6c319c145bfe6c41b4bd884be5417741d8218678ea8dfc0735cca6b82988f,data/synthetic/seadronessee_30m_to_80m/geometry_only/test/train_00024941.png,data/synthetic/seadronessee_30m_to_80m/calibrated/test/train_00024941.png
train:24942,train:5122,train,24942,5122,5122.jpg,3840,2160,1,swimmer,1953.0,946.0,53.0,37.0,1961.0,30.19852727826882,30.7,mavic,DJI_0059.MP4,3240,data/raw/seadronessee/odv2/images/train/5122.jpg,test,1695,1132,117,2827,1812,train_00024942,80.0,640,0.3775811209439528,309.99410029498523,313.0147492625369,20.011799410029496,13.970501474926253,279.5748731737454,1.0,8fe6c319c145bfe6c41b4bd884be5417741d8218678ea8dfc0735cca6b82988f,data/synthetic/seadronessee_30m_to_80m/geometry_only/test/train_00024942.png,data/synthetic/seadronessee_30m_to_80m/calibrated/test/train_00024942.png
train:24952,train:5124,train,24952,5124,5124.jpg,3840,2160,1,swimmer,1814.0,1246.0,45.0,67.0,3015.0,30.19852727826882,30.7,mavic,DJI_0059.MP4,3270,data/raw/seadronessee/odv2/images/train/5124.jpg,test,1695,989,432,2684,2127,train_00024952,80.0,640,0.3775811209439528,311.50442477876106,307.35103244837757,16.991150442477874,25.29793510324484,429.8410212232751,1.0,8fe6c319c145bfe6c41b4bd884be5417741d8218678ea8dfc0735cca6b82988f,data/synthetic/seadronessee_30m_to_80m/geometry_only/test/train_00024952.png,data/synthetic/seadronessee_30m_to_80m/calibrated/test/train_00024952.png
train:24954,train:5124,train,24954,5124,5124.jpg,3840,2160,2,boat,1394.0,846.0,184.0,111.0,20424.0,30.19852727826882,30.7,mavic,DJI_0059.MP4,3270,data/raw/seadronessee/odv2/images/train/5124.jpg,test,1695,638,54,2333,1749,train_00024954,80.0,640,0.3775811209439528,285.4513274336283,299.04424778761063,69.47492625368731,41.91150442477876,2911.7986790925943,1.0,8fe6c319c145bfe6c41b4bd884be5417741d8218678ea8dfc0735cca6b82988f,data/synthetic/seadronessee_30m_to_80m/geometry_only/test/train_00024954.png,data/synthetic/seadronessee_30m_to_80m/calibrated/test/train_00024954.png
train:24957,train:5124,train,24957,5124,5124.jpg,3840,2160,1,swimmer,2152.0,1212.0,92.0,77.0,7084.0,30.19852727826882,30.7,mavic,DJI_0059.MP4,3270,data/raw/seadronessee/odv2/images/train/5124.jpg,test,1695,1350,403,3045,2098,train_00024957,80.0,640,0.3775811209439528,302.8200589970501,305.4631268436578,34.73746312684366,29.073746312684364,1009.9481904960799,1.0,8fe6c319c145bfe6c41b4bd884be5417741d8218678ea8dfc0735cca6b82988f,data/synthetic/seadronessee_30m_to_80m/geometry_only/test/train_00024957.png,data/synthetic/seadronessee_30m_to_80m/calibrated/test/train_00024957.png
train:24958,train:5124,train,24958,5124,5124.jpg,3840,2160,1,swimmer,1966.0,946.0,47.0,39.0,1833.0,30.19852727826882,30.7,mavic,DJI_0059.MP4,3270,data/raw/seadronessee/odv2/images/train/5124.jpg,test,1695,1142,118,2837,1813,train_00024958,80.0,640,0.3775811209439528,311.1268436578171,312.6371681415929,17.746312684365783,14.725663716814159,261.3262328034041,1.0,8fe6c319c145bfe6c41b4bd884be5417741d8218678ea8dfc0735cca6b82988f,data/synthetic/seadronessee_30m_to_80m/geometry_only/test/train_00024958.png,data/synthetic/seadronessee_30m_to_80m/calibrated/test/train_00024958.png
train:24968,train:5126,train,24968,5126,5126.jpg,3840,2160,1,swimmer,1813.0,1252.0,55.0,70.0,3850.0,30.19852727826882,30.7,mavic,DJI_0059.MP4,3300,data/raw/seadronessee/odv2/images/train/5126.jpg,test,1695,993,440,2688,2135,train_00024968,80.0,640,0.3775811209439528,309.6165191740413,306.5958702064897,20.766961651917406,26.430678466076696,548.8848861391739,1.0,8fe6c319c145bfe6c41b4bd884be5417741d8218678ea8dfc0735cca6b82988f,data/synthetic/seadronessee_30m_to_80m/geometry_only/test/train_00024968.png,data/synthetic/seadronessee_30m_to_80m/calibrated/test/train_00024968.png
train:24970,train:5126,train,24970,5126,5126.jpg,3840,2160,2,boat,1393.0,845.0,183.0,110.0,20130.0,30.19852727826882,30.7,mavic,DJI_0059.MP4,3300,data/raw/seadronessee/odv2/images/train/5126.jpg,test,1695,637,52,2332,1747,train_00024970,80.0,640,0.3775811209439528,285.4513274336283,299.4218289085546,69.09734513274336,41.53392330383481,2869.8838332419664,1.0,8fe6c319c145bfe6c41b4bd884be5417741d8218678ea8dfc0735cca6b82988f,data/synthetic/seadronessee_30m_to_80m/geometry_only/test/train_00024970.png,data/synthetic/seadronessee_30m_to_80m/calibrated/test/train_00024970.png
train:24973,train:5126,train,24973,5126,5126.jpg,3840,2160,1,swimmer,2159.0,1215.0,82.0,68.0,5576.0,30.19852727826882,30.7,mavic,DJI_0059.MP4,3300,data/raw/seadronessee/odv2/images/train/5126.jpg,test,1695,1352,402,3047,2097,train_00024973,80.0,640,0.3775811209439528,304.7079646017699,306.9734513274336,30.96165191740413,25.67551622418879,794.9563961329957,1.0,8fe6c319c145bfe6c41b4bd884be5417741d8218678ea8dfc0735cca6b82988f,data/synthetic/seadronessee_30m_to_80m/geometry_only/test/train_00024973.png,data/synthetic/seadronessee_30m_to_80m/calibrated/test/train_00024973.png
train:24974,train:5126,train,24974,5126,5126.jpg,3840,2160,1,swimmer,1961.0,958.0,65.0,32.0,2080.0,30.19852727826882,30.7,mavic,DJI_0059.MP4,3300,data/raw/seadronessee/odv2/images/train/5126.jpg,test,1695,1146,126,2841,1821,train_00024974,80.0,640,0.3775811209439528,307.7286135693215,314.1474926253687,24.54277286135693,12.08259587020649,296.5404060180472,1.0,8fe6c319c145bfe6c41b4bd884be5417741d8218678ea8dfc0735cca6b82988f,data/synthetic/seadronessee_30m_to_80m/geometry_only/test/train_00024974.png,data/synthetic/seadronessee_30m_to_80m/calibrated/test/train_00024974.png
train:24984,train:5128,train,24984,5128,5128.jpg,3840,2160,1,swimmer,1807.0,1258.0,65.0,63.0,4095.0,30.19852727826882,30.7,mavic,DJI_0059.MP4,3330,data/raw/seadronessee/odv2/images/train/5128.jpg,test,1695,992,442,2687,2137,train_00024984,80.0,640,0.3775811209439528,307.7286135693215,308.1061946902655,24.54277286135693,23.787610619469028,583.8139243480304,1.0,8fe6c319c145bfe6c41b4bd884be5417741d8218678ea8dfc0735cca6b82988f,data/synthetic/seadronessee_30m_to_80m/geometry_only/test/train_00024984.png,data/synthetic/seadronessee_30m_to_80m/calibrated/test/train_00024984.png
train:24986,train:5128,train,24986,5128,5128.jpg,3840,2160,2,boat,1390.0,850.0,183.0,110.0,20130.0,30.19852727826882,30.7,mavic,DJI_0059.MP4,3330,data/raw/seadronessee/odv2/images/train/5128.jpg,test,1695,634,58,2329,1753,train_00024986,80.0,640,0.3775811209439528,285.4513274336283,299.04424778761063,69.09734513274336,41.53392330383481,2869.8838332419664,1.0,8fe6c319c145bfe6c41b4bd884be5417741d8218678ea8dfc0735cca6b82988f,data/synthetic/seadronessee_30m_to_80m/geometry_only/test/train_00024986.png,data/synthetic/seadronessee_30m_to_80m/calibrated/test/train_00024986.png
train:24989,train:5128,train,24989,5128,5128.jpg,3840,2160,1,swimmer,2157.0,1212.0,72.0,72.0,5184.0,30.19852727826882,30.7,mavic,DJI_0059.MP4,3330,data/raw/seadronessee/odv2/images/train/5128.jpg,test,1695,1346,400,3041,2095,train_00024989,80.0,640,0.3775811209439528,306.21828908554573,306.5958702064897,27.1858407079646,27.1858407079646,739.0699349988253,1.0,8fe6c319c145bfe6c41b4bd884be5417741d8218678ea8dfc0735cca6b82988f,data/synthetic/seadronessee_30m_to_80m/geometry_only/test/train_00024989.png,data/synthetic/seadronessee_30m_to_80m/calibrated/test/train_00024989.png
train:24990,train:5128,train,24990,5128,5128.jpg,3840,2160,1,swimmer,1969.0,963.0,44.0,29.0,1276.0,30.19852727826882,30.7,mavic,DJI_0059.MP4,3330,data/raw/seadronessee/odv2/images/train/5128.jpg,test,1695,1144,130,2839,1825,train_00024990,80.0,640,0.3775811209439528,311.50442477876106,314.52507374631267,16.613569321533923,10.949852507374631,181.91613369184049,1.0,8fe6c319c145bfe6c41b4bd884be5417741d8218678ea8dfc0735cca6b82988f,data/synthetic/seadronessee_30m_to_80m/geometry_only/test/train_00024990.png,data/synthetic/seadronessee_30m_to_80m/calibrated/test/train_00024990.png
train:25000,train:5130,train,25000,5130,5130.jpg,3840,2160,1,swimmer,1819.0,1257.0,52.0,60.0,3120.0,30.19852727826882,30.7,mavic,DJI_0059.MP4,3360,data/raw/seadronessee/odv2/images/train/5130.jpg,test,1695,998,440,2693,2135,train_00025000,80.0,640,0.3775811209439528,309.99410029498523,308.48377581120945,19.634218289085545,22.654867256637168,444.81060902707077,1.0,8fe6c319c145bfe6c41b4bd884be5417741d8218678ea8dfc0735cca6b82988f,data/synthetic/seadronessee_30m_to_80m/geometry_only/test/train_00025000.png,data/synthetic/seadronessee_30m_to_80m/calibrated/test/train_00025000.png
train:25002,train:5130,train,25002,5130,5130.jpg,3840,2160,2,boat,1388.0,852.0,181.0,109.0,19729.0,30.19852727826882,30.7,mavic,DJI_0059.MP4,3360,data/raw/seadronessee/odv2/images/train/5130.jpg,test,1695,631,59,2326,1754,train_00025002,80.0,640,0.3775811209439528,285.82890855457225,299.4218289085546,68.34218289085545,41.15634218289085,2812.7142645817557,1.0,8fe6c319c145bfe6c41b4bd884be5417741d8218678ea8dfc0735cca6b82988f,data/synthetic/seadronessee_30m_to_80m/geometry_only/test/train_00025002.png,data/synthetic/seadronessee_30m_to_80m/calibrated/test/train_00025002.png
train:25005,train:5130,train,25005,5130,5130.jpg,3840,2160,1,swimmer,2160.0,1210.0,68.0,73.0,4964.0,30.19852727826882,30.7,mavic,DJI_0059.MP4,3360,data/raw/seadronessee/odv2/images/train/5130.jpg,test,1695,1346,399,3041,2094,train_00025005,80.0,640,0.3775811209439528,307.35103244837757,306.21828908554573,25.67551622418879,27.563421828908552,707.705084362301,1.0,8fe6c319c145bfe6c41b4bd884be5417741d8218678ea8dfc0735cca6b82988f,data/synthetic/seadronessee_30m_to_80m/geometry_only/test/train_00025005.png,data/synthetic/seadronessee_30m_to_80m/calibrated/test/train_00025005.png
train:25006,train:5130,train,25006,5130,5130.jpg,3840,2160,1,swimmer,1959.0,974.0,72.0,29.0,2088.0,30.19852727826882,30.7,mavic,DJI_0059.MP4,3360,data/raw/seadronessee/odv2/images/train/5130.jpg,test,1695,1148,141,2843,1836,train_00025006,80.0,640,0.3775811209439528,306.21828908554573,314.52507374631267,27.1858407079646,10.949852507374631,297.6809460411935,1.0,8fe6c319c145bfe6c41b4bd884be5417741d8218678ea8dfc0735cca6b82988f,data/synthetic/seadronessee_30m_to_80m/geometry_only/test/train_00025006.png,data/synthetic/seadronessee_30m_to_80m/calibrated/test/train_00025006.png
train:25016,train:5132,train,25016,5132,5132.jpg,3840,2160,1,swimmer,1819.0,1260.0,52.0,67.0,3484.0,30.298522401706794,30.7,mavic,DJI_0059.MP4,3390,data/raw/seadronessee/odv2/images/train/5132.jpg,test,1690,1000,448,2690,2138,train_00025016,80.0,640,0.378698224852071,310.15384615384613,307.50295857988164,19.692307692307693,25.372781065088756,499.64861174328627,1.0,8fe6c319c145bfe6c41b4bd884be5417741d8218678ea8dfc0735cca6b82988f,data/synthetic/seadronessee_30m_to_80m/geometry_only/test/train_00025016.png,data/synthetic/seadronessee_30m_to_80m/calibrated/test/train_00025016.png
train:25017,train:5132,train,25017,5132,5132.jpg,3840,2160,1,swimmer,1982.0,1265.0,69.0,86.0,5934.0,30.298522401706794,30.7,mavic,DJI_0059.MP4,3390,data/raw/seadronessee/odv2/images/train/5132.jpg,test,1690,1172,463,2862,2153,train_00025017,80.0,640,0.378698224852071,306.7455621301775,303.71597633136093,26.130177514792898,32.5680473372781,851.008858233255,1.0,8fe6c319c145bfe6c41b4bd884be5417741d8218678ea8dfc0735cca6b82988f,data/synthetic/seadronessee_30m_to_80m/geometry_only/test/train_00025017.png,data/synthetic/seadronessee_30m_to_80m/calibrated/test/train_00025017.png
train:25018,train:5132,train,25018,5132,5132.jpg,3840,2160,2,boat,1382.0,855.0,182.0,109.0,19838.0,30.298522401706794,30.7,mavic,DJI_0059.MP4,3390,data/raw/seadronessee/odv2/images/train/5132.jpg,test,1690,628,64,2318,1754,train_00025018,80.0,640,0.378698224852071,285.53846153846155,299.55029585798815,68.92307692307692,41.27810650887574,2845.0141101502045,1.0,8fe6c319c145bfe6c41b4bd884be5417741d8218678ea8dfc0735cca6b82988f,data/synthetic/seadronessee_30m_to_80m/geometry_only/test/train_00025018.png,data/synthetic/seadronessee_30m_to_80m/calibrated/test/train_00025018.png
train:25021,train:5132,train,25021,5132,5132.jpg,3840,2160,1,swimmer,2152.0,1206.0,74.0,74.0,5476.0,30.298522401706794,30.7,mavic,DJI_0059.MP4,3390,data/raw/seadronessee/odv2/images/train/5132.jpg,test,1690,1344,398,3034,2088,train_00025021,80.0,640,0.378698224852071,305.98816568047334,305.98816568047334,28.023668639053255,28.023668639053255,785.3260039914569,1.0,8fe6c319c145bfe6c41b4bd884be5417741d8218678ea8dfc0735cca6b82988f,data/synthetic/seadronessee_30m_to_80m/geometry_only/test/train_00025021.png,data/synthetic/seadronessee_30m_to_80m/calibrated/test/train_00025021.png
train:25022,train:5132,train,25022,5132,5132.jpg,3840,2160,1,swimmer,1975.0,976.0,41.0,30.0,1230.0,30.298522401706794,30.7,mavic,DJI_0059.MP4,3390,data/raw/seadronessee/odv2/images/train/5132.jpg,test,1690,1150,146,2840,1836,train_00025022,80.0,640,0.378698224852071,312.4260355029586,314.3195266272189,15.52662721893491,11.36094674556213,176.39718497251496,1.0,8fe6c319c145bfe6c41b4bd884be5417741d8218678ea8dfc0735cca6b82988f,data/synthetic/seadronessee_30m_to_80m/geometry_only/test/train_00025022.png,data/synthetic/seadronessee_30m_to_80m/calibrated/test/train_00025022.png
train:25032,train:5134,train,25032,5134,5134.jpg,3840,2160,1,swimmer,1826.0,1265.0,46.0,56.0,2576.0,30.298522401706794,30.7,mavic,DJI_0059.MP4,3420,data/raw/seadronessee/odv2/images/train/5134.jpg,test,1690,1004,448,2694,2138,train_00025032,80.0,640,0.378698224852071,311.28994082840234,309.396449704142,17.420118343195266,21.207100591715975,369.4302020237386,1.0,8fe6c319c145bfe6c41b4bd884be5417741d8218678ea8dfc0735cca6b82988f,data/synthetic/seadronessee_30m_to_80m/geometry_only/test/train_00025032.png,data/synthetic/seadronessee_30m_to_80m/calibrated/test/train_00025032.png
train:25033,train:5134,train,25033,5134,5134.jpg,3840,2160,1,swimmer,1984.0,1266.0,59.0,81.0,4779.0,30.298522401706794,30.7,mavic,DJI_0059.MP4,3420,data/raw/seadronessee/odv2/images/train/5134.jpg,test,1690,1168,462,2858,2152,train_00025033,80.0,640,0.378698224852071,309.0177514792899,304.4733727810651,22.34319526627219,30.674556213017752,685.3675991736984,1.0,8fe6c319c145bfe6c41b4bd884be5417741d8218678ea8dfc0735cca6b82988f,data/synthetic/seadronessee_30m_to_80m/geometry_only/test/train_00025033.png,data/synthetic/seadronessee_30m_to_80m/calibrated/test/train_00025033.png
train:25034,train:5134,train,25034,5134,5134.jpg,3840,2160,2,boat,1378.0,858.0,181.0,109.0,19729.0,30.298522401706794,30.7,mavic,DJI_0059.MP4,3420,data/raw/seadronessee/odv2/images/train/5134.jpg,test,1690,624,68,2314,1758,train_00025034,80.0,640,0.378698224852071,285.53846153846155,299.17159763313606,68.54437869822485,41.27810650887574,2829.3821644900386,1.0,8fe6c319c145bfe6c41b4bd884be5417741d8218678ea8dfc0735cca6b82988f,data/synthetic/seadronessee_30m_to_80m/geometry_only/test/train_00025034.png,data/synthetic/seadronessee_30m_to_80m/calibrated/test/train_00025034.png
train:25037,train:5134,train,25037,5134,5134.jpg,3840,2160,1,swimmer,2133.0,1205.0,94.0,73.0,6862.0,30.298522401706794,30.7,mavic,DJI_0059.MP4,3420,data/raw/seadronessee/odv2/images/train/5134.jpg,test,1690,1335,396,3025,2086,train_00025037,80.0,640,0.378698224852071,302.20118343195264,306.36686390532543,35.59763313609467,27.644970414201183,984.0955148629248,1.0,8fe6c319c145bfe6c41b4bd884be5417741d8218678ea8dfc0735cca6b82988f,data/synthetic/seadronessee_30m_to_80m/geometry_only/test/train_00025037.png,data/synthetic/seadronessee_30m_to_80m/calibrated/test/train_00025037.png
train:25038,train:5134,train,25038,5134,5134.jpg,3840,2160,1,swimmer,1973.0,974.0,47.0,44.0,2068.0,30.298522401706794,30.7,mavic,DJI_0059.MP4,3420,data/raw/seadronessee/odv2/images/train/5134.jpg,test,1690,1152,151,2842,1841,train_00025038,80.0,640,0.378698224852071,310.9112426035503,311.6686390532544,17.798816568047336,16.662721893491124,296.5767305066349,1.0,8fe6c319c145bfe6c41b4bd884be5417741d8218678ea8dfc0735cca6b82988f,data/synthetic/seadronessee_30m_to_80m/geometry_only/test/train_00025038.png,data/synthetic/seadronessee_30m_to_80m/calibrated/test/train_00025038.png
train:25048,train:5136,train,25048,5136,5136.jpg,3840,2160,1,swimmer,1816.0,1272.0,57.0,51.0,2907.0,30.298522401706794,30.7,mavic,DJI_0059.MP4,3450,data/raw/seadronessee/odv2/images/train/5136.jpg,test,1690,1000,452,2690,2142,train_00025048,80.0,640,0.378698224852071,309.0177514792899,310.5325443786982,21.585798816568047,19.31360946745562,416.89968838626095,1.0,8fe6c319c145bfe6c41b4bd884be5417741d8218678ea8dfc0735cca6b82988f,data/synthetic/seadronessee_30m_to_80m/geometry_only/test/train_00025048.png,data/synthetic/seadronessee_30m_to_80m/calibrated/test/train_00025048.png
train:25049,train:5136,train,25049,5136,5136.jpg,3840,2160,1,swimmer,1976.0,1266.0,51.0,68.0,3468.0,30.298522401706794,30.7,mavic,DJI_0059.MP4,3450,data/raw/seadronessee/odv2/images/train/5136.jpg,test,1690,1156,455,2846,2145,train_00025049,80.0,640,0.378698224852071,310.5325443786982,307.1242603550296,19.31360946745562,25.75147928994083,497.3540142151885,1.0,8fe6c319c145bfe6c41b4bd884be5417741d8218678ea8dfc0735cca6b82988f,data/synthetic/seadronessee_30m_to_80m/geometry_only/test/train_00025049.png,data/synthetic/seadronessee_30m_to_80m/calibrated/test/train_00025049.png
train:25050,train:5136,train,25050,5136,5136.jpg,3840,2160,2,boat,1375.0,855.0,179.0,112.0,20048.0,30.298522401706794,30.7,mavic,DJI_0059.MP4,3450,data/raw/seadronessee/odv2/images/train/5136.jpg,test,1690,620,66,2310,1756,train_00025050,80.0,640,0.378698224852071,285.9171597633136,298.79289940828403,67.78698224852072,42.41420118343195,2875.1307027064877,1.0,8fe6c319c145bfe6c41b4bd884be5417741d8218678ea8dfc0735cca6b82988f,data/synthetic/seadronessee_30m_to_80m/geometry_only/test/train_00025050.png,data/synthetic/seadronessee_30m_to_80m/calibrated/test/train_00025050.png
train:25053,train:5136,train,25053,5136,5136.jpg,3840,2160,1,swimmer,2120.0,1197.0,96.0,79.0,7584.0,30.298522401706794,30.7,mavic,DJI_0059.MP4,3450,data/raw/seadronessee/odv2/images/train/5136.jpg,test,1690,1323,392,3013,2082,train_00025053,80.0,640,0.378698224852071,301.8224852071006,304.85207100591714,36.35502958579882,29.91715976331361,1087.639228318336,1.0,8fe6c319c145bfe6c41b4bd884be5417741d8218678ea8dfc0735cca6b82988f,data/synthetic/seadronessee_30m_to_80m/geometry_only/test/train_00025053.png,data/synthetic/seadronessee_30m_to_80m/calibrated/test/train_00025053.png
train:25054,train:5136,train,25054,5136,5136.jpg,3840,2160,1,swimmer,1970.0,975.0,50.0,51.0,2550.0,30.298522401706794,30.7,mavic,DJI_0059.MP4,3450,data/raw/seadronessee/odv2/images/train/5136.jpg,test,1690,1150,156,2840,1846,train_00025054,80.0,640,0.378698224852071,310.5325443786982,310.15384615384613,18.93491124260355,19.31360946745562,365.70148104057984,1.0,8fe6c319c145bfe6c41b4bd884be5417741d8218678ea8dfc0735cca6b82988f,data/synthetic/seadronessee_30m_to_80m/geometry_only/test/train_00025054.png,data/synthetic/seadronessee_30m_to_80m/calibrated/test/train_00025054.png
train:25064,train:5138,train,25064,5138,5138.jpg,3840,2160,1,swimmer,1804.0,1275.0,82.0,53.0,4346.0,30.298522401706794,30.7,mavic,DJI_0059.MP4,3480,data/raw/seadronessee/odv2/images/train/5138.jpg,test,1690,1000,456,2690,2146,train_00025064,80.0,640,0.378698224852071,304.4733727810651,310.15384615384613,31.05325443786982,20.071005917159763,623.2700535695528,1.0,8fe6c319c145bfe6c41b4bd884be5417741d8218678ea8dfc0735cca6b82988f,data/synthetic/seadronessee_30m_to_80m/geometry_only/test/train_00025064.png,data/synthetic/seadronessee_30m_to_80m/calibrated/test/train_00025064.png
train:25065,train:5138,train,25065,5138,5138.jpg,3840,2160,1,swimmer,1970.0,1257.0,54.0,76.0,4104.0,30.298522401706794,30.7,mavic,DJI_0059.MP4,3480,data/raw/seadronessee/odv2/images/train/5138.jpg,test,1690,1152,450,2842,2140,train_00025065,80.0,640,0.378698224852071,309.7751479289941,305.6094674556213,20.449704142011832,28.781065088757394,588.5642659570742,1.0,8fe6c319c145bfe6c41b4bd884be5417741d8218678ea8dfc0735cca6b82988f,data/synthetic/seadronessee_30m_to_80m/geometry_only/test/train_00025065.png,data/synthetic/seadronessee_30m_to_80m/calibrated/test/train_00025065.png
train:25066,train:5138,train,25066,5138,5138.jpg,3840,2160,2,boat,1370.0,858.0,178.0,112.0,19936.0,30.298522401706794,30.7,mavic,DJI_0059.MP4,3480,data/raw/seadronessee/odv2/images/train/5138.jpg,test,1690,614,69,2304,1759,train_00025066,80.0,640,0.378698224852071,286.29585798816566,298.79289940828403,67.40828402366864,42.41420118343195,2859.0685200098033,1.0,8fe6c319c145bfe6c41b4bd884be5417741d8218678ea8dfc0735cca6b82988f,data/synthetic/seadronessee_30m_to_80m/geometry_only/test/train_00025066.png,data/synthetic/seadronessee_30m_to_80m/calibrated/test/train_00025066.png
train:25069,train:5138,train,25069,5138,5138.jpg,3840,2160,1,swimmer,2122.0,1193.0,79.0,83.0,6557.0,30.298522401706794,30.7,mavic,DJI_0059.MP4,3480,data/raw/seadronessee/odv2/images/train/5138.jpg,test,1690,1316,390,3006,2080,train_00025069,80.0,640,0.378698224852071,305.2307692307692,304.094674556213,29.91715976331361,31.431952662721894,940.3547494835615,1.0,8fe6c319c145bfe6c41b4bd884be5417741d8218678ea8dfc0735cca6b82988f,data/synthetic/seadronessee_30m_to_80m/geometry_only/test/train_00025069.png,data/synthetic/seadronessee_30m_to_80m/calibrated/test/train_00025069.png
train:25070,train:5138,train,25070,5138,5138.jpg,3840,2160,1,swimmer,1975.0,975.0,52.0,63.0,3276.0,30.298522401706794,30.7,mavic,DJI_0059.MP4,3480,data/raw/seadronessee/odv2/images/train/5138.jpg,test,1690,1156,162,2846,1852,train_00025070,80.0,640,0.378698224852071,310.15384615384613,307.8816568047337,19.692307692307693,23.857988165680474,469.8188438780155,1.0,8fe6c319c145bfe6c41b4bd884be5417741d8218678ea8dfc0735cca6b82988f,data/synthetic/seadronessee_30m_to_80m/geometry_only/test/train_00025070.png,data/synthetic/seadronessee_30m_to_80m/calibrated/test/train_00025070.png
train:25080,train:5140,train,25080,5140,5140.jpg,3840,2160,1,swimmer,1654.0,1287.0,61.0,56.0,3416.0,30.298522401706794,30.7,mavic,DJI_0059.MP4,3510,data/raw/seadronessee/odv2/images/train/5140.jpg,test,1690,840,470,2530,2160,train_00025080,80.0,640,0.378698224852071,308.2603550295858,309.396449704142,23.100591715976332,21.207100591715975,489.8965722488708,1.0,8fe6c319c145bfe6c41b4bd884be5417741d8218678ea8dfc0735cca6b82988f,data/synthetic/seadronessee_30m_to_80m/geometry_only/test/train_00025080.png,data/synthetic/seadronessee_30m_to_80m/calibrated/test/train_00025080.png
train:25081,train:5140,train,25081,5140,5140.jpg,3840,2160,1,swimmer,1808.0,1248.0,70.0,87.0,6090.0,30.298522401706794,30.7,mavic,DJI_0059.MP4,3510,data/raw/seadronessee/odv2/images/train/5140.jpg,test,1690,998,446,2688,2136,train_00025081,80.0,640,0.378698224852071,306.7455621301775,303.71597633136093,26.50887573964497,32.946745562130175,873.3811841322082,1.0,8fe6c319c145bfe6c41b4bd884be5417741d8218678ea8dfc0735cca6b82988f,data/synthetic/seadronessee_30m_to_80m/geometry_only/test/train_00025081.png,data/synthetic/seadronessee_30m_to_80m/calibrated/test/train_00025081.png
train:25082,train:5140,train,25082,5140,5140.jpg,3840,2160,2,boat,1201.0,873.0,181.0,113.0,20453.0,30.298522401706794,30.7,mavic,DJI_0059.MP4,3510,data/raw/seadronessee/odv2/images/train/5140.jpg,test,1690,446,84,2136,1774,train_00025082,80.0,640,0.378698224852071,285.9171597633136,298.79289940828403,68.54437869822485,42.79289940828402,2933.212702636462,1.0,8fe6c319c145bfe6c41b4bd884be5417741d8218678ea8dfc0735cca6b82988f,data/synthetic/seadronessee_30m_to_80m/geometry_only/test/train_00025082.png,data/synthetic/seadronessee_30m_to_80m/calibrated/test/train_00025082.png
train:25085,train:5140,train,25085,5140,5140.jpg,3840,2160,1,swimmer,1972.0,1189.0,67.0,74.0,4958.0,30.298522401706794,30.7,mavic,DJI_0059.MP4,3510,data/raw/seadronessee/odv2/images/train/5140.jpg,test,1690,1160,381,2850,2071,train_00025085,80.0,640,0.378698224852071,307.50295857988164,305.98816568047334,25.372781065088756,28.023668639053255,711.038409019292,1.0,8fe6c319c145bfe6c41b4bd884be5417741d8218678ea8dfc0735cca6b82988f,data/synthetic/seadronessee_30m_to_80m/geometry_only/test/train_00025085.png,data/synthetic/seadronessee_30m_to_80m/calibrated/test/train_00025085.png
train:25086,train:5140,train,25086,5140,5140.jpg,3840,2160,1,swimmer,1802.0,979.0,83.0,56.0,4648.0,30.298522401706794,30.7,mavic,DJI_0059.MP4,3510,data/raw/seadronessee/odv2/images/train/5140.jpg,test,1690,998,162,2688,1852,train_00025086,80.0,640,0.378698224852071,304.4733727810651,309.396449704142,31.431952662721894,21.207100591715975,666.580581912398,1.0,8fe6c319c145bfe6c41b4bd884be5417741d8218678ea8dfc0735cca6b82988f,data/synthetic/seadronessee_30m_to_80m/geometry_only/test/train_00025086.png,data/synthetic/seadronessee_30m_to_80m/calibrated/test/train_00025086.png
train:25097,train:5142,train,25097,5142,5142.jpg,3840,2160,1,swimmer,1731.0,1246.0,60.0,71.0,4260.0,30.298522401706794,30.7,mavic,DJI_0059.MP4,3540,data/raw/seadronessee/odv2/images/train/5142.jpg,test,1690,916,436,2606,2126,train_00025097,80.0,640,0.378698224852071,308.63905325443784,306.7455621301775,22.72189349112426,26.88757396449704,610.9365918560273,1.0,8fe6c319c145bfe6c41b4bd884be5417741d8218678ea8dfc0735cca6b82988f,data/synthetic/seadronessee_30m_to_80m/geometry_only/test/train_00025097.png,data/synthetic/seadronessee_30m_to_80m/calibrated/test/train_00025097.png
train:25098,train:5142,train,25098,5142,5142.jpg,3840,2160,2,boat,1092.0,884.0,182.0,114.0,20748.0,30.298522401706794,30.7,mavic,DJI_0059.MP4,3540,data/raw/seadronessee/odv2/images/train/5142.jpg,test,1690,338,96,2028,1786,train_00025098,80.0,640,0.378698224852071,285.53846153846155,298.41420118343194,68.92307692307692,43.171597633136095,2975.5193445607647,1.0,8fe6c319c145bfe6c41b4bd884be5417741d8218678ea8dfc0735cca6b82988f,data/synthetic/seadronessee_30m_to_80m/geometry_only/test/train_00025098.png,data/synthetic/seadronessee_30m_to_80m/calibrated/test/train_00025098.png
train:25101,train:5142,train,25101,5142,5142.jpg,3840,2160,1,swimmer,1872.0,1183.0,69.0,73.0,5037.0,30.298522401706794,30.7,mavic,DJI_0059.MP4,3540,data/raw/seadronessee/odv2/images/train/5142.jpg,test,1690,1062,374,2752,2064,train_00025101,80.0,640,0.378698224852071,306.7455621301775,306.36686390532543,26.130177514792898,27.644970414201183,722.3679843142746,1.0,8fe6c319c145bfe6c41b4bd884be5417741d8218678ea8dfc0735cca6b82988f,data/synthetic/seadronessee_30m_to_80m/geometry_only/test/train_00025101.png,data/synthetic/seadronessee_30m_to_80m/calibrated/test/train_00025101.png
train:25102,train:5142,train,25102,5142,5142.jpg,3840,2160,1,swimmer,1716.0,967.0,56.0,69.0,3864.0,30.298522401706794,30.7,mavic,DJI_0059.MP4,3540,data/raw/seadronessee/odv2/images/train/5142.jpg,test,1690,899,156,2589,1846,train_00025102,80.0,640,0.378698224852071,309.396449704142,307.1242603550296,21.207100591715975,26.130177514792898,554.1453030356079,1.0,8fe6c319c145bfe6c41b4bd884be5417741d8218678ea8dfc0735cca6b82988f,data/synthetic/seadronessee_30m_to_80m/geometry_only/test/train_00025102.png,data/synthetic/seadronessee_30m_to_80m/calibrated/test/train_00025102.png
train:25113,train:5144,train,25113,5144,5144.jpg,3840,2160,1,swimmer,1872.0,1238.0,56.0,69.0,3864.0,30.298522401706794,30.7,mavic,DJI_0059.MP4,3570,data/raw/seadronessee/odv2/images/train/5144.jpg,test,1690,1055,428,2745,2118,train_00025113,80.0,640,0.378698224852071,309.396449704142,306.7455621301775,21.207100591715975,26.130177514792898,554.1453030356079,1.0,8fe6c319c145bfe6c41b4bd884be5417741d8218678ea8dfc0735cca6b82988f,data/synthetic/seadronessee_30m_to_80m/geometry_only/test/train_00025113.png,data/synthetic/seadronessee_30m_to_80m/calibrated/test/train_00025113.png
train:25114,train:5144,train,25114,5144,5144.jpg,3840,2160,2,boat,1194.0,877.0,190.0,119.0,22610.0,30.298522401706794,30.7,mavic,DJI_0059.MP4,3570,data/raw/seadronessee/odv2/images/train/5144.jpg,test,1690,444,92,2134,1782,train_00025114,80.0,640,0.378698224852071,284.02366863905326,297.27810650887574,71.95266272189349,45.065088757396445,3242.5531318931407,1.0,8fe6c319c145bfe6c41b4bd884be5417741d8218678ea8dfc0735cca6b82988f,data/synthetic/seadronessee_30m_to_80m/geometry_only/test/train_00025114.png,data/synthetic/seadronessee_30m_to_80m/calibrated/test/train_00025114.png
train:25117,train:5144,train,25117,5144,5144.jpg,3840,2160,1,swimmer,1987.0,1168.0,80.0,71.0,5680.0,30.298522401706794,30.7,mavic,DJI_0059.MP4,3570,data/raw/seadronessee/odv2/images/train/5144.jpg,test,1690,1182,358,2872,2048,train_00025117,80.0,640,0.378698224852071,304.85207100591714,306.7455621301775,30.29585798816568,26.88757396449704,814.5821224747032,1.0,8fe6c319c145bfe6c41b4bd884be5417741d8218678ea8dfc0735cca6b82988f,data/synthetic/seadronessee_30m_to_80m/geometry_only/test/train_00025117.png,data/synthetic/seadronessee_30m_to_80m/calibrated/test/train_00025117.png
train:25118,train:5144,train,25118,5144,5144.jpg,3840,2160,1,swimmer,1838.0,959.0,55.0,65.0,3575.0,30.298522401706794,30.7,mavic,DJI_0059.MP4,3570,data/raw/seadronessee/odv2/images/train/5144.jpg,test,1690,1020,146,2710,1836,train_00025118,80.0,640,0.378698224852071,309.7751479289941,307.8816568047337,20.828402366863905,24.615384615384613,512.6991351843423,1.0,8fe6c319c145bfe6c41b4bd884be5417741d8218678ea8dfc0735cca6b82988f,data/synthetic/seadronessee_30m_to_80m/geometry_only/test/train_00025118.png,data/synthetic/seadronessee_30m_to_80m/calibrated/test/train_00025118.png
train:40043,train:6882,train,40043,6882,6882.jpg,3840,2160,3,jetski,1763.0,1182.0,174.0,77.0,13398.0,34.798302956415725,30.6,mavic,NorthSea_Fri_DJI_0115.MP4,0,data/raw/seadronessee/odv2/images/train/6882.jpg,test,1471,1114,485,2585,1956,train_00040043,80.0,640,0.43507817811012917,282.36573759347385,303.24949014276,75.70360299116247,33.501019714479945,2536.1478962640967,1.0,8fe6c319c145bfe6c41b4bd884be5417741d8218678ea8dfc0735cca6b82988f,data/synthetic/seadronessee_30m_to_80m/geometry_only/test/train_00040043.png,data/synthetic/seadronessee_30m_to_80m/calibrated/test/train_00040043.png
train:40045,train:6882,train,40045,6882,6882.jpg,3840,2160,1,swimmer,2323.0,990.0,46.0,36.0,1656.0,34.798302956415725,30.6,mavic,NorthSea_Fri_DJI_0115.MP4,0,data/raw/seadronessee/odv2/images/train/6882.jpg,test,1471,1610,272,3081,1743,train_00040045,80.0,640,0.43507817811012917,310.2107409925221,312.3861318830727,20.013596193065943,15.66281441196465,313.4692428879941,1.0,8fe6c319c145bfe6c41b4bd884be5417741d8218678ea8dfc0735cca6b82988f,data/synthetic/seadronessee_30m_to_80m/geometry_only/test/train_00040045.png,data/synthetic/seadronessee_30m_to_80m/calibrated/test/train_00040045.png
train:40047,train:6882,train,40047,6882,6882.jpg,3840,2160,1,swimmer,2784.0,1319.0,39.0,39.0,1521.0,34.798302956415725,30.6,mavic,NorthSea_Fri_DJI_0115.MP4,0,data/raw/seadronessee/odv2/images/train/6882.jpg,test,1471,2068,603,3539,2074,train_00040047,80.0,640,0.43507817811012917,311.51597552685246,311.51597552685246,16.96804894629504,16.96804894629504,287.91468504386415,1.0,8fe6c319c145bfe6c41b4bd884be5417741d8218678ea8dfc0735cca6b82988f,data/synthetic/seadronessee_30m_to_80m/geometry_only/test/train_00040047.png,data/synthetic/seadronessee_30m_to_80m/calibrated/test/train_00040047.png
train:40048,train:6882,train,40048,6882,6882.jpg,3840,2160,1,swimmer,2503.0,1262.0,30.0,41.0,1230.0,34.798302956415725,30.6,mavic,NorthSea_Fri_DJI_0115.MP4,0,data/raw/seadronessee/odv2/images/train/6882.jpg,test,1471,1782,547,3253,2018,train_00040048,80.0,640,0.43507817811012917,313.6913664174031,311.0808973487423,13.052345343303875,17.838205302515295,232.830415913184,1.0,8fe6c319c145bfe6c41b4bd884be5417741d8218678ea8dfc0735cca6b82988f,data/synthetic/seadronessee_30m_to_80m/geometry_only/test/train_00040048.png,data/synthetic/seadronessee_30m_to_80m/calibrated/test/train_00040048.png
train:40049,train:6882,train,40049,6882,6882.jpg,3840,2160,1,swimmer,1874.0,1049.0,23.0,22.0,506.0,34.798302956415725,30.6,mavic,NorthSea_Fri_DJI_0115.MP4,0,data/raw/seadronessee/odv2/images/train/6882.jpg,test,1471,1150,324,2621,1795,train_00040049,80.0,640,0.43507817811012917,314.9966009517335,315.43167912984364,10.006798096532972,9.571719918422842,95.78226866022042,1.0,8fe6c319c145bfe6c41b4bd884be5417741d8218678ea8dfc0735cca6b82988f,data/synthetic/seadronessee_30m_to_80m/geometry_only/test/train_00040049.png,data/synthetic/seadronessee_30m_to_80m/calibrated/test/train_00040049.png
train:40061,train:6884,train,40061,6884,6884.jpg,3840,2160,3,jetski,1847.0,1178.0,186.0,62.0,11532.0,34.798302956415725,30.6,mavic,NorthSea_Fri_DJI_0115.MP4,30,data/raw/seadronessee/odv2/images/train/6884.jpg,test,1471,1204,474,2675,1945,train_00040061,80.0,640,0.43507817811012917,279.75526852481306,306.29503738953093,80.92454112848402,26.97484704282801,2182.927118951901,1.0,8fe6c319c145bfe6c41b4bd884be5417741d8218678ea8dfc0735cca6b82988f,data/synthetic/seadronessee_30m_to_80m/geometry_only/test/train_00040061.png,data/synthetic/seadronessee_30m_to_80m/calibrated/test/train_00040061.png
train:40063,train:6884,train,40063,6884,6884.jpg,3840,2160,1,swimmer,2310.0,994.0,47.0,31.0,1457.0,34.798302956415725,30.6,mavic,NorthSea_Fri_DJI_0115.MP4,30,data/raw/seadronessee/odv2/images/train/6884.jpg,test,1471,1598,274,3069,1745,train_00040063,80.0,640,0.43507817811012917,309.775662814412,313.256288239293,20.44867437117607,13.487423521414005,275.79993169553586,1.0,8fe6c319c145bfe6c41b4bd884be5417741d8218678ea8dfc0735cca6b82988f,data/synthetic/seadronessee_30m_to_80m/geometry_only/test/train_00040063.png,data/synthetic/seadronessee_30m_to_80m/calibrated/test/train_00040063.png
train:40065,train:6884,train,40065,6884,6884.jpg,3840,2160,1,swimmer,2761.0,1330.0,43.0,40.0,1720.0,34.798302956415725,30.6,mavic,NorthSea_Fri_DJI_0115.MP4,30,data/raw/seadronessee/odv2/images/train/6884.jpg,test,1471,2047,614,3518,2085,train_00040065,80.0,640,0.43507817811012917,310.64581917063225,311.51597552685246,18.708361658735555,17.403127124405167,325.5839962363224,1.0,8fe6c319c145bfe6c41b4bd884be5417741d8218678ea8dfc0735cca6b82988f,data/synthetic/seadronessee_30m_to_80m/geometry_only/test/train_00040065.png,data/synthetic/seadronessee_30m_to_80m/calibrated/test/train_00040065.png
train:40066,train:6884,train,40066,6884,6884.jpg,3840,2160,1,swimmer,2498.0,1265.0,26.0,31.0,806.0,34.798302956415725,30.6,mavic,NorthSea_Fri_DJI_0115.MP4,30,data/raw/seadronessee/odv2/images/train/6884.jpg,test,1471,1776,545,3247,2016,train_00040066,80.0,640,0.43507817811012917,314.12644459551325,313.256288239293,11.312032630863358,13.487423521414005,152.5701749805092,1.0,8fe6c319c145bfe6c41b4bd884be5417741d8218678ea8dfc0735cca6b82988f,data/synthetic/seadronessee_30m_to_80m/geometry_only/test/train_00040066.png,data/synthetic/seadronessee_30m_to_80m/calibrated/test/train_00040066.png
train:40067,train:6884,train,40067,6884,6884.jpg,3840,2160,1,swimmer,1866.0,1046.0,26.0,22.0,572.0,34.798302956415725,30.6,mavic,NorthSea_Fri_DJI_0115.MP4,30,data/raw/seadronessee/odv2/images/train/6884.jpg,test,1471,1144,322,2615,1793,train_00040067,80.0,640,0.43507817811012917,314.12644459551325,314.9966009517335,11.312032630863358,9.571719918422842,108.27560805068394,1.0,8fe6c319c145bfe6c41b4bd884be5417741d8218678ea8dfc0735cca6b82988f,data/synthetic/seadronessee_30m_to_80m/geometry_only/test/train_00040067.png,data/synthetic/seadronessee_30m_to_80m/calibrated/test/train_00040067.png
train:40079,train:6886,train,40079,6886,6886.jpg,3840,2160,3,jetski,1953.0,1173.0,195.0,63.0,12285.0,34.99829320329168,30.6,mavic,NorthSea_Fri_DJI_0115.MP4,60,data/raw/seadronessee/odv2/images/train/6886.jpg,test,1463,1319,473,2782,1936,train_00040079,80.0,640,0.4374572795625427,277.3479152426521,306.2200956937799,85.30416951469583,27.55980861244019,2350.966585668172,1.0,8fe6c319c145bfe6c41b4bd884be5417741d8218678ea8dfc0735cca6b82988f,data/synthetic/seadronessee_30m_to_80m/geometry_only/test/train_00040079.png,data/synthetic/seadronessee_30m_to_80m/calibrated/test/train_00040079.png
train:40081,train:6886,train,40081,6886,6886.jpg,3840,2160,1,swimmer,2309.0,992.0,45.0,31.0,1395.0,34.99829320329168,30.6,mavic,NorthSea_Fri_DJI_0115.MP4,60,data/raw/seadronessee/odv2/images/train/6886.jpg,test,1463,1600,276,3063,1739,train_00040081,80.0,640,0.4374572795625427,310.1572112098428,313.21941216678056,19.685577580314423,13.561175666438825,266.95957566195364,1.0,8fe6c319c145bfe6c41b4bd884be5417741d8218678ea8dfc0735cca6b82988f,data/synthetic/seadronessee_30m_to_80m/geometry_only/test/train_00040081.png,data/synthetic/seadronessee_30m_to_80m/calibrated/test/train_00040081.png
train:40083,train:6886,train,40083,6886,6886.jpg,3840,2160,1,swimmer,2748.0,1354.0,42.0,41.0,1722.0,34.99829320329168,30.6,mavic,NorthSea_Fri_DJI_0115.MP4,60,data/raw/seadronessee/odv2/images/train/6886.jpg,test,1463,2038,643,3501,2106,train_00040083,80.0,640,0.4374572795625427,310.5946684894053,311.0321257689679,18.373205741626794,17.93574846206425,329.5371966235728,1.0,8fe6c319c145bfe6c41b4bd884be5417741d8218678ea8dfc0735cca6b82988f,data/synthetic/seadronessee_30m_to_80m/geometry_only/test/train_00040083.png,data/synthetic/seadronessee_30m_to_80m/calibrated/test/train_00040083.png
train:40084,train:6886,train,40084,6886,6886.jpg,3840,2160,1,swimmer,2480.0,1263.0,54.0,42.0,2268.0,34.99829320329168,30.6,mavic,NorthSea_Fri_DJI_0115.MP4,60,data/raw/seadronessee/odv2/images/train/6886.jpg,test,1463,1776,552,3239,2015,train_00040084,80.0,640,0.4374572795625427,307.96992481203006,311.0321257689679,23.622693096377308,18.373205741626794,434.0246004310472,1.0,8fe6c319c145bfe6c41b4bd884be5417741d8218678ea8dfc0735cca6b82988f,data/synthetic/seadronessee_30m_to_80m/geometry_only/test/train_00040084.png,data/synthetic/seadronessee_30m_to_80m/calibrated/test/train_00040084.png
train:40085,train:6886,train,40085,6886,6886.jpg,3840,2160,1,swimmer,1875.0,1047.0,25.0,20.0,500.0,34.99829320329168,30.6,mavic,NorthSea_Fri_DJI_0115.MP4,60,data/raw/seadronessee/odv2/images/train/6886.jpg,test,1463,1156,326,2619,1789,train_00040085,80.0,640,0.4374572795625427,314.5317840054682,315.4066985645933,10.936431989063568,8.749145591250855,95.68443572113033,1.0,8fe6c319c145bfe6c41b4bd884be5417741d8218678ea8dfc0735cca6b82988f,data/synthetic/seadronessee_30m_to_80m/geometry_only/test/train_00040085.png,data/synthetic/seadronessee_30m_to_80m/calibrated/test/train_00040085.png
train:40116,train:6890,train,40116,6890,6890.jpg,3840,2160,3,jetski,2074.0,1147.0,173.0,69.0,11937.0,34.99829320329168,30.6,mavic,NorthSea_Fri_DJI_0115.MP4,120,data/raw/seadronessee/odv2/images/train/6890.jpg,test,1463,1429,450,2892,1913,train_00040116,80.0,640,0.4374572795625427,282.15994531784,304.9077238550923,75.68010936431989,30.184552289815446,2284.3702184062654,1.0,8fe6c319c145bfe6c41b4bd884be5417741d8218678ea8dfc0735cca6b82988f,data/synthetic/seadronessee_30m_to_80m/geometry_only/test/train_00040116.png,data/synthetic/seadronessee_30m_to_80m/calibrated/test/train_00040116.png
train:40118,train:6890,train,40118,6890,6890.jpg,3840,2160,1,swimmer,2221.0,995.0,50.0,29.0,1450.0,34.99829320329168,30.6,mavic,NorthSea_Fri_DJI_0115.MP4,120,data/raw/seadronessee/odv2/images/train/6890.jpg,test,1463,1514,278,2977,1741,train_00040118,80.0,640,0.4374572795625427,309.2822966507177,313.65686944634314,21.872863978127135,12.686261107313738,277.48486359127793,1.0,8fe6c319c145bfe6c41b4bd884be5417741d8218678ea8dfc0735cca6b82988f,data/synthetic/seadronessee_30m_to_80m/geometry_only/test/train_00040118.png,data/synthetic/seadronessee_30m_to_80m/calibrated/test/train_00040118.png
train:40119,train:6890,train,40119,6890,6890.jpg,3840,2160,1,swimmer,3008.0,1372.0,24.0,22.0,528.0,34.99829320329168,30.6,mavic,NorthSea_Fri_DJI_0115.MP4,120,data/raw/seadronessee/odv2/images/train/6890.jpg,test,1463,2288,652,3751,2115,train_00040119,80.0,640,0.4374572795625427,314.96924128503076,314.96924128503076,10.498974709501026,9.62406015037594,101.04276412151363,1.0,8fe6c319c145bfe6c41b4bd884be5417741d8218678ea8dfc0735cca6b82988f,data/synthetic/seadronessee_30m_to_80m/geometry_only/test/train_00040119.png,data/synthetic/seadronessee_30m_to_80m/calibrated/test/train_00040119.png
train:40120,train:6890,train,40120,6890,6890.jpg,3840,2160,1,swimmer,2656.0,1379.0,44.0,43.0,1892.0,34.99829320329168,30.6,mavic,NorthSea_Fri_DJI_0115.MP4,120,data/raw/seadronessee/odv2/images/train/6890.jpg,test,1463,1946,669,3409,2132,train_00040120,80.0,640,0.4374572795625427,310.5946684894053,310.5946684894053,19.24812030075188,18.810663021189338,362.06990476875717,1.0,8fe6c319c145bfe6c41b4bd884be5417741d8218678ea8dfc0735cca6b82988f,data/synthetic/seadronessee_30m_to_80m/geometry_only/test/train_00040120.png,data/synthetic/seadronessee_30m_to_80m/calibrated/test/train_00040120.png
train:40121,train:6890,train,40121,6890,6890.jpg,3840,2160,1,swimmer,2371.0,1282.0,77.0,44.0,3388.0,34.99829320329168,30.6,mavic,NorthSea_Fri_DJI_0115.MP4,120,data/raw/seadronessee/odv2/images/train/6890.jpg,test,1463,1678,572,3141,2035,train_00040121,80.0,640,0.4374572795625427,303.1578947368421,310.5946684894053,33.68421052631579,19.24812030075188,648.357736446379,1.0,8fe6c319c145bfe6c41b4bd884be5417741d8218678ea8dfc0735cca6b82988f,data/synthetic/seadronessee_30m_to_80m/geometry_only/test/train_00040121.png,data/synthetic/seadronessee_30m_to_80m/calibrated/test/train_00040121.png
train:40122,train:6890,train,40122,6890,6890.jpg,3840,2160,1,swimmer,1803.0,1049.0,29.0,21.0,609.0,34.99829320329168,30.6,mavic,NorthSea_Fri_DJI_0115.MP4,120,data/raw/seadronessee/odv2/images/train/6890.jpg,test,1463,1086,328,2549,1791,train_00040122,80.0,640,0.4374572795625427,313.65686944634314,315.4066985645933,12.686261107313738,9.186602870813397,116.54364270833673,1.0,8fe6c319c145bfe6c41b4bd884be5417741d8218678ea8dfc0735cca6b82988f,data/synthetic/seadronessee_30m_to_80m/geometry_only/test/train_00040122.png,data/synthetic/seadronessee_30m_to_80m/calibrated/test/train_00040122.png
train:40125,train:6890,train,40125,6890,6890.jpg,3840,2160,1,swimmer,1964.0,1209.0,18.0,23.0,414.0,34.99829320329168,30.6,mavic,NorthSea_Fri_DJI_0115.MP4,120,data/raw/seadronessee/odv2/images/train/6890.jpg,test,1463,1242,489,2705,1952,train_00040125,80.0,640,0.4374572795625427,315.84415584415586,314.96924128503076,7.874231032125769,10.061517429938482,79.2267127770959,1.0,8fe6c319c145bfe6c41b4bd884be5417741d8218678ea8dfc0735cca6b82988f,data/synthetic/seadronessee_30m_to_80m/geometry_only/test/train_00040125.png,data/synthetic/seadronessee_30m_to_80m/calibrated/test/train_00040125.png
train:40159,train:6894,train,40159,6894,6894.jpg,3840,2160,3,jetski,2072.0,1002.0,48.0,100.0,4800.0,34.99829320329168,30.6,mavic,NorthSea_Fri_DJI_0115.MP4,180,data/raw/seadronessee/odv2/images/train/6894.jpg,test,1463,1364,320,2827,1783,train_00040159,80.0,640,0.4374572795625427,309.71975393028026,298.3458646616541,20.99794941900205,43.74572795625427,918.5705829228511,1.0,8fe6c319c145bfe6c41b4bd884be5417741d8218678ea8dfc0735cca6b82988f,data/synthetic/seadronessee_30m_to_80m/geometry_only/test/train_00040159.png,data/synthetic/seadronessee_30m_to_80m/calibrated/test/train_00040159.png
train:40161,train:6894,train,40161,6894,6894.jpg,3840,2160,1,swimmer,1909.0,994.0,54.0,27.0,1458.0,34.99829320329168,30.6,mavic,NorthSea_Fri_DJI_0115.MP4,180,data/raw/seadronessee/odv2/images/train/6894.jpg,test,1463,1204,276,2667,1739,train_00040161,80.0,640,0.4374572795625427,308.40738209159264,314.09432672590566,23.622693096377308,11.811346548188654,279.01581456281605,1.0,8fe6c319c145bfe6c41b4bd884be5417741d8218678ea8dfc0735cca6b82988f,data/synthetic/seadronessee_30m_to_80m/geometry_only/test/train_00040161.png,data/synthetic/seadronessee_30m_to_80m/calibrated/test/train_00040161.png
train:40162,train:6894,train,40162,6894,6894.jpg,3840,2160,1,swimmer,2299.0,1382.0,54.0,43.0,2322.0,34.99829320329168,30.6,mavic,NorthSea_Fri_DJI_0115.MP4,180,data/raw/seadronessee/odv2/images/train/6894.jpg,test,1463,1594,672,3057,2135,train_00040162,80.0,640,0.4374572795625427,308.40738209159264,310.5946684894053,23.622693096377308,18.810663021189338,444.3585194889293,1.0,8fe6c319c145bfe6c41b4bd884be5417741d8218678ea8dfc0735cca6b82988f,data/synthetic/seadronessee_30m_to_80m/geometry_only/test/train_00040162.png,data/synthetic/seadronessee_30m_to_80m/calibrated/test/train_00040162.png
train:40163,train:6894,train,40163,6894,6894.jpg,3840,2160,1,swimmer,2058.0,1285.0,70.0,37.0,2590.0,34.99829320329168,30.6,mavic,NorthSea_Fri_DJI_0115.MP4,180,data/raw/seadronessee/odv2/images/train/6894.jpg,test,1463,1362,572,2825,2035,train_00040163,80.0,640,0.4374572795625427,304.4702665755297,311.90704032809293,30.62200956937799,16.18591934381408,495.6453770354551,1.0,8fe6c319c145bfe6c41b4bd884be5417741d8218678ea8dfc0735cca6b82988f,data/synthetic/seadronessee_30m_to_80m/geometry_only/test/train_00040163.png,data/synthetic/seadronessee_30m_to_80m/calibrated/test/train_00040163.png
train:40166,train:6894,train,40166,6894,6894.jpg,3840,2160,1,swimmer,1692.0,1164.0,28.0,25.0,700.0,34.99829320329168,30.6,mavic,NorthSea_Fri_DJI_0115.MP4,180,data/raw/seadronessee/odv2/images/train/6894.jpg,test,1463,974,445,2437,1908,train_00040166,80.0,640,0.4374572795625427,314.09432672590566,314.5317840054682,12.248803827751196,10.936431989063568,133.95821000958244,1.0,8fe6c319c145bfe6c41b4bd884be5417741d8218678ea8dfc0735cca6b82988f,data/synthetic/seadronessee_30m_to_80m/geometry_only/test/train_00040166.png,data/synthetic/seadronessee_30m_to_80m/calibrated/test/train_00040166.png
train:40167,train:6894,train,40167,6894,6894.jpg,3840,2160,1,swimmer,1663.0,1225.0,26.0,28.0,728.0,34.99829320329168,30.6,mavic,NorthSea_Fri_DJI_0115.MP4,180,data/raw/seadronessee/odv2/images/train/6894.jpg,test,1463,944,508,2407,1971,train_00040167,80.0,640,0.4374572795625427,314.5317840054682,313.65686944634314,11.37388926862611,12.248803827751196,139.31653840996574,1.0,8fe6c319c145bfe6c41b4bd884be5417741d8218678ea8dfc0735cca6b82988f,data/synthetic/seadronessee_30m_to_80m/geometry_only/test/train_00040167.png,data/synthetic/seadronessee_30m_to_80m/calibrated/test/train_00040167.png
train:40168,train:6894,train,40168,6894,6894.jpg,3840,2160,1,swimmer,1511.0,1071.0,24.0,27.0,648.0,34.99829320329168,30.6,mavic,NorthSea_Fri_DJI_0115.MP4,180,data/raw/seadronessee/odv2/images/train/6894.jpg,test,1463,792,353,2255,1816,train_00040168,80.0,640,0.4374572795625427,314.5317840054682,314.09432672590566,10.498974709501026,11.811346548188654,124.00702869458492,1.0,8fe6c319c145bfe6c41b4bd884be5417741d8218678ea8dfc0735cca6b82988f,data/synthetic/seadronessee_30m_to_80m/geometry_only/test/train_00040168.png,data/synthetic/seadronessee_30m_to_80m/calibrated/test/train_00040168.png
train:40169,train:6894,train,40169,6894,6894.jpg,3840,2160,1,swimmer,2658.0,1322.0,36.0,34.0,1224.0,34.99829320329168,30.6,mavic,NorthSea_Fri_DJI_0115.MP4,180,data/raw/seadronessee/odv2/images/train/6894.jpg,test,1463,1944,608,3407,2071,train_00040169,80.0,640,0.4374572795625427,312.3444976076555,312.3444976076555,15.748462064251537,14.873547505126453,234.23549864532706,1.0,8fe6c319c145bfe6c41b4bd884be5417741d8218678ea8dfc0735cca6b82988f,data/synthetic/seadronessee_30m_to_80m/geometry_only/test/train_00040169.png,data/synthetic/seadronessee_30m_to_80m/calibrated/test/train_00040169.png
train:40181,train:6896,train,40181,6896,6896.jpg,3840,2160,3,jetski,1906.0,901.0,89.0,75.0,6675.0,34.99829320329168,30.6,mavic,NorthSea_Fri_DJI_0115.MP4,210,data/raw/seadronessee/odv2/images/train/6896.jpg,test,1463,1219,207,2682,1670,train_00040181,80.0,640,0.4374572795625427,300.53315105946683,303.59535201640466,38.9336978810663,32.80929596719071,1277.38721687709,1.0,8fe6c319c145bfe6c41b4bd884be5417741d8218678ea8dfc0735cca6b82988f,data/synthetic/seadronessee_30m_to_80m/geometry_only/test/train_00040181.png,data/synthetic/seadronessee_30m_to_80m/calibrated/test/train_00040181.png
train:40183,train:6896,train,40183,6896,6896.jpg,3840,2160,1,swimmer,1762.0,990.0,55.0,27.0,1485.0,34.99829320329168,30.6,mavic,NorthSea_Fri_DJI_0115.MP4,210,data/raw/seadronessee/odv2/images/train/6896.jpg,test,1463,1058,272,2521,1735,train_00040183,80.0,640,0.4374572795625427,307.96992481203006,314.09432672590566,24.06015037593985,11.811346548188654,284.1827740917571,1.0,8fe6c319c145bfe6c41b4bd884be5417741d8218678ea8dfc0735cca6b82988f,data/synthetic/seadronessee_30m_to_80m/geometry_only/test/train_00040183.png,data/synthetic/seadronessee_30m_to_80m/calibrated/test/train_00040183.png
train:40184,train:6896,train,40184,6896,6896.jpg,3840,2160,1,swimmer,2173.0,1375.0,35.0,37.0,1295.0,34.99829320329168,30.6,mavic,NorthSea_Fri_DJI_0115.MP4,210,data/raw/seadronessee/odv2/images/train/6896.jpg,test,1463,1459,662,2922,2125,train_00040184,80.0,640,0.4374572795625427,312.3444976076555,311.90704032809293,15.311004784688995,16.18591934381408,247.82268851772756,1.0,8fe6c319c145bfe6c41b4bd884be5417741d8218678ea8dfc0735cca6b82988f,data/synthetic/seadronessee_30m_to_80m/geometry_only/test/train_00040184.png,data/synthetic/seadronessee_30m_to_80m/calibrated/test/train_00040184.png
train:40185,train:6896,train,40185,6896,6896.jpg,3840,2160,1,swimmer,1929.0,1294.0,46.0,41.0,1886.0,34.99829320329168,30.6,mavic,NorthSea_Fri_DJI_0115.MP4,210,data/raw/seadronessee/odv2/images/train/6896.jpg,test,1463,1220,583,2683,2046,train_00040185,80.0,640,0.4374572795625427,310.1572112098428,311.0321257689679,20.123034859876963,17.93574846206425,360.92169154010355,1.0,8fe6c319c145bfe6c41b4bd884be5417741d8218678ea8dfc0735cca6b82988f,data/synthetic/seadronessee_30m_to_80m/geometry_only/test/train_00040185.png,data/synthetic/seadronessee_30m_to_80m/calibrated/test/train_00040185.png
train:40187,train:6896,train,40187,6896,6896.jpg,3840,2160,2,boat,2887.0,995.0,196.0,164.0,32144.0,34.99829320329168,30.6,mavic,NorthSea_Fri_DJI_0115.MP4,210,data/raw/seadronessee/odv2/images/train/6896.jpg,test,1463,2254,346,3717,1809,train_00040187,80.0,640,0.4374572795625427,276.9104579630895,283.90977443609023,85.74162679425837,71.742993848257,6151.361003640026,1.0,8fe6c319c145bfe6c41b4bd884be5417741d8218678ea8dfc0735cca6b82988f,data/synthetic/seadronessee_30m_to_80m/geometry_only/test/train_00040187.png,data/synthetic/seadronessee_30m_to_80m/calibrated/test/train_00040187.png
train:40188,train:6896,train,40188,6896,6896.jpg,3840,2160,1,swimmer,2522.0,1303.0,37.0,32.0,1184.0,34.99829320329168,30.6,mavic,NorthSea_Fri_DJI_0115.MP4,210,data/raw/seadronessee/odv2/images/train/6896.jpg,test,1463,1809,588,3272,2051,train_00040188,80.0,640,0.4374572795625427,311.90704032809293,312.78195488721803,16.18591934381408,13.998632946001367,226.58074378763664,1.0,8fe6c319c145bfe6c41b4bd884be5417741d8218678ea8dfc0735cca6b82988f,data/synthetic/seadronessee_30m_to_80m/geometry_only/test/train_00040188.png,data/synthetic/seadronessee_30m_to_80m/calibrated/test/train_00040188.png
train:40189,train:6896,train,40189,6896,6896.jpg,3840,2160,1,swimmer,1375.0,1083.0,20.0,18.0,360.0,34.99829320329168,30.6,mavic,NorthSea_Fri_DJI_0115.MP4,210,data/raw/seadronessee/odv2/images/train/6896.jpg,test,1463,654,360,2117,1823,train_00040189,80.0,640,0.4374572795625427,315.4066985645933,316.2816131237184,8.749145591250855,7.874231032125769,68.89279371921384,1.0,8fe6c319c145bfe6c41b4bd884be5417741d8218678ea8dfc0735cca6b82988f,data/synthetic/seadronessee_30m_to_80m/geometry_only/test/train_00040189.png,data/synthetic/seadronessee_30m_to_80m/calibrated/test/train_00040189.png
train:40190,train:6896,train,40190,6896,6896.jpg,3840,2160,1,swimmer,1564.0,1176.0,28.0,21.0,588.0,34.99829320329168,30.6,mavic,NorthSea_Fri_DJI_0115.MP4,210,data/raw/seadronessee/odv2/images/train/6896.jpg,test,1463,846,455,2309,1918,train_00040190,80.0,640,0.4374572795625427,314.09432672590566,315.4066985645933,12.248803827751196,9.186602870813397,112.52489640804927,1.0,8fe6c319c145bfe6c41b4bd884be5417741d8218678ea8dfc0735cca6b82988f,data/synthetic/seadronessee_30m_to_80m/geometry_only/test/train_00040190.png,data/synthetic/seadronessee_30m_to_80m/calibrated/test/train_00040190.png
train:40191,train:6896,train,40191,6896,6896.jpg,3840,2160,1,swimmer,1528.0,1243.0,27.0,26.0,702.0,34.99829320329168,30.6,mavic,NorthSea_Fri_DJI_0115.MP4,210,data/raw/seadronessee/odv2/images/train/6896.jpg,test,1463,810,524,2273,1987,train_00040191,80.0,640,0.4374572795625427,314.09432672590566,314.5317840054682,11.811346548188654,11.37388926862611,134.34094775246697,1.0,8fe6c319c145bfe6c41b4bd884be5417741d8218678ea8dfc0735cca6b82988f,data/synthetic/seadronessee_30m_to_80m/geometry_only/test/train_00040191.png,data/synthetic/seadronessee_30m_to_80m/calibrated/test/train_00040191.png
train:40203,train:6898,train,40203,6898,6898.jpg,3840,2160,3,jetski,1730.0,812.0,120.0,75.0,9000.0,34.99829320329168,30.6,mavic,NorthSea_Fri_DJI_0115.MP4,240,data/raw/seadronessee/odv2/images/train/6898.jpg,test,1463,1058,118,2521,1581,train_00040203,80.0,640,0.4374572795625427,293.9712918660287,303.59535201640466,52.49487354750512,32.80929596719071,1722.3198429803458,1.0,8fe6c319c145bfe6c41b4bd884be5417741d8218678ea8dfc0735cca6b82988f,data/synthetic/seadronessee_30m_to_80m/geometry_only/test/train_00040203.png,data/synthetic/seadronessee_30m_to_80m/calibrated/test/train_00040203.png
train:40205,train:6898,train,40205,6898,6898.jpg,3840,2160,1,swimmer,1758.0,982.0,56.0,26.0,1456.0,34.99829320329168,30.6,mavic,NorthSea_Fri_DJI_0115.MP4,240,data/raw/seadronessee/odv2/images/train/6898.jpg,test,1463,1054,264,2517,1727,train_00040205,80.0,640,0.4374572795625427,307.96992481203006,314.09432672590566,24.497607655502392,11.37388926862611,278.6330768199315,1.0,8fe6c319c145bfe6c41b4bd884be5417741d8218678ea8dfc0735cca6b82988f,data/synthetic/seadronessee_30m_to_80m/geometry_only/test/train_00040205.png,data/synthetic/seadronessee_30m_to_80m/calibrated/test/train_00040205.png
train:40206,train:6898,train,40206,6898,6898.jpg,3840,2160,1,swimmer,2180.0,1382.0,36.0,34.0,1224.0,34.99829320329168,30.6,mavic,NorthSea_Fri_DJI_0115.MP4,240,data/raw/seadronessee/odv2/images/train/6898.jpg,test,1463,1466,668,2929,2131,train_00040206,80.0,640,0.4374572795625427,312.3444976076555,312.3444976076555,15.748462064251537,14.873547505126453,234.23549864532706,1.0,8fe6c319c145bfe6c41b4bd884be5417741d8218678ea8dfc0735cca6b82988f,data/synthetic/seadronessee_30m_to_80m/geometry_only/test/train_00040206.png,data/synthetic/seadronessee_30m_to_80m/calibrated/test/train_00040206.png
train:40207,train:6898,train,40207,6898,6898.jpg,3840,2160,1,swimmer,1935.0,1291.0,44.0,44.0,1936.0,34.99829320329168,30.6,mavic,NorthSea_Fri_DJI_0115.MP4,240,data/raw/seadronessee/odv2/images/train/6898.jpg,test,1463,1226,582,2689,2045,train_00040207,80.0,640,0.4374572795625427,310.1572112098428,310.1572112098428,19.24812030075188,19.24812030075188,370.4901351122166,1.0,8fe6c319c145bfe6c41b4bd884be5417741d8218678ea8dfc0735cca6b82988f,data/synthetic/seadronessee_30m_to_80m/geometry_only/test/train_00040207.png,data/synthetic/seadronessee_30m_to_80m/calibrated/test/train_00040207.png
train:40209,train:6898,train,40209,6898,6898.jpg,3840,2160,2,boat,2890.0,1001.0,197.0,168.0,33096.0,34.99829320329168,30.6,mavic,NorthSea_Fri_DJI_0115.MP4,240,data/raw/seadronessee/odv2/images/train/6898.jpg,test,1463,2257,354,3720,1817,train_00040209,80.0,640,0.4374572795625427,276.9104579630895,283.03485987696513,86.17908407382092,73.49282296650718,6333.5441692530585,1.0,8fe6c319c145bfe6c41b4bd884be5417741d8218678ea8dfc0735cca6b82988f,data/synthetic/seadronessee_30m_to_80m/geometry_only/test/train_00040209.png,data/synthetic/seadronessee_30m_to_80m/calibrated/test/train_00040209.png
train:40210,train:6898,train,40210,6898,6898.jpg,3840,2160,1,swimmer,1382.0,1072.0,27.0,22.0,594.0,34.99829320329168,30.6,mavic,NorthSea_Fri_DJI_0115.MP4,240,data/raw/seadronessee/odv2/images/train/6898.jpg,test,1463,664,352,2127,1815,train_00040210,80.0,640,0.4374572795625427,314.09432672590566,314.96924128503076,11.811346548188654,9.62406015037594,113.67310963670283,1.0,8fe6c319c145bfe6c41b4bd884be5417741d8218678ea8dfc0735cca6b82988f,data/synthetic/seadronessee_30m_to_80m/geometry_only/test/train_00040210.png,data/synthetic/seadronessee_30m_to_80m/calibrated/test/train_00040210.png
train:40211,train:6898,train,40211,6898,6898.jpg,3840,2160,1,swimmer,1570.0,1167.0,26.0,23.0,598.0,34.99829320329168,30.6,mavic,NorthSea_Fri_DJI_0115.MP4,240,data/raw/seadronessee/odv2/images/train/6898.jpg,test,1463,852,447,2315,1910,train_00040211,80.0,640,0.4374572795625427,314.09432672590566,314.96924128503076,11.37388926862611,10.061517429938482,114.43858512247185,1.0,8fe6c319c145bfe6c41b4bd884be5417741d8218678ea8dfc0735cca6b82988f,data/synthetic/seadronessee_30m_to_80m/geometry_only/test/train_00040211.png,data/synthetic/seadronessee_30m_to_80m/calibrated/test/train_00040211.png
train:40212,train:6898,train,40212,6898,6898.jpg,3840,2160,1,swimmer,1538.0,1246.0,25.0,26.0,650.0,34.99829320329168,30.6,mavic,NorthSea_Fri_DJI_0115.MP4,240,data/raw/seadronessee/odv2/images/train/6898.jpg,test,1463,819,528,2282,1991,train_00040212,80.0,640,0.4374572795625427,314.5317840054682,314.09432672590566,10.936431989063568,11.37388926862611,124.38976643746942,1.0,8fe6c319c145bfe6c41b4bd884be5417741d8218678ea8dfc0735cca6b82988f,data/synthetic/seadronessee_30m_to_80m/geometry_only/test/train_00040212.png,data/synthetic/seadronessee_30m_to_80m/calibrated/test/train_00040212.png
train:40213,train:6898,train,40213,6898,6898.jpg,3840,2160,1,swimmer,2530.0,1296.0,37.0,29.0,1073.0,34.99829320329168,30.6,mavic,NorthSea_Fri_DJI_0115.MP4,240,data/raw/seadronessee/odv2/images/train/6898.jpg,test,1463,1817,579,3280,2042,train_00040213,80.0,640,0.4374572795625427,311.90704032809293,313.65686944634314,16.18591934381408,12.686261107313738,205.33879905754569,1.0,8fe6c319c145bfe6c41b4bd884be5417741d8218678ea8dfc0735cca6b82988f,data/synthetic/seadronessee_30m_to_80m/geometry_only/test/train_00040213.png,data/synthetic/seadronessee_30m_to_80m/calibrated/test/train_00040213.png
train:40225,train:6900,train,40225,6900,6900.jpg,3840,2160,3,jetski,1482.0,762.0,144.0,59.0,8496.0,34.99829320329168,30.6,mavic,NorthSea_Fri_DJI_0115.MP4,270,data/raw/seadronessee/odv2/images/train/6900.jpg,test,1463,822,60,2285,1523,train_00040225,80.0,640,0.4374572795625427,288.7218045112782,307.09501025290496,62.99384825700615,25.80997949419002,1625.8699317734465,1.0,8fe6c319c145bfe6c41b4bd884be5417741d8218678ea8dfc0735cca6b82988f,data/synthetic/seadronessee_30m_to_80m/geometry_only/test/train_00040225.png,data/synthetic/seadronessee_30m_to_80m/calibrated/test/train_00040225.png
train:40227,train:6900,train,40227,6900,6900.jpg,3840,2160,1,swimmer,1759.0,981.0,58.0,26.0,1508.0,34.99829320329168,30.6,mavic,NorthSea_Fri_DJI_0115.MP4,270,data/raw/seadronessee/odv2/images/train/6900.jpg,test,1463,1056,262,2519,1725,train_00040227,80.0,640,0.4374572795625427,307.53246753246754,314.5317840054682,25.372522214627477,11.37388926862611,288.58425813492903,1.0,8fe6c319c145bfe6c41b4bd884be5417741d8218678ea8dfc0735cca6b82988f,data/synthetic/seadronessee_30m_to_80m/geometry_only/test/train_00040227.png,data/synthetic/seadronessee_30m_to_80m/calibrated/test/train_00040227.png
train:40228,train:6900,train,40228,6900,6900.jpg,3840,2160,1,swimmer,2183.0,1388.0,31.0,32.0,992.0,34.99829320329168,30.6,mavic,NorthSea_Fri_DJI_0115.MP4,270,data/raw/seadronessee/odv2/images/train/6900.jpg,test,1463,1467,672,2930,2135,train_00040228,80.0,640,0.4374572795625427,313.21941216678056,313.21941216678056,13.561175666438825,13.998632946001367,189.83792047072257,1.0,8fe6c319c145bfe6c41b4bd884be5417741d8218678ea8dfc0735cca6b82988f,data/synthetic/seadronessee_30m_to_80m/geometry_only/test/train_00040228.png,data/synthetic/seadronessee_30m_to_80m/calibrated/test/train_00040228.png
train:40229,train:6900,train,40229,6900,6900.jpg,3840,2160,1,swimmer,1935.0,1295.0,40.0,41.0,1640.0,34.99829320329168,30.6,mavic,NorthSea_Fri_DJI_0115.MP4,270,data/raw/seadronessee/odv2/images/train/6900.jpg,test,1463,1224,584,2687,2047,train_00040229,80.0,640,0.4374572795625427,311.0321257689679,311.0321257689679,17.49829118250171,17.93574846206425,313.84494916530747,1.0,8fe6c319c145bfe6c41b4bd884be5417741d8218678ea8dfc0735cca6b82988f,data/synthetic/seadronessee_30m_to_80m/geometry_only/test/train_00040229.png,data/synthetic/seadronessee_30m_to_80m/calibrated/test/train_00040229.png
train:40231,train:6900,train,40231,6900,6900.jpg,3840,2160,2,boat,2896.0,1012.0,198.0,164.0,32472.0,34.99829320329168,30.6,mavic,NorthSea_Fri_DJI_0115.MP4,270,data/raw/seadronessee/odv2/images/train/6900.jpg,test,1463,2264,362,3727,1825,train_00040231,80.0,640,0.4374572795625427,276.473000683527,284.34723171565275,86.61654135338345,71.742993848257,6214.129993473087,1.0,8fe6c319c145bfe6c41b4bd884be5417741d8218678ea8dfc0735cca6b82988f,data/synthetic/seadronessee_30m_to_80m/geometry_only/test/train_00040231.png,data/synthetic/seadronessee_30m_to_80m/calibrated/test/train_00040231.png
train:40232,train:6900,train,40232,6900,6900.jpg,3840,2160,1,swimmer,1392.0,1068.0,23.0,19.0,437.0,34.99829320329168,30.6,mavic,NorthSea_Fri_DJI_0115.MP4,270,data/raw/seadronessee/odv2/images/train/6900.jpg,test,1463,672,346,2135,1809,train_00040232,80.0,640,0.4374572795625427,314.96924128503076,315.84415584415586,10.061517429938482,8.311688311688311,83.62819682026789,1.0,8fe6c319c145bfe6c41b4bd884be5417741d8218678ea8dfc0735cca6b82988f,data/synthetic/seadronessee_30m_to_80m/geometry_only/test/train_00040232.png,data/synthetic/seadronessee_30m_to_80m/calibrated/test/train_00040232.png
train:40233,train:6900,train,40233,6900,6900.jpg,3840,2160,1,swimmer,1571.0,1158.0,31.0,24.0,744.0,34.99829320329168,30.6,mavic,NorthSea_Fri_DJI_0115.MP4,270,data/raw/seadronessee/odv2/images/train/6900.jpg,test,1463,855,438,2318,1901,train_00040233,80.0,640,0.4374572795625427,313.21941216678056,314.96924128503076,13.561175666438825,10.498974709501026,142.37844035304192,1.0,8fe6c319c145bfe6c41b4bd884be5417741d8218678ea8dfc0735cca6b82988f,data/synthetic/seadronessee_30m_to_80m/geometry_only/test/train_00040233.png,data/synthetic/seadronessee_30m_to_80m/calibrated/test/train_00040233.png
train:40234,train:6900,train,40234,6900,6900.jpg,3840,2160,1,swimmer,1538.0,1250.0,30.0,24.0,720.0,34.99829320329168,30.6,mavic,NorthSea_Fri_DJI_0115.MP4,270,data/raw/seadronessee/odv2/images/train/6900.jpg,test,1463,822,530,2285,1993,train_00040234,80.0,640,0.4374572795625427,313.21941216678056,314.96924128503076,13.12371838687628,10.498974709501026,137.78558743842765,1.0,8fe6c319c145bfe6c41b4bd884be5417741d8218678ea8dfc0735cca6b82988f,data/synthetic/seadronessee_30m_to_80m/geometry_only/test/train_00040234.png,data/synthetic/seadronessee_30m_to_80m/calibrated/test/train_00040234.png
train:40235,train:6900,train,40235,6900,6900.jpg,3840,2160,1,swimmer,2521.0,1303.0,35.0,25.0,875.0,34.99829320329168,30.6,mavic,NorthSea_Fri_DJI_0115.MP4,270,data/raw/seadronessee/odv2/images/train/6900.jpg,test,1463,1807,584,3270,2047,train_00040235,80.0,640,0.4374572795625427,312.3444976076555,314.5317840054682,15.311004784688995,10.936431989063568,167.44776251197808,1.0,8fe6c319c145bfe6c41b4bd884be5417741d8218678ea8dfc0735cca6b82988f,data/synthetic/seadronessee_30m_to_80m/geometry_only/test/train_00040235.png,data/synthetic/seadronessee_30m_to_80m/calibrated/test/train_00040235.png
train:40247,train:6902,train,40247,6902,6902.jpg,3840,2160,3,jetski,1206.0,721.0,141.0,51.0,7191.0,34.99829320329168,30.6,mavic,NorthSea_Fri_DJI_0115.MP4,300,data/raw/seadronessee/odv2/images/train/6902.jpg,test,1463,545,15,2008,1478,train_00040247,80.0,640,0.4374572795625427,289.15926179084073,308.84483937115516,61.681476418318525,22.31032125768968,1376.1335545412965,1.0,8fe6c319c145bfe6c41b4bd884be5417741d8218678ea8dfc0735cca6b82988f,data/synthetic/seadronessee_30m_to_80m/geometry_only/test/train_00040247.png,data/synthetic/seadronessee_30m_to_80m/calibrated/test/train_00040247.png
train:40249,train:6902,train,40249,6902,6902.jpg,3840,2160,1,swimmer,1761.0,988.0,60.0,27.0,1620.0,34.99829320329168,30.6,mavic,NorthSea_Fri_DJI_0115.MP4,300,data/raw/seadronessee/odv2/images/train/6902.jpg,test,1463,1060,270,2523,1733,train_00040249,80.0,640,0.4374572795625427,306.65755297334243,314.09432672590566,26.24743677375256,11.811346548188654,310.01757173646223,1.0,8fe6c319c145bfe6c41b4bd884be5417741d8218678ea8dfc0735cca6b82988f,data/synthetic/seadronessee_30m_to_80m/geometry_only/test/train_00040249.png,data/synthetic/seadronessee_30m_to_80m/calibrated/test/train_00040249.png
train:40250,train:6902,train,40250,6902,6902.jpg,3840,2160,1,swimmer,2182.0,1397.0,29.0,32.0,928.0,34.99829320329168,30.6,mavic,NorthSea_Fri_DJI_0115.MP4,300,data/raw/seadronessee/odv2/images/train/6902.jpg,test,1463,1465,682,2928,2145,train_00040250,80.0,640,0.4374572795625427,313.65686944634314,312.78195488721803,12.686261107313738,13.998632946001367,177.59031269841788,1.0,8fe6c319c145bfe6c41b4bd884be5417741d8218678ea8dfc0735cca6b82988f,data/synthetic/seadronessee_30m_to_80m/geometry_only/test/train_00040250.png,data/synthetic/seadronessee_30m_to_80m/calibrated/test/train_00040250.png
train:40251,train:6902,train,40251,6902,6902.jpg,3840,2160,1,swimmer,1927.0,1316.0,52.0,39.0,2028.0,34.99829320329168,30.6,mavic,NorthSea_Fri_DJI_0115.MP4,300,data/raw/seadronessee/odv2/images/train/6902.jpg,test,1463,1222,604,2685,2067,train_00040251,80.0,640,0.4374572795625427,308.40738209159264,311.4695830485304,22.74777853725222,17.060833902939166,388.09607128490455,1.0,8fe6c319c145bfe6c41b4bd884be5417741d8218678ea8dfc0735cca6b82988f,data/synthetic/seadronessee_30m_to_80m/geometry_only/test/train_00040251.png,data/synthetic/seadronessee_30m_to_80m/calibrated/test/train_00040251.png
train:40253,train:6902,train,40253,6902,6902.jpg,3840,2160,2,boat,2900.0,1021.0,193.0,157.0,30301.0,34.99829320329168,30.6,mavic,NorthSea_Fri_DJI_0115.MP4,300,data/raw/seadronessee/odv2/images/train/6902.jpg,test,1463,2265,368,3728,1831,train_00040253,80.0,640,0.4374572795625427,277.78537252221463,285.6596035543404,84.42925495557074,68.6807928913192,5798.668173571939,1.0,8fe6c319c145bfe6c41b4bd884be5417741d8218678ea8dfc0735cca6b82988f,data/synthetic/seadronessee_30m_to_80m/geometry_only/test/train_00040253.png,data/synthetic/seadronessee_30m_to_80m/calibrated/test/train_00040253.png
train:40254,train:6902,train,40254,6902,6902.jpg,3840,2160,1,swimmer,1398.0,1069.0,29.0,23.0,667.0,34.99829320329168,30.6,mavic,NorthSea_Fri_DJI_0115.MP4,300,data/raw/seadronessee/odv2/images/train/6902.jpg,test,1463,681,349,2144,1812,train_00040254,80.0,640,0.4374572795625427,313.65686944634314,314.96924128503076,12.686261107313738,10.061517429938482,127.64303725198783,1.0,8fe6c319c145bfe6c41b4bd884be5417741d8218678ea8dfc0735cca6b82988f,data/synthetic/seadronessee_30m_to_80m/geometry_only/test/train_00040254.png,data/synthetic/seadronessee_30m_to_80m/calibrated/test/train_00040254.png
train:40255,train:6902,train,40255,6902,6902.jpg,3840,2160,1,swimmer,1574.0,1158.0,29.0,21.0,609.0,34.99829320329168,30.6,mavic,NorthSea_Fri_DJI_0115.MP4,300,data/raw/seadronessee/odv2/images/train/6902.jpg,test,1463,857,437,2320,1900,train_00040255,80.0,640,0.4374572795625427,313.65686944634314,315.4066985645933,12.686261107313738,9.186602870813397,116.54364270833673,1.0,8fe6c319c145bfe6c41b4bd884be5417741d8218678ea8dfc0735cca6b82988f,data/synthetic/seadronessee_30m_to_80m/geometry_only/test/train_00040255.png,data/synthetic/seadronessee_30m_to_80m/calibrated/test/train_00040255.png
train:40256,train:6902,train,40256,6902,6902.jpg,3840,2160,1,swimmer,1536.0,1247.0,48.0,32.0,1536.0,34.99829320329168,30.6,mavic,NorthSea_Fri_DJI_0115.MP4,300,data/raw/seadronessee/odv2/images/train/6902.jpg,test,1463,828,532,2291,1995,train_00040256,80.0,640,0.4374572795625427,309.71975393028026,312.78195488721803,20.99794941900205,13.998632946001367,293.9425865353124,1.0,8fe6c319c145bfe6c41b4bd884be5417741d8218678ea8dfc0735cca6b82988f,data/synthetic/seadronessee_30m_to_80m/geometry_only/test/train_00040256.png,data/synthetic/seadronessee_30m_to_80m/calibrated/test/train_00040256.png
train:40257,train:6902,train,40257,6902,6902.jpg,3840,2160,1,swimmer,2520.0,1314.0,33.0,31.0,1023.0,34.99829320329168,30.6,mavic,NorthSea_Fri_DJI_0115.MP4,300,data/raw/seadronessee/odv2/images/train/6902.jpg,test,1463,1805,598,3268,2061,train_00040257,80.0,640,0.4374572795625427,312.78195488721803,313.21941216678056,14.436090225563909,13.561175666438825,195.77035548543265,1.0,8fe6c319c145bfe6c41b4bd884be5417741d8218678ea8dfc0735cca6b82988f,data/synthetic/seadronessee_30m_to_80m/geometry_only/test/train_00040257.png,data/synthetic/seadronessee_30m_to_80m/calibrated/test/train_00040257.png
train:40271,train:6904,train,40271,6904,6904.jpg,3840,2160,1,swimmer,1762.0,991.0,70.0,27.0,1890.0,34.99829320329168,30.6,mavic,NorthSea_Fri_DJI_0115.MP4,330,data/raw/seadronessee/odv2/images/train/6904.jpg,test,1463,1066,273,2529,1736,train_00040271,80.0,640,0.4374572795625427,304.4702665755297,314.09432672590566,30.62200956937799,11.811346548188654,361.68716702587267,1.0,8fe6c319c145bfe6c41b4bd884be5417741d8218678ea8dfc0735cca6b82988f,data/synthetic/seadronessee_30m_to_80m/geometry_only/test/train_00040271.png,data/synthetic/seadronessee_30m_to_80m/calibrated/test/train_00040271.png
train:40272,train:6904,train,40272,6904,6904.jpg,3840,2160,1,swimmer,2170.0,1404.0,30.0,29.0,870.0,34.99829320329168,30.6,mavic,NorthSea_Fri_DJI_0115.MP4,330,data/raw/seadronessee/odv2/images/train/6904.jpg,test,1463,1454,687,2917,2150,train_00040272,80.0,640,0.4374572795625427,313.21941216678056,313.65686944634314,13.12371838687628,12.686261107313738,166.49091815476675,1.0,8fe6c319c145bfe6c41b4bd884be5417741d8218678ea8dfc0735cca6b82988f,data/synthetic/seadronessee_30m_to_80m/geometry_only/test/train_00040272.png,data/synthetic/seadronessee_30m_to_80m/calibrated/test/train_00040272.png
train:40273,train:6904,train,40273,6904,6904.jpg,3840,2160,1,swimmer,1927.0,1290.0,43.0,56.0,2408.0,34.99829320329168,30.6,mavic,NorthSea_Fri_DJI_0115.MP4,330,data/raw/seadronessee/odv2/images/train/6904.jpg,test,1463,1217,586,2680,2049,train_00040273,80.0,640,0.4374572795625427,310.5946684894053,307.96992481203006,18.810663021189338,24.497607655502392,460.8162424329637,1.0,8fe6c319c145bfe6c41b4bd884be5417741d8218678ea8dfc0735cca6b82988f,data/synthetic/seadronessee_30m_to_80m/geometry_only/test/train_00040273.png,data/synthetic/seadronessee_30m_to_80m/calibrated/test/train_00040273.png
train:40275,train:6904,train,40275,6904,6904.jpg,3840,2160,2,boat,2907.0,1010.0,186.0,181.0,33666.0,34.99829320329168,30.6,mavic,NorthSea_Fri_DJI_0115.MP4,330,data/raw/seadronessee/odv2/images/train/6904.jpg,test,1463,2268,369,3731,1832,train_00040275,80.0,640,0.4374572795625427,279.5352016404648,280.4101161995899,81.36705399863294,79.17976760082023,6442.624425975147,1.0,8fe6c319c145bfe6c41b4bd884be5417741d8218678ea8dfc0735cca6b82988f,data/synthetic/seadronessee_30m_to_80m/geometry_only/test/train_00040275.png,data/synthetic/seadronessee_30m_to_80m/calibrated/test/train_00040275.png
train:40276,train:6904,train,40276,6904,6904.jpg,3840,2160,1,swimmer,1404.0,1083.0,28.0,22.0,616.0,34.99829320329168,30.6,mavic,NorthSea_Fri_DJI_0115.MP4,330,data/raw/seadronessee/odv2/images/train/6904.jpg,test,1463,686,362,2149,1825,train_00040276,80.0,640,0.4374572795625427,314.09432672590566,315.4066985645933,12.248803827751196,9.62406015037594,117.88322480843256,1.0,8fe6c319c145bfe6c41b4bd884be5417741d8218678ea8dfc0735cca6b82988f,data/synthetic/seadronessee_30m_to_80m/geometry_only/test/train_00040276.png,data/synthetic/seadronessee_30m_to_80m/calibrated/test/train_00040276.png
train:40277,train:6904,train,40277,6904,6904.jpg,3840,2160,1,swimmer,1575.0,1168.0,32.0,22.0,704.0,34.99829320329168,30.6,mavic,NorthSea_Fri_DJI_0115.MP4,330,data/raw/seadronessee/odv2/images/train/6904.jpg,test,1463,860,448,2323,1911,train_00040277,80.0,640,0.4374572795625427,312.78195488721803,314.96924128503076,13.998632946001367,9.62406015037594,134.7236854953515,1.0,8fe6c319c145bfe6c41b4bd884be5417741d8218678ea8dfc0735cca6b82988f,data/synthetic/seadronessee_30m_to_80m/geometry_only/test/train_00040277.png,data/synthetic/seadronessee_30m_to_80m/calibrated/test/train_00040277.png
train:40278,train:6904,train,40278,6904,6904.jpg,3840,2160,1,swimmer,1539.0,1251.0,51.0,37.0,1887.0,34.99829320329168,30.6,mavic,NorthSea_Fri_DJI_0115.MP4,330,data/raw/seadronessee/odv2/images/train/6904.jpg,test,1463,833,538,2296,2001,train_00040278,80.0,640,0.4374572795625427,308.84483937115516,311.90704032809293,22.31032125768968,16.18591934381408,361.11306041154586,1.0,8fe6c319c145bfe6c41b4bd884be5417741d8218678ea8dfc0735cca6b82988f,data/synthetic/seadronessee_30m_to_80m/geometry_only/test/train_00040278.png,data/synthetic/seadronessee_30m_to_80m/calibrated/test/train_00040278.png
train:40279,train:6904,train,40279,6904,6904.jpg,3840,2160,1,swimmer,2517.0,1306.0,34.0,31.0,1054.0,34.99829320329168,30.6,mavic,NorthSea_Fri_DJI_0115.MP4,330,data/raw/seadronessee/odv2/images/train/6904.jpg,test,1463,1802,590,3265,2053,train_00040279,80.0,640,0.4374572795625427,312.78195488721803,313.21941216678056,14.873547505126453,13.561175666438825,201.70279050014275,1.0,8fe6c319c145bfe6c41b4bd884be5417741d8218678ea8dfc0735cca6b82988f,data/synthetic/seadronessee_30m_to_80m/geometry_only/test/train_00040279.png,data/synthetic/seadronessee_30m_to_80m/calibrated/test/train_00040279.png
train:40293,train:6906,train,40293,6906,6906.jpg,3840,2160,1,swimmer,1784.0,984.0,45.0,29.0,1305.0,34.99829320329168,30.6,mavic,NorthSea_Fri_DJI_0115.MP4,360,data/raw/seadronessee/odv2/images/train/6906.jpg,test,1463,1075,267,2538,1730,train_00040293,80.0,640,0.4374572795625427,310.1572112098428,313.65686944634314,19.685577580314423,12.686261107313738,249.73637723215015,1.0,8fe6c319c145bfe6c41b4bd884be5417741d8218678ea8dfc0735cca6b82988f,data/synthetic/seadronessee_30m_to_80m/geometry_only/test/train_00040293.png,data/synthetic/seadronessee_30m_to_80m/calibrated/test/train_00040293.png
train:40294,train:6906,train,40294,6906,6906.jpg,3840,2160,1,swimmer,2164.0,1407.0,29.0,26.0,754.0,34.99829320329168,30.6,mavic,NorthSea_Fri_DJI_0115.MP4,360,data/raw/seadronessee/odv2/images/train/6906.jpg,test,1463,1447,688,2910,2151,train_00040294,80.0,640,0.4374572795625427,313.65686944634314,314.5317840054682,12.686261107313738,11.37388926862611,144.29212906746451,1.0,8fe6c319c145bfe6c41b4bd884be5417741d8218678ea8dfc0735cca6b82988f,data/synthetic/seadronessee_30m_to_80m/geometry_only/test/train_00040294.png,data/synthetic/seadronessee_30m_to_80m/calibrated/test/train_00040294.png
train:40295,train:6906,train,40295,6906,6906.jpg,3840,2160,1,swimmer,1899.0,1307.0,68.0,47.0,3196.0,34.99829320329168,30.6,mavic,NorthSea_Fri_DJI_0115.MP4,360,data/raw/seadronessee/odv2/images/train/6906.jpg,test,1463,1202,599,2665,2062,train_00040295,80.0,640,0.4374572795625427,304.9077238550923,309.71975393028026,29.747095010252906,20.560492139439507,611.6149131294651,1.0,8fe6c319c145bfe6c41b4bd884be5417741d8218678ea8dfc0735cca6b82988f,data/synthetic/seadronessee_30m_to_80m/geometry_only/test/train_00040295.png,data/synthetic/seadronessee_30m_to_80m/calibrated/test/train_00040295.png
train:40297,train:6906,train,40297,6906,6906.jpg,3840,2160,2,boat,2911.0,1007.0,189.0,182.0,34398.0,34.99829320329168,30.6,mavic,NorthSea_Fri_DJI_0115.MP4,360,data/raw/seadronessee/odv2/images/train/6906.jpg,test,1463,2274,366,3737,1829,train_00040297,80.0,640,0.4374572795625427,278.66028708133973,280.4101161995899,82.67942583732058,79.61722488038278,6582.706439870883,1.0,8fe6c319c145bfe6c41b4bd884be5417741d8218678ea8dfc0735cca6b82988f,data/synthetic/seadronessee_30m_to_80m/geometry_only/test/train_00040297.png,data/synthetic/seadronessee_30m_to_80m/calibrated/test/train_00040297.png
train:40298,train:6906,train,40298,6906,6906.jpg,3840,2160,1,swimmer,1416.0,1091.0,26.0,20.0,520.0,34.99829320329168,30.6,mavic,NorthSea_Fri_DJI_0115.MP4,360,data/raw/seadronessee/odv2/images/train/6906.jpg,test,1463,698,370,2161,1833,train_00040298,80.0,640,0.4374572795625427,314.09432672590566,315.4066985645933,11.37388926862611,8.749145591250855,99.51181314997554,1.0,8fe6c319c145bfe6c41b4bd884be5417741d8218678ea8dfc0735cca6b82988f,data/synthetic/seadronessee_30m_to_80m/geometry_only/test/train_00040298.png,data/synthetic/seadronessee_30m_to_80m/calibrated/test/train_00040298.png
train:40299,train:6906,train,40299,6906,6906.jpg,3840,2160,1,swimmer,1575.0,1176.0,32.0,16.0,512.0,34.99829320329168,30.6,mavic,NorthSea_Fri_DJI_0115.MP4,360,data/raw/seadronessee/odv2/images/train/6906.jpg,test,1463,860,452,2323,1915,train_00040299,80.0,640,0.4374572795625427,312.78195488721803,316.7190704032809,13.998632946001367,6.999316473000683,97.98086217843745,1.0,8fe6c319c145bfe6c41b4bd884be5417741d8218678ea8dfc0735cca6b82988f,data/synthetic/seadronessee_30m_to_80m/geometry_only/test/train_00040299.png,data/synthetic/seadronessee_30m_to_80m/calibrated/test/train_00040299.png
train:40300,train:6906,train,40300,6906,6906.jpg,3840,2160,1,swimmer,1554.0,1267.0,30.0,29.0,870.0,34.99829320329168,30.6,mavic,NorthSea_Fri_DJI_0115.MP4,360,data/raw/seadronessee/odv2/images/train/6906.jpg,test,1463,838,550,2301,2013,train_00040300,80.0,640,0.4374572795625427,313.21941216678056,313.65686944634314,13.12371838687628,12.686261107313738,166.49091815476675,1.0,8fe6c319c145bfe6c41b4bd884be5417741d8218678ea8dfc0735cca6b82988f,data/synthetic/seadronessee_30m_to_80m/geometry_only/test/train_00040300.png,data/synthetic/seadronessee_30m_to_80m/calibrated/test/train_00040300.png
train:40301,train:6906,train,40301,6906,6906.jpg,3840,2160,1,swimmer,2511.0,1305.0,34.0,25.0,850.0,34.99829320329168,30.6,mavic,NorthSea_Fri_DJI_0115.MP4,360,data/raw/seadronessee/odv2/images/train/6906.jpg,test,1463,1796,586,3259,2049,train_00040301,80.0,640,0.4374572795625427,312.78195488721803,314.5317840054682,14.873547505126453,10.936431989063568,162.66354072592156,1.0,8fe6c319c145bfe6c41b4bd884be5417741d8218678ea8dfc0735cca6b82988f,data/synthetic/seadronessee_30m_to_80m/geometry_only/test/train_00040301.png,data/synthetic/seadronessee_30m_to_80m/calibrated/test/train_00040301.png
train:40314,train:6908,train,40314,6908,6908.jpg,3840,2160,1,swimmer,1772.0,989.0,42.0,20.0,840.0,34.99829320329168,30.6,mavic,NorthSea_Fri_DJI_0115.MP4,390,data/raw/seadronessee/odv2/images/train/6908.jpg,test,1463,1062,268,2525,1731,train_00040314,80.0,640,0.4374572795625427,310.5946684894053,315.4066985645933,18.373205741626794,8.749145591250855,160.74985201149897,1.0,8fe6c319c145bfe6c41b4bd884be5417741d8218678ea8dfc0735cca6b82988f,data/synthetic/seadronessee_30m_to_80m/geometry_only/test/train_00040314.png,data/synthetic/seadronessee_30m_to_80m/calibrated/test/train_00040314.png
train:40316,train:6908,train,40316,6908,6908.jpg,3840,2160,1,swimmer,2170.0,1405.0,28.0,27.0,756.0,34.99829320329168,30.6,mavic,NorthSea_Fri_DJI_0115.MP4,390,data/raw/seadronessee/odv2/images/train/6908.jpg,test,1463,1452,687,2915,2150,train_00040316,80.0,640,0.4374572795625427,314.09432672590566,314.09432672590566,12.248803827751196,11.811346548188654,144.67486681034907,1.0,8fe6c319c145bfe6c41b4bd884be5417741d8218678ea8dfc0735cca6b82988f,data/synthetic/seadronessee_30m_to_80m/geometry_only/test/train_00040316.png,data/synthetic/seadronessee_30m_to_80m/calibrated/test/train_00040316.png
train:40317,train:6908,train,40317,6908,6908.jpg,3840,2160,1,swimmer,1908.0,1330.0,59.0,42.0,2478.0,34.99829320329168,30.6,mavic,NorthSea_Fri_DJI_0115.MP4,390,data/raw/seadronessee/odv2/images/train/6908.jpg,test,1463,1206,620,2669,2083,train_00040317,80.0,640,0.4374572795625427,307.09501025290496,310.5946684894053,25.80997949419002,18.373205741626794,474.2120634339219,1.0,8fe6c319c145bfe6c41b4bd884be5417741d8218678ea8dfc0735cca6b82988f,data/synthetic/seadronessee_30m_to_80m/geometry_only/test/train_00040317.png,data/synthetic/seadronessee_30m_to_80m/calibrated/test/train_00040317.png
train:40319,train:6908,train,40319,6908,6908.jpg,3840,2160,2,boat,2913.0,1032.0,191.0,162.0,30942.0,34.99829320329168,30.6,mavic,NorthSea_Fri_DJI_0115.MP4,390,data/raw/seadronessee/odv2/images/train/6908.jpg,test,1463,2277,382,3740,1845,train_00040319,80.0,640,0.4374572795625427,278.22282980177715,284.34723171565275,83.55434039644565,70.86807928913191,5921.335620166428,1.0,8fe6c319c145bfe6c41b4bd884be5417741d8218678ea8dfc0735cca6b82988f,data/synthetic/seadronessee_30m_to_80m/geometry_only/test/train_00040319.png,data/synthetic/seadronessee_30m_to_80m/calibrated/test/train_00040319.png
train:40320,train:6908,train,40320,6908,6908.jpg,3840,2160,1,swimmer,1427.0,1096.0,25.0,18.0,450.0,34.99829320329168,30.6,mavic,NorthSea_Fri_DJI_0115.MP4,390,data/raw/seadronessee/odv2/images/train/6908.jpg,test,1463,708,374,2171,1837,train_00040320,80.0,640,0.4374572795625427,314.5317840054682,315.84415584415586,10.936431989063568,7.874231032125769,86.11599214901729,1.0,8fe6c319c145bfe6c41b4bd884be5417741d8218678ea8dfc0735cca6b82988f,data/synthetic/seadronessee_30m_to_80m/geometry_only/test/train_00040320.png,data/synthetic/seadronessee_30m_to_80m/calibrated/test/train_00040320.png
train:40321,train:6908,train,40321,6908,6908.jpg,3840,2160,1,swimmer,1559.0,1185.0,29.0,16.0,464.0,34.99829320329168,30.6,mavic,NorthSea_Fri_DJI_0115.MP4,390,data/raw/seadronessee/odv2/images/train/6908.jpg,test,1463,842,462,2305,1925,train_00040321,80.0,640,0.4374572795625427,313.65686944634314,316.2816131237184,12.686261107313738,6.999316473000683,88.79515634920894,1.0,8fe6c319c145bfe6c41b4bd884be5417741d8218678ea8dfc0735cca6b82988f,data/synthetic/seadronessee_30m_to_80m/geometry_only/test/train_00040321.png,data/synthetic/seadronessee_30m_to_80m/calibrated/test/train_00040321.png
train:40322,train:6908,train,40322,6908,6908.jpg,3840,2160,1,swimmer,1553.0,1275.0,26.0,27.0,702.0,34.99829320329168,30.6,mavic,NorthSea_Fri_DJI_0115.MP4,390,data/raw/seadronessee/odv2/images/train/6908.jpg,test,1463,834,557,2297,2020,train_00040322,80.0,640,0.4374572795625427,314.5317840054682,314.09432672590566,11.37388926862611,11.811346548188654,134.34094775246697,1.0,8fe6c319c145bfe6c41b4bd884be5417741d8218678ea8dfc0735cca6b82988f,data/synthetic/seadronessee_30m_to_80m/geometry_only/test/train_00040322.png,data/synthetic/seadronessee_30m_to_80m/calibrated/test/train_00040322.png
train:40323,train:6908,train,40323,6908,6908.jpg,3840,2160,1,swimmer,2525.0,1315.0,21.0,26.0,546.0,34.99829320329168,30.6,mavic,NorthSea_Fri_DJI_0115.MP4,390,data/raw/seadronessee/odv2/images/train/6908.jpg,test,1463,1804,596,3267,2059,train_00040323,80.0,640,0.4374572795625427,315.4066985645933,314.5317840054682,9.186602870813397,11.37388926862611,104.48740380747431,1.0,8fe6c319c145bfe6c41b4bd884be5417741d8218678ea8dfc0735cca6b82988f,data/synthetic/seadronessee_30m_to_80m/geometry_only/test/train_00040323.png,data/synthetic/seadronessee_30m_to_80m/calibrated/test/train_00040323.png
train:40337,train:6910,train,40337,6910,6910.jpg,3840,2160,1,swimmer,1756.0,992.0,32.0,21.0,672.0,34.99829320329168,30.6,mavic,NorthSea_Fri_DJI_0115.MP4,420,data/raw/seadronessee/odv2/images/train/6910.jpg,test,1463,1040,271,2503,1734,train_00040337,80.0,640,0.4374572795625427,313.21941216678056,315.4066985645933,13.998632946001367,9.186602870813397,128.59988160919914,1.0,8fe6c319c145bfe6c41b4bd884be5417741d8218678ea8dfc0735cca6b82988f,data/synthetic/seadronessee_30m_to_80m/geometry_only/test/train_00040337.png,data/synthetic/seadronessee_30m_to_80m/calibrated/test/train_00040337.png
train:40340,train:6910,train,40340,6910,6910.jpg,3840,2160,1,swimmer,1883.0,1344.0,55.0,39.0,2145.0,34.99829320329168,30.6,mavic,NorthSea_Fri_DJI_0115.MP4,420,data/raw/seadronessee/odv2/images/train/6910.jpg,test,1463,1179,632,2642,2095,train_00040340,80.0,640,0.4374572795625427,307.96992481203006,311.4695830485304,24.06015037593985,17.060833902939166,410.48622924364906,1.0,8fe6c319c145bfe6c41b4bd884be5417741d8218678ea8dfc0735cca6b82988f,data/synthetic/seadronessee_30m_to_80m/geometry_only/test/train_00040340.png,data/synthetic/seadronessee_30m_to_80m/calibrated/test/train_00040340.png
train:40342,train:6910,train,40342,6910,6910.jpg,3840,2160,2,boat,2892.0,1039.0,187.0,170.0,31790.0,34.99829320329168,30.6,mavic,NorthSea_Fri_DJI_0115.MP4,420,data/raw/seadronessee/odv2/images/train/6910.jpg,test,1463,2254,392,3717,1855,train_00040342,80.0,640,0.4374572795625427,279.09774436090225,283.03485987696513,81.80451127819549,74.36773752563226,6083.616423149467,1.0,8fe6c319c145bfe6c41b4bd884be5417741d8218678ea8dfc0735cca6b82988f,data/synthetic/seadronessee_30m_to_80m/geometry_only/test/train_00040342.png,data/synthetic/seadronessee_30m_to_80m/calibrated/test/train_00040342.png
train:40343,train:6910,train,40343,6910,6910.jpg,3840,2160,1,swimmer,1403.0,1093.0,28.0,22.0,616.0,34.99829320329168,30.6,mavic,NorthSea_Fri_DJI_0115.MP4,420,data/raw/seadronessee/odv2/images/train/6910.jpg,test,1463,686,372,2149,1835,train_00040343,80.0,640,0.4374572795625427,313.65686944634314,315.4066985645933,12.248803827751196,9.62406015037594,117.88322480843256,1.0,8fe6c319c145bfe6c41b4bd884be5417741d8218678ea8dfc0735cca6b82988f,data/synthetic/seadronessee_30m_to_80m/geometry_only/test/train_00040343.png,data/synthetic/seadronessee_30m_to_80m/calibrated/test/train_00040343.png
train:40344,train:6910,train,40344,6910,6910.jpg,3840,2160,1,swimmer,1520.0,1173.0,20.0,25.0,500.0,34.99829320329168,30.6,mavic,NorthSea_Fri_DJI_0115.MP4,420,data/raw/seadronessee/odv2/images/train/6910.jpg,test,1463,798,454,2261,1917,train_00040344,80.0,640,0.4374572795625427,315.84415584415586,314.5317840054682,8.749145591250855,10.936431989063568,95.68443572113033,1.0,8fe6c319c145bfe6c41b4bd884be5417741d8218678ea8dfc0735cca6b82988f,data/synthetic/seadronessee_30m_to_80m/geometry_only/test/train_00040344.png,data/synthetic/seadronessee_30m_to_80m/calibrated/test/train_00040344.png
train:40345,train:6910,train,40345,6910,6910.jpg,3840,2160,1,swimmer,1510.0,1289.0,29.0,26.0,754.0,34.99829320329168,30.6,mavic,NorthSea_Fri_DJI_0115.MP4,420,data/raw/seadronessee/odv2/images/train/6910.jpg,test,1463,793,570,2256,2033,train_00040345,80.0,640,0.4374572795625427,313.65686944634314,314.5317840054682,12.686261107313738,11.37388926862611,144.29212906746451,1.0,8fe6c319c145bfe6c41b4bd884be5417741d8218678ea8dfc0735cca6b82988f,data/synthetic/seadronessee_30m_to_80m/geometry_only/test/train_00040345.png,data/synthetic/seadronessee_30m_to_80m/calibrated/test/train_00040345.png
train:40346,train:6910,train,40346,6910,6910.jpg,3840,2160,1,swimmer,2500.0,1311.0,23.0,27.0,621.0,34.99829320329168,30.6,mavic,NorthSea_Fri_DJI_0115.MP4,420,data/raw/seadronessee/odv2/images/train/6910.jpg,test,1463,1780,593,3243,2056,train_00040346,80.0,640,0.4374572795625427,314.96924128503076,314.09432672590566,10.061517429938482,11.811346548188654,118.84006916564385,1.0,8fe6c319c145bfe6c41b4bd884be5417741d8218678ea8dfc0735cca6b82988f,data/synthetic/seadronessee_30m_to_80m/geometry_only/test/train_00040346.png,data/synthetic/seadronessee_30m_to_80m/calibrated/test/train_00040346.png
train:40360,train:6912,train,40360,6912,6912.jpg,3840,2160,1,swimmer,1555.0,1368.0,64.0,44.0,2816.0,34.99829320329168,30.6,mavic,NorthSea_Fri_DJI_0115.MP4,450,data/raw/seadronessee/odv2/images/train/6912.jpg,test,1463,856,658,2319,2121,train_00040360,80.0,640,0.4374572795625427,305.78263841421733,310.5946684894053,27.997265892002734,19.24812030075188,538.894741981406,1.0,8fe6c319c145bfe6c41b4bd884be5417741d8218678ea8dfc0735cca6b82988f,data/synthetic/seadronessee_30m_to_80m/geometry_only/test/train_00040360.png,data/synthetic/seadronessee_30m_to_80m/calibrated/test/train_00040360.png
train:40362,train:6912,train,40362,6912,6912.jpg,3840,2160,2,boat,2543.0,1004.0,175.0,170.0,29750.0,34.99829320329168,30.6,mavic,NorthSea_Fri_DJI_0115.MP4,450,data/raw/seadronessee/odv2/images/train/6912.jpg,test,1463,1899,358,3362,1821,train_00040362,80.0,640,0.4374572795625427,281.7224880382775,282.5974025974026,76.55502392344498,74.36773752563226,5693.223925407255,1.0,8fe6c319c145bfe6c41b4bd884be5417741d8218678ea8dfc0735cca6b82988f,data/synthetic/seadronessee_30m_to_80m/geometry_only/test/train_00040362.png,data/synthetic/seadronessee_30m_to_80m/calibrated/test/train_00040362.png
train:40363,train:6912,train,40363,6912,6912.jpg,3840,2160,1,swimmer,2165.0,1298.0,32.0,25.0,800.0,34.99829320329168,30.6,mavic,NorthSea_Fri_DJI_0115.MP4,450,data/raw/seadronessee/odv2/images/train/6912.jpg,test,1463,1450,579,2913,2042,train_00040363,80.0,640,0.4374572795625427,312.78195488721803,314.5317840054682,13.998632946001367,10.936431989063568,153.09509715380852,1.0,8fe6c319c145bfe6c41b4bd884be5417741d8218678ea8dfc0735cca6b82988f,data/synthetic/seadronessee_30m_to_80m/geometry_only/test/train_00040363.png,data/synthetic/seadronessee_30m_to_80m/calibrated/test/train_00040363.png
train:40364,train:6912,train,40364,6912,6912.jpg,3840,2160,1,swimmer,1435.0,1019.0,28.0,23.0,644.0,34.99829320329168,30.6,mavic,NorthSea_Fri_DJI_0115.MP4,450,data/raw/seadronessee/odv2/images/train/6912.jpg,test,1463,718,299,2181,1762,train_00040364,80.0,640,0.4374572795625427,313.65686944634314,314.96924128503076,12.248803827751196,10.061517429938482,123.24155320881584,1.0,8fe6c319c145bfe6c41b4bd884be5417741d8218678ea8dfc0735cca6b82988f,data/synthetic/seadronessee_30m_to_80m/geometry_only/test/train_00040364.png,data/synthetic/seadronessee_30m_to_80m/calibrated/test/train_00040364.png
train:40365,train:6912,train,40365,6912,6912.jpg,3840,2160,1,swimmer,1061.0,1141.0,23.0,27.0,621.0,34.99829320329168,30.6,mavic,NorthSea_Fri_DJI_0115.MP4,450,data/raw/seadronessee/odv2/images/train/6912.jpg,test,1463,341,423,1804,1886,train_00040365,80.0,640,0.4374572795625427,314.96924128503076,314.09432672590566,10.061517429938482,11.811346548188654,118.84006916564385,1.0,8fe6c319c145bfe6c41b4bd884be5417741d8218678ea8dfc0735cca6b82988f,data/synthetic/seadronessee_30m_to_80m/geometry_only/test/train_00040365.png,data/synthetic/seadronessee_30m_to_80m/calibrated/test/train_00040365.png
train:40366,train:6912,train,40366,6912,6912.jpg,3840,2160,1,swimmer,1178.0,1224.0,21.0,23.0,483.0,34.99829320329168,30.6,mavic,NorthSea_Fri_DJI_0115.MP4,450,data/raw/seadronessee/odv2/images/train/6912.jpg,test,1463,457,504,1920,1967,train_00040366,80.0,640,0.4374572795625427,315.4066985645933,314.96924128503076,9.186602870813397,10.061517429938482,92.43116490661188,1.0,8fe6c319c145bfe6c41b4bd884be5417741d8218678ea8dfc0735cca6b82988f,data/synthetic/seadronessee_30m_to_80m/geometry_only/test/train_00040366.png,data/synthetic/seadronessee_30m_to_80m/calibrated/test/train_00040366.png
train:40367,train:6912,train,40367,6912,6912.jpg,3840,2160,1,swimmer,1180.0,1335.0,54.0,27.0,1458.0,34.99829320329168,30.6,mavic,NorthSea_Fri_DJI_0115.MP4,450,data/raw/seadronessee/odv2/images/train/6912.jpg,test,1463,476,617,1939,2080,train_00040367,80.0,640,0.4374572795625427,307.96992481203006,314.09432672590566,23.622693096377308,11.811346548188654,279.01581456281605,1.0,8fe6c319c145bfe6c41b4bd884be5417741d8218678ea8dfc0735cca6b82988f,data/synthetic/seadronessee_30m_to_80m/geometry_only/test/train_00040367.png,data/synthetic/seadronessee_30m_to_80m/calibrated/test/train_00040367.png
train:40379,train:6914,train,40379,6914,6914.jpg,3840,2160,1,swimmer,1696.0,1351.0,68.0,48.0,3264.0,34.99829320329168,30.6,mavic,NorthSea_Fri_DJI_0115.MP4,480,data/raw/seadronessee/odv2/images/train/6914.jpg,test,1463,998,644,2461,2107,train_00040379,80.0,640,0.4374572795625427,305.3451811346548,309.2822966507177,29.747095010252906,20.99794941900205,624.6279963875388,1.0,8fe6c319c145bfe6c41b4bd884be5417741d8218678ea8dfc0735cca6b82988f,data/synthetic/seadronessee_30m_to_80m/geometry_only/test/train_00040379.png,data/synthetic/seadronessee_30m_to_80m/calibrated/test/train_00040379.png
train:40380,train:6914,train,40380,6914,6914.jpg,3840,2160,2,boat,2715.0,1030.0,176.0,171.0,30096.0,34.99829320329168,30.6,mavic,NorthSea_Fri_DJI_0115.MP4,480,data/raw/seadronessee/odv2/images/train/6914.jpg,test,1463,2072,384,3535,1847,train_00040380,80.0,640,0.4374572795625427,281.285030758715,282.5974025974026,76.99248120300751,74.8051948051948,5759.437554926276,1.0,8fe6c319c145bfe6c41b4bd884be5417741d8218678ea8dfc0735cca6b82988f,data/synthetic/seadronessee_30m_to_80m/geometry_only/test/train_00040380.png,data/synthetic/seadronessee_30m_to_80m/calibrated/test/train_00040380.png
train:40381,train:6914,train,40381,6914,6914.jpg,3840,2160,1,swimmer,2311.0,1312.0,33.0,31.0,1023.0,34.99829320329168,30.6,mavic,NorthSea_Fri_DJI_0115.MP4,480,data/raw/seadronessee/odv2/images/train/6914.jpg,test,1463,1596,596,3059,2059,train_00040381,80.0,640,0.4374572795625427,312.78195488721803,313.21941216678056,14.436090225563909,13.561175666438825,195.77035548543265,1.0,8fe6c319c145bfe6c41b4bd884be5417741d8218678ea8dfc0735cca6b82988f,data/synthetic/seadronessee_30m_to_80m/geometry_only/test/train_00040381.png,data/synthetic/seadronessee_30m_to_80m/calibrated/test/train_00040381.png
train:40383,train:6914,train,40383,6914,6914.jpg,3840,2160,1,swimmer,1589.0,1007.0,29.0,24.0,696.0,34.99829320329168,30.6,mavic,NorthSea_Fri_DJI_0115.MP4,480,data/raw/seadronessee/odv2/images/train/6914.jpg,test,1463,872,288,2335,1751,train_00040383,80.0,640,0.4374572795625427,313.65686944634314,314.5317840054682,12.686261107313738,10.498974709501026,133.1927345238134,1.0,8fe6c319c145bfe6c41b4bd884be5417741d8218678ea8dfc0735cca6b82988f,data/synthetic/seadronessee_30m_to_80m/geometry_only/test/train_00040383.png,data/synthetic/seadronessee_30m_to_80m/calibrated/test/train_00040383.png
train:40384,train:6914,train,40384,6914,6914.jpg,3840,2160,1,swimmer,1231.0,1125.0,22.0,23.0,506.0,34.99829320329168,30.6,mavic,NorthSea_Fri_DJI_0115.MP4,480,data/raw/seadronessee/odv2/images/train/6914.jpg,test,1463,510,405,1973,1868,train_00040384,80.0,640,0.4374572795625427,315.4066985645933,314.96924128503076,9.62406015037594,10.061517429938482,96.83264894978387,1.0,8fe6c319c145bfe6c41b4bd884be5417741d8218678ea8dfc0735cca6b82988f,data/synthetic/seadronessee_30m_to_80m/geometry_only/test/train_00040384.png,data/synthetic/seadronessee_30m_to_80m/calibrated/test/train_00040384.png
train:40385,train:6914,train,40385,6914,6914.jpg,3840,2160,1,swimmer,1328.0,1200.0,20.0,21.0,420.0,34.99829320329168,30.6,mavic,NorthSea_Fri_DJI_0115.MP4,480,data/raw/seadronessee/odv2/images/train/6914.jpg,test,1463,606,479,2069,1942,train_00040385,80.0,640,0.4374572795625427,315.84415584415586,315.4066985645933,8.749145591250855,9.186602870813397,80.37492600574949,1.0,8fe6c319c145bfe6c41b4bd884be5417741d8218678ea8dfc0735cca6b82988f,data/synthetic/seadronessee_30m_to_80m/geometry_only/test/train_00040385.png,data/synthetic/seadronessee_30m_to_80m/calibrated/test/train_00040385.png
train:40386,train:6914,train,40386,6914,6914.jpg,3840,2160,1,swimmer,1341.0,1303.0,41.0,27.0,1107.0,34.99829320329168,30.6,mavic,NorthSea_Fri_DJI_0115.MP4,480,data/raw/seadronessee/odv2/images/train/6914.jpg,test,1463,630,585,2093,2048,train_00040386,80.0,640,0.4374572795625427,311.0321257689679,314.09432672590566,17.93574846206425,11.811346548188654,211.84534068658255,1.0,8fe6c319c145bfe6c41b4bd884be5417741d8218678ea8dfc0735cca6b82988f,data/synthetic/seadronessee_30m_to_80m/geometry_only/test/train_00040386.png,data/synthetic/seadronessee_30m_to_80m/calibrated/test/train_00040386.png
train:40399,train:6916,train,40399,6916,6916.jpg,3840,2160,1,swimmer,1702.0,1350.0,47.0,36.0,1692.0,34.99829320329168,30.6,mavic,NorthSea_Fri_DJI_0115.MP4,510,data/raw/seadronessee/odv2/images/train/6916.jpg,test,1463,994,636,2457,2099,train_00040399,80.0,640,0.4374572795625427,309.71975393028026,312.3444976076555,20.560492139439507,15.748462064251537,323.796130480305,1.0,8fe6c319c145bfe6c41b4bd884be5417741d8218678ea8dfc0735cca6b82988f,data/synthetic/seadronessee_30m_to_80m/geometry_only/test/train_00040399.png,data/synthetic/seadronessee_30m_to_80m/calibrated/test/train_00040399.png
train:40400,train:6916,train,40400,6916,6916.jpg,3840,2160,2,boat,2690.0,1016.0,175.0,163.0,28525.0,34.99829320329168,30.6,mavic,NorthSea_Fri_DJI_0115.MP4,510,data/raw/seadronessee/odv2/images/train/6916.jpg,test,1463,2046,366,3509,1829,train_00040400,80.0,640,0.4374572795625427,281.7224880382775,284.34723171565275,76.55502392344498,71.30553656869446,5458.797057890485,1.0,8fe6c319c145bfe6c41b4bd884be5417741d8218678ea8dfc0735cca6b82988f,data/synthetic/seadronessee_30m_to_80m/geometry_only/test/train_00040400.png,data/synthetic/seadronessee_30m_to_80m/calibrated/test/train_00040400.png
train:40401,train:6916,train,40401,6916,6916.jpg,3840,2160,1,swimmer,2287.0,1292.0,35.0,25.0,875.0,34.99829320329168,30.6,mavic,NorthSea_Fri_DJI_0115.MP4,510,data/raw/seadronessee/odv2/images/train/6916.jpg,test,1463,1573,573,3036,2036,train_00040401,80.0,640,0.4374572795625427,312.3444976076555,314.5317840054682,15.311004784688995,10.936431989063568,167.44776251197808,1.0,8fe6c319c145bfe6c41b4bd884be5417741d8218678ea8dfc0735cca6b82988f,data/synthetic/seadronessee_30m_to_80m/geometry_only/test/train_00040401.png,data/synthetic/seadronessee_30m_to_80m/calibrated/test/train_00040401.png
train:40403,train:6916,train,40403,6916,6916.jpg,3840,2160,1,swimmer,1321.0,1302.0,31.0,36.0,1116.0,34.99829320329168,30.6,mavic,NorthSea_Fri_DJI_0115.MP4,510,data/raw/seadronessee/odv2/images/train/6916.jpg,test,1463,605,588,2068,2051,train_00040403,80.0,640,0.4374572795625427,313.21941216678056,312.3444976076555,13.561175666438825,15.748462064251537,213.5676605295629,1.0,8fe6c319c145bfe6c41b4bd884be5417741d8218678ea8dfc0735cca6b82988f,data/synthetic/seadronessee_30m_to_80m/geometry_only/test/train_00040403.png,data/synthetic/seadronessee_30m_to_80m/calibrated/test/train_00040403.png
train:40404,train:6916,train,40404,6916,6916.jpg,3840,2160,1,swimmer,1972.0,1408.0,29.0,33.0,957.0,34.99829320329168,30.6,mavic,NorthSea_Fri_DJI_0115.MP4,510,data/raw/seadronessee/odv2/images/train/6916.jpg,test,1463,1255,693,2718,2156,train_00040404,80.0,640,0.4374572795625427,313.65686944634314,312.78195488721803,12.686261107313738,14.436090225563909,183.14000997024343,1.0,8fe6c319c145bfe6c41b4bd884be5417741d8218678ea8dfc0735cca6b82988f,data/synthetic/seadronessee_30m_to_80m/geometry_only/test/train_00040404.png,data/synthetic/seadronessee_30m_to_80m/calibrated/test/train_00040404.png
train:40405,train:6916,train,40405,6916,6916.jpg,3840,2160,1,swimmer,1542.0,1007.0,32.0,25.0,800.0,34.99829320329168,30.6,mavic,NorthSea_Fri_DJI_0115.MP4,510,data/raw/seadronessee/odv2/images/train/6916.jpg,test,1463,826,288,2289,1751,train_00040405,80.0,640,0.4374572795625427,313.21941216678056,314.5317840054682,13.998632946001367,10.936431989063568,153.09509715380852,1.0,8fe6c319c145bfe6c41b4bd884be5417741d8218678ea8dfc0735cca6b82988f,data/synthetic/seadronessee_30m_to_80m/geometry_only/test/train_00040405.png,data/synthetic/seadronessee_30m_to_80m/calibrated/test/train_00040405.png
train:40406,train:6916,train,40406,6916,6916.jpg,3840,2160,1,swimmer,1198.0,1129.0,31.0,24.0,744.0,34.99829320329168,30.6,mavic,NorthSea_Fri_DJI_0115.MP4,510,data/raw/seadronessee/odv2/images/train/6916.jpg,test,1463,482,410,1945,1873,train_00040406,80.0,640,0.4374572795625427,313.21941216678056,314.5317840054682,13.561175666438825,10.498974709501026,142.37844035304192,1.0,8fe6c319c145bfe6c41b4bd884be5417741d8218678ea8dfc0735cca6b82988f,data/synthetic/seadronessee_30m_to_80m/geometry_only/test/train_00040406.png,data/synthetic/seadronessee_30m_to_80m/calibrated/test/train_00040406.png
train:40407,train:6916,train,40407,6916,6916.jpg,3840,2160,1,swimmer,1294.0,1203.0,21.0,18.0,378.0,34.99829320329168,30.6,mavic,NorthSea_Fri_DJI_0115.MP4,510,data/raw/seadronessee/odv2/images/train/6916.jpg,test,1463,573,480,2036,1943,train_00040407,80.0,640,0.4374572795625427,315.4066985645933,316.2816131237184,9.186602870813397,7.874231032125769,72.33743340517452,1.0,8fe6c319c145bfe6c41b4bd884be5417741d8218678ea8dfc0735cca6b82988f,data/synthetic/seadronessee_30m_to_80m/geometry_only/test/train_00040407.png,data/synthetic/seadronessee_30m_to_80m/calibrated/test/train_00040407.png
train:40419,train:6918,train,40419,6918,6918.jpg,3840,2160,1,swimmer,1774.0,1362.0,58.0,34.0,1972.0,34.99829320329168,30.6,mavic,NorthSea_Fri_DJI_0115.MP4,540,data/raw/seadronessee/odv2/images/train/6918.jpg,test,1463,1072,648,2535,2111,train_00040419,80.0,640,0.4374572795625427,307.09501025290496,312.3444976076555,25.372522214627477,14.873547505126453,377.379414484138,1.0,8fe6c319c145bfe6c41b4bd884be5417741d8218678ea8dfc0735cca6b82988f,data/synthetic/seadronessee_30m_to_80m/geometry_only/test/train_00040419.png,data/synthetic/seadronessee_30m_to_80m/calibrated/test/train_00040419.png
train:40420,train:6918,train,40420,6918,6918.jpg,3840,2160,2,boat,2791.0,1026.0,174.0,177.0,30798.0,34.99829320329168,30.6,mavic,NorthSea_Fri_DJI_0115.MP4,540,data/raw/seadronessee/odv2/images/train/6918.jpg,test,1463,2146,383,3609,1846,train_00040420,80.0,640,0.4374572795625427,282.15994531784,281.285030758715,76.11756664388243,77.42993848257007,5893.778502678743,1.0,8fe6c319c145bfe6c41b4bd884be5417741d8218678ea8dfc0735cca6b82988f,data/synthetic/seadronessee_30m_to_80m/geometry_only/test/train_00040420.png,data/synthetic/seadronessee_30m_to_80m/calibrated/test/train_00040420.png
train:40421,train:6918,train,40421,6918,6918.jpg,3840,2160,1,swimmer,2385.0,1294.0,33.0,28.0,924.0,34.99829320329168,30.6,mavic,NorthSea_Fri_DJI_0115.MP4,540,data/raw/seadronessee/odv2/images/train/6918.jpg,test,1463,1670,576,3133,2039,train_00040421,80.0,640,0.4374572795625427,312.78195488721803,314.09432672590566,14.436090225563909,12.248803827751196,176.82483721264884,1.0,8fe6c319c145bfe6c41b4bd884be5417741d8218678ea8dfc0735cca6b82988f,data/synthetic/seadronessee_30m_to_80m/geometry_only/test/train_00040421.png,data/synthetic/seadronessee_30m_to_80m/calibrated/test/train_00040421.png
train:40423,train:6918,train,40423,6918,6918.jpg,3840,2160,1,swimmer,1411.0,1307.0,42.0,31.0,1302.0,34.99829320329168,30.6,mavic,NorthSea_Fri_DJI_0115.MP4,540,data/raw/seadronessee/odv2/images/train/6918.jpg,test,1463,700,591,2163,2054,train_00040423,80.0,640,0.4374572795625427,311.0321257689679,313.21941216678056,18.373205741626794,13.561175666438825,249.16227061782337,1.0,8fe6c319c145bfe6c41b4bd884be5417741d8218678ea8dfc0735cca6b82988f,data/synthetic/seadronessee_30m_to_80m/geometry_only/test/train_00040423.png,data/synthetic/seadronessee_30m_to_80m/calibrated/test/train_00040423.png
train:40425,train:6918,train,40425,6918,6918.jpg,3840,2160,1,swimmer,1631.0,1010.0,38.0,22.0,836.0,34.99829320329168,30.6,mavic,NorthSea_Fri_DJI_0115.MP4,540,data/raw/seadronessee/odv2/images/train/6918.jpg,test,1463,918,290,2381,1753,train_00040425,80.0,640,0.4374572795625427,311.90704032809293,314.96924128503076,16.623376623376622,9.62406015037594,159.98437652572989,1.0,8fe6c319c145bfe6c41b4bd884be5417741d8218678ea8dfc0735cca6b82988f,data/synthetic/seadronessee_30m_to_80m/geometry_only/test/train_00040425.png,data/synthetic/seadronessee_30m_to_80m/calibrated/test/train_00040425.png
train:40426,train:6918,train,40426,6918,6918.jpg,3840,2160,1,swimmer,1297.0,1135.0,25.0,21.0,525.0,34.99829320329168,30.6,mavic,NorthSea_Fri_DJI_0115.MP4,540,data/raw/seadronessee/odv2/images/train/6918.jpg,test,1463,578,414,2041,1877,train_00040426,80.0,640,0.4374572795625427,314.5317840054682,315.4066985645933,10.936431989063568,9.186602870813397,100.46865750718685,1.0,8fe6c319c145bfe6c41b4bd884be5417741d8218678ea8dfc0735cca6b82988f,data/synthetic/seadronessee_30m_to_80m/geometry_only/test/train_00040426.png,data/synthetic/seadronessee_30m_to_80m/calibrated/test/train_00040426.png
train:40427,train:6918,train,40427,6918,6918.jpg,3840,2160,1,swimmer,1371.0,1200.0,16.0,14.0,224.0,34.99829320329168,30.6,mavic,NorthSea_Fri_DJI_0115.MP4,540,data/raw/seadronessee/odv2/images/train/6918.jpg,test,1463,648,476,2111,1939,train_00040427,80.0,640,0.4374572795625427,316.2816131237184,316.7190704032809,6.999316473000683,6.124401913875598,42.866627203066386,1.0,8fe6c319c145bfe6c41b4bd884be5417741d8218678ea8dfc0735cca6b82988f,data/synthetic/seadronessee_30m_to_80m/geometry_only/test/train_00040427.png,data/synthetic/seadronessee_30m_to_80m/calibrated/test/train_00040427.png
train:40441,train:6920,train,40441,6920,6920.jpg,3840,2160,1,swimmer,1791.0,1381.0,33.0,23.0,759.0,34.99829320329168,30.6,mavic,NorthSea_Fri_DJI_0115.MP4,570,data/raw/seadronessee/odv2/images/train/6920.jpg,test,1463,1076,661,2539,2124,train_00040441,80.0,640,0.4374572795625427,312.78195488721803,314.96924128503076,14.436090225563909,10.061517429938482,145.24897342467582,1.0,8fe6c319c145bfe6c41b4bd884be5417741d8218678ea8dfc0735cca6b82988f,data/synthetic/seadronessee_30m_to_80m/geometry_only/test/train_00040441.png,data/synthetic/seadronessee_30m_to_80m/calibrated/test/train_00040441.png
train:40442,train:6920,train,40442,6920,6920.jpg,3840,2160,2,boat,2838.0,1052.0,168.0,187.0,31416.0,34.99829320329168,30.6,mavic,NorthSea_Fri_DJI_0115.MP4,570,data/raw/seadronessee/odv2/images/train/6920.jpg,test,1463,2190,414,3653,1877,train_00040442,80.0,640,0.4374572795625427,283.47231715652765,279.09774436090225,73.49282296650718,81.80451127819549,6012.044465230061,1.0,8fe6c319c145bfe6c41b4bd884be5417741d8218678ea8dfc0735cca6b82988f,data/synthetic/seadronessee_30m_to_80m/geometry_only/test/train_00040442.png,data/synthetic/seadronessee_30m_to_80m/calibrated/test/train_00040442.png
train:40443,train:6920,train,40443,6920,6920.jpg,3840,2160,1,swimmer,2393.0,1328.0,33.0,24.0,792.0,34.99829320329168,30.6,mavic,NorthSea_Fri_DJI_0115.MP4,570,data/raw/seadronessee/odv2/images/train/6920.jpg,test,1463,1678,608,3141,2071,train_00040443,80.0,640,0.4374572795625427,312.78195488721803,314.96924128503076,14.436090225563909,10.498974709501026,151.56414618227043,1.0,8fe6c319c145bfe6c41b4bd884be5417741d8218678ea8dfc0735cca6b82988f,data/synthetic/seadronessee_30m_to_80m/geometry_only/test/train_00040443.png,data/synthetic/seadronessee_30m_to_80m/calibrated/test/train_00040443.png
train:40445,train:6920,train,40445,6920,6920.jpg,3840,2160,1,swimmer,1410.0,1305.0,47.0,35.0,1645.0,34.99829320329168,30.6,mavic,NorthSea_Fri_DJI_0115.MP4,570,data/raw/seadronessee/odv2/images/train/6920.jpg,test,1463,702,591,2165,2054,train_00040445,80.0,640,0.4374572795625427,309.71975393028026,312.3444976076555,20.560492139439507,15.311004784688995,314.8017935225188,1.0,8fe6c319c145bfe6c41b4bd884be5417741d8218678ea8dfc0735cca6b82988f,data/synthetic/seadronessee_30m_to_80m/geometry_only/test/train_00040445.png,data/synthetic/seadronessee_30m_to_80m/calibrated/test/train_00040445.png
train:40447,train:6920,train,40447,6920,6920.jpg,3840,2160,1,swimmer,1671.0,1015.0,32.0,23.0,736.0,34.99829320329168,30.6,mavic,NorthSea_Fri_DJI_0115.MP4,570,data/raw/seadronessee/odv2/images/train/6920.jpg,test,1463,956,295,2419,1758,train_00040447,80.0,640,0.4374572795625427,312.78195488721803,314.96924128503076,13.998632946001367,10.061517429938482,140.84748938150383,1.0,8fe6c319c145bfe6c41b4bd884be5417741d8218678ea8dfc0735cca6b82988f,data/synthetic/seadronessee_30m_to_80m/geometry_only/test/train_00040447.png,data/synthetic/seadronessee_30m_to_80m/calibrated/test/train_00040447.png
train:40448,train:6920,train,40448,6920,6920.jpg,3840,2160,1,swimmer,1337.0,1143.0,24.0,21.0,504.0,34.99829320329168,30.6,mavic,NorthSea_Fri_DJI_0115.MP4,570,data/raw/seadronessee/odv2/images/train/6920.jpg,test,1463,618,422,2081,1885,train_00040448,80.0,640,0.4374572795625427,314.5317840054682,315.4066985645933,10.498974709501026,9.186602870813397,96.44991120689937,1.0,8fe6c319c145bfe6c41b4bd884be5417741d8218678ea8dfc0735cca6b82988f,data/synthetic/seadronessee_30m_to_80m/geometry_only/test/train_00040448.png,data/synthetic/seadronessee_30m_to_80m/calibrated/test/train_00040448.png
train:40449,train:6920,train,40449,6920,6920.jpg,3840,2160,1,swimmer,1393.0,1205.0,23.0,22.0,506.0,34.99829320329168,30.6,mavic,NorthSea_Fri_DJI_0115.MP4,570,data/raw/seadronessee/odv2/images/train/6920.jpg,test,1463,673,484,2136,1947,train_00040449,80.0,640,0.4374572795625427,314.96924128503076,315.4066985645933,10.061517429938482,9.62406015037594,96.83264894978387,1.0,8fe6c319c145bfe6c41b4bd884be5417741d8218678ea8dfc0735cca6b82988f,data/synthetic/seadronessee_30m_to_80m/geometry_only/test/train_00040449.png,data/synthetic/seadronessee_30m_to_80m/calibrated/test/train_00040449.png
train:40463,train:6922,train,40463,6922,6922.jpg,3840,2160,1,swimmer,1739.0,1376.0,35.0,18.0,630.0,34.99829320329168,30.6,mavic,NorthSea_Fri_DJI_0115.MP4,600,data/raw/seadronessee/odv2/images/train/6922.jpg,test,1463,1025,654,2488,2117,train_00040463,80.0,640,0.4374572795625427,312.3444976076555,315.84415584415586,15.311004784688995,7.874231032125769,120.56238900862421,1.0,8fe6c319c145bfe6c41b4bd884be5417741d8218678ea8dfc0735cca6b82988f,data/synthetic/seadronessee_30m_to_80m/geometry_only/test/train_00040463.png,data/synthetic/seadronessee_30m_to_80m/calibrated/test/train_00040463.png
train:40464,train:6922,train,40464,6922,6922.jpg,3840,2160,2,boat,2829.0,1103.0,162.0,180.0,29160.0,34.99829320329168,30.6,mavic,NorthSea_Fri_DJI_0115.MP4,600,data/raw/seadronessee/odv2/images/train/6922.jpg,test,1463,2178,462,3641,1925,train_00040464,80.0,640,0.4374572795625427,284.78468899521533,280.4101161995899,70.86807928913191,78.74231032125769,5580.31629125632,1.0,8fe6c319c145bfe6c41b4bd884be5417741d8218678ea8dfc0735cca6b82988f,data/synthetic/seadronessee_30m_to_80m/geometry_only/test/train_00040464.png,data/synthetic/seadronessee_30m_to_80m/calibrated/test/train_00040464.png
train:40465,train:6922,train,40465,6922,6922.jpg,3840,2160,1,swimmer,2356.0,1354.0,29.0,23.0,667.0,34.99829320329168,30.6,mavic,NorthSea_Fri_DJI_0115.MP4,600,data/raw/seadronessee/odv2/images/train/6922.jpg,test,1463,1639,634,3102,2097,train_00040465,80.0,640,0.4374572795625427,313.65686944634314,314.96924128503076,12.686261107313738,10.061517429938482,127.64303725198783,1.0,8fe6c319c145bfe6c41b4bd884be5417741d8218678ea8dfc0735cca6b82988f,data/synthetic/seadronessee_30m_to_80m/geometry_only/test/train_00040465.png,data/synthetic/seadronessee_30m_to_80m/calibrated/test/train_00040465.png
train:40467,train:6922,train,40467,6922,6922.jpg,3840,2160,1,swimmer,1356.0,1298.0,70.0,36.0,2520.0,34.99829320329168,30.6,mavic,NorthSea_Fri_DJI_0115.MP4,600,data/raw/seadronessee/odv2/images/train/6922.jpg,test,1463,660,584,2123,2047,train_00040467,80.0,640,0.4374572795625427,304.4702665755297,312.3444976076555,30.62200956937799,15.748462064251537,482.24955603449683,1.0,8fe6c319c145bfe6c41b4bd884be5417741d8218678ea8dfc0735cca6b82988f,data/synthetic/seadronessee_30m_to_80m/geometry_only/test/train_00040467.png,data/synthetic/seadronessee_30m_to_80m/calibrated/test/train_00040467.png
train:40469,train:6922,train,40469,6922,6922.jpg,3840,2160,1,swimmer,1664.0,1012.0,41.0,22.0,902.0,34.99829320329168,30.6,mavic,NorthSea_Fri_DJI_0115.MP4,600,data/raw/seadronessee/odv2/images/train/6922.jpg,test,1463,953,292,2416,1755,train_00040469,80.0,640,0.4374572795625427,311.0321257689679,314.96924128503076,17.93574846206425,9.62406015037594,172.61472204091908,1.0,8fe6c319c145bfe6c41b4bd884be5417741d8218678ea8dfc0735cca6b82988f,data/synthetic/seadronessee_30m_to_80m/geometry_only/test/train_00040469.png,data/synthetic/seadronessee_30m_to_80m/calibrated/test/train_00040469.png
train:40470,train:6922,train,40470,6922,6922.jpg,3840,2160,1,swimmer,1345.0,1125.0,26.0,19.0,494.0,34.99829320329168,30.6,mavic,NorthSea_Fri_DJI_0115.MP4,600,data/raw/seadronessee/odv2/images/train/6922.jpg,test,1463,626,403,2089,1866,train_00040470,80.0,640,0.4374572795625427,314.5317840054682,315.84415584415586,11.37388926862611,8.311688311688311,94.53622249247675,1.0,8fe6c319c145bfe6c41b4bd884be5417741d8218678ea8dfc0735cca6b82988f,data/synthetic/seadronessee_30m_to_80m/geometry_only/test/train_00040470.png,data/synthetic/seadronessee_30m_to_80m/calibrated/test/train_00040470.png
train:40471,train:6922,train,40471,6922,6922.jpg,3840,2160,1,swimmer,1383.0,1191.0,25.0,22.0,550.0,34.99829320329168,30.6,mavic,NorthSea_Fri_DJI_0115.MP4,600,data/raw/seadronessee/odv2/images/train/6922.jpg,test,1463,664,470,2127,1933,train_00040471,80.0,640,0.4374572795625427,314.5317840054682,315.4066985645933,10.936431989063568,9.62406015037594,105.25287929324335,1.0,8fe6c319c145bfe6c41b4bd884be5417741d8218678ea8dfc0735cca6b82988f,data/synthetic/seadronessee_30m_to_80m/geometry_only/test/train_00040471.png,data/synthetic/seadronessee_30m_to_80m/calibrated/test/train_00040471.png
train:40485,train:6924,train,40485,6924,6924.jpg,3840,2160,1,swimmer,1711.0,1342.0,33.0,19.0,627.0,34.99829320329168,30.6,mavic,NorthSea_Fri_DJI_0115.MP4,630,data/raw/seadronessee/odv2/images/train/6924.jpg,test,1463,996,620,2459,2083,train_00040485,80.0,640,0.4374572795625427,312.78195488721803,315.84415584415586,14.436090225563909,8.311688311688311,119.98828239429741,1.0,8fe6c319c145bfe6c41b4bd884be5417741d8218678ea8dfc0735cca6b82988f,data/synthetic/seadronessee_30m_to_80m/geometry_only/test/train_00040485.png,data/synthetic/seadronessee_30m_to_80m/calibrated/test/train_00040485.png
train:40486,train:6924,train,40486,6924,6924.jpg,3840,2160,2,boat,2846.0,1159.0,147.0,185.0,27195.0,34.99829320329168,30.6,mavic,NorthSea_Fri_DJI_0115.MP4,630,data/raw/seadronessee/odv2/images/train/6924.jpg,test,1463,2188,520,3651,1983,train_00040486,80.0,640,0.4374572795625427,287.8468899521531,279.5352016404648,64.30622009569377,80.9295967190704,5204.276458872278,1.0,8fe6c319c145bfe6c41b4bd884be5417741d8218678ea8dfc0735cca6b82988f,data/synthetic/seadronessee_30m_to_80m/geometry_only/test/train_00040486.png,data/synthetic/seadronessee_30m_to_80m/calibrated/test/train_00040486.png
train:40487,train:6924,train,40487,6924,6924.jpg,3840,2160,1,swimmer,2336.0,1357.0,27.0,21.0,567.0,34.99829320329168,30.6,mavic,NorthSea_Fri_DJI_0115.MP4,630,data/raw/seadronessee/odv2/images/train/6924.jpg,test,1463,1618,636,3081,2099,train_00040487,80.0,640,0.4374572795625427,314.09432672590566,315.4066985645933,11.811346548188654,9.186602870813397,108.5061501077618,1.0,8fe6c319c145bfe6c41b4bd884be5417741d8218678ea8dfc0735cca6b82988f,data/synthetic/seadronessee_30m_to_80m/geometry_only/test/train_00040487.png,data/synthetic/seadronessee_30m_to_80m/calibrated/test/train_00040487.png
train:40489,train:6924,train,40489,6924,6924.jpg,3840,2160,1,swimmer,1374.0,1244.0,69.0,37.0,2553.0,34.99829320329168,30.6,mavic,NorthSea_Fri_DJI_0115.MP4,630,data/raw/seadronessee/odv2/images/train/6924.jpg,test,1463,677,531,2140,1994,train_00040489,80.0,640,0.4374572795625427,304.9077238550923,311.90704032809293,30.184552289815446,16.18591934381408,488.56472879209144,1.0,8fe6c319c145bfe6c41b4bd884be5417741d8218678ea8dfc0735cca6b82988f,data/synthetic/seadronessee_30m_to_80m/geometry_only/test/train_00040489.png,data/synthetic/seadronessee_30m_to_80m/calibrated/test/train_00040489.png
train:40491,train:6924,train,40491,6924,6924.jpg,3840,2160,1,swimmer,1706.0,998.0,42.0,21.0,882.0,34.99829320329168,30.6,mavic,NorthSea_Fri_DJI_0115.MP4,630,data/raw/seadronessee/odv2/images/train/6924.jpg,test,1463,996,277,2459,1740,train_00040491,80.0,640,0.4374572795625427,310.5946684894053,315.4066985645933,18.373205741626794,9.186602870813397,168.7873446120739,1.0,8fe6c319c145bfe6c41b4bd884be5417741d8218678ea8dfc0735cca6b82988f,data/synthetic/seadronessee_30m_to_80m/geometry_only/test/train_00040491.png,data/synthetic/seadronessee_30m_to_80m/calibrated/test/train_00040491.png
train:40492,train:6924,train,40492,6924,6924.jpg,3840,2160,1,swimmer,1394.0,1076.0,26.0,18.0,468.0,34.99829320329168,30.6,mavic,NorthSea_Fri_DJI_0115.MP4,630,data/raw/seadronessee/odv2/images/train/6924.jpg,test,1463,676,354,2139,1817,train_00040492,80.0,640,0.4374572795625427,314.09432672590566,315.84415584415586,11.37388926862611,7.874231032125769,89.56063183497798,1.0,8fe6c319c145bfe6c41b4bd884be5417741d8218678ea8dfc0735cca6b82988f,data/synthetic/seadronessee_30m_to_80m/geometry_only/test/train_00040492.png,data/synthetic/seadronessee_30m_to_80m/calibrated/test/train_00040492.png
train:40493,train:6924,train,40493,6924,6924.jpg,3840,2160,1,swimmer,1420.0,1140.0,25.0,24.0,600.0,34.99829320329168,30.6,mavic,NorthSea_Fri_DJI_0115.MP4,630,data/raw/seadronessee/odv2/images/train/6924.jpg,test,1463,701,420,2164,1883,train_00040493,80.0,640,0.4374572795625427,314.5317840054682,314.96924128503076,10.936431989063568,10.498974709501026,114.8213228653564,1.0,8fe6c319c145bfe6c41b4bd884be5417741d8218678ea8dfc0735cca6b82988f,data/synthetic/seadronessee_30m_to_80m/geometry_only/test/train_00040493.png,data/synthetic/seadronessee_30m_to_80m/calibrated/test/train_00040493.png
train:40506,train:6926,train,40506,6926,6926.jpg,3840,2160,1,swimmer,1801.0,1287.0,28.0,18.0,504.0,34.99829320329168,30.6,mavic,NorthSea_Fri_DJI_0115.MP4,660,data/raw/seadronessee/odv2/images/train/6926.jpg,test,1463,1084,564,2547,2027,train_00040506,80.0,640,0.4374572795625427,313.65686944634314,316.2816131237184,12.248803827751196,7.874231032125769,96.44991120689937,1.0,8fe6c319c145bfe6c41b4bd884be5417741d8218678ea8dfc0735cca6b82988f,data/synthetic/seadronessee_30m_to_80m/geometry_only/test/train_00040506.png,data/synthetic/seadronessee_30m_to_80m/calibrated/test/train_00040506.png
train:40507,train:6926,train,40507,6926,6926.jpg,3840,2160,2,boat,2959.0,1215.0,143.0,198.0,28314.0,34.99829320329168,30.6,mavic,NorthSea_Fri_DJI_0115.MP4,660,data/raw/seadronessee/odv2/images/train/6926.jpg,test,1463,2299,582,3762,2045,train_00040507,80.0,640,0.4374572795625427,288.7218045112782,276.9104579630895,62.556390977443606,86.61654135338345,5418.418226016168,1.0,8fe6c319c145bfe6c41b4bd884be5417741d8218678ea8dfc0735cca6b82988f,data/synthetic/seadronessee_30m_to_80m/geometry_only/test/train_00040507.png,data/synthetic/seadronessee_30m_to_80m/calibrated/test/train_00040507.png
train:40508,train:6926,train,40508,6926,6926.jpg,3840,2160,1,swimmer,2392.0,1350.0,32.0,21.0,672.0,34.99829320329168,30.6,mavic,NorthSea_Fri_DJI_0115.MP4,660,data/raw/seadronessee/odv2/images/train/6926.jpg,test,1463,1676,629,3139,2092,train_00040508,80.0,640,0.4374572795625427,313.21941216678056,315.4066985645933,13.998632946001367,9.186602870813397,128.59988160919914,1.0,8fe6c319c145bfe6c41b4bd884be5417741d8218678ea8dfc0735cca6b82988f,data/synthetic/seadronessee_30m_to_80m/geometry_only/test/train_00040508.png,data/synthetic/seadronessee_30m_to_80m/calibrated/test/train_00040508.png
train:40510,train:6926,train,40510,6926,6926.jpg,3840,2160,1,swimmer,1497.0,1161.0,68.0,36.0,2448.0,34.99829320329168,30.6,mavic,NorthSea_Fri_DJI_0115.MP4,660,data/raw/seadronessee/odv2/images/train/6926.jpg,test,1463,800,448,2263,1911,train_00040510,80.0,640,0.4374572795625427,304.9077238550923,311.90704032809293,29.747095010252906,15.748462064251537,468.4709972906541,1.0,8fe6c319c145bfe6c41b4bd884be5417741d8218678ea8dfc0735cca6b82988f,data/synthetic/seadronessee_30m_to_80m/geometry_only/test/train_00040510.png,data/synthetic/seadronessee_30m_to_80m/calibrated/test/train_00040510.png
train:40511,train:6926,train,40511,6926,6926.jpg,3840,2160,1,swimmer,2017.0,1399.0,45.0,27.0,1215.0,34.99829320329168,30.6,mavic,NorthSea_Fri_DJI_0115.MP4,660,data/raw/seadronessee/odv2/images/train/6926.jpg,test,1463,1308,681,2771,2144,train_00040511,80.0,640,0.4374572795625427,310.1572112098428,314.09432672590566,19.685577580314423,11.811346548188654,232.51317880234672,1.0,8fe6c319c145bfe6c41b4bd884be5417741d8218678ea8dfc0735cca6b82988f,data/synthetic/seadronessee_30m_to_80m/geometry_only/test/train_00040511.png,data/synthetic/seadronessee_30m_to_80m/calibrated/test/train_00040511.png
train:40512,train:6926,train,40512,6926,6926.jpg,3840,2160,1,swimmer,1883.0,962.0,43.0,25.0,1075.0,34.99829320329168,30.6,mavic,NorthSea_Fri_DJI_0115.MP4,660,data/raw/seadronessee/odv2/images/train/6926.jpg,test,1463,1173,243,2636,1706,train_00040512,80.0,640,0.4374572795625427,310.5946684894053,314.5317840054682,18.810663021189338,10.936431989063568,205.72153680043021,1.0,8fe6c319c145bfe6c41b4bd884be5417741d8218678ea8dfc0735cca6b82988f,data/synthetic/seadronessee_30m_to_80m/geometry_only/test/train_00040512.png,data/synthetic/seadronessee_30m_to_80m/calibrated/test/train_00040512.png
train:40513,train:6926,train,40513,6926,6926.jpg,3840,2160,1,swimmer,1556.0,1013.0,34.0,19.0,646.0,34.99829320329168,30.6,mavic,NorthSea_Fri_DJI_0115.MP4,660,data/raw/seadronessee/odv2/images/train/6926.jpg,test,1463,842,291,2305,1754,train_00040513,80.0,640,0.4374572795625427,312.3444976076555,315.84415584415586,14.873547505126453,8.311688311688311,123.62429095170037,1.0,8fe6c319c145bfe6c41b4bd884be5417741d8218678ea8dfc0735cca6b82988f,data/synthetic/seadronessee_30m_to_80m/geometry_only/test/train_00040513.png,data/synthetic/seadronessee_30m_to_80m/calibrated/test/train_00040513.png
train:40514,train:6926,train,40514,6926,6926.jpg,3840,2160,1,swimmer,1555.0,1074.0,40.0,21.0,840.0,34.99829320329168,30.6,mavic,NorthSea_Fri_DJI_0115.MP4,660,data/raw/seadronessee/odv2/images/train/6926.jpg,test,1463,844,353,2307,1816,train_00040514,80.0,640,0.4374572795625427,311.0321257689679,315.4066985645933,17.49829118250171,9.186602870813397,160.74985201149897,1.0,8fe6c319c145bfe6c41b4bd884be5417741d8218678ea8dfc0735cca6b82988f,data/synthetic/seadronessee_30m_to_80m/geometry_only/test/train_00040514.png,data/synthetic/seadronessee_30m_to_80m/calibrated/test/train_00040514.png
train:40528,train:6928,train,40528,6928,6928.jpg,3840,2160,1,swimmer,1646.0,1251.0,33.0,16.0,528.0,34.99829320329168,30.6,mavic,NorthSea_Fri_DJI_0115.MP4,690,data/raw/seadronessee/odv2/images/train/6928.jpg,test,1463,931,528,2394,1991,train_00040528,80.0,640,0.4374572795625427,312.78195488721803,316.2816131237184,14.436090225563909,6.999316473000683,101.04276412151361,1.0,8fe6c319c145bfe6c41b4bd884be5417741d8218678ea8dfc0735cca6b82988f,data/synthetic/seadronessee_30m_to_80m/geometry_only/test/train_00040528.png,data/synthetic/seadronessee_30m_to_80m/calibrated/test/train_00040528.png
train:40529,train:6928,train,40529,6928,6928.jpg,3840,2160,2,boat,2762.0,1212.0,154.0,189.0,29106.0,34.99829320329168,30.6,mavic,NorthSea_Fri_DJI_0115.MP4,690,data/raw/seadronessee/odv2/images/train/6928.jpg,test,1463,2108,575,3571,2038,train_00040529,80.0,640,0.4374572795625427,286.09706083390296,278.66028708133973,67.36842105263158,82.67942583732058,5569.9823721984385,1.0,8fe6c319c145bfe6c41b4bd884be5417741d8218678ea8dfc0735cca6b82988f,data/synthetic/seadronessee_30m_to_80m/geometry_only/test/train_00040529.png,data/synthetic/seadronessee_30m_to_80m/calibrated/test/train_00040529.png
train:40530,train:6928,train,40530,6928,6928.jpg,3840,2160,1,swimmer,2202.0,1323.0,28.0,27.0,756.0,34.99829320329168,30.6,mavic,NorthSea_Fri_DJI_0115.MP4,690,data/raw/seadronessee/odv2/images/train/6928.jpg,test,1463,1484,605,2947,2068,train_00040530,80.0,640,0.4374572795625427,314.09432672590566,314.09432672590566,12.248803827751196,11.811346548188654,144.67486681034907,1.0,8fe6c319c145bfe6c41b4bd884be5417741d8218678ea8dfc0735cca6b82988f,data/synthetic/seadronessee_30m_to_80m/geometry_only/test/train_00040530.png,data/synthetic/seadronessee_30m_to_80m/calibrated/test/train_00040530.png
train:40531,train:6928,train,40531,6928,6928.jpg,3840,2160,1,swimmer,1243.0,1407.0,52.0,36.0,1872.0,34.99829320329168,30.6,mavic,NorthSea_Fri_DJI_0115.MP4,690,data/raw/seadronessee/odv2/images/train/6928.jpg,test,1463,538,694,2001,2157,train_00040531,80.0,640,0.4374572795625427,308.40738209159264,311.90704032809293,22.74777853725222,15.748462064251537,358.24252733991193,1.0,8fe6c319c145bfe6c41b4bd884be5417741d8218678ea8dfc0735cca6b82988f,data/synthetic/seadronessee_30m_to_80m/geometry_only/test/train_00040531.png,data/synthetic/seadronessee_30m_to_80m/calibrated/test/train_00040531.png
train:40532,train:6928,train,40532,6928,6928.jpg,3840,2160,1,swimmer,1372.0,1118.0,56.0,31.0,1736.0,34.99829320329168,30.6,mavic,NorthSea_Fri_DJI_0115.MP4,690,data/raw/seadronessee/odv2/images/train/6928.jpg,test,1463,668,402,2131,1865,train_00040532,80.0,640,0.4374572795625427,307.96992481203006,313.21941216678056,24.497607655502392,13.561175666438825,332.2163608237645,1.0,8fe6c319c145bfe6c41b4bd884be5417741d8218678ea8dfc0735cca6b82988f,data/synthetic/seadronessee_30m_to_80m/geometry_only/test/train_00040532.png,data/synthetic/seadronessee_30m_to_80m/calibrated/test/train_00040532.png
train:40533,train:6928,train,40533,6928,6928.jpg,3840,2160,1,swimmer,1847.0,1355.0,27.0,25.0,675.0,34.99829320329168,30.6,mavic,NorthSea_Fri_DJI_0115.MP4,690,data/raw/seadronessee/odv2/images/train/6928.jpg,test,1463,1129,636,2592,2099,train_00040533,80.0,640,0.4374572795625427,314.09432672590566,314.5317840054682,11.811346548188654,10.936431989063568,129.17398822352595,1.0,8fe6c319c145bfe6c41b4bd884be5417741d8218678ea8dfc0735cca6b82988f,data/synthetic/seadronessee_30m_to_80m/geometry_only/test/train_00040533.png,data/synthetic/seadronessee_30m_to_80m/calibrated/test/train_00040533.png
train:40534,train:6928,train,40534,6928,6928.jpg,3840,2160,1,swimmer,1803.0,928.0,30.0,20.0,600.0,34.99829320329168,30.6,mavic,NorthSea_Fri_DJI_0115.MP4,690,data/raw/seadronessee/odv2/images/train/6928.jpg,test,1463,1086,206,2549,1669,train_00040534,80.0,640,0.4374572795625427,313.65686944634314,315.84415584415586,13.12371838687628,8.749145591250855,114.8213228653564,1.0,8fe6c319c145bfe6c41b4bd884be5417741d8218678ea8dfc0735cca6b82988f,data/synthetic/seadronessee_30m_to_80m/geometry_only/test/train_00040534.png,data/synthetic/seadronessee_30m_to_80m/calibrated/test/train_00040534.png
train:40535,train:6928,train,40535,6928,6928.jpg,3840,2160,1,swimmer,1480.0,979.0,25.0,15.0,375.0,34.99829320329168,30.6,mavic,NorthSea_Fri_DJI_0115.MP4,690,data/raw/seadronessee/odv2/images/train/6928.jpg,test,1463,761,255,2224,1718,train_00040535,80.0,640,0.4374572795625427,314.5317840054682,316.7190704032809,10.936431989063568,6.56185919343814,71.76332679084774,1.0,8fe6c319c145bfe6c41b4bd884be5417741d8218678ea8dfc0735cca6b82988f,data/synthetic/seadronessee_30m_to_80m/geometry_only/test/train_00040535.png,data/synthetic/seadronessee_30m_to_80m/calibrated/test/train_00040535.png
train:40536,train:6928,train,40536,6928,6928.jpg,3840,2160,1,swimmer,1462.0,1038.0,32.0,19.0,608.0,34.99829320329168,30.6,mavic,NorthSea_Fri_DJI_0115.MP4,690,data/raw/seadronessee/odv2/images/train/6928.jpg,test,1463,746,316,2209,1779,train_00040536,80.0,640,0.4374572795625427,313.21941216678056,315.84415584415586,13.998632946001367,8.311688311688311,116.35227383689447,1.0,8fe6c319c145bfe6c41b4bd884be5417741d8218678ea8dfc0735cca6b82988f,data/synthetic/seadronessee_30m_to_80m/geometry_only/test/train_00040536.png,data/synthetic/seadronessee_30m_to_80m/calibrated/test/train_00040536.png
train:40572,train:6932,train,40572,6932,6932.jpg,3840,2160,5,buoy,1608.0,800.0,47.0,62.0,2914.0,34.99829320329168,27.3,mavic,NorthSea_Fri_DJI_0115.MP4,750,data/raw/seadronessee/odv2/images/train/6932.jpg,test,1463,900,100,2363,1563,train_00040572,80.0,640,0.4374572795625427,309.71975393028026,306.2200956937799,20.560492139439507,27.12235133287765,557.6488913827476,1.0,8fe6c319c145bfe6c41b4bd884be5417741d8218678ea8dfc0735cca6b82988f,data/synthetic/seadronessee_30m_to_80m/geometry_only/test/train_00040572.png,data/synthetic/seadronessee_30m_to_80m/calibrated/test/train_00040572.png
train:40575,train:6932,train,40575,6932,6932.jpg,3840,2160,1,swimmer,1388.0,1148.0,53.0,21.0,1113.0,34.99829320329168,27.3,mavic,NorthSea_Fri_DJI_0115.MP4,750,data/raw/seadronessee/odv2/images/train/6932.jpg,test,1463,683,427,2146,1890,train_00040575,80.0,640,0.4374572795625427,308.40738209159264,315.4066985645933,23.185235816814764,9.186602870813397,212.9935539152361,1.0,8fe6c319c145bfe6c41b4bd884be5417741d8218678ea8dfc0735cca6b82988f,data/synthetic/seadronessee_30m_to_80m/geometry_only/test/train_00040575.png,data/synthetic/seadronessee_30m_to_80m/calibrated/test/train_00040575.png
train:40576,train:6932,train,40576,6932,6932.jpg,3840,2160,1,swimmer,1140.0,1169.0,20.0,21.0,420.0,34.99829320329168,27.3,mavic,NorthSea_Fri_DJI_0115.MP4,750,data/raw/seadronessee/odv2/images/train/6932.jpg,test,1463,418,448,1881,1911,train_00040576,80.0,640,0.4374572795625427,315.84415584415586,315.4066985645933,8.749145591250855,9.186602870813397,80.37492600574949,1.0,8fe6c319c145bfe6c41b4bd884be5417741d8218678ea8dfc0735cca6b82988f,data/synthetic/seadronessee_30m_to_80m/geometry_only/test/train_00040576.png,data/synthetic/seadronessee_30m_to_80m/calibrated/test/train_00040576.png
train:40577,train:6932,train,40577,6932,6932.jpg,3840,2160,1,swimmer,1100.0,1225.0,24.0,16.0,384.0,34.99829320329168,27.3,mavic,NorthSea_Fri_DJI_0115.MP4,750,data/raw/seadronessee/odv2/images/train/6932.jpg,test,1463,380,502,1843,1965,train_00040577,80.0,640,0.4374572795625427,314.96924128503076,316.2816131237184,10.498974709501026,6.999316473000683,73.4856466338281,1.0,8fe6c319c145bfe6c41b4bd884be5417741d8218678ea8dfc0735cca6b82988f,data/synthetic/seadronessee_30m_to_80m/geometry_only/test/train_00040577.png,data/synthetic/seadronessee_30m_to_80m/calibrated/test/train_00040577.png
train:40578,train:6932,train,40578,6932,6932.jpg,3840,2160,1,swimmer,993.0,1311.0,30.0,28.0,840.0,34.99829320329168,27.3,mavic,NorthSea_Fri_DJI_0115.MP4,750,data/raw/seadronessee/odv2/images/train/6932.jpg,test,1463,276,594,1739,2057,train_00040578,80.0,640,0.4374572795625427,313.65686944634314,313.65686944634314,13.12371838687628,12.248803827751196,160.74985201149894,1.0,8fe6c319c145bfe6c41b4bd884be5417741d8218678ea8dfc0735cca6b82988f,data/synthetic/seadronessee_30m_to_80m/geometry_only/test/train_00040578.png,data/synthetic/seadronessee_30m_to_80m/calibrated/test/train_00040578.png
train:40907,train:6957,train,40907,6957,6957.jpg,3840,2160,5,buoy,2740.0,751.0,44.0,61.0,2684.0,34.99829320329168,25.7,mavic,NorthSea_Fri_DJI_0115.MP4,1125,data/raw/seadronessee/odv2/images/train/6957.jpg,test,1463,2030,50,3493,1513,train_00040907,80.0,640,0.4374572795625427,310.5946684894053,306.65755297334243,19.24812030075188,26.684894053315105,513.6340509510276,1.0,8fe6c319c145bfe6c41b4bd884be5417741d8218678ea8dfc0735cca6b82988f,data/synthetic/seadronessee_30m_to_80m/geometry_only/test/train_00040907.png,data/synthetic/seadronessee_30m_to_80m/calibrated/test/train_00040907.png
train:40910,train:6957,train,40910,6957,6957.jpg,3840,2160,1,swimmer,1383.0,1247.0,58.0,25.0,1450.0,34.99829320329168,25.7,mavic,NorthSea_Fri_DJI_0115.MP4,1125,data/raw/seadronessee/odv2/images/train/6957.jpg,test,1463,680,528,2143,1991,train_00040910,80.0,640,0.4374572795625427,307.53246753246754,314.5317840054682,25.372522214627477,10.936431989063568,277.48486359127793,1.0,8fe6c319c145bfe6c41b4bd884be5417741d8218678ea8dfc0735cca6b82988f,data/synthetic/seadronessee_30m_to_80m/geometry_only/test/train_00040910.png,data/synthetic/seadronessee_30m_to_80m/calibrated/test/train_00040910.png
train:40911,train:6957,train,40911,6957,6957.jpg,3840,2160,1,swimmer,2218.0,1017.0,21.0,20.0,420.0,34.99829320329168,25.7,mavic,NorthSea_Fri_DJI_0115.MP4,1125,data/raw/seadronessee/odv2/images/train/6957.jpg,test,1463,1497,296,2960,1759,train_00040911,80.0,640,0.4374572795625427,315.4066985645933,315.4066985645933,9.186602870813397,8.749145591250855,80.37492600574949,1.0,8fe6c319c145bfe6c41b4bd884be5417741d8218678ea8dfc0735cca6b82988f,data/synthetic/seadronessee_30m_to_80m/geometry_only/test/train_00040911.png,data/synthetic/seadronessee_30m_to_80m/calibrated/test/train_00040911.png
train:40912,train:6957,train,40912,6957,6957.jpg,3840,2160,1,swimmer,1954.0,1019.0,23.0,22.0,506.0,34.99829320329168,25.7,mavic,NorthSea_Fri_DJI_0115.MP4,1125,data/raw/seadronessee/odv2/images/train/6957.jpg,test,1463,1234,298,2697,1761,train_00040912,80.0,640,0.4374572795625427,314.96924128503076,315.4066985645933,10.061517429938482,9.62406015037594,96.83264894978387,1.0,8fe6c319c145bfe6c41b4bd884be5417741d8218678ea8dfc0735cca6b82988f,data/synthetic/seadronessee_30m_to_80m/geometry_only/test/train_00040912.png,data/synthetic/seadronessee_30m_to_80m/calibrated/test/train_00040912.png
train:40913,train:6957,train,40913,6957,6957.jpg,3840,2160,1,swimmer,2069.0,1006.0,22.0,18.0,396.0,34.99829320329168,25.7,mavic,NorthSea_Fri_DJI_0115.MP4,1125,data/raw/seadronessee/odv2/images/train/6957.jpg,test,1463,1348,284,2811,1747,train_00040913,80.0,640,0.4374572795625427,315.4066985645933,315.84415584415586,9.62406015037594,7.874231032125769,75.78207309113522,1.0,8fe6c319c145bfe6c41b4bd884be5417741d8218678ea8dfc0735cca6b82988f,data/synthetic/seadronessee_30m_to_80m/geometry_only/test/train_00040913.png,data/synthetic/seadronessee_30m_to_80m/calibrated/test/train_00040913.png
train:40914,train:6957,train,40914,6957,6957.jpg,3840,2160,1,swimmer,1856.0,1054.0,48.0,21.0,1008.0,34.99829320329168,25.7,mavic,NorthSea_Fri_DJI_0115.MP4,1125,data/raw/seadronessee/odv2/images/train/6957.jpg,test,1463,1148,333,2611,1796,train_00040914,80.0,640,0.4374572795625427,309.71975393028026,315.4066985645933,20.99794941900205,9.186602870813397,192.89982241379874,1.0,8fe6c319c145bfe6c41b4bd884be5417741d8218678ea8dfc0735cca6b82988f,data/synthetic/seadronessee_30m_to_80m/geometry_only/test/train_00040914.png,data/synthetic/seadronessee_30m_to_80m/calibrated/test/train_00040914.png
train:40915,train:6957,train,40915,6957,6957.jpg,3840,2160,1,swimmer,1893.0,1281.0,30.0,24.0,720.0,34.99829320329168,25.7,mavic,NorthSea_Fri_DJI_0115.MP4,1125,data/raw/seadronessee/odv2/images/train/6957.jpg,test,1463,1176,562,2639,2025,train_00040915,80.0,640,0.4374572795625427,313.65686944634314,314.5317840054682,13.12371838687628,10.498974709501026,137.78558743842765,1.0,8fe6c319c145bfe6c41b4bd884be5417741d8218678ea8dfc0735cca6b82988f,data/synthetic/seadronessee_30m_to_80m/geometry_only/test/train_00040915.png,data/synthetic/seadronessee_30m_to_80m/calibrated/test/train_00040915.png
train:40916,train:6957,train,40916,6957,6957.jpg,3840,2160,1,swimmer,1934.0,1337.0,25.0,31.0,775.0,34.99829320329168,25.7,mavic,NorthSea_Fri_DJI_0115.MP4,1125,data/raw/seadronessee/odv2/images/train/6957.jpg,test,1463,1215,621,2678,2084,train_00040916,80.0,640,0.4374572795625427,314.5317840054682,313.21941216678056,10.936431989063568,13.561175666438825,148.310875367752,1.0,8fe6c319c145bfe6c41b4bd884be5417741d8218678ea8dfc0735cca6b82988f,data/synthetic/seadronessee_30m_to_80m/geometry_only/test/train_00040916.png,data/synthetic/seadronessee_30m_to_80m/calibrated/test/train_00040916.png
train:40917,train:6957,train,40917,6957,6957.jpg,3840,2160,1,swimmer,2281.0,1400.0,27.0,27.0,729.0,34.99829320329168,25.7,mavic,NorthSea_Fri_DJI_0115.MP4,1125,data/raw/seadronessee/odv2/images/train/6957.jpg,test,1463,1563,682,3026,2145,train_00040917,80.0,640,0.4374572795625427,314.09432672590566,314.09432672590566,11.811346548188654,11.811346548188654,139.50790728140802,1.0,8fe6c319c145bfe6c41b4bd884be5417741d8218678ea8dfc0735cca6b82988f,data/synthetic/seadronessee_30m_to_80m/geometry_only/test/train_00040917.png,data/synthetic/seadronessee_30m_to_80m/calibrated/test/train_00040917.png
val:25128,val:5146,val,25128,5146,5146.jpg,3840,2160,1,swimmer,2019.0,1282.0,51.0,49.0,2499.0,30.298522401706794,30.7,mavic,DJI_0059.MP4,3600,data/raw/seadronessee/odv2/images/val/5146.jpg,test,1690,1200,462,2890,2152,val_00025128,80.0,640,0.378698224852071,310.15384615384613,310.5325443786982,19.31360946745562,18.556213017751478,358.3874514197682,1.0,8fe6c319c145bfe6c41b4bd884be5417741d8218678ea8dfc0735cca6b82988f,data/synthetic/seadronessee_30m_to_80m/geometry_only/test/val_00025128.png,data/synthetic/seadronessee_30m_to_80m/calibrated/test/val_00025128.png
val:25129,val:5146,val,25129,5146,5146.jpg,3840,2160,1,swimmer,2126.0,1222.0,85.0,82.0,6970.0,30.298522401706794,30.7,mavic,DJI_0059.MP4,3600,data/raw/seadronessee/odv2/images/val/5146.jpg,test,1690,1324,418,3014,2108,val_00025129,80.0,640,0.378698224852071,303.71597633136093,304.4733727810651,32.18934911242604,31.05325443786982,999.5840481775848,1.0,8fe6c319c145bfe6c41b4bd884be5417741d8218678ea8dfc0735cca6b82988f,data/synthetic/seadronessee_30m_to_80m/geometry_only/test/val_00025129.png,data/synthetic/seadronessee_30m_to_80m/calibrated/test/val_00025129.png
val:25130,val:5146,val,25130,5146,5146.jpg,3840,2160,2,boat,1412.0,877.0,199.0,124.0,24676.0,30.298522401706794,30.7,mavic,DJI_0059.MP4,3600,data/raw/seadronessee/odv2/images/val/5146.jpg,test,1690,666,94,2356,1784,val_00025130,80.0,640,0.378698224852071,282.50887573964496,296.52071005917156,75.36094674556213,46.9585798816568,3538.8430377087634,1.0,8fe6c319c145bfe6c41b4bd884be5417741d8218678ea8dfc0735cca6b82988f,data/synthetic/seadronessee_30m_to_80m/geometry_only/test/val_00025130.png,data/synthetic/seadronessee_30m_to_80m/calibrated/test/val_00025130.png
val:25133,val:5146,val,25133,5146,5146.jpg,3840,2160,1,swimmer,2260.0,1155.0,77.0,74.0,5698.0,30.298522401706794,30.7,mavic,DJI_0059.MP4,3600,data/raw/seadronessee/odv2/images/val/5146.jpg,test,1690,1454,347,3144,2037,val_00025133,80.0,640,0.378698224852071,305.2307692307692,305.98816568047334,29.159763313609467,28.023668639053255,817.1635446938133,1.0,8fe6c319c145bfe6c41b4bd884be5417741d8218678ea8dfc0735cca6b82988f,data/synthetic/seadronessee_30m_to_80m/geometry_only/test/val_00025133.png,data/synthetic/seadronessee_30m_to_80m/calibrated/test/val_00025133.png
val:25134,val:5146,val,25134,5146,5146.jpg,3840,2160,1,swimmer,2055.0,950.0,63.0,62.0,3906.0,30.298522401706794,30.7,mavic,DJI_0059.MP4,3600,data/raw/seadronessee/odv2/images/val/5146.jpg,test,1690,1242,136,2932,1826,val_00025134,80.0,640,0.378698224852071,307.8816568047337,308.2603550295858,23.857988165680474,23.4792899408284,560.1686215468646,1.0,8fe6c319c145bfe6c41b4bd884be5417741d8218678ea8dfc0735cca6b82988f,data/synthetic/seadronessee_30m_to_80m/geometry_only/test/val_00025134.png,data/synthetic/seadronessee_30m_to_80m/calibrated/test/val_00025134.png
val:25144,val:5148,val,25144,5148,5148.jpg,3840,2160,1,swimmer,2268.0,1250.0,45.0,51.0,2295.0,30.39851752514477,30.7,mavic,DJI_0059.MP4,3630,data/raw/seadronessee/odv2/images/val/5148.jpg,test,1684,1448,434,3132,2118,val_00025144,80.0,640,0.38004750593824227,311.63895486935866,310.1187648456057,17.102137767220903,19.382422802850357,331.48086503687074,1.0,8fe6c319c145bfe6c41b4bd884be5417741d8218678ea8dfc0735cca6b82988f,data/synthetic/seadronessee_30m_to_80m/geometry_only/test/val_00025144.png,data/synthetic/seadronessee_30m_to_80m/calibrated/test/val_00025144.png
val:25145,val:5148,val,25145,5148,5148.jpg,3840,2160,1,swimmer,2356.0,1177.0,89.0,84.0,7476.0,30.39851752514477,30.7,mavic,DJI_0059.MP4,3630,data/raw/seadronessee/odv2/images/val/5148.jpg,test,1684,1558,377,3242,2061,val_00025145,80.0,640,0.38004750593824227,303.2779097387173,304.0380047505938,33.82422802850356,31.92399049881235,1079.8043342116102,1.0,8fe6c319c145bfe6c41b4bd884be5417741d8218678ea8dfc0735cca6b82988f,data/synthetic/seadronessee_30m_to_80m/geometry_only/test/val_00025145.png,data/synthetic/seadronessee_30m_to_80m/calibrated/test/val_00025145.png
val:25146,val:5148,val,25146,5148,5148.jpg,3840,2160,2,boat,1555.0,882.0,214.0,121.0,25894.0,30.39851752514477,30.7,mavic,DJI_0059.MP4,3630,data/raw/seadronessee/odv2/images/val/5148.jpg,test,1684,820,100,2504,1784,val_00025146,80.0,640,0.38004750593824227,279.3349168646081,297.1971496437055,81.33016627078385,45.98574821852731,3740.0285486992284,1.0,8fe6c319c145bfe6c41b4bd884be5417741d8218678ea8dfc0735cca6b82988f,data/synthetic/seadronessee_30m_to_80m/geometry_only/test/val_00025146.png,data/synthetic/seadronessee_30m_to_80m/calibrated/test/val_00025146.png
val:25149,val:5148,val,25149,5148,5148.jpg,3840,2160,1,swimmer,2453.0,1113.0,74.0,69.0,5106.0,30.39851752514477,30.7,mavic,DJI_0059.MP4,3630,data/raw/seadronessee/odv2/images/val/5148.jpg,test,1684,1648,306,3332,1990,val_00025149,80.0,640,0.38004750593824227,305.938242280285,306.6983372921615,28.123515439429926,26.223277909738716,737.4907611669985,1.0,8fe6c319c145bfe6c41b4bd884be5417741d8218678ea8dfc0735cca6b82988f,data/synthetic/seadronessee_30m_to_80m/geometry_only/test/val_00025149.png,data/synthetic/seadronessee_30m_to_80m/calibrated/test/val_00025149.png
val:25150,val:5148,val,25150,5148,5148.jpg,3840,2160,1,swimmer,2209.0,926.0,64.0,61.0,3904.0,30.39851752514477,30.7,mavic,DJI_0059.MP4,3630,data/raw/seadronessee/odv2/images/val/5148.jpg,test,1684,1399,114,3083,1798,val_00025150,80.0,640,0.38004750593824227,307.83847980997626,308.5985748218527,24.323040380047505,23.182897862232778,563.8785608296048,1.0,8fe6c319c145bfe6c41b4bd884be5417741d8218678ea8dfc0735cca6b82988f,data/synthetic/seadronessee_30m_to_80m/geometry_only/test/val_00025150.png,data/synthetic/seadronessee_30m_to_80m/calibrated/test/val_00025150.png
val:25160,val:5150,val,25160,5150,5150.jpg,3840,2160,1,swimmer,2652.0,1244.0,43.0,45.0,1935.0,30.298522401706794,30.7,mavic,DJI_0059.MP4,3660,data/raw/seadronessee/odv2/images/val/5150.jpg,test,1690,1828,422,3518,2112,val_00025160,80.0,640,0.378698224852071,312.0473372781065,311.28994082840234,16.28402366863905,17.041420118343193,277.5028885543223,1.0,8fe6c319c145bfe6c41b4bd884be5417741d8218678ea8dfc0735cca6b82988f,data/synthetic/seadronessee_30m_to_80m/geometry_only/test/val_00025160.png,data/synthetic/seadronessee_30m_to_80m/calibrated/test/val_00025160.png
val:25161,val:5150,val,25161,5150,5150.jpg,3840,2160,1,swimmer,2727.0,1176.0,68.0,66.0,4488.0,30.298522401706794,30.7,mavic,DJI_0059.MP4,3660,data/raw/seadronessee/odv2/images/val/5150.jpg,test,1690,1916,364,3606,2054,val_00025161,80.0,640,0.378698224852071,307.1242603550296,307.50295857988164,25.75147928994083,24.994082840236686,643.6346066314204,1.0,8fe6c319c145bfe6c41b4bd884be5417741d8218678ea8dfc0735cca6b82988f,data/synthetic/seadronessee_30m_to_80m/geometry_only/test/val_00025161.png,data/synthetic/seadronessee_30m_to_80m/calibrated/test/val_00025161.png
val:25162,val:5150,val,25162,5150,5150.jpg,3840,2160,2,boat,1891.0,881.0,222.0,125.0,27750.0,30.298522401706794,30.7,mavic,DJI_0059.MP4,3660,data/raw/seadronessee/odv2/images/val/5150.jpg,test,1690,1157,98,2847,1788,val_00025162,80.0,640,0.378698224852071,277.9644970414201,296.52071005917156,84.07100591715977,47.337278106508876,3979.692587794545,1.0,8fe6c319c145bfe6c41b4bd884be5417741d8218678ea8dfc0735cca6b82988f,data/synthetic/seadronessee_30m_to_80m/geometry_only/test/val_00025162.png,data/synthetic/seadronessee_30m_to_80m/calibrated/test/val_00025162.png
val:25165,val:5150,val,25165,5150,5150.jpg,3840,2160,1,swimmer,2780.0,1102.0,91.0,68.0,6188.0,30.298522401706794,30.7,mavic,DJI_0059.MP4,3660,data/raw/seadronessee/odv2/images/val/5150.jpg,test,1690,1980,291,3670,1981,val_00025165,80.0,640,0.378698224852071,302.9585798816568,307.1242603550296,34.46153846153846,25.75147928994083,887.435593991807,1.0,8fe6c319c145bfe6c41b4bd884be5417741d8218678ea8dfc0735cca6b82988f,data/synthetic/seadronessee_30m_to_80m/geometry_only/test/val_00025165.png,data/synthetic/seadronessee_30m_to_80m/calibrated/test/val_00025165.png
val:25166,val:5150,val,25166,5150,5150.jpg,3840,2160,1,swimmer,2531.0,929.0,69.0,56.0,3864.0,30.298522401706794,30.7,mavic,DJI_0059.MP4,3660,data/raw/seadronessee/odv2/images/val/5150.jpg,test,1690,1720,112,3410,1802,val_00025166,80.0,640,0.378698224852071,307.1242603550296,309.396449704142,26.130177514792898,21.207100591715975,554.1453030356079,1.0,8fe6c319c145bfe6c41b4bd884be5417741d8218678ea8dfc0735cca6b82988f,data/synthetic/seadronessee_30m_to_80m/geometry_only/test/val_00025166.png,data/synthetic/seadronessee_30m_to_80m/calibrated/test/val_00025166.png
val:25176,val:5152,val,25176,5152,5152.jpg,3840,2160,1,swimmer,2764.0,1241.0,46.0,44.0,2024.0,30.19852727826882,30.7,mavic,DJI_0059.MP4,3690,data/raw/seadronessee/odv2/images/val/5152.jpg,test,1695,1940,416,3635,2111,val_00025176,80.0,640,0.3775811209439528,311.1268436578171,311.50442477876106,17.36873156342183,16.613569321533923,288.55662585602283,1.0,8fe6c319c145bfe6c41b4bd884be5417741d8218678ea8dfc0735cca6b82988f,data/synthetic/seadronessee_30m_to_80m/geometry_only/test/val_00025176.png,data/synthetic/seadronessee_30m_to_80m/calibrated/test/val_00025176.png
val:25177,val:5152,val,25177,5152,5152.jpg,3840,2160,1,swimmer,2820.0,1170.0,90.0,70.0,6300.0,30.19852727826882,30.7,mavic,DJI_0059.MP4,3690,data/raw/seadronessee/odv2/images/val/5152.jpg,test,1695,2018,358,3713,2053,val_00025177,80.0,640,0.3775811209439528,302.8200589970501,306.5958702064897,33.98230088495575,26.430678466076696,898.1752682277389,1.0,8fe6c319c145bfe6c41b4bd884be5417741d8218678ea8dfc0735cca6b82988f,data/synthetic/seadronessee_30m_to_80m/geometry_only/test/val_00025177.png,data/synthetic/seadronessee_30m_to_80m/calibrated/test/val_00025177.png
val:25178,val:5152,val,25178,5152,5152.jpg,3840,2160,2,boat,1989.0,889.0,225.0,114.0,25650.0,30.19852727826882,30.7,mavic,DJI_0059.MP4,3690,data/raw/seadronessee/odv2/images/val/5152.jpg,test,1695,1254,98,2949,1793,val_00025178,80.0,640,0.3775811209439528,277.5221238938053,298.6666666666667,84.95575221238938,43.044247787610615,3656.8564492129376,1.0,8fe6c319c145bfe6c41b4bd884be5417741d8218678ea8dfc0735cca6b82988f,data/synthetic/seadronessee_30m_to_80m/geometry_only/test/val_00025178.png,data/synthetic/seadronessee_30m_to_80m/calibrated/test/val_00025178.png
val:25181,val:5152,val,25181,5152,5152.jpg,3840,2160,1,swimmer,2893.0,1103.0,77.0,65.0,5005.0,30.19852727826882,30.7,mavic,DJI_0059.MP4,3690,data/raw/seadronessee/odv2/images/val/5152.jpg,test,1695,2084,288,3779,1983,val_00025181,80.0,640,0.3775811209439528,305.4631268436578,307.7286135693215,29.073746312684364,24.54277286135693,713.5503519809259,1.0,8fe6c319c145bfe6c41b4bd884be5417741d8218678ea8dfc0735cca6b82988f,data/synthetic/seadronessee_30m_to_80m/geometry_only/test/val_00025181.png,data/synthetic/seadronessee_30m_to_80m/calibrated/test/val_00025181.png
val:25182,val:5152,val,25182,5152,5152.jpg,3840,2160,1,swimmer,2638.0,927.0,66.0,54.0,3564.0,30.19852727826882,30.7,mavic,DJI_0059.MP4,3690,data/raw/seadronessee/odv2/images/val/5152.jpg,test,1695,1824,106,3519,1801,val_00025182,80.0,640,0.3775811209439528,307.35103244837757,309.99410029498523,24.920353982300885,20.38938053097345,508.1105803116924,1.0,8fe6c319c145bfe6c41b4bd884be5417741d8218678ea8dfc0735cca6b82988f,data/synthetic/seadronessee_30m_to_80m/geometry_only/test/val_00025182.png,data/synthetic/seadronessee_30m_to_80m/calibrated/test/val_00025182.png
