object_key,image_key,source_split,annotation_id,image_id,file_name,image_width,image_height,category_id,category_name,bbox_x,bbox_y,bbox_width,bbox_height,bbox_area,altitude_m,gimbal_pitch_deg,drone,video,frame_no,image_path,split,source_side_px,crop_left_px,crop_top_px,crop_right_px,crop_bottom_px,pair_id,target_altitude_m,output_side_px,actual_linear_scale,synthetic_bbox_x,synthetic_bbox_y,synthetic_bbox_width,synthetic_bbox_height,synthetic_bbox_area,calibrated_transmission,calibration_config_sha256,geometry_image_path,calibrated_image_path
train:110356,train:16344,train,110356,16344,16344.jpg,3840,2160,2,boat,1045.0,1216.0,193.0,110.0,21230.0,29.998537031392868,23.7,m210,DJI_0010_d3.mov,1455,data/raw/seadronessee/odv2/images/train/16344.jpg,train,1707,288,418,1995,2125,train_00110356,80.0,640,0.3749267721148213,283.8195664909197,299.19156414762745,72.36086701816052,41.241944932630346,2984.302892840364,1.0,8fe6c319c145bfe6c41b4bd884be5417741d8218678ea8dfc0735cca6b82988f,data/synthetic/seadronessee_30m_to_80m/geometry_only/train/train_00110356.png,data/synthetic/seadronessee_30m_to_80m/calibrated/train/train_00110356.png
val:23877,val:4871,val,23877,4871,4871.jpg,3840,2160,5,buoy,1337.0,870.0,117.0,133.0,15561.0,28.79859555013715,51.6,mavic,NorthSea_Fri_DJI_0112.MP4,5505,data/raw/seadronessee/odv2/images/val/4871.jpg,train,1778,506,48,2284,1826,val_00023877,80.0,640,0.3599550056242969,299.12260967379075,295.8830146231721,42.11473565804274,47.874015748031496,2016.2015181173217,1.0,8fe6c319c145bfe6c41b4bd884be5417741d8218678ea8dfc0735cca6b82988f,data/synthetic/seadronessee_30m_to_80m/geometry_only/train/val_00023877.png,data/synthetic/seadronessee_30m_to_80m/calibrated/train/val_00023877.png
val:72476,val:10422,val,72476,10422,10422.jpg,3840,2160,3,jetski,2903.0,727.0,251.0,173.0,43423.0,31.89844437671441,54.6,mavic,NorthSea_Sat_DJI_0126.MP4,6105,data/raw/seadronessee/odv2/images/val/10422.jpg,train,1605,2226,11,3831,1616,val_00072476,80.0,640,0.3987538940809969,269.9563862928349,285.50778816199374,100.0872274143302,68.98442367601245,6904.459700507564,1.0,8fe6c319c145bfe6c41b4bd884be5417741d8218678ea8dfc0735cca6b82988f,data/synthetic/seadronessee_30m_to_80m/geometry_only/train/val_00072476.png,data/synthetic/seadronessee_30m_to_80m/calibrated/train/val_00072476.png
train:36664,train:6565,train,36664,6565,6565.jpg,3840,2160,1,swimmer,2269.0,962.0,19.0,14.0,266.0,31.59845900640049,22.0,mavic,NorthSea_Fri_DJI_0114.MP4,4275,data/raw/seadronessee/odv2/images/train/6565.jpg,train,1620,1468,159,3088,1779,train_00036664,80.0,640,0.3950617283950617,316.4444444444444,317.2345679012345,7.506172839506172,5.530864197530864,41.51562261850327,1.0,8fe6c319c145bfe6c41b4bd884be5417741d8218678ea8dfc0735cca6b82988f,data/synthetic/seadronessee_30m_to_80m/geometry_only/train/train_00036664.png,data/synthetic/seadronessee_30m_to_80m/calibrated/train/train_00036664.png
val:37810,val:6669,val,37810,6669,6669.jpg,3840,2160,2,boat,1479.0,759.0,203.0,91.0,18473.0,31.79844925327644,26.7,mavic,NorthSea_Fri_DJI_0114.MP4,5835,data/raw/seadronessee/odv2/images/val/6669.jpg,train,1610,776,0,2386,1610,val_00037810,80.0,640,0.3975155279503105,279.4534161490683,301.71428571428567,80.69565217391303,36.17391304347826,2919.077504725897,1.0,8fe6c319c145bfe6c41b4bd884be5417741d8218678ea8dfc0735cca6b82988f,data/synthetic/seadronessee_30m_to_80m/geometry_only/train/val_00037810.png,data/synthetic/seadronessee_30m_to_80m/calibrated/train/val_00037810.png
val:23859,val:4865,val,23859,4865,4865.jpg,3840,2160,5,buoy,1282.0,1002.0,127.0,136.0,17272.0,26.69869795793965,51.6,mavic,NorthSea_Fri_DJI_0112.MP4,5415,data/raw/seadronessee/odv2/images/val/4865.jpg,train,1918,386,111,2304,2029,val_00023859,80.0,640,0.3336809176225234,298.978102189781,297.3096976016684,42.37747653806048,45.38060479666319,1923.115515053589,1.0,8fe6c319c145bfe6c41b4bd884be5417741d8218678ea8dfc0735cca6b82988f,data/synthetic/seadronessee_30m_to_80m/geometry_only/train/val_00023859.png,data/synthetic/seadronessee_30m_to_80m/calibrated/train/val_00023859.png
train:51977,train:8036,train,51977,8036,8036.jpg,3840,2160,3,jetski,689.0,1280.0,111.0,195.0,21645.0,34.4983175861018,42.2,mavic,NorthSea_Fri_DJI_0117.MP4,810,data/raw/seadronessee/odv2/images/train/8036.jpg,train,1484,2,636,1486,2120,train_00051977,80.0,640,0.431266846361186,296.2803234501348,277.7358490566038,47.87061994609165,84.09703504043127,4025.7772030136366,1.0,8fe6c319c145bfe6c41b4bd884be5417741d8218678ea8dfc0735cca6b82988f,data/synthetic/seadronessee_30m_to_80m/geometry_only/train/train_00051977.png,data/synthetic/seadronessee_30m_to_80m/calibrated/train/train_00051977.png
val:38009,val:6683,val,38009,6683,6683.jpg,3840,2160,1,swimmer,1242.0,973.0,23.0,26.0,598.0,31.59845900640049,26.7,mavic,NorthSea_Fri_DJI_0114.MP4,6045,data/raw/seadronessee/odv2/images/val/6683.jpg,train,1620,444,176,2064,1796,val_00038009,80.0,640,0.3950617283950617,315.25925925925924,314.8641975308642,9.08641975308642,10.271604938271604,93.33211400701111,1.0,8fe6c319c145bfe6c41b4bd884be5417741d8218678ea8dfc0735cca6b82988f,data/synthetic/seadronessee_30m_to_80m/geometry_only/train/val_00038009.png,data/synthetic/seadronessee_30m_to_80m/calibrated/train/val_00038009.png
train:110442,train:16356,train,110442,16356,16356.jpg,3840,2160,2,boat,791.0,1146.0,255.0,204.0,52020.0,29.89854190795489,29.9,m210,DJI_0010_d3.mov,1635,data/raw/seadronessee/odv2/images/train/16356.jpg,train,1712,62,392,1774,2104,train_00110442,80.0,640,0.3738317757009345,272.5233644859813,281.86915887850466,95.32710280373831,76.26168224299064,7269.805223163594,1.0,8fe6c319c145bfe6c41b4bd884be5417741d8218678ea8dfc0735cca6b82988f,data/synthetic/seadronessee_30m_to_80m/geometry_only/train/train_00110442.png,data/synthetic/seadronessee_30m_to_80m/calibrated/train/train_00110442.png
train:23853,train:4863,train,23853,4863,4863.jpg,3840,2160,5,buoy,1238.0,940.0,136.0,148.0,20128.0,25.398761353245963,51.6,mavic,NorthSea_Fri_DJI_0112.MP4,5385,data/raw/seadronessee/odv2/images/train/4863.jpg,train,2016,298,6,2314,2022,train_00023853,80.0,640,0.3174603174603174,298.4126984126984,296.5079365079365,43.17460317460317,46.98412698412698,2028.5210380448475,1.0,8fe6c319c145bfe6c41b4bd884be5417741d8218678ea8dfc0735cca6b82988f,data/synthetic/seadronessee_30m_to_80m/geometry_only/train/train_00023853.png,data/synthetic/seadronessee_30m_to_80m/calibrated/train/train_00023853.png
train:52192,train:8054,train,52192,8054,8054.jpg,3840,2160,3,jetski,1038.0,878.0,88.0,139.0,12232.0,34.4983175861018,42.2,mavic,NorthSea_Fri_DJI_0117.MP4,1080,data/raw/seadronessee/odv2/images/train/8054.jpg,train,1484,340,206,1824,1690,train_00052192,80.0,640,0.431266846361186,301.02425876010784,289.811320754717,37.95148247978437,59.946091644204856,2275.0430467665888,1.0,8fe6c319c145bfe6c41b4bd884be5417741d8218678ea8dfc0735cca6b82988f,data/synthetic/seadronessee_30m_to_80m/geometry_only/train/train_00052192.png,data/synthetic/seadronessee_30m_to_80m/calibrated/train/train_00052192.png
train:51951,train:8034,train,51951,8034,8034.jpg,3840,2160,1,swimmer,2472.0,1271.0,29.0,35.0,1015.0,34.4983175861018,42.2,mavic,NorthSea_Fri_DJI_0117.MP4,780,data/raw/seadronessee/odv2/images/train/8034.jpg,train,1484,1744,546,3228,2030,train_00051951,80.0,640,0.431266846361186,313.96226415094344,312.66846361185986,12.506738544474397,15.09433962264151,188.7809591618777,1.0,8fe6c319c145bfe6c41b4bd884be5417741d8218678ea8dfc0735cca6b82988f,data/synthetic/seadronessee_30m_to_80m/geometry_only/train/train_00051951.png,data/synthetic/seadronessee_30m_to_80m/calibrated/train/train_00051951.png
val:37578,val:6651,val,37578,6651,6651.jpg,3840,2160,2,boat,1452.0,785.0,235.0,106.0,24910.0,31.89844437671441,26.7,mavic,NorthSea_Fri_DJI_0114.MP4,5565,data/raw/seadronessee/odv2/images/val/6651.jpg,train,1605,767,36,2372,1641,val_00037578,80.0,640,0.3987538940809969,273.1464174454829,298.6666666666667,93.70716510903426,42.26791277258567,3960.8062809949433,1.0,8fe6c319c145bfe6c41b4bd884be5417741d8218678ea8dfc0735cca6b82988f,data/synthetic/seadronessee_30m_to_80m/geometry_only/train/val_00037578.png,data/synthetic/seadronessee_30m_to_80m/calibrated/train/val_00037578.png
train:36508,train:6553,train,36508,6553,6553.jpg,3840,2160,5,buoy,1485.0,851.0,49.0,71.0,3479.0,31.698454129838463,24.0,mavic,NorthSea_Fri_DJI_0114.MP4,4095,data/raw/seadronessee/odv2/images/train/6553.jpg,train,1615,702,79,2317,1694,train_00036508,80.0,640,0.3962848297213622,310.2910216718266,305.93188854489165,19.41795665634675,28.13622291021672,546.3479569438987,1.0,8fe6c319c145bfe6c41b4bd884be5417741d8218678ea8dfc0735cca6b82988f,data/synthetic/seadronessee_30m_to_80m/geometry_only/train/train_00036508.png,data/synthetic/seadronessee_30m_to_80m/calibrated/train/train_00036508.png
train:52216,train:8056,train,52216,8056,8056.jpg,3840,2160,3,jetski,1063.0,846.0,72.0,133.0,9576.0,34.4983175861018,42.2,mavic,NorthSea_Fri_DJI_0117.MP4,1110,data/raw/seadronessee/odv2/images/train/8056.jpg,train,1484,357,170,1841,1654,train_00052216,80.0,640,0.431266846361186,304.4743935309973,291.53638814016176,31.051212938005392,57.35849056603774,1781.0507043686112,1.0,8fe6c319c145bfe6c41b4bd884be5417741d8218678ea8dfc0735cca6b82988f,data/synthetic/seadronessee_30m_to_80m/geometry_only/train/train_00052216.png,data/synthetic/seadronessee_30m_to_80m/calibrated/train/train_00052216.png
val:23932,val:4887,val,23932,4887,4887.jpg,3840,2160,1,swimmer,1807.0,1277.0,86.0,33.0,2838.0,30.39851752514477,37.1,mavic,NorthSea_Fri_DJI_0112.MP4,5745,data/raw/seadronessee/odv2/images/val/4887.jpg,train,1684,1008,452,2692,2136,val_00023932,80.0,640,0.3800475059382422,303.6579572446556,313.53919239904985,32.68408551068884,12.541567695961994,409.9096710129146,1.0,8fe6c319c145bfe6c41b4bd884be5417741d8218678ea8dfc0735cca6b82988f,data/synthetic/seadronessee_30m_to_80m/geometry_only/train/val_00023932.png,data/synthetic/seadronessee_30m_to_80m/calibrated/train/val_00023932.png
train:109747,train:16280,train,109747,16280,16280.jpg,3840,2160,2,boat,2035.0,1048.0,110.0,80.0,8800.0,29.89854190795489,20.9,m210,DJI_0010_d3.mov,495,data/raw/seadronessee/odv2/images/train/16280.jpg,train,1712,1234,232,2946,1944,train_00109747,80.0,640,0.3738317757009345,299.4392523364486,305.0467289719626,41.1214953271028,29.90654205607477,1229.801729408682,1.0,8fe6c319c145bfe6c41b4bd884be5417741d8218678ea8dfc0735cca6b82988f,data/synthetic/seadronessee_30m_to_80m/geometry_only/train/train_00109747.png,data/synthetic/seadronessee_30m_to_80m/calibrated/train/train_00109747.png
train:36583,train:6559,train,36583,6559,6559.jpg,3840,2160,5,buoy,1305.0,988.0,52.0,74.0,3848.0,31.79844925327644,22.0,mavic,NorthSea_Fri_DJI_0114.MP4,4185,data/raw/seadronessee/odv2/images/train/6559.jpg,train,1610,526,220,2136,1830,train_00036583,80.0,640,0.3975155279503105,309.6645962732919,305.2919254658385,20.67080745341615,29.41614906832298,608.0555534122911,1.0,8fe6c319c145bfe6c41b4bd884be5417741d8218678ea8dfc0735cca6b82988f,data/synthetic/seadronessee_30m_to_80m/geometry_only/train/train_00036583.png,data/synthetic/seadronessee_30m_to_80m/calibrated/train/train_00036583.png
train:52800,train:8114,train,52800,8114,8114.jpg,3840,2160,3,jetski,1955.0,831.0,126.0,50.0,6300.0,34.29832733922585,39.7,mavic,NorthSea_Fri_DJI_0117.MP4,1995,data/raw/seadronessee/odv2/images/train/8114.jpg,train,1493,1272,110,2765,1603,train_00052800,80.0,640,0.4286671131949096,292.77963831212327,309.0689886135298,54.01205626255861,21.43335565974548,1157.659611789602,1.0,8fe6c319c145bfe6c41b4bd884be5417741d8218678ea8dfc0735cca6b82988f,data/synthetic/seadronessee_30m_to_80m/geometry_only/train/train_00052800.png,data/synthetic/seadronessee_30m_to_80m/calibrated/train/train_00052800.png
train:51968,train:8036,train,51968,8036,8036.jpg,3840,2160,1,swimmer,1473.0,790.0,84.0,37.0,3108.0,34.4983175861018,42.2,mavic,NorthSea_Fri_DJI_0117.MP4,810,data/raw/seadronessee/odv2/images/train/8036.jpg,train,1484,773,66,2257,1550,train_00051968,80.0,640,0.431266846361186,301.8867924528302,312.23719676549865,36.22641509433962,15.956873315363882,578.0603163301632,1.0,8fe6c319c145bfe6c41b4bd884be5417741d8218678ea8dfc0735cca6b82988f,data/synthetic/seadronessee_30m_to_80m/geometry_only/train/train_00051968.png,data/synthetic/seadronessee_30m_to_80m/calibrated/train/train_00051968.png
train:110456,train:16358,train,110456,16358,16358.jpg,3840,2160,2,boat,725.0,1114.0,265.0,208.0,55120.0,29.998537031392868,31.2,m210,DJI_0010_d3.mov,1665,data/raw/seadronessee/odv2/images/train/16358.jpg,train,1707,4,364,1711,2071,train_00110456,80.0,640,0.3749267721148213,270.3222026947862,281.195079086116,99.35559461042766,77.98476859988284,7748.223054797968,1.0,8fe6c319c145bfe6c41b4bd884be5417741d8218678ea8dfc0735cca6b82988f,data/synthetic/seadronessee_30m_to_80m/geometry_only/train/train_00110456.png,data/synthetic/seadronessee_30m_to_80m/calibrated/train/train_00110456.png
val:23883,val:4873,val,23883,4873,4873.jpg,3840,2160,5,buoy,1333.0,927.0,115.0,126.0,14490.0,28.998585797013103,51.6,mavic,NorthSea_Fri_DJI_0112.MP4,5535,data/raw/seadronessee/odv2/images/val/4873.jpg,train,1766,508,107,2274,1873,val_00023883,80.0,640,0.362400906002265,298.98074745186864,297.1687429218573,41.67610419026048,45.66251415628539,1903.0356975665936,1.0,8fe6c319c145bfe6c41b4bd884be5417741d8218678ea8dfc0735cca6b82988f,data/synthetic/seadronessee_30m_to_80m/geometry_only/train/val_00023883.png,data/synthetic/seadronessee_30m_to_80m/calibrated/train/val_00023883.png
train:52169,train:8052,train,52169,8052,8052.jpg,3840,2160,3,jetski,776.0,973.0,97.0,143.0,13871.0,34.4983175861018,42.2,mavic,NorthSea_Fri_DJI_0117.MP4,1050,data/raw/seadronessee/odv2/images/train/8052.jpg,train,1484,82,302,1566,1786,train_00052169,80.0,640,0.431266846361186,299.2991913746631,289.3800539083558,41.83288409703504,61.6711590296496,2579.882447817148,1.0,8fe6c319c145bfe6c41b4bd884be5417741d8218678ea8dfc0735cca6b82988f,data/synthetic/seadronessee_30m_to_80m/geometry_only/train/train_00052169.png,data/synthetic/seadronessee_30m_to_80m/calibrated/train/train_00052169.png
train:37004,train:6593,train,37004,6593,6593.jpg,3840,2160,1,swimmer,1925.0,835.0,53.0,24.0,1272.0,31.79844925327644,29.4,mavic,NorthSea_Fri_DJI_0114.MP4,4695,data/raw/seadronessee/odv2/images/train/6593.jpg,train,1610,1146,42,2756,1652,train_00037004,80.0,640,0.3975155279503105,309.6645962732919,315.22981366459624,21.068322981366457,9.540372670807454,200.9996527911732,1.0,8fe6c319c145bfe6c41b4bd884be5417741d8218678ea8dfc0735cca6b82988f,data/synthetic/seadronessee_30m_to_80m/geometry_only/train/train_00037004.png,data/synthetic/seadronessee_30m_to_80m/calibrated/train/train_00037004.png
train:109988,train:16300,train,109988,16300,16300.jpg,3840,2160,2,boat,1770.0,1091.0,102.0,144.0,14688.0,29.89854190795489,23.8,m210,DJI_0010_d3.mov,795,data/raw/seadronessee/odv2/images/train/16300.jpg,train,1712,965,307,2677,2019,train_00109988,80.0,640,0.3738317757009345,300.93457943925233,293.0841121495327,38.13084112149532,53.83177570093458,2052.650886540309,1.0,8fe6c319c145bfe6c41b4bd884be5417741d8218678ea8dfc0735cca6b82988f,data/synthetic/seadronessee_30m_to_80m/geometry_only/train/train_00109988.png,data/synthetic/seadronessee_30m_to_80m/calibrated/train/train_00109988.png
train:52717,train:8104,train,52717,8104,8104.jpg,3840,2160,5,buoy,879.0,1393.0,17.0,19.0,323.0,33.89834684547394,42.2,mavic,NorthSea_Fri_DJI_0117.MP4,1845,data/raw/seadronessee/odv2/images/train/8104.jpg,train,1510,132,648,1642,2158,train_00052717,80.0,640,0.423841059602649,316.6092715231788,315.7615894039735,7.2052980132450335,8.052980132450331,58.0241217490461,1.0,8fe6c319c145bfe6c41b4bd884be5417741d8218678ea8dfc0735cca6b82988f,data/synthetic/seadronessee_30m_to_80m/geometry_only/train/train_00052717.png,data/synthetic/seadronessee_30m_to_80m/calibrated/train/train_00052717.png
train:52145,train:8050,train,52145,8050,8050.jpg,3840,2160,3,jetski,706.0,1032.0,83.0,145.0,12035.0,34.4983175861018,42.2,mavic,NorthSea_Fri_DJI_0117.MP4,1020,data/raw/seadronessee/odv2/images/train/8050.jpg,train,1484,6,362,1490,1846,train_00052145,80.0,640,0.431266846361186,301.8867924528302,288.9487870619946,35.79514824797844,62.53369272237197,2238.402801490836,1.0,8fe6c319c145bfe6c41b4bd884be5417741d8218678ea8dfc0735cca6b82988f,data/synthetic/seadronessee_30m_to_80m/geometry_only/train/train_00052145.png,data/synthetic/seadronessee_30m_to_80m/calibrated/train/train_00052145.png
val:37559,val:6649,val,37559,6649,6649.jpg,3840,2160,1,swimmer,1843.0,1017.0,29.0,23.0,667.0,31.89844437671441,26.7,mavic,NorthSea_Fri_DJI_0114.MP4,5535,data/raw/seadronessee/odv2/images/val/6649.jpg,train,1605,1055,226,2660,1831,val_00037559,80.0,640,0.3987538940809969,314.2180685358255,315.4143302180685,11.56386292834891,9.171339563862928,106.05611358585416,1.0,8fe6c319c145bfe6c41b4bd884be5417741d8218678ea8dfc0735cca6b82988f,data/synthetic/seadronessee_30m_to_80m/geometry_only/train/val_00037559.png,data/synthetic/seadronessee_30m_to_80m/calibrated/train/val_00037559.png
train:107694,train:16032,train,107694,16032,16032.jpg,3840,2160,2,boat,1823.0,1140.0,248.0,110.0,27280.0,29.798546784516912,17.0,m210,DJI_0003.mov,120,data/raw/seadronessee/odv2/images/train/16032.jpg,train,1718,1088,336,2806,2054,train_00107694,80.0,640,0.3725261932479627,273.80675203725264,299.5110593713621,92.38649592549476,40.977881257275904,3785.802859810729,1.0,8fe6c319c145bfe6c41b4bd884be5417741d8218678ea8dfc0735cca6b82988f,data/synthetic/seadronessee_30m_to_80m/geometry_only/train/train_00107694.png,data/synthetic/seadronessee_30m_to_80m/calibrated/train/train_00107694.png
train:52758,train:8110,train,52758,8110,8110.jpg,3840,2160,5,buoy,1288.0,1255.0,17.0,20.0,340.0,34.29832733922585,56.2,mavic,NorthSea_Fri_DJI_0117.MP4,1935,data/raw/seadronessee/odv2/images/train/8110.jpg,train,1493,550,518,2043,2011,train_00052758,80.0,640,0.4286671131949096,316.3563295378433,315.9276624246484,7.287340924313463,8.57334226389819,62.47686793785152,1.0,8fe6c319c145bfe6c41b4bd884be5417741d8218678ea8dfc0735cca6b82988f,data/synthetic/seadronessee_30m_to_80m/geometry_only/train/train_00052758.png,data/synthetic/seadronessee_30m_to_80m/calibrated/train/train_00052758.png
train:52236,train:8058,train,52236,8058,8058.jpg,3840,2160,3,jetski,1490.0,763.0,70.0,121.0,8470.0,34.19833221578787,42.2,mavic,NorthSea_Fri_DJI_0117.MP4,1140,data/raw/seadronessee/odv2/images/train/8058.jpg,train,1497,776,75,2273,1572,train_00052236,80.0,640,0.4275217100868403,305.250501002004,294.1349365397461,29.926519706078825,51.730126920507686,1548.102662684532,1.0,8fe6c319c145bfe6c41b4bd884be5417741d8218678ea8dfc0735cca6b82988f,data/synthetic/seadronessee_30m_to_80m/geometry_only/train/train_00052236.png,data/synthetic/seadronessee_30m_to_80m/calibrated/train/train_00052236.png
train:52113,train:8048,train,52113,8048,8048.jpg,3840,2160,1,swimmer,1362.0,754.0,72.0,29.0,2088.0,34.4983175861018,42.2,mavic,NorthSea_Fri_DJI_0117.MP4,990,data/raw/seadronessee/odv2/images/train/8048.jpg,train,1484,656,26,2140,1510,train_00052113,80.0,640,0.431266846361186,304.4743935309973,313.96226415094344,31.051212938005392,12.506738544474397,388.34940170443406,1.0,8fe6c319c145bfe6c41b4bd884be5417741d8218678ea8dfc0735cca6b82988f,data/synthetic/seadronessee_30m_to_80m/geometry_only/train/train_00052113.png,data/synthetic/seadronessee_30m_to_80m/calibrated/train/train_00052113.png
train:107681,train:16026,train,107681,16026,16026.jpg,3840,2160,2,boat,1104.0,953.0,142.0,41.0,5822.0,29.798546784516912,17.0,m210,DJI_0003.mov,30,data/raw/seadronessee/odv2/images/train/16026.jpg,train,1718,316,114,2034,1832,train_00107681,80.0,640,0.3725261932479627,293.55064027939466,312.5494761350408,52.89871944121072,15.273573923166474,807.9525018261754,1.0,8fe6c319c145bfe6c41b4bd884be5417741d8218678ea8dfc0735cca6b82988f,data/synthetic/seadronessee_30m_to_80m/geometry_only/train/train_00107681.png,data/synthetic/seadronessee_30m_to_80m/calibrated/train/train_00107681.png
val:23917,val:4883,val,23917,4883,4883.jpg,3840,2160,5,buoy,1460.0,1167.0,95.0,114.0,10830.0,30.298522401706794,39.1,mavic,NorthSea_Fri_DJI_0112.MP4,5685,data/raw/seadronessee/odv2/images/val/4883.jpg,train,1690,662,379,2352,2069,val_00023917,80.0,640,0.378698224852071,302.20118343195264,298.41420118343194,35.976331360946745,43.171597633136095,1553.1557018311682,1.0,8fe6c319c145bfe6c41b4bd884be5417741d8218678ea8dfc0735cca6b82988f,data/synthetic/seadronessee_30m_to_80m/geometry_only/train/val_00023917.png,data/synthetic/seadronessee_30m_to_80m/calibrated/train/val_00023917.png
train:52260,train:8060,train,52260,8060,8060.jpg,3840,2160,3,jetski,1596.0,712.0,67.0,128.0,8576.0,34.19833221578787,42.2,mavic,NorthSea_Fri_DJI_0117.MP4,1170,data/raw/seadronessee/odv2/images/train/8060.jpg,train,1497,881,28,2378,1525,train_00052260,80.0,640,0.4275217100868403,305.67802271209086,292.4248496993988,28.643954575818302,54.72277889111557,1567.4767928196632,1.0,8fe6c319c145bfe6c41b4bd884be5417741d8218678ea8dfc0735cca6b82988f,data/synthetic/seadronessee_30m_to_80m/geometry_only/train/train_00052260.png,data/synthetic/seadronessee_30m_to_80m/calibrated/train/train_00052260.png
train:51783,train:8020,train,51783,8020,8020.jpg,3840,2160,1,swimmer,2490.0,1271.0,32.0,32.0,1024.0,34.4983175861018,42.2,mavic,NorthSea_Fri_DJI_0117.MP4,570,data/raw/seadronessee/odv2/images/train/8020.jpg,train,1484,1764,545,3248,2029,train_00051783,80.0,640,0.431266846361186,313.099730458221,313.099730458221,13.800539083557952,13.800539083557952,190.45487899681055,1.0,8fe6c319c145bfe6c41b4bd884be5417741d8218678ea8dfc0735cca6b82988f,data/synthetic/seadronessee_30m_to_80m/geometry_only/train/train_00051783.png,data/synthetic/seadronessee_30m_to_80m/calibrated/train/train_00051783.png
train:110330,train:16340,train,110330,16340,16340.jpg,3840,2160,2,boat,2020.0,856.0,195.0,51.0,9945.0,30.09853215483084,23.6,m210,DJI_0010_d3.mov,1395,data/raw/seadronessee/odv2/images/train/16340.jpg,train,1701,1267,31,2968,1732,train_00110330,80.0,640,0.376249265138154,283.31569664903,310.40564373897706,73.36860670194004,19.188712522045854,1407.8491021465743,1.0,8fe6c319c145bfe6c41b4bd884be5417741d8218678ea8dfc0735cca6b82988f,data/synthetic/seadronessee_30m_to_80m/geometry_only/train/train_00110330.png,data/synthetic/seadronessee_30m_to_80m/calibrated/train/train_00110330.png
train:36843,train:6579,train,36843,6579,6579.jpg,3840,2160,5,buoy,961.0,1165.0,59.0,88.0,5192.0,31.79844925327644,22.0,mavic,NorthSea_Fri_DJI_0114.MP4,4485,data/raw/seadronessee/odv2/images/train/6579.jpg,train,1610,186,404,1796,2014,train_00036843,80.0,640,0.3975155279503105,308.07453416149065,302.5093167701864,23.45341614906832,34.981366459627324,820.4325450407005,1.0,8fe6c319c145bfe6c41b4bd884be5417741d8218678ea8dfc0735cca6b82988f,data/synthetic/seadronessee_30m_to_80m/geometry_only/train/train_00036843.png,data/synthetic/seadronessee_30m_to_80m/calibrated/train/train_00036843.png
train:52360,train:8068,train,52360,8068,8068.jpg,3840,2160,1,swimmer,2798.0,853.0,40.0,32.0,1280.0,34.19833221578787,42.2,mavic,NorthSea_Fri_DJI_0117.MP4,1290,data/raw/seadronessee/odv2/images/train/8068.jpg,train,1497,2070,120,3567,1617,train_00052360,80.0,640,0.4275217100868403,311.23580494321976,313.373413493654,17.100868403473616,13.680694722778892,233.9517601223378,1.0,8fe6c319c145bfe6c41b4bd884be5417741d8218678ea8dfc0735cca6b82988f,data/synthetic/seadronessee_30m_to_80m/geometry_only/train/train_00052360.png,data/synthetic/seadronessee_30m_to_80m/calibrated/train/train_00052360.png
train:107757,train:16057,train,107757,16057,16057.jpg,3840,2160,2,boat,2147.0,1002.0,470.0,621.0,291870.0,30.19852727826882,72.2,m210,DJI_0003.mov,540,data/raw/seadronessee/odv2/images/train/16057.jpg,train,1695,1534,465,3229,2160,train_00107757,80.0,640,0.3775811209439528,231.45722713864308,202.76106194690263,177.46312684365782,234.47787610619469,41611.17706946511,1.0,8fe6c319c145bfe6c41b4bd884be5417741d8218678ea8dfc0735cca6b82988f,data/synthetic/seadronessee_30m_to_80m/geometry_only/train/train_00107757.png,data/synthetic/seadronessee_30m_to_80m/calibrated/train/train_00107757.png
train:36765,train:6573,train,36765,6573,6573.jpg,3840,2160,5,buoy,940.0,1175.0,59.0,87.0,5133.0,31.89844437671441,22.0,mavic,NorthSea_Fri_DJI_0114.MP4,4395,data/raw/seadronessee/odv2/images/train/6573.jpg,train,1605,167,416,1772,2021,train_00036765,80.0,640,0.3987538940809969,308.23676012461056,302.6542056074766,23.52647975077881,34.691588785046726,816.1709610737472,1.0,8fe6c319c145bfe6c41b4bd884be5417741d8218678ea8dfc0735cca6b82988f,data/synthetic/seadronessee_30m_to_80m/geometry_only/train/train_00036765.png,data/synthetic/seadronessee_30m_to_80m/calibrated/train/train_00036765.png
val:72832,val:10454,val,72832,10454,10454.jpg,3840,2160,1,swimmer,2165.0,1268.0,31.0,33.0,1023.0,33.99834196891192,54.6,mavic,NorthSea_Sat_DJI_0126.MP4,6585,data/raw/seadronessee/odv2/images/val/10454.jpg,train,1506,1428,532,2934,2038,val_00072832,80.0,640,0.4249667994687915,313.20053120849934,312.7755644090305,13.173970783532535,14.02390438247012,184.7505066057153,1.0,8fe6c319c145bfe6c41b4bd884be5417741d8218678ea8dfc0735cca6b82988f,data/synthetic/seadronessee_30m_to_80m/geometry_only/train/val_00072832.png,data/synthetic/seadronessee_30m_to_80m/calibrated/train/val_00072832.png
train:109823,train:16286,train,109823,16286,16286.jpg,3840,2160,2,boat,1948.0,1140.0,117.0,134.0,15678.0,29.89854190795489,22.0,m210,DJI_0010_d3.mov,585,data/raw/seadronessee/odv2/images/train/16286.jpg,train,1712,1150,351,2862,2063,train_00109823,80.0,640,0.3738317757009345,298.31775700934577,294.95327102803736,43.73831775700934,50.09345794392523,2191.0035810987856,1.0,8fe6c319c145bfe6c41b4bd884be5417741d8218678ea8dfc0735cca6b82988f,data/synthetic/seadronessee_30m_to_80m/geometry_only/train/train_00109823.png,data/synthetic/seadronessee_30m_to_80m/calibrated/train/train_00109823.png
train:36531,train:6555,train,36531,6555,6555.jpg,3840,2160,5,buoy,1480.0,879.0,49.0,73.0,3577.0,31.79844925327644,26.9,mavic,NorthSea_Fri_DJI_0114.MP4,4125,data/raw/seadronessee/odv2/images/train/6555.jpg,train,1610,700,110,2310,1720,train_00036531,80.0,640,0.3975155279503105,310.0621118012422,305.6894409937888,19.47826086956521,29.01863354037267,565.2325141776937,1.0,8fe6c319c145bfe6c41b4bd884be5417741d8218678ea8dfc0735cca6b82988f,data/synthetic/seadronessee_30m_to_80m/geometry_only/train/train_00036531.png,data/synthetic/seadronessee_30m_to_80m/calibrated/train/train_00036531.png
train:52504,train:8080,train,52504,8080,8080.jpg,3840,2160,1,swimmer,2785.0,831.0,37.0,29.0,1073.0,34.19833221578787,42.2,mavic,NorthSea_Fri_DJI_0117.MP4,1470,data/raw/seadronessee/odv2/images/train/8080.jpg,train,1497,2055,97,3552,1594,train_00052504,80.0,640,0.4275217100868403,312.0908483633935,313.80093520374083,15.818303273213091,12.398129592518371,196.11737391505343,1.0,8fe6c319c145bfe6c41b4bd884be5417741d8218678ea8dfc0735cca6b82988f,data/synthetic/seadronessee_30m_to_80m/geometry_only/train/train_00052504.png,data/synthetic/seadronessee_30m_to_80m/calibrated/train/train_00052504.png
train:109697,train:16276,train,109697,16276,16276.jpg,3840,2160,2,boat,2157.0,1187.0,132.0,80.0,10560.0,29.998537031392868,20.2,m210,DJI_0010_d3.mov,435,data/raw/seadronessee/odv2/images/train/16276.jpg,train,1707,1370,374,3077,2081,train_00109697,80.0,640,0.3749267721148213,295.0673696543644,304.81546572934974,49.49033391915642,29.994141769185703,1484.4200917755177,1.0,8fe6c319c145bfe6c41b4bd884be5417741d8218678ea8dfc0735cca6b82988f,data/synthetic/seadronessee_30m_to_80m/geometry_only/train/train_00109697.png,data/synthetic/seadronessee_30m_to_80m/calibrated/train/train_00109697.png
val:23871,val:4869,val,23871,4869,4869.jpg,3840,2160,5,buoy,1334.0,850.0,115.0,134.0,15410.0,28.79859555013715,51.6,mavic,NorthSea_Fri_DJI_0112.MP4,5475,data/raw/seadronessee/odv2/images/val/4869.jpg,train,1778,502,28,2280,1806,val_00023871,80.0,640,0.3599550056242969,299.4825646794151,295.8830146231721,41.39482564679415,48.23397075365579,1996.6368096001493,1.0,8fe6c319c145bfe6c41b4bd884be5417741d8218678ea8dfc0735cca6b82988f,data/synthetic/seadronessee_30m_to_80m/geometry_only/train/val_00023871.png,data/synthetic/seadronessee_30m_to_80m/calibrated/train/val_00023871.png
val:37839,val:6671,val,37839,6671,6671.jpg,3840,2160,1,swimmer,2130.0,1060.0,25.0,28.0,700.0,31.89844437671441,26.7,mavic,NorthSea_Fri_DJI_0114.MP4,5865,data/raw/seadronessee/odv2/images/val/6671.jpg,train,1605,1340,272,2945,1877,val_00037839,80.0,640,0.3987538940809969,315.01557632398755,314.2180685358255,9.96884735202492,11.165109034267912,111.3032676313312,1.0,8fe6c319c145bfe6c41b4bd884be5417741d8218678ea8dfc0735cca6b82988f,data/synthetic/seadronessee_30m_to_80m/geometry_only/train/val_00037839.png,data/synthetic/seadronessee_30m_to_80m/calibrated/train/val_00037839.png
train:109644,train:16272,train,109644,16272,16272.jpg,3840,2160,2,boat,2536.0,961.0,112.0,76.0,8512.0,29.998537031392868,17.0,m210,DJI_0010_d3.mov,375,data/raw/seadronessee/odv2/images/train/16272.jpg,train,1707,1738,146,3445,1853,train_00109644,80.0,640,0.3749267721148213,299.19156414762745,305.5653192735794,41.99179847685999,28.49443468072642,1196.5325588251142,1.0,8fe6c319c145bfe6c41b4bd884be5417741d8218678ea8dfc0735cca6b82988f,data/synthetic/seadronessee_30m_to_80m/geometry_only/train/train_00109644.png,data/synthetic/seadronessee_30m_to_80m/calibrated/train/train_00109644.png
train:36978,train:6591,train,36978,6591,6591.jpg,3840,2160,5,buoy,801.0,925.0,64.0,97.0,6208.0,31.79844925327644,29.4,mavic,NorthSea_Fri_DJI_0114.MP4,4665,data/raw/seadronessee/odv2/images/train/6591.jpg,train,1610,28,168,1638,1778,train_00036978,80.0,640,0.3975155279503105,307.27950310559004,300.91925465838506,25.440993788819878,38.55900621118012,980.9794375217004,1.0,8fe6c319c145bfe6c41b4bd884be5417741d8218678ea8dfc0735cca6b82988f,data/synthetic/seadronessee_30m_to_80m/geometry_only/train/train_00036978.png,data/synthetic/seadronessee_30m_to_80m/calibrated/train/train_00036978.png
val:23974,val:4897,val,23974,4897,4897.jpg,3840,2160,1,swimmer,2383.0,1174.0,33.0,30.0,990.0,30.39851752514477,37.1,mavic,NorthSea_Fri_DJI_0112.MP4,5895,data/raw/seadronessee/odv2/images/val/4897.jpg,train,1684,1558,347,3242,2031,val_00023974,80.0,640,0.3800475059382422,313.53919239904985,314.29928741092635,12.541567695961994,11.401425178147267,142.9917457021795,1.0,8fe6c319c145bfe6c41b4bd884be5417741d8218678ea8dfc0735cca6b82988f,data/synthetic/seadronessee_30m_to_80m/geometry_only/train/val_00023974.png,data/synthetic/seadronessee_30m_to_80m/calibrated/train/val_00023974.png
train:109899,train:16292,train,109899,16292,16292.jpg,3840,2160,2,boat,1872.0,1119.0,104.0,138.0,14352.0,29.798546784516912,22.8,m210,DJI_0010_d3.mov,675,data/raw/seadronessee/odv2/images/train/16292.jpg,train,1718,1065,329,2783,2047,train_00109899,80.0,640,0.3725261932479627,300.628637951106,294.2956926658906,38.74272409778813,51.40861466821886,1991.709774340307,1.0,8fe6c319c145bfe6c41b4bd884be5417741d8218678ea8dfc0735cca6b82988f,data/synthetic/seadronessee_30m_to_80m/geometry_only/train/train_00109899.png,data/synthetic/seadronessee_30m_to_80m/calibrated/train/train_00109899.png
val:23957,val:4893,val,23957,4893,4893.jpg,3840,2160,5,buoy,1626.0,791.0,76.0,103.0,7828.0,30.39851752514477,37.1,mavic,NorthSea_Fri_DJI_0112.MP4,5835,data/raw/seadronessee/odv2/images/val/4893.jpg,train,1684,822,0,2506,1684,val_00023957,80.0,640,0.3800475059382422,305.5581947743468,300.6175771971496,28.883610451306414,39.14489311163895,1130.6458437946071,1.0,8fe6c319c145bfe6c41b4bd884be5417741d8218678ea8dfc0735cca6b82988f,data/synthetic/seadronessee_30m_to_80m/geometry_only/train/val_00023957.png,data/synthetic/seadronessee_30m_to_80m/calibrated/train/val_00023957.png
val:24046,val:4915,val,24046,4915,4915.jpg,3840,2160,1,swimmer,2080.0,1187.0,28.0,24.0,672.0,30.698502895458702,37.1,mavic,NorthSea_Fri_DJI_0112.MP4,6165,data/raw/seadronessee/odv2/images/val/4915.jpg,train,1668,1260,365,2928,2033,val_00024046,80.0,640,0.3836930455635491,314.6282973621103,315.39568345323744,10.743405275779375,9.20863309352518,98.932077359695,1.0,8fe6c319c145bfe6c41b4bd884be5417741d8218678ea8dfc0735cca6b82988f,data/synthetic/seadronessee_30m_to_80m/geometry_only/train/val_00024046.png,data/synthetic/seadronessee_30m_to_80m/calibrated/train/val_00024046.png
train:109721,train:16278,train,109721,16278,16278.jpg,3840,2160,2,boat,2093.0,1056.0,110.0,80.0,8800.0,29.998537031392868,20.5,m210,DJI_0010_d3.mov,465,data/raw/seadronessee/odv2/images/train/16278.jpg,train,1707,1294,242,3001,1949,train_00109721,80.0,640,0.3749267721148213,299.56649091974225,305.19039250146454,41.241944932630346,29.994141769185703,1237.0167431462646,1.0,8fe6c319c145bfe6c41b4bd884be5417741d8218678ea8dfc0735cca6b82988f,data/synthetic/seadronessee_30m_to_80m/geometry_only/train/train_00109721.png,data/synthetic/seadronessee_30m_to_80m/calibrated/train/train_00109721.png
val:23865,val:4867,val,23865,4867,4867.jpg,3840,2160,5,buoy,1317.0,861.0,119.0,145.0,17255.0,28.298619932947272,51.6,mavic,NorthSea_Fri_DJI_0112.MP4,5445,data/raw/seadronessee/odv2/images/val/4867.jpg,train,1809,472,29,2281,1838,val_00023865,80.0,640,0.3537866224433388,298.94969596462136,294.350469872858,42.100608070757325,51.299060254284136,2159.721630163781,1.0,8fe6c319c145bfe6c41b4bd884be5417741d8218678ea8dfc0735cca6b82988f,data/synthetic/seadronessee_30m_to_80m/geometry_only/train/val_00023865.png,data/synthetic/seadronessee_30m_to_80m/calibrated/train/val_00023865.png
train:52431,train:8074,train,52431,8074,8074.jpg,3840,2160,1,swimmer,2397.0,760.0,52.0,26.0,1352.0,34.19833221578787,42.2,mavic,NorthSea_Fri_DJI_0117.MP4,1380,data/raw/seadronessee/odv2/images/train/8074.jpg,train,1497,1674,24,3171,1521,train_00052431,80.0,640,0.4275217100868403,309.0981963927856,314.6559786239145,22.231128924515698,11.115564462257849,247.11154662921925,1.0,8fe6c319c145bfe6c41b4bd884be5417741d8218678ea8dfc0735cca6b82988f,data/synthetic/seadronessee_30m_to_80m/geometry_only/train/train_00052431.png,data/synthetic/seadronessee_30m_to_80m/calibrated/train/train_00052431.png
train:109966,train:16298,train,109966,16298,16298.jpg,3840,2160,2,boat,1793.0,1094.0,101.0,143.0,14443.0,29.89854190795489,23.6,m210,DJI_0010_d3.mov,765,data/raw/seadronessee/odv2/images/train/16298.jpg,train,1712,988,310,2700,2022,train_00109966,80.0,640,0.3738317757009345,300.93457943925233,293.0841121495327,37.7570093457944,53.45794392523364,2018.4120883919995,1.0,8fe6c319c145bfe6c41b4bd884be5417741d8218678ea8dfc0735cca6b82988f,data/synthetic/seadronessee_30m_to_80m/geometry_only/train/train_00109966.png,data/synthetic/seadronessee_30m_to_80m/calibrated/train/train_00109966.png
train:36557,train:6557,train,36557,6557,6557.jpg,3840,2160,5,buoy,1473.0,977.0,50.0,73.0,3650.0,31.89844437671441,22.0,mavic,NorthSea_Fri_DJI_0114.MP4,4155,data/raw/seadronessee/odv2/images/train/6557.jpg,train,1605,696,211,2301,1816,train_00036557,80.0,640,0.3987538940809969,309.83177570093454,305.4454828660436,19.937694704049843,29.10903426791277,580.3670383633698,1.0,8fe6c319c145bfe6c41b4bd884be5417741d8218678ea8dfc0735cca6b82988f,data/synthetic/seadronessee_30m_to_80m/geometry_only/train/train_00036557.png,data/synthetic/seadronessee_30m_to_80m/calibrated/train/train_00036557.png
train:51521,train:7998,train,51521,7998,7998.jpg,3840,2160,1,swimmer,1653.0,747.0,41.0,38.0,1558.0,34.29832733922585,42.2,mavic,NorthSea_Fri_DJI_0117.MP4,240,data/raw/seadronessee/odv2/images/train/7998.jpg,train,1493,927,20,2420,1513,train_00051521,80.0,640,0.4286671131949096,311.2123241795044,311.64099129269925,17.575351640991293,16.289350301406564,286.2910595505079,1.0,8fe6c319c145bfe6c41b4bd884be5417741d8218678ea8dfc0735cca6b82988f,data/synthetic/seadronessee_30m_to_80m/geometry_only/train/train_00051521.png,data/synthetic/seadronessee_30m_to_80m/calibrated/train/train_00051521.png
train:110260,train:16330,train,110260,16330,16330.jpg,3840,2160,2,boat,2082.0,835.0,190.0,52.0,9880.0,29.998537031392868,23.6,m210,DJI_0010_d3.mov,1245,data/raw/seadronessee/odv2/images/train/16330.jpg,train,1707,1324,8,3031,1715,train_00110260,80.0,640,0.3749267721148213,284.1944932630346,310.06444053895723,71.23608670181605,19.49619214997071,1388.832434350579,1.0,8fe6c319c145bfe6c41b4bd884be5417741d8218678ea8dfc0735cca6b82988f,data/synthetic/seadronessee_30m_to_80m/geometry_only/train/train_00110260.png,data/synthetic/seadronessee_30m_to_80m/calibrated/train/train_00110260.png
train:36739,train:6571,train,36739,6571,6571.jpg,3840,2160,5,buoy,941.0,1170.0,59.0,87.0,5133.0,31.99843950015239,22.0,mavic,NorthSea_Fri_DJI_0114.MP4,4365,data/raw/seadronessee/odv2/images/train/6571.jpg,train,1600,170,414,1770,2014,train_00036739,80.0,640,0.4,308.40000000000003,302.40000000000003,23.6,34.800000000000004,821.2800000000002,1.0,8fe6c319c145bfe6c41b4bd884be5417741d8218678ea8dfc0735cca6b82988f,data/synthetic/seadronessee_30m_to_80m/geometry_only/train/train_00036739.png,data/synthetic/seadronessee_30m_to_80m/calibrated/train/train_00036739.png
val:37758,val:6665,val,37758,6665,6665.jpg,3840,2160,1,swimmer,2352.0,970.0,61.0,27.0,1647.0,31.698454129838463,26.7,mavic,NorthSea_Fri_DJI_0114.MP4,5775,data/raw/seadronessee/odv2/images/val/6665.jpg,train,1615,1575,176,3190,1791,val_00037758,80.0,640,0.3962848297213622,307.9133126934985,314.6501547987616,24.173374613003094,10.69969040247678,258.6476243422252,1.0,8fe6c319c145bfe6c41b4bd884be5417741d8218678ea8dfc0735cca6b82988f,data/synthetic/seadronessee_30m_to_80m/geometry_only/train/val_00037758.png,data/synthetic/seadronessee_30m_to_80m/calibrated/train/val_00037758.png
train:110314,train:16338,train,110314,16338,16338.jpg,3840,2160,2,boat,1070.0,1173.0,169.0,145.0,24505.0,29.998537031392868,23.6,m210,DJI_0010_d3.mov,1365,data/raw/seadronessee/odv2/images/train/16338.jpg,train,1707,301,392,2008,2099,train_00110314,80.0,640,0.3749267721148213,288.3186877562976,292.8178090216755,63.36262448740481,54.3643819566491,3444.6699194090024,1.0,8fe6c319c145bfe6c41b4bd884be5417741d8218678ea8dfc0735cca6b82988f,data/synthetic/seadronessee_30m_to_80m/geometry_only/train/train_00110314.png,data/synthetic/seadronessee_30m_to_80m/calibrated/train/train_00110314.png
train:36661,train:6565,train,36661,6565,6565.jpg,3840,2160,5,buoy,1123.0,1144.0,56.0,82.0,4592.0,31.59845900640049,22.0,mavic,NorthSea_Fri_DJI_0114.MP4,4275,data/raw/seadronessee/odv2/images/train/6565.jpg,train,1620,341,375,1961,1995,train_00036661,80.0,640,0.3950617283950617,308.9382716049383,303.8024691358024,22.123456790123456,32.39506172839506,716.6907483615303,1.0,8fe6c319c145bfe6c41b4bd884be5417741d8218678ea8dfc0735cca6b82988f,data/synthetic/seadronessee_30m_to_80m/geometry_only/train/train_00036661.png,data/synthetic/seadronessee_30m_to_80m/calibrated/train/train_00036661.png
train:36744,train:6571,train,36744,6571,6571.jpg,3840,2160,1,swimmer,2016.0,1116.0,35.0,30.0,1050.0,31.99843950015239,22.0,mavic,NorthSea_Fri_DJI_0114.MP4,4365,data/raw/seadronessee/odv2/images/train/6571.jpg,train,1600,1234,331,2834,1931,train_00036744,80.0,640,0.4,312.8,314.0,14.0,12.0,168.0,1.0,8fe6c319c145bfe6c41b4bd884be5417741d8218678ea8dfc0735cca6b82988f,data/synthetic/seadronessee_30m_to_80m/geometry_only/train/train_00036744.png,data/synthetic/seadronessee_30m_to_80m/calibrated/train/train_00036744.png
train:37446,train:6639,train,37446,6639,6639.jpg,3840,2160,2,boat,1653.0,889.0,242.0,117.0,28314.0,31.59845900640049,26.7,mavic,NorthSea_Fri_DJI_0114.MP4,5385,data/raw/seadronessee/odv2/images/train/6639.jpg,train,1620,964,138,2584,1758,train_00037446,80.0,640,0.3950617283950617,272.1975308641975,296.69135802469134,95.60493827160494,46.22222222222222,4419.072702331961,1.0,8fe6c319c145bfe6c41b4bd884be5417741d8218678ea8dfc0735cca6b82988f,data/synthetic/seadronessee_30m_to_80m/geometry_only/train/train_00037446.png,data/synthetic/seadronessee_30m_to_80m/calibrated/train/train_00037446.png
val:37819,val:6669,val,37819,6669,6669.jpg,3840,2160,5,buoy,824.0,914.0,58.0,77.0,4466.0,31.79844925327644,26.7,mavic,NorthSea_Fri_DJI_0114.MP4,5835,data/raw/seadronessee/odv2/images/val/6669.jpg,train,1610,48,148,1658,1758,val_00037819,80.0,640,0.3975155279503105,308.4720496894409,304.49689440993785,23.05590062111801,30.60869565217391,705.7110450985685,1.0,8fe6c319c145bfe6c41b4bd884be5417741d8218678ea8dfc0735cca6b82988f,data/synthetic/seadronessee_30m_to_80m/geometry_only/train/val_00037819.png,data/synthetic/seadronessee_30m_to_80m/calibrated/train/val_00037819.png
val:37985,val:6681,val,37985,6681,6681.jpg,3840,2160,1,swimmer,1142.0,990.0,45.0,24.0,1080.0,31.79844925327644,26.7,mavic,NorthSea_Fri_DJI_0114.MP4,6015,data/raw/seadronessee/odv2/images/val/6681.jpg,train,1610,360,197,1970,1807,val_00037985,80.0,640,0.3975155279503105,310.85714285714283,315.22981366459624,17.888198757763973,9.540372670807454,170.66008255854325,1.0,8fe6c319c145bfe6c41b4bd884be5417741d8218678ea8dfc0735cca6b82988f,data/synthetic/seadronessee_30m_to_80m/geometry_only/train/val_00037985.png,data/synthetic/seadronessee_30m_to_80m/calibrated/train/val_00037985.png
val:37511,val:6645,val,37511,6645,6645.jpg,3840,2160,2,boat,1402.0,758.0,230.0,112.0,25760.0,31.79844925327644,26.7,mavic,NorthSea_Fri_DJI_0114.MP4,5475,data/raw/seadronessee/odv2/images/val/6645.jpg,train,1610,712,9,2322,1619,val_00037511,80.0,640,0.3975155279503105,274.2857142857143,297.73913043478257,91.42857142857142,44.52173913043478,4070.55900621118,1.0,8fe6c319c145bfe6c41b4bd884be5417741d8218678ea8dfc0735cca6b82988f,data/synthetic/seadronessee_30m_to_80m/geometry_only/train/val_00037511.png,data/synthetic/seadronessee_30m_to_80m/calibrated/train/val_00037511.png
val:37847,val:6671,val,37847,6671,6671.jpg,3840,2160,5,buoy,917.0,852.0,54.0,73.0,3942.0,31.89844437671441,26.7,mavic,NorthSea_Fri_DJI_0114.MP4,5865,data/raw/seadronessee/odv2/images/val/6671.jpg,train,1605,142,86,1747,1691,val_00037847,80.0,640,0.3987538940809969,309.0342679127726,305.4454828660436,21.53271028037383,29.10903426791277,626.7964014324394,1.0,8fe6c319c145bfe6c41b4bd884be5417741d8218678ea8dfc0735cca6b82988f,data/synthetic/seadronessee_30m_to_80m/geometry_only/train/val_00037847.png,data/synthetic/seadronessee_30m_to_80m/calibrated/train/val_00037847.png
train:36539,train:6555,train,36539,6555,6555.jpg,3840,2160,1,swimmer,2639.0,943.0,24.0,16.0,384.0,31.79844925327644,26.9,mavic,NorthSea_Fri_DJI_0114.MP4,4125,data/raw/seadronessee/odv2/images/train/6555.jpg,train,1610,1846,146,3456,1756,train_00036539,80.0,640,0.3975155279503105,315.22981366459624,316.8198757763975,9.540372670807454,6.3602484472049685,60.67914046525983,1.0,8fe6c319c145bfe6c41b4bd884be5417741d8218678ea8dfc0735cca6b82988f,data/synthetic/seadronessee_30m_to_80m/geometry_only/train/train_00036539.png,data/synthetic/seadronessee_30m_to_80m/calibrated/train/train_00036539.png
train:110288,train:16334,train,110288,16334,16334.jpg,3840,2160,2,boat,2047.0,837.0,191.0,52.0,9932.0,29.998537031392868,23.6,m210,DJI_0010_d3.mov,1305,data/raw/seadronessee/odv2/images/train/16334.jpg,train,1707,1289,10,2996,1717,train_00110288,80.0,640,0.3749267721148213,284.1944932630346,310.06444053895723,71.61101347393088,19.49619214997071,1396.142078741898,1.0,8fe6c319c145bfe6c41b4bd884be5417741d8218678ea8dfc0735cca6b82988f,data/synthetic/seadronessee_30m_to_80m/geometry_only/train/train_00110288.png,data/synthetic/seadronessee_30m_to_80m/calibrated/train/train_00110288.png
val:23949,val:4891,val,23949,4891,4891.jpg,3840,2160,5,buoy,1571.0,827.0,81.0,109.0,8829.0,30.39851752514477,37.1,mavic,NorthSea_Fri_DJI_0112.MP4,5805,data/raw/seadronessee/odv2/images/val/4891.jpg,train,1684,770,40,2454,1724,val_00023949,80.0,640,0.3800475059382422,304.41805225653206,299.09738717339667,30.783847980997624,41.4251781472684,1275.226386671255,1.0,8fe6c319c145bfe6c41b4bd884be5417741d8218678ea8dfc0735cca6b82988f,data/synthetic/seadronessee_30m_to_80m/geometry_only/train/val_00023949.png,data/synthetic/seadronessee_30m_to_80m/calibrated/train/val_00023949.png
train:37313,train:6625,train,37313,6625,6625.jpg,3840,2160,1,swimmer,1608.0,1308.0,64.0,49.0,3136.0,31.398468759524533,36.7,mavic,NorthSea_Fri_DJI_0114.MP4,5175,data/raw/seadronessee/odv2/images/train/6625.jpg,train,1631,824,517,2455,2148,train_00037313,80.0,640,0.3923973022685469,307.6394849785408,310.3862660944206,25.113427345187,19.2274678111588,482.8676159074583,1.0,8fe6c319c145bfe6c41b4bd884be5417741d8218678ea8dfc0735cca6b82988f,data/synthetic/seadronessee_30m_to_80m/geometry_only/train/train_00037313.png,data/synthetic/seadronessee_30m_to_80m/calibrated/train/train_00037313.png
train:110269,train:16332,train,110269,16332,16332.jpg,3840,2160,2,boat,849.0,1079.0,111.0,109.0,12099.0,29.998537031392868,23.6,m210,DJI_0010_d3.mov,1275,data/raw/seadronessee/odv2/images/train/16332.jpg,train,1707,51,280,1758,1987,train_00110269,80.0,640,0.3749267721148213,299.19156414762745,299.56649091974225,41.616871704745165,40.86701816051553,1700.7574517416654,1.0,8fe6c319c145bfe6c41b4bd884be5417741d8218678ea8dfc0735cca6b82988f,data/synthetic/seadronessee_30m_to_80m/geometry_only/train/train_00110269.png,data/synthetic/seadronessee_30m_to_80m/calibrated/train/train_00110269.png
train:36480,train:6551,train,36480,6551,6551.jpg,3840,2160,5,buoy,1492.0,904.0,50.0,72.0,3600.0,33.69835659859799,24.0,mavic,NorthSea_Fri_DJI_0114.MP4,4065,data/raw/seadronessee/odv2/images/train/6551.jpg,train,1519,758,180,2277,1699,train_00036480,80.0,640,0.4213298222514812,309.2560895325872,305.0427913100724,21.066491112574063,30.33574720210665,639.0677488264732,1.0,8fe6c319c145bfe6c41b4bd884be5417741d8218678ea8dfc0735cca6b82988f,data/synthetic/seadronessee_30m_to_80m/geometry_only/train/train_00036480.png,data/synthetic/seadronessee_30m_to_80m/calibrated/train/train_00036480.png
train:37328,train:6627,train,37328,6627,6627.jpg,3840,2160,1,swimmer,1942.0,941.0,31.0,30.0,930.0,31.398468759524533,36.7,mavic,NorthSea_Fri_DJI_0114.MP4,5205,data/raw/seadronessee/odv2/images/train/6627.jpg,train,1631,1142,140,2773,1771,train_00037328,80.0,640,0.3923973022685469,313.9178418148375,314.31023911710605,12.164316370324954,11.771919068056407,143.19734782969903,1.0,8fe6c319c145bfe6c41b4bd884be5417741d8218678ea8dfc0735cca6b82988f,data/synthetic/seadronessee_30m_to_80m/geometry_only/train/train_00037328.png,data/synthetic/seadronessee_30m_to_80m/calibrated/train/train_00037328.png
val:37489,val:6643,val,37489,6643,6643.jpg,3840,2160,2,boat,1444.0,755.0,223.0,105.0,23415.0,31.698454129838463,26.7,mavic,NorthSea_Fri_DJI_0114.MP4,5445,data/raw/seadronessee/odv2/images/val/6643.jpg,train,1615,748,0,2363,1615,val_00037489,80.0,640,0.3962848297213622,275.8142414860681,299.1950464396285,88.37151702786379,41.60990712074304,3677.1306156485743,1.0,8fe6c319c145bfe6c41b4bd884be5417741d8218678ea8dfc0735cca6b82988f,data/synthetic/seadronessee_30m_to_80m/geometry_only/train/val_00037489.png,data/synthetic/seadronessee_30m_to_80m/calibrated/train/val_00037489.png
val:23933,val:4887,val,23933,4887,4887.jpg,3840,2160,5,buoy,1519.0,1017.0,87.0,109.0,9483.0,30.39851752514477,37.1,mavic,NorthSea_Fri_DJI_0112.MP4,5745,data/raw/seadronessee/odv2/images/val/4887.jpg,train,1684,720,230,2404,1914,val_00023933,80.0,640,0.3800475059382422,303.6579572446556,299.09738717339667,33.064133016627075,41.4251781472684,1369.6876004987555,1.0,8fe6c319c145bfe6c41b4bd884be5417741d8218678ea8dfc0735cca6b82988f,data/synthetic/seadronessee_30m_to_80m/geometry_only/train/val_00023933.png,data/synthetic/seadronessee_30m_to_80m/calibrated/train/val_00023933.png
train:109943,train:16296,train,109943,16296,16296.jpg,3840,2160,1,swimmer,1164.0,1273.0,45.0,24.0,1080.0,29.89854190795489,23.4,m210,DJI_0010_d3.mov,735,data/raw/seadronessee/odv2/images/train/16296.jpg,train,1712,330,429,2042,2141,train_00109943,80.0,640,0.3738317757009345,311.77570093457945,315.5140186915888,16.822429906542055,8.97196261682243,150.93021224561096,1.0,8fe6c319c145bfe6c41b4bd884be5417741d8218678ea8dfc0735cca6b82988f,data/synthetic/seadronessee_30m_to_80m/geometry_only/train/train_00109943.png,data/synthetic/seadronessee_30m_to_80m/calibrated/train/train_00109943.png
train:109849,train:16288,train,109849,16288,16288.jpg,3840,2160,2,boat,1912.0,1129.0,115.0,136.0,15640.0,29.89854190795489,22.3,m210,DJI_0010_d3.mov,615,data/raw/seadronessee/odv2/images/train/16288.jpg,train,1712,1114,341,2826,2053,train_00109849,80.0,640,0.3738317757009345,298.31775700934577,294.57943925233644,42.99065420560748,50.8411214953271,2185.693073630885,1.0,8fe6c319c145bfe6c41b4bd884be5417741d8218678ea8dfc0735cca6b82988f,data/synthetic/seadronessee_30m_to_80m/geometry_only/train/train_00109849.png,data/synthetic/seadronessee_30m_to_80m/calibrated/train/train_00109849.png
train:52729,train:8106,train,52729,8106,8106.jpg,3840,2160,5,buoy,878.0,1385.0,18.0,21.0,378.0,33.89834684547394,42.2,mavic,NorthSea_Fri_DJI_0117.MP4,1875,data/raw/seadronessee/odv2/images/train/8106.jpg,train,1510,132,640,1642,2150,train_00052729,80.0,640,0.423841059602649,316.1854304635761,315.7615894039735,7.629139072847682,8.900662251655628,67.90439015832638,1.0,8fe6c319c145bfe6c41b4bd884be5417741d8218678ea8dfc0735cca6b82988f,data/synthetic/seadronessee_30m_to_80m/geometry_only/train/train_00052729.png,data/synthetic/seadronessee_30m_to_80m/calibrated/train/train_00052729.png
train:51824,train:8024,train,51824,8024,8024.jpg,3840,2160,1,swimmer,1549.0,753.0,81.0,36.0,2916.0,34.4983175861018,42.2,mavic,NorthSea_Fri_DJI_0117.MP4,630,data/raw/seadronessee/odv2/images/train/8024.jpg,train,1484,848,29,2332,1513,train_00051824,80.0,640,0.431266846361186,302.3180592991914,312.23719676549865,34.932614555256066,15.525606469002696,542.3500265182613,1.0,8fe6c319c145bfe6c41b4bd884be5417741d8218678ea8dfc0735cca6b82988f,data/synthetic/seadronessee_30m_to_80m/geometry_only/train/train_00051824.png,data/synthetic/seadronessee_30m_to_80m/calibrated/train/train_00051824.png
train:110117,train:16312,train,110117,16312,16312.jpg,3840,2160,2,boat,1573.0,1112.0,148.0,144.0,21312.0,29.89854190795489,24.0,m210,DJI_0010_d3.mov,975,data/raw/seadronessee/odv2/images/train/16312.jpg,train,1712,791,328,2503,2040,train_00110117,80.0,640,0.3738317757009345,292.33644859813086,293.0841121495327,55.32710280373831,53.83177570093458,2978.3561883133893,1.0,8fe6c319c145bfe6c41b4bd884be5417741d8218678ea8dfc0735cca6b82988f,data/synthetic/seadronessee_30m_to_80m/geometry_only/train/train_00110117.png,data/synthetic/seadronessee_30m_to_80m/calibrated/train/train_00110117.png
train:52775,train:8112,train,52775,8112,8112.jpg,3840,2160,5,buoy,1290.0,814.0,16.0,27.0,432.0,34.19833221578787,56.2,mavic,NorthSea_Fri_DJI_0117.MP4,1965,data/raw/seadronessee/odv2/images/train/8112.jpg,train,1497,550,79,2047,1576,train_00052775,80.0,640,0.4275217100868403,316.36606546426185,314.22845691382764,6.840347361389446,11.54308617234469,78.958719041289,1.0,8fe6c319c145bfe6c41b4bd884be5417741d8218678ea8dfc0735cca6b82988f,data/synthetic/seadronessee_30m_to_80m/geometry_only/train/train_00052775.png,data/synthetic/seadronessee_30m_to_80m/calibrated/train/train_00052775.png
val:24012,val:4907,val,24012,4907,4907.jpg,3840,2160,1,swimmer,1666.0,1069.0,46.0,25.0,1150.0,30.498512648582743,37.1,mavic,NorthSea_Fri_DJI_0112.MP4,6045,data/raw/seadronessee/odv2/images/val/4907.jpg,train,1679,850,242,2529,1921,val_00024012,80.0,640,0.3811792733770101,311.0422870756403,315.23525908278737,17.534246575342465,9.529481834425251,167.0922842200592,1.0,8fe6c319c145bfe6c41b4bd884be5417741d8218678ea8dfc0735cca6b82988f,data/synthetic/seadronessee_30m_to_80m/geometry_only/train/val_00024012.png,data/synthetic/seadronessee_30m_to_80m/calibrated/train/val_00024012.png
train:109942,train:16296,train,109942,16296,16296.jpg,3840,2160,2,boat,1681.0,985.0,97.0,94.0,9118.0,29.89854190795489,23.4,m210,DJI_0010_d3.mov,735,data/raw/seadronessee/odv2/images/train/16296.jpg,train,1712,874,176,2586,1888,train_00109942,80.0,640,0.3738317757009345,301.6822429906542,302.4299065420561,36.26168224299065,35.14018691588785,1274.242291903223,1.0,8fe6c319c145bfe6c41b4bd884be5417741d8218678ea8dfc0735cca6b82988f,data/synthetic/seadronessee_30m_to_80m/geometry_only/train/train_00109942.png,data/synthetic/seadronessee_30m_to_80m/calibrated/train/train_00109942.png
val:23941,val:4889,val,23941,4889,4889.jpg,3840,2160,5,buoy,1553.0,931.0,84.0,104.0,8736.0,30.598507772020724,37.1,mavic,NorthSea_Fri_DJI_0112.MP4,5775,data/raw/seadronessee/odv2/images/val/4889.jpg,train,1673,758,146,2431,1819,val_00023941,80.0,640,0.3825463239689181,304.12432755528994,300.2988643156007,32.13389121338912,39.78481769276748,1278.441003683909,1.0,8fe6c319c145bfe6c41b4bd884be5417741d8218678ea8dfc0735cca6b82988f,data/synthetic/seadronessee_30m_to_80m/geometry_only/train/val_00023941.png,data/synthetic/seadronessee_30m_to_80m/calibrated/train/val_00023941.png
train:52041,train:8042,train,52041,8042,8042.jpg,3840,2160,1,swimmer,1383.0,754.0,65.0,37.0,2405.0,34.4983175861018,42.2,mavic,NorthSea_Fri_DJI_0117.MP4,900,data/raw/seadronessee/odv2/images/train/8042.jpg,train,1484,674,30,2158,1514,train_00052041,80.0,640,0.431266846361186,305.7681940700809,312.23719676549865,28.03234501347709,15.956873315363882,447.3085781126264,1.0,8fe6c319c145bfe6c41b4bd884be5417741d8218678ea8dfc0735cca6b82988f,data/synthetic/seadronessee_30m_to_80m/geometry_only/train/train_00052041.png,data/synthetic/seadronessee_30m_to_80m/calibrated/train/train_00052041.png
train:110199,train:16322,train,110199,16322,16322.jpg,3840,2160,2,boat,946.0,1053.0,109.0,106.0,11554.0,30.09853215483084,23.6,m210,DJI_0010_d3.mov,1125,data/raw/seadronessee/odv2/images/train/16322.jpg,train,1701,150,256,1851,1957,train_00110199,80.0,640,0.376249265138154,299.4944150499706,299.8706643151088,41.01116990005879,39.88242210464433,1635.6247889594288,1.0,8fe6c319c145bfe6c41b4bd884be5417741d8218678ea8dfc0735cca6b82988f,data/synthetic/seadronessee_30m_to_80m/geometry_only/train/train_00110199.png,data/synthetic/seadronessee_30m_to_80m/calibrated/train/train_00110199.png
val:23889,val:4875,val,23889,4875,4875.jpg,3840,2160,5,buoy,1353.0,820.0,110.0,124.0,13640.0,29.798546784516912,51.6,mavic,NorthSea_Fri_DJI_0112.MP4,5565,data/raw/seadronessee/odv2/images/val/4875.jpg,train,1718,549,23,2267,1741,val_00023889,80.0,640,0.3725261932479627,299.5110593713621,296.9033760186263,40.977881257275904,46.193247962747385,1892.9014299053645,1.0,8fe6c319c145bfe6c41b4bd884be5417741d8218678ea8dfc0735cca6b82988f,data/synthetic/seadronessee_30m_to_80m/geometry_only/train/val_00023889.png,data/synthetic/seadronessee_30m_to_80m/calibrated/train/val_00023889.png
val:37907,val:6675,val,37907,6675,6675.jpg,3840,2160,1,swimmer,2195.0,999.0,30.0,23.0,690.0,31.79844925327644,26.7,mavic,NorthSea_Fri_DJI_0114.MP4,5925,data/raw/seadronessee/odv2/images/val/6675.jpg,train,1610,1405,206,3015,1816,val_00037907,80.0,640,0.3975155279503105,314.0372670807453,315.22981366459624,11.925465838509316,9.142857142857142,109.03283052351374,1.0,8fe6c319c145bfe6c41b4bd884be5417741d8218678ea8dfc0735cca6b82988f,data/synthetic/seadronessee_30m_to_80m/geometry_only/train/val_00037907.png,data/synthetic/seadronessee_30m_to_80m/calibrated/train/val_00037907.png
train:110008,train:16302,train,110008,16302,16302.jpg,3840,2160,2,boat,1552.0,962.0,92.0,102.0,9384.0,29.998537031392868,23.9,m210,DJI_0010_d3.mov,825,data/raw/seadronessee/odv2/images/train/16302.jpg,train,1707,744,160,2451,1867,train_00110008,80.0,640,0.3749267721148213,302.94083186877566,300.6912712360867,34.49326303456356,38.242530755711776,1319.1096724641532,1.0,8fe6c319c145bfe6c41b4bd884be5417741d8218678ea8dfc0735cca6b82988f,data/synthetic/seadronessee_30m_to_80m/geometry_only/train/train_00110008.png,data/synthetic/seadronessee_30m_to_80m/calibrated/train/train_00110008.png
val:23909,val:4881,val,23909,4881,4881.jpg,3840,2160,5,buoy,1433.0,1244.0,97.0,117.0,11349.0,30.298522401706794,48.6,mavic,NorthSea_Fri_DJI_0112.MP4,5655,data/raw/seadronessee/odv2/images/val/4881.jpg,train,1690,636,458,2326,2148,val_00023909,80.0,640,0.378698224852071,301.8224852071006,297.6568047337278,36.73372781065088,44.30769230769231,1627.5867091488392,1.0,8fe6c319c145bfe6c41b4bd884be5417741d8218678ea8dfc0735cca6b82988f,data/synthetic/seadronessee_30m_to_80m/geometry_only/train/val_00023909.png,data/synthetic/seadronessee_30m_to_80m/calibrated/train/val_00023909.png
val:38113,val:6691,val,38113,6691,6691.jpg,3840,2160,1,swimmer,1252.0,971.0,24.0,23.0,552.0,31.59845900640049,26.7,mavic,NorthSea_Fri_DJI_0114.MP4,6165,data/raw/seadronessee/odv2/images/val/6691.jpg,train,1620,454,172,2074,1792,val_00038113,80.0,640,0.3950617283950617,315.25925925925924,315.6543209876544,9.48148148148148,9.08641975308642,86.15272062185642,1.0,8fe6c319c145bfe6c41b4bd884be5417741d8218678ea8dfc0735cca6b82988f,data/synthetic/seadronessee_30m_to_80m/geometry_only/train/val_00038113.png,data/synthetic/seadronessee_30m_to_80m/calibrated/train/val_00038113.png
train:109671,train:16274,train,109671,16274,16274.jpg,3840,2160,2,boat,2268.0,1181.0,133.0,83.0,11039.0,30.09853215483084,21.0,m210,DJI_0010_d3.mov,405,data/raw/seadronessee/odv2/images/train/16274.jpg,train,1701,1484,372,3185,2073,train_00109671,80.0,640,0.376249265138154,294.9794238683128,304.3856554967666,50.041152263374485,31.228689006466787,1562.719581558173,1.0,8fe6c319c145bfe6c41b4bd884be5417741d8218678ea8dfc0735cca6b82988f,data/synthetic/seadronessee_30m_to_80m/geometry_only/train/train_00109671.png,data/synthetic/seadronessee_30m_to_80m/calibrated/train/train_00109671.png
train:36895,train:6583,train,36895,6583,6583.jpg,3840,2160,5,buoy,948.0,1144.0,59.0,86.0,5074.0,31.79844925327644,22.0,mavic,NorthSea_Fri_DJI_0114.MP4,4545,data/raw/seadronessee/odv2/images/train/6583.jpg,train,1610,172,382,1782,1992,train_00036895,80.0,640,0.3975155279503105,308.4720496894409,302.90683229813664,23.45341614906832,34.18633540372671,801.7863508352301,1.0,8fe6c319c145bfe6c41b4bd884be5417741d8218678ea8dfc0735cca6b82988f,data/synthetic/seadronessee_30m_to_80m/geometry_only/train/train_00036895.png,data/synthetic/seadronessee_30m_to_80m/calibrated/train/train_00036895.png
train:37239,train:6617,train,37239,6617,6617.jpg,3840,2160,1,swimmer,1570.0,1156.0,37.0,37.0,1369.0,31.398468759524533,36.7,mavic,NorthSea_Fri_DJI_0114.MP4,5055,data/raw/seadronessee/odv2/images/train/6617.jpg,train,1631,773,359,2404,1990,train_00037239,80.0,640,0.3923973022685469,312.7406499080319,312.7406499080319,14.518700183936236,14.518700183936236,210.79265503103008,1.0,8fe6c319c145bfe6c41b4bd884be5417741d8218678ea8dfc0735cca6b82988f,data/synthetic/seadronessee_30m_to_80m/geometry_only/train/train_00037239.png,data/synthetic/seadronessee_30m_to_80m/calibrated/train/train_00037239.png
train:109922,train:16294,train,109922,16294,16294.jpg,3840,2160,2,boat,1851.0,1111.0,102.0,144.0,14688.0,29.89854190795489,23.1,m210,DJI_0010_d3.mov,705,data/raw/seadronessee/odv2/images/train/16294.jpg,train,1712,1046,327,2758,2039,train_00109922,80.0,640,0.3738317757009345,300.93457943925233,293.0841121495327,38.13084112149532,53.83177570093458,2052.650886540309,1.0,8fe6c319c145bfe6c41b4bd884be5417741d8218678ea8dfc0735cca6b82988f,data/synthetic/seadronessee_30m_to_80m/geometry_only/train/train_00109922.png,data/synthetic/seadronessee_30m_to_80m/calibrated/train/train_00109922.png
train:36635,train:6563,train,36635,6563,6563.jpg,3840,2160,5,buoy,1182.0,1069.0,54.0,80.0,4320.0,31.59845900640049,22.0,mavic,NorthSea_Fri_DJI_0114.MP4,4245,data/raw/seadronessee/odv2/images/train/6563.jpg,train,1620,399,299,2019,1919,train_00036635,80.0,640,0.3950617283950617,309.3333333333333,304.1975308641975,21.33333333333333,31.604938271604937,674.2386831275719,1.0,8fe6c319c145bfe6c41b4bd884be5417741d8218678ea8dfc0735cca6b82988f,data/synthetic/seadronessee_30m_to_80m/geometry_only/train/train_00036635.png,data/synthetic/seadronessee_30m_to_80m/calibrated/train/train_00036635.png
val:38223,val:6699,val,38223,6699,6699.jpg,3840,2160,1,swimmer,1722.0,959.0,21.0,20.0,420.0,31.59845900640049,26.7,mavic,NorthSea_Fri_DJI_0114.MP4,6285,data/raw/seadronessee/odv2/images/val/6699.jpg,train,1620,922,159,2542,1779,val_00038223,80.0,640,0.3950617283950617,316.04938271604937,316.04938271604937,8.296296296296296,7.901234567901234,65.55098308184728,1.0,8fe6c319c145bfe6c41b4bd884be5417741d8218678ea8dfc0735cca6b82988f,data/synthetic/seadronessee_30m_to_80m/geometry_only/train/val_00038223.png,data/synthetic/seadronessee_30m_to_80m/calibrated/train/val_00038223.png
train:110073,train:16308,train,110073,16308,16308.jpg,3840,2160,2,boat,1636.0,1082.0,135.0,148.0,19980.0,29.89854190795489,24.2,m210,DJI_0010_d3.mov,915,data/raw/seadronessee/odv2/images/train/16308.jpg,train,1712,848,300,2560,2012,train_00110073,80.0,640,0.3738317757009345,294.57943925233644,292.33644859813086,50.467289719626166,55.32710280373831,2792.2089265438026,1.0,8fe6c319c145bfe6c41b4bd884be5417741d8218678ea8dfc0735cca6b82988f,data/synthetic/seadronessee_30m_to_80m/geometry_only/train/train_00110073.png,data/synthetic/seadronessee_30m_to_80m/calibrated/train/train_00110073.png
val:24013,val:4907,val,24013,4907,4907.jpg,3840,2160,5,buoy,1434.0,799.0,79.0,101.0,7979.0,30.498512648582743,37.1,mavic,NorthSea_Fri_DJI_0112.MP4,6045,data/raw/seadronessee/odv2/images/val/4907.jpg,train,1679,634,10,2313,1689,val_00024013,80.0,640,0.3811792733770101,304.9434187016081,300.750446694461,30.1131625967838,38.49910661107803,1159.3298572103067,1.0,8fe6c319c145bfe6c41b4bd884be5417741d8218678ea8dfc0735cca6b82988f,data/synthetic/seadronessee_30m_to_80m/geometry_only/train/val_00024013.png,data/synthetic/seadronessee_30m_to_80m/calibrated/train/val_00024013.png
val:37630,val:6655,val,37630,6655,6655.jpg,3840,2160,1,swimmer,2194.0,1032.0,17.0,18.0,306.0,31.89844437671441,26.7,mavic,NorthSea_Fri_DJI_0114.MP4,5625,data/raw/seadronessee/odv2/images/val/6655.jpg,train,1605,1400,238,3005,1843,val_00037630,80.0,640,0.3987538940809969,316.61059190031153,316.61059190031153,6.778816199376947,7.177570093457944,48.655428421696215,1.0,8fe6c319c145bfe6c41b4bd884be5417741d8218678ea8dfc0735cca6b82988f,data/synthetic/seadronessee_30m_to_80m/geometry_only/train/val_00037630.png,data/synthetic/seadronessee_30m_to_80m/calibrated/train/val_00037630.png
train:110156,train:16316,train,110156,16316,16316.jpg,3840,2160,2,boat,1437.0,1130.0,161.0,145.0,23345.0,29.89854190795489,23.7,m210,DJI_0010_d3.mov,1035,data/raw/seadronessee/odv2/images/train/16316.jpg,train,1712,662,346,2374,2058,train_00110156,80.0,640,0.3738317757009345,289.7196261682243,293.0841121495327,60.18691588785047,54.20560747663552,3262.4683378461,1.0,8fe6c319c145bfe6c41b4bd884be5417741d8218678ea8dfc0735cca6b82988f,data/synthetic/seadronessee_30m_to_80m/geometry_only/train/train_00110156.png,data/synthetic/seadronessee_30m_to_80m/calibrated/train/train_00110156.png
val:37875,val:6673,val,37875,6673,6673.jpg,3840,2160,5,buoy,1000.0,795.0,52.0,71.0,3692.0,31.89844437671441,26.7,mavic,NorthSea_Fri_DJI_0114.MP4,5895,data/raw/seadronessee/odv2/images/val/6673.jpg,train,1605,224,28,1829,1633,val_00037875,80.0,640,0.3987538940809969,309.4330218068536,305.8442367601246,20.73520249221184,28.31152647975078,587.0452344212498,1.0,8fe6c319c145bfe6c41b4bd884be5417741d8218678ea8dfc0735cca6b82988f,data/synthetic/seadronessee_30m_to_80m/geometry_only/train/val_00037875.png,data/synthetic/seadronessee_30m_to_80m/calibrated/train/val_00037875.png
train:52264,train:8060,train,52264,8060,8060.jpg,3840,2160,1,swimmer,2715.0,834.0,36.0,28.0,1008.0,34.19833221578787,42.2,mavic,NorthSea_Fri_DJI_0117.MP4,1170,data/raw/seadronessee/odv2/images/train/8060.jpg,train,1497,1984,100,3481,1597,train_00052264,80.0,640,0.4275217100868403,312.5183700734803,313.80093520374083,15.390781563126254,11.97060788243153,184.237011096341,1.0,8fe6c319c145bfe6c41b4bd884be5417741d8218678ea8dfc0735cca6b82988f,data/synthetic/seadronessee_30m_to_80m/geometry_only/train/train_00052264.png,data/synthetic/seadronessee_30m_to_80m/calibrated/train/train_00052264.png
train:109797,train:16284,train,109797,16284,16284.jpg,3840,2160,2,boat,1941.0,1042.0,108.0,84.0,9072.0,29.89854190795489,21.5,m210,DJI_0010_d3.mov,555,data/raw/seadronessee/odv2/images/train/16284.jpg,train,1712,1139,228,2851,1940,train_00109797,80.0,640,0.3738317757009345,299.8130841121495,304.29906542056074,40.373831775700936,31.401869158878505,1267.8137828631322,1.0,8fe6c319c145bfe6c41b4bd884be5417741d8218678ea8dfc0735cca6b82988f,data/synthetic/seadronessee_30m_to_80m/geometry_only/train/train_00109797.png,data/synthetic/seadronessee_30m_to_80m/calibrated/train/train_00109797.png
train:37019,train:6595,train,37019,6595,6595.jpg,3840,2160,5,buoy,778.0,945.0,66.0,97.0,6402.0,31.79844925327644,29.4,mavic,NorthSea_Fri_DJI_0114.MP4,4725,data/raw/seadronessee/odv2/images/train/6595.jpg,train,1610,6,188,1616,1798,train_00037019,80.0,640,0.3975155279503105,306.88198757763973,300.91925465838506,26.236024844720497,38.55900621118012,1011.6350449442537,1.0,8fe6c319c145bfe6c41b4bd884be5417741d8218678ea8dfc0735cca6b82988f,data/synthetic/seadronessee_30m_to_80m/geometry_only/train/train_00037019.png,data/synthetic/seadronessee_30m_to_80m/calibrated/train/train_00037019.png
train:51503,train:7996,train,51503,7996,7996.jpg,3840,2160,1,swimmer,1284.0,885.0,49.0,40.0,1960.0,34.29832733922585,42.2,mavic,NorthSea_Fri_DJI_0117.MP4,210,data/raw/seadronessee/odv2/images/train/7996.jpg,train,1493,562,158,2055,1651,train_00051503,80.0,640,0.4286671131949096,309.4976557267247,311.64099129269925,21.004688546550568,17.14668452779638,360.1607681123205,1.0,8fe6c319c145bfe6c41b4bd884be5417741d8218678ea8dfc0735cca6b82988f,data/synthetic/seadronessee_30m_to_80m/geometry_only/train/train_00051503.png,data/synthetic/seadronessee_30m_to_80m/calibrated/train/train_00051503.png
train:110029,train:16304,train,110029,16304,16304.jpg,3840,2160,2,boat,1505.0,963.0,87.0,101.0,8787.0,29.998537031392868,24.1,m210,DJI_0010_d3.mov,855,data/raw/seadronessee/odv2/images/train/16304.jpg,train,1707,695,160,2402,1867,train_00110029,80.0,640,0.3749267721148213,303.69068541300527,301.0661980082015,32.618629173989454,37.86760398359696,1235.189332048435,1.0,8fe6c319c145bfe6c41b4bd884be5417741d8218678ea8dfc0735cca6b82988f,data/synthetic/seadronessee_30m_to_80m/geometry_only/train/train_00110029.png,data/synthetic/seadronessee_30m_to_80m/calibrated/train/train_00110029.png
train:36791,train:6575,train,36791,6575,6575.jpg,3840,2160,5,buoy,947.0,1169.0,58.0,86.0,4988.0,31.89844437671441,22.0,mavic,NorthSea_Fri_DJI_0114.MP4,4425,data/raw/seadronessee/odv2/images/train/6575.jpg,train,1605,174,410,1779,2015,train_00036791,80.0,640,0.3987538940809969,308.23676012461056,302.6542056074766,23.12772585669782,34.29283489096573,793.1152842072572,1.0,8fe6c319c145bfe6c41b4bd884be5417741d8218678ea8dfc0735cca6b82988f,data/synthetic/seadronessee_30m_to_80m/geometry_only/train/train_00036791.png,data/synthetic/seadronessee_30m_to_80m/calibrated/train/train_00036791.png
train:51381,train:7984,train,51381,7984,7984.jpg,3840,2160,1,swimmer,939.0,1019.0,48.0,55.0,2640.0,34.29832733922585,42.2,mavic,NorthSea_Fri_DJI_0117.MP4,30,data/raw/seadronessee/odv2/images/train/7984.jpg,train,1493,216,300,1709,1793,train_00051381,80.0,640,0.4286671131949096,309.92632283991964,308.21165438714,20.57602143335566,23.576691225720023,485.1145039880236,1.0,8fe6c319c145bfe6c41b4bd884be5417741d8218678ea8dfc0735cca6b82988f,data/synthetic/seadronessee_30m_to_80m/geometry_only/train/train_00051381.png,data/synthetic/seadronessee_30m_to_80m/calibrated/train/train_00051381.png
train:110227,train:16326,train,110227,16326,16326.jpg,3840,2160,2,boat,903.0,1065.0,107.0,102.0,10914.0,30.09853215483084,23.6,m210,DJI_0010_d3.mov,1185,data/raw/seadronessee/odv2/images/train/16326.jpg,train,1701,106,266,1807,1967,train_00110227,80.0,640,0.376249265138154,299.8706643151088,300.6231628453851,40.25867136978248,38.37742504409172,1545.0241428685483,1.0,8fe6c319c145bfe6c41b4bd884be5417741d8218678ea8dfc0735cca6b82988f,data/synthetic/seadronessee_30m_to_80m/geometry_only/train/train_00110227.png,data/synthetic/seadronessee_30m_to_80m/calibrated/train/train_00110227.png
train:36958,train:6589,train,36958,6589,6589.jpg,3840,2160,5,buoy,833.0,886.0,65.0,94.0,6110.0,31.89844437671441,29.4,mavic,NorthSea_Fri_DJI_0114.MP4,4635,data/raw/seadronessee/odv2/images/train/6589.jpg,train,1605,63,130,1668,1735,train_00036958,80.0,640,0.3987538940809969,307.0404984423676,301.4579439252336,25.9190031152648,37.4828660436137,971.5185217534766,1.0,8fe6c319c145bfe6c41b4bd884be5417741d8218678ea8dfc0735cca6b82988f,data/synthetic/seadronessee_30m_to_80m/geometry_only/train/train_00036958.png,data/synthetic/seadronessee_30m_to_80m/calibrated/train/train_00036958.png
train:37223,train:6615,train,37223,6615,6615.jpg,3840,2160,1,swimmer,1662.0,1269.0,35.0,33.0,1155.0,31.498463882962508,36.7,mavic,NorthSea_Fri_DJI_0114.MP4,5025,data/raw/seadronessee/odv2/images/train/6615.jpg,train,1625,867,473,2492,2098,train_00037223,80.0,640,0.3938461538461538,313.10769230769233,313.5015384615385,13.784615384615384,12.996923076923077,179.15758579881657,1.0,8fe6c319c145bfe6c41b4bd884be5417741d8218678ea8dfc0735cca6b82988f,data/synthetic/seadronessee_30m_to_80m/geometry_only/train/train_00037223.png,data/synthetic/seadronessee_30m_to_80m/calibrated/train/train_00037223.png
train:110414,train:16352,train,110414,16352,16352.jpg,3840,2160,2,boat,903.0,1197.0,231.0,184.0,42504.0,29.798546784516912,27.6,m210,DJI_0010_d3.mov,1575,data/raw/seadronessee/odv2/images/train/16352.jpg,train,1718,160,430,1878,2148,train_00110414,80.0,640,0.3725261932479627,276.78696158323635,285.7275902211874,86.0535506402794,68.54481955762515,5898.5251009309095,1.0,8fe6c319c145bfe6c41b4bd884be5417741d8218678ea8dfc0735cca6b82988f,data/synthetic/seadronessee_30m_to_80m/geometry_only/train/train_00110414.png,data/synthetic/seadronessee_30m_to_80m/calibrated/train/train_00110414.png
train:36938,train:6587,train,36938,6587,6587.jpg,3840,2160,5,buoy,857.0,865.0,61.0,96.0,5856.0,31.79844925327644,30.5,mavic,NorthSea_Fri_DJI_0114.MP4,4605,data/raw/seadronessee/odv2/images/train/6587.jpg,train,1610,82,108,1692,1718,train_00036938,80.0,640,0.3975155279503105,308.07453416149065,300.91925465838506,24.248447204968944,38.161490683229815,925.3568920952124,1.0,8fe6c319c145bfe6c41b4bd884be5417741d8218678ea8dfc0735cca6b82988f,data/synthetic/seadronessee_30m_to_80m/geometry_only/train/train_00036938.png,data/synthetic/seadronessee_30m_to_80m/calibrated/train/train_00036938.png
train:36880,train:6581,train,36880,6581,6581.jpg,3840,2160,1,swimmer,1956.0,1061.0,46.0,23.0,1058.0,31.79844925327644,22.0,mavic,NorthSea_Fri_DJI_0114.MP4,4515,data/raw/seadronessee/odv2/images/train/6581.jpg,train,1610,1174,268,2784,1878,train_00036880,80.0,640,0.3975155279503105,310.85714285714283,315.22981366459624,18.285714285714285,9.142857142857142,167.18367346938774,1.0,8fe6c319c145bfe6c41b4bd884be5417741d8218678ea8dfc0735cca6b82988f,data/synthetic/seadronessee_30m_to_80m/geometry_only/train/train_00036880.png,data/synthetic/seadronessee_30m_to_80m/calibrated/train/train_00036880.png
train:37402,train:6635,train,37402,6635,6635.jpg,3840,2160,2,boat,1730.0,981.0,260.0,131.0,34060.0,31.59845900640049,26.7,mavic,NorthSea_Fri_DJI_0114.MP4,5325,data/raw/seadronessee/odv2/images/train/6635.jpg,train,1620,1050,236,2670,1856,train_00037402,80.0,640,0.3950617283950617,268.641975308642,294.32098765432096,102.71604938271604,51.75308641975308,5315.872580399329,1.0,8fe6c319c145bfe6c41b4bd884be5417741d8218678ea8dfc0735cca6b82988f,data/synthetic/seadronessee_30m_to_80m/geometry_only/train/train_00037402.png,data/synthetic/seadronessee_30m_to_80m/calibrated/train/train_00037402.png
val:23901,val:4879,val,23901,4879,4879.jpg,3840,2160,5,buoy,1438.0,982.0,96.0,125.0,12000.0,30.39851752514477,56.0,mavic,NorthSea_Fri_DJI_0112.MP4,5625,data/raw/seadronessee/odv2/images/val/4879.jpg,train,1684,644,202,2328,1886,val_00023901,80.0,640,0.3800475059382422,301.7577197149644,296.43705463182897,36.48456057007126,47.50593824228029,1733.2332812385398,1.0,8fe6c319c145bfe6c41b4bd884be5417741d8218678ea8dfc0735cca6b82988f,data/synthetic/seadronessee_30m_to_80m/geometry_only/train/val_00023901.png,data/synthetic/seadronessee_30m_to_80m/calibrated/train/val_00023901.png
val:37733,val:6663,val,37733,6663,6663.jpg,3840,2160,1,swimmer,1838.0,922.0,31.0,20.0,620.0,31.698454129838463,26.7,mavic,NorthSea_Fri_DJI_0114.MP4,5745,data/raw/seadronessee/odv2/images/val/6663.jpg,train,1615,1046,124,2661,1739,val_00037733,80.0,640,0.3962848297213622,313.8575851393189,316.2352941176471,12.28482972136223,7.925696594427245,97.36583308571925,1.0,8fe6c319c145bfe6c41b4bd884be5417741d8218678ea8dfc0735cca6b82988f,data/synthetic/seadronessee_30m_to_80m/geometry_only/train/val_00037733.png,data/synthetic/seadronessee_30m_to_80m/calibrated/train/val_00037733.png
val:37651,val:6657,val,37651,6657,6657.jpg,3840,2160,2,boat,1604.0,798.0,231.0,110.0,25410.0,31.89844437671441,26.7,mavic,NorthSea_Fri_DJI_0114.MP4,5655,data/raw/seadronessee/odv2/images/val/6657.jpg,train,1605,917,50,2522,1655,val_00037651,80.0,640,0.3987538940809969,273.94392523364485,298.26791277258565,92.11214953271028,43.862928348909655,4040.3086150173226,1.0,8fe6c319c145bfe6c41b4bd884be5417741d8218678ea8dfc0735cca6b82988f,data/synthetic/seadronessee_30m_to_80m/geometry_only/train/val_00037651.png,data/synthetic/seadronessee_30m_to_80m/calibrated/train/val_00037651.png
val:24005,val:4905,val,24005,4905,4905.jpg,3840,2160,5,buoy,1718.0,787.0,77.0,108.0,8316.0,30.598507772020724,37.1,mavic,NorthSea_Fri_DJI_0112.MP4,6015,data/raw/seadronessee/odv2/images/val/4905.jpg,train,1673,920,4,2593,1677,val_00024005,80.0,640,0.3825463239689181,305.2719665271967,299.5337716676629,29.456066945606697,41.31500298864316,1216.9774938914136,1.0,8fe6c319c145bfe6c41b4bd884be5417741d8218678ea8dfc0735cca6b82988f,data/synthetic/seadronessee_30m_to_80m/geometry_only/train/val_00024005.png,data/synthetic/seadronessee_30m_to_80m/calibrated/train/val_00024005.png
train:36771,train:6573,train,36771,6573,6573.jpg,3840,2160,1,swimmer,2207.0,1179.0,38.0,24.0,912.0,31.89844437671441,22.0,mavic,NorthSea_Fri_DJI_0114.MP4,4395,data/raw/seadronessee/odv2/images/train/6573.jpg,train,1605,1424,388,3029,1993,train_00036771,80.0,640,0.3987538940809969,312.2242990654205,315.4143302180685,15.152647975077882,9.570093457943925,145.01225725682008,1.0,8fe6c319c145bfe6c41b4bd884be5417741d8218678ea8dfc0735cca6b82988f,data/synthetic/seadronessee_30m_to_80m/geometry_only/train/train_00036771.png,data/synthetic/seadronessee_30m_to_80m/calibrated/train/train_00036771.png
train:109775,train:16282,train,109775,16282,16282.jpg,3840,2160,2,boat,2018.0,1156.0,124.0,127.0,15748.0,29.89854190795489,21.3,m210,DJI_0010_d3.mov,525,data/raw/seadronessee/odv2/images/train/16282.jpg,train,1712,1224,364,2936,2076,train_00109775,80.0,640,0.3738317757009345,296.822429906542,296.0747663551402,46.35514018691589,47.47663551401869,2200.7860948554458,1.0,8fe6c319c145bfe6c41b4bd884be5417741d8218678ea8dfc0735cca6b82988f,data/synthetic/seadronessee_30m_to_80m/geometry_only/train/train_00109775.png,data/synthetic/seadronessee_30m_to_80m/calibrated/train/train_00109775.png
train:36687,train:6567,train,36687,6567,6567.jpg,3840,2160,5,buoy,1108.0,1157.0,58.0,85.0,4930.0,31.698454129838463,22.0,mavic,NorthSea_Fri_DJI_0114.MP4,4305,data/raw/seadronessee/odv2/images/train/6567.jpg,train,1615,330,392,1945,2007,train_00036687,80.0,640,0.3962848297213622,308.30959752321985,303.15789473684214,22.98452012383901,33.684210526315795,774.2154146977352,1.0,8fe6c319c145bfe6c41b4bd884be5417741d8218678ea8dfc0735cca6b82988f,data/synthetic/seadronessee_30m_to_80m/geometry_only/train/train_00036687.png,data/synthetic/seadronessee_30m_to_80m/calibrated/train/train_00036687.png
val:37870,val:6673,val,37870,6673,6673.jpg,3840,2160,1,swimmer,2035.0,830.0,27.0,21.0,567.0,31.89844437671441,26.7,mavic,NorthSea_Fri_DJI_0114.MP4,5895,data/raw/seadronessee/odv2/images/val/6673.jpg,train,1605,1246,38,2851,1643,val_00037870,80.0,640,0.3987538940809969,314.6168224299065,315.8130841121495,10.766355140186915,8.373831775700934,90.15564678137828,1.0,8fe6c319c145bfe6c41b4bd884be5417741d8218678ea8dfc0735cca6b82988f,data/synthetic/seadronessee_30m_to_80m/geometry_only/train/val_00037870.png,data/synthetic/seadronessee_30m_to_80m/calibrated/train/val_00037870.png
train:110398,train:16350,train,110398,16350,16350.jpg,3840,2160,2,boat,953.0,1200.0,220.0,178.0,39160.0,29.798546784516912,26.4,m210,DJI_0010_d3.mov,1545,data/raw/seadronessee/odv2/images/train/16350.jpg,train,1718,204,430,1922,2148,train_00110398,80.0,640,0.3725261932479627,279.0221187427241,286.84516880093133,81.95576251455181,66.30966239813738,5434.458943921853,1.0,8fe6c319c145bfe6c41b4bd884be5417741d8218678ea8dfc0735cca6b82988f,data/synthetic/seadronessee_30m_to_80m/geometry_only/train/train_00110398.png,data/synthetic/seadronessee_30m_to_80m/calibrated/train/train_00110398.png
val:23925,val:4885,val,23925,4885,4885.jpg,3840,2160,5,buoy,1481.0,1115.0,91.0,108.0,9828.0,30.39851752514477,37.1,mavic,NorthSea_Fri_DJI_0112.MP4,5715,data/raw/seadronessee/odv2/images/val/4885.jpg,train,1684,684,327,2368,2011,val_00023925,80.0,640,0.3800475059382422,302.89786223277906,299.4774346793349,34.58432304038005,41.04513064133017,1419.518057334364,1.0,8fe6c319c145bfe6c41b4bd884be5417741d8218678ea8dfc0735cca6b82988f,data/synthetic/seadronessee_30m_to_80m/geometry_only/train/val_00023925.png,data/synthetic/seadronessee_30m_to_80m/calibrated/train/val_00023925.png
train:37185,train:6611,train,37185,6611,6611.jpg,3840,2160,1,swimmer,1632.0,808.0,80.0,52.0,4160.0,31.698454129838463,36.7,mavic,NorthSea_Fri_DJI_0114.MP4,4965,data/raw/seadronessee/odv2/images/train/6611.jpg,train,1615,864,26,2479,1641,train_00037185,80.0,640,0.3962848297213622,304.3467492260062,309.89473684210526,31.702786377708986,20.60681114551084,653.2933316719226,1.0,8fe6c319c145bfe6c41b4bd884be5417741d8218678ea8dfc0735cca6b82988f,data/synthetic/seadronessee_30m_to_80m/geometry_only/train/train_00037185.png,data/synthetic/seadronessee_30m_to_80m/calibrated/train/train_00037185.png
train:110300,train:16336,train,110300,16336,16336.jpg,3840,2160,2,boat,1088.0,1208.0,169.0,105.0,17745.0,30.09853215483084,23.6,m210,DJI_0010_d3.mov,1335,data/raw/seadronessee/odv2/images/train/16336.jpg,train,1701,322,410,2023,2111,train_00110300,80.0,640,0.376249265138154,288.206937095826,300.24691358024694,63.58612580834804,39.50617283950618,2512.044476379182,1.0,8fe6c319c145bfe6c41b4bd884be5417741d8218678ea8dfc0735cca6b82988f,data/synthetic/seadronessee_30m_to_80m/geometry_only/train/train_00110300.png,data/synthetic/seadronessee_30m_to_80m/calibrated/train/train_00110300.png
val:23965,val:4895,val,23965,4895,4895.jpg,3840,2160,5,buoy,1602.0,788.0,77.0,103.0,7931.0,30.498512648582743,37.1,mavic,NorthSea_Fri_DJI_0112.MP4,5865,data/raw/seadronessee/odv2/images/val/4895.jpg,train,1679,801,0,2480,1679,val_00023965,80.0,640,0.3811792733770101,305.3245979749851,300.369267421084,29.35080405002978,39.26146515783204,1152.3555705645997,1.0,8fe6c319c145bfe6c41b4bd884be5417741d8218678ea8dfc0735cca6b82988f,data/synthetic/seadronessee_30m_to_80m/geometry_only/train/val_00023965.png,data/synthetic/seadronessee_30m_to_80m/calibrated/train/val_00023965.png
train:51356,train:7982,train,51356,7982,7982.jpg,3840,2160,1,swimmer,1296.0,772.0,69.0,47.0,3243.0,34.29832733922585,42.2,mavic,NorthSea_Fri_DJI_0117.MP4,0,data/raw/seadronessee/odv2/images/train/7982.jpg,train,1493,584,49,2077,1542,train_00051356,80.0,640,0.4286671131949096,305.2109845947756,309.92632283991964,29.57803081044876,20.14735432016075,595.9190668307426,1.0,8fe6c319c145bfe6c41b4bd884be5417741d8218678ea8dfc0735cca6b82988f,data/synthetic/seadronessee_30m_to_80m/geometry_only/train/train_00051356.png,data/synthetic/seadronessee_30m_to_80m/calibrated/train/train_00051356.png
val:37602,val:6653,val,37602,6653,6653.jpg,3840,2160,2,boat,1475.0,804.0,229.0,108.0,24732.0,31.89844437671441,26.7,mavic,NorthSea_Fri_DJI_0114.MP4,5595,data/raw/seadronessee/odv2/images/val/6653.jpg,train,1605,787,56,2392,1661,val_00037602,80.0,640,0.3987538940809969,274.34267912772583,298.26791277258565,91.31464174454828,43.06542056074766,3932.503450082976,1.0,8fe6c319c145bfe6c41b4bd884be5417741d8218678ea8dfc0735cca6b82988f,data/synthetic/seadronessee_30m_to_80m/geometry_only/train/val_00037602.png,data/synthetic/seadronessee_30m_to_80m/calibrated/train/val_00037602.png
train:36817,train:6577,train,36817,6577,6577.jpg,3840,2160,5,buoy,956.0,1161.0,58.0,88.0,5104.0,31.79844925327644,22.0,mavic,NorthSea_Fri_DJI_0114.MP4,4455,data/raw/seadronessee/odv2/images/train/6577.jpg,train,1610,180,400,1790,2010,train_00036817,80.0,640,0.3975155279503105,308.4720496894409,302.5093167701864,23.05590062111801,34.981366459627324,806.5269086840783,1.0,8fe6c319c145bfe6c41b4bd884be5417741d8218678ea8dfc0735cca6b82988f,data/synthetic/seadronessee_30m_to_80m/geometry_only/train/train_00036817.png,data/synthetic/seadronessee_30m_to_80m/calibrated/train/train_00036817.png
train:37122,train:6605,train,37122,6605,6605.jpg,3840,2160,1,swimmer,1964.0,1050.0,29.0,21.0,609.0,31.79844925327644,29.4,mavic,NorthSea_Fri_DJI_0114.MP4,4875,data/raw/seadronessee/odv2/images/train/6605.jpg,train,1610,1174,256,2784,1866,train_00037122,80.0,640,0.3975155279503105,314.0372670807453,315.62732919254654,11.527950310559005,8.347826086956522,96.233324331623,1.0,8fe6c319c145bfe6c41b4bd884be5417741d8218678ea8dfc0735cca6b82988f,data/synthetic/seadronessee_30m_to_80m/geometry_only/train/train_00037122.png,data/synthetic/seadronessee_30m_to_80m/calibrated/train/train_00037122.png
train:109613,train:16270,train,109613,16270,16270.jpg,3840,2160,2,boat,2120.0,902.0,182.0,45.0,8190.0,30.19852727826882,-7.5,m210,DJI_0010_d3.mov,345,data/raw/seadronessee/odv2/images/train/16270.jpg,train,1695,1364,77,3059,1772,train_00109613,80.0,640,0.3775811209439528,285.4513274336283,311.50442477876106,68.71976401179941,16.991150442477874,1167.6278486960607,1.0,8fe6c319c145bfe6c41b4bd884be5417741d8218678ea8dfc0735cca6b82988f,data/synthetic/seadronessee_30m_to_80m/geometry_only/train/train_00109613.png,data/synthetic/seadronessee_30m_to_80m/calibrated/train/train_00109613.png
train:36998,train:6593,train,36998,6593,6593.jpg,3840,2160,5,buoy,788.0,951.0,66.0,97.0,6402.0,31.79844925327644,29.4,mavic,NorthSea_Fri_DJI_0114.MP4,4695,data/raw/seadronessee/odv2/images/train/6593.jpg,train,1610,16,194,1626,1804,train_00036998,80.0,640,0.3975155279503105,306.88198757763973,300.91925465838506,26.236024844720497,38.55900621118012,1011.6350449442537,1.0,8fe6c319c145bfe6c41b4bd884be5417741d8218678ea8dfc0735cca6b82988f,data/synthetic/seadronessee_30m_to_80m/geometry_only/train/train_00036998.png,data/synthetic/seadronessee_30m_to_80m/calibrated/train/train_00036998.png
train:81974,train:12334,train,81974,12334,12334.jpg,3840,2160,1,swimmer,2105.0,1012.0,96.0,58.0,5568.0,32.3984199939043,38.4,mavic,NorthSea_Thu_DJI_0107.MP4,2115,data/raw/seadronessee/odv2/images/train/12334.jpg,train,1580,1363,251,2943,1831,train_00081974,80.0,640,0.4050632911392405,300.55696202531647,308.253164556962,38.88607594936709,23.49367088607595,913.5766704053838,1.0,8fe6c319c145bfe6c41b4bd884be5417741d8218678ea8dfc0735cca6b82988f,data/synthetic/seadronessee_30m_to_80m/geometry_only/train/train_00081974.png,data/synthetic/seadronessee_30m_to_80m/calibrated/train/train_00081974.png
train:110136,train:16314,train,110136,16314,16314.jpg,3840,2160,2,boat,1265.0,1025.0,107.0,106.0,11342.0,29.998537031392868,24.0,m210,DJI_0010_d3.mov,1005,data/raw/seadronessee/odv2/images/train/16314.jpg,train,1707,465,224,2172,1931,train_00110136,80.0,640,0.3749267721148213,299.94141769185705,300.3163444639719,40.11716461628588,39.742237844171065,1594.345897814197,1.0,8fe6c319c145bfe6c41b4bd884be5417741d8218678ea8dfc0735cca6b82988f,data/synthetic/seadronessee_30m_to_80m/geometry_only/train/train_00110136.png,data/synthetic/seadronessee_30m_to_80m/calibrated/train/train_00110136.png
train:36609,train:6561,train,36609,6561,6561.jpg,3840,2160,5,buoy,1234.0,1010.0,51.0,76.0,3876.0,31.79844925327644,22.0,mavic,NorthSea_Fri_DJI_0114.MP4,4215,data/raw/seadronessee/odv2/images/train/6561.jpg,train,1610,454,243,2064,1853,train_00036609,80.0,640,0.3975155279503105,310.0621118012422,304.89440993788816,20.27329192546584,30.2111801242236,612.4800740712163,1.0,8fe6c319c145bfe6c41b4bd884be5417741d8218678ea8dfc0735cca6b82988f,data/synthetic/seadronessee_30m_to_80m/geometry_only/train/train_00036609.png,data/synthetic/seadronessee_30m_to_80m/calibrated/train/train_00036609.png
train:72067,train:10392,train,72067,10392,10392.jpg,3840,2160,1,swimmer,2547.0,1032.0,26.0,32.0,832.0,26.69869795793965,49.8,mavic,NorthSea_Sat_DJI_0126.MP4,5655,data/raw/seadronessee/odv2/images/train/10392.jpg,train,1918,1601,89,3519,2007,train_00072067,80.0,640,0.3336809176225234,315.6621480709072,314.66110531803963,8.67570385818561,10.67778936392075,92.63733838146052,1.0,8fe6c319c145bfe6c41b4bd884be5417741d8218678ea8dfc0735cca6b82988f,data/synthetic/seadronessee_30m_to_80m/geometry_only/train/train_00072067.png,data/synthetic/seadronessee_30m_to_80m/calibrated/train/train_00072067.png
train:107698,train:16034,train,107698,16034,16034.jpg,3840,2160,2,boat,1833.0,888.0,277.0,125.0,34625.0,29.69855166107894,17.0,m210,DJI_0003.mov,150,data/raw/seadronessee/odv2/images/train/16034.jpg,train,1724,1110,88,2834,1812,train_00107698,80.0,640,0.37122969837587,268.3990719257541,296.98375870069606,102.830626450116,46.40371229698376,4771.722805109791,1.0,8fe6c319c145bfe6c41b4bd884be5417741d8218678ea8dfc0735cca6b82988f,data/synthetic/seadronessee_30m_to_80m/geometry_only/train/train_00107698.png,data/synthetic/seadronessee_30m_to_80m/calibrated/train/train_00107698.png
train:36713,train:6569,train,36713,6569,6569.jpg,3840,2160,5,buoy,961.0,1169.0,58.0,86.0,4988.0,31.89844437671441,22.0,mavic,NorthSea_Fri_DJI_0114.MP4,4335,data/raw/seadronessee/odv2/images/train/6569.jpg,train,1605,188,410,1793,2015,train_00036713,80.0,640,0.3987538940809969,308.23676012461056,302.6542056074766,23.12772585669782,34.29283489096573,793.1152842072572,1.0,8fe6c319c145bfe6c41b4bd884be5417741d8218678ea8dfc0735cca6b82988f,data/synthetic/seadronessee_30m_to_80m/geometry_only/train/train_00036713.png,data/synthetic/seadronessee_30m_to_80m/calibrated/train/train_00036713.png
val:72423,val:10418,val,72423,10418,10418.jpg,3840,2160,1,swimmer,2717.0,923.0,51.0,58.0,2958.0,34.4983175861018,54.6,mavic,NorthSea_Sat_DJI_0126.MP4,6045,data/raw/seadronessee/odv2/images/val/10418.jpg,train,1484,2000,210,3484,1694,val_00072423,80.0,640,0.431266846361186,309.21832884097034,307.4932614555256,21.994609164420485,25.01347708894879,550.1616524146149,1.0,8fe6c319c145bfe6c41b4bd884be5417741d8218678ea8dfc0735cca6b82988f,data/synthetic/seadronessee_30m_to_80m/geometry_only/train/val_00072423.png,data/synthetic/seadronessee_30m_to_80m/calibrated/train/val_00072423.png
train:110172,train:16318,train,110172,16318,16318.jpg,3840,2160,2,boat,1317.0,1140.0,162.0,145.0,23490.0,29.998537031392868,23.7,m210,DJI_0010_d3.mov,1065,data/raw/seadronessee/odv2/images/train/16318.jpg,train,1707,544,359,2251,2066,train_00110172,80.0,640,0.3749267721148213,289.8183948447569,292.8178090216755,60.73813708260106,54.3643819566491,3301.9912836938365,1.0,8fe6c319c145bfe6c41b4bd884be5417741d8218678ea8dfc0735cca6b82988f,data/synthetic/seadronessee_30m_to_80m/geometry_only/train/train_00110172.png,data/synthetic/seadronessee_30m_to_80m/calibrated/train/train_00110172.png
train:36869,train:6581,train,36869,6581,6581.jpg,3840,2160,5,buoy,963.0,1170.0,58.0,85.0,4930.0,31.79844925327644,22.0,mavic,NorthSea_Fri_DJI_0114.MP4,4515,data/raw/seadronessee/odv2/images/train/6581.jpg,train,1610,187,408,1797,2018,train_00036869,80.0,640,0.3975155279503105,308.4720496894409,302.90683229813664,23.05590062111801,33.7888198757764,779.0316731607576,1.0,8fe6c319c145bfe6c41b4bd884be5417741d8218678ea8dfc0735cca6b82988f,data/synthetic/seadronessee_30m_to_80m/geometry_only/train/train_00036869.png,data/synthetic/seadronessee_30m_to_80m/calibrated/train/train_00036869.png
train:36640,train:6563,train,36640,6563,6563.jpg,3840,2160,1,swimmer,2167.0,1020.0,29.0,27.0,783.0,31.59845900640049,22.0,mavic,NorthSea_Fri_DJI_0114.MP4,4245,data/raw/seadronessee/odv2/images/train/6563.jpg,train,1620,1372,224,2992,1844,train_00036640,80.0,640,0.3950617283950617,314.0740740740741,314.4691358024691,11.45679012345679,10.666666666666666,122.2057613168724,1.0,8fe6c319c145bfe6c41b4bd884be5417741d8218678ea8dfc0735cca6b82988f,data/synthetic/seadronessee_30m_to_80m/geometry_only/train/train_00036640.png,data/synthetic/seadronessee_30m_to_80m/calibrated/train/train_00036640.png
val:37533,val:6647,val,37533,6647,6647.jpg,3840,2160,2,boat,1352.0,772.0,225.0,106.0,23850.0,31.89844437671441,26.7,mavic,NorthSea_Fri_DJI_0114.MP4,5505,data/raw/seadronessee/odv2/images/val/6647.jpg,train,1605,662,22,2267,1627,val_00037533,80.0,640,0.3987538940809969,275.14018691588785,299.06542056074767,89.7196261682243,42.26791277258567,3792.261332867499,1.0,8fe6c319c145bfe6c41b4bd884be5417741d8218678ea8dfc0735cca6b82988f,data/synthetic/seadronessee_30m_to_80m/geometry_only/train/val_00037533.png,data/synthetic/seadronessee_30m_to_80m/calibrated/train/val_00037533.png
train:52741,train:8108,train,52741,8108,8108.jpg,3840,2160,5,buoy,879.0,1374.0,17.0,18.0,306.0,34.19833221578787,42.2,mavic,NorthSea_Fri_DJI_0117.MP4,1905,data/raw/seadronessee/odv2/images/train/8108.jpg,train,1497,139,634,1636,2131,train_00052741,80.0,640,0.4275217100868403,316.36606546426185,316.36606546426185,7.267869071476286,7.695390781563127,55.929092654246375,1.0,8fe6c319c145bfe6c41b4bd884be5417741d8218678ea8dfc0735cca6b82988f,data/synthetic/seadronessee_30m_to_80m/geometry_only/train/train_00052741.png,data/synthetic/seadronessee_30m_to_80m/calibrated/train/train_00052741.png
train:51728,train:8016,train,51728,8016,8016.jpg,3840,2160,1,swimmer,1647.0,742.0,66.0,41.0,2706.0,34.4983175861018,42.2,mavic,NorthSea_Fri_DJI_0117.MP4,510,data/raw/seadronessee/odv2/images/train/8016.jpg,train,1484,938,20,2422,1504,train_00051728,80.0,640,0.431266846361186,305.7681940700809,311.3746630727763,28.46361185983828,17.681940700808628,503.2918970364936,1.0,8fe6c319c145bfe6c41b4bd884be5417741d8218678ea8dfc0735cca6b82988f,data/synthetic/seadronessee_30m_to_80m/geometry_only/train/train_00051728.png,data/synthetic/seadronessee_30m_to_80m/calibrated/train/train_00051728.png
val:37703,val:6661,val,37703,6661,6661.jpg,3840,2160,2,boat,1304.0,819.0,243.0,106.0,25758.0,31.59845900640049,26.7,mavic,NorthSea_Fri_DJI_0114.MP4,5715,data/raw/seadronessee/odv2/images/val/6661.jpg,train,1620,616,62,2236,1682,val_00037703,80.0,640,0.3950617283950617,271.8024691358024,299.0617283950617,96.0,41.876543209876544,4020.148148148148,1.0,8fe6c319c145bfe6c41b4bd884be5417741d8218678ea8dfc0735cca6b82988f,data/synthetic/seadronessee_30m_to_80m/geometry_only/train/val_00037703.png,data/synthetic/seadronessee_30m_to_80m/calibrated/train/val_00037703.png
train:52757,train:8110,train,52757,8110,8110.jpg,3840,2160,5,buoy,882.0,1146.0,17.0,18.0,306.0,34.29832733922585,56.2,mavic,NorthSea_Fri_DJI_0117.MP4,1935,data/raw/seadronessee/odv2/images/train/8110.jpg,train,1493,144,408,1637,1901,train_00052757,80.0,640,0.4286671131949096,316.3563295378433,316.3563295378433,7.287340924313463,7.716008037508372,56.22918114406637,1.0,8fe6c319c145bfe6c41b4bd884be5417741d8218678ea8dfc0735cca6b82988f,data/synthetic/seadronessee_30m_to_80m/geometry_only/train/train_00052757.png,data/synthetic/seadronessee_30m_to_80m/calibrated/train/train_00052757.png
train:81966,train:12330,train,81966,12330,12330.jpg,3840,2160,1,swimmer,2067.0,1326.0,43.0,34.0,1462.0,32.59841024078025,11.8,mavic,NorthSea_Thu_DJI_0107.MP4,2055,data/raw/seadronessee/odv2/images/train/12330.jpg,train,1571,1303,558,2874,2129,train_00081966,80.0,640,0.4073838319541693,311.2412476129854,312.87078294080203,17.51750477402928,13.851050286441756,242.6358395180631,1.0,8fe6c319c145bfe6c41b4bd884be5417741d8218678ea8dfc0735cca6b82988f,data/synthetic/seadronessee_30m_to_80m/geometry_only/train/train_00081966.png,data/synthetic/seadronessee_30m_to_80m/calibrated/train/train_00081966.png
train:107751,train:16055,train,107751,16055,16055.jpg,3840,2160,2,boat,2203.0,845.0,462.0,623.0,287826.0,30.19852727826882,65.7,m210,DJI_0003.mov,510,data/raw/seadronessee/odv2/images/train/16055.jpg,train,1695,1586,309,3281,2004,train_00107751,80.0,640,0.3775811209439528,232.96755162241888,202.3834808259587,174.44247787610618,235.2330383480826,41034.63408776464,1.0,8fe6c319c145bfe6c41b4bd884be5417741d8218678ea8dfc0735cca6b82988f,data/synthetic/seadronessee_30m_to_80m/geometry_only/train/train_00107751.png,data/synthetic/seadronessee_30m_to_80m/calibrated/train/train_00107751.png
val:72774,val:10450,val,72774,10450,10450.jpg,3840,2160,1,swimmer,2665.0,829.0,54.0,35.0,1890.0,33.69835659859799,54.6,mavic,NorthSea_Sat_DJI_0126.MP4,6525,data/raw/seadronessee/odv2/images/val/10450.jpg,train,1519,1932,87,3451,1606,val_00072774,80.0,640,0.4213298222514812,308.83475971033573,312.62672811059906,22.751810401579988,14.746543778801843,335.51056813389846,1.0,8fe6c319c145bfe6c41b4bd884be5417741d8218678ea8dfc0735cca6b82988f,data/synthetic/seadronessee_30m_to_80m/geometry_only/train/val_00072774.png,data/synthetic/seadronessee_30m_to_80m/calibrated/train/val_00072774.png
train:110052,train:16306,train,110052,16306,16306.jpg,3840,2160,2,boat,2767.0,846.0,195.0,54.0,10530.0,29.998537031392868,24.2,m210,DJI_0010_d3.mov,885,data/raw/seadronessee/odv2/images/train/16306.jpg,train,1707,2011,20,3718,1727,train_00110052,80.0,640,0.3749267721148213,283.4446397188049,309.6895137668424,73.11072056239016,20.24604569420035,1480.2029892420644,1.0,8fe6c319c145bfe6c41b4bd884be5417741d8218678ea8dfc0735cca6b82988f,data/synthetic/seadronessee_30m_to_80m/geometry_only/train/train_00110052.png,data/synthetic/seadronessee_30m_to_80m/calibrated/train/train_00110052.png
train:36803,train:6575,train,36803,6575,6575.jpg,3840,2160,1,swimmer,1969.0,1077.0,49.0,23.0,1127.0,31.89844437671441,22.0,mavic,NorthSea_Fri_DJI_0114.MP4,4425,data/raw/seadronessee/odv2/images/train/6575.jpg,train,1605,1191,286,2796,1891,train_00036803,80.0,640,0.3987538940809969,310.2305295950156,315.4143302180685,19.53894080996885,9.171339563862928,179.19826088644322,1.0,8fe6c319c145bfe6c41b4bd884be5417741d8218678ea8dfc0735cca6b82988f,data/synthetic/seadronessee_30m_to_80m/geometry_only/train/train_00036803.png,data/synthetic/seadronessee_30m_to_80m/calibrated/train/train_00036803.png
train:110384,train:16348,train,110384,16348,16348.jpg,3840,2160,2,boat,993.0,1200.0,211.0,168.0,35448.0,29.89854190795489,25.8,m210,DJI_0010_d3.mov,1515,data/raw/seadronessee/odv2/images/train/16348.jpg,train,1712,242,428,1954,2140,train_00110384,80.0,640,0.3738317757009345,280.74766355140184,288.5981308411215,78.8785046728972,62.80373831775701,4953.864966372609,1.0,8fe6c319c145bfe6c41b4bd884be5417741d8218678ea8dfc0735cca6b82988f,data/synthetic/seadronessee_30m_to_80m/geometry_only/train/train_00110384.png,data/synthetic/seadronessee_30m_to_80m/calibrated/train/train_00110384.png
train:51904,train:8030,train,51904,8030,8030.jpg,3840,2160,1,swimmer,2325.0,1397.0,36.0,30.0,1080.0,34.4983175861018,42.2,mavic,NorthSea_Fri_DJI_0117.MP4,720,data/raw/seadronessee/odv2/images/train/8030.jpg,train,1484,1601,670,3085,2154,train_00051904,80.0,640,0.431266846361186,312.23719676549865,313.53099730458223,15.525606469002696,12.93800539083558,200.8703801919486,1.0,8fe6c319c145bfe6c41b4bd884be5417741d8218678ea8dfc0735cca6b82988f,data/synthetic/seadronessee_30m_to_80m/geometry_only/train/train_00051904.png,data/synthetic/seadronessee_30m_to_80m/calibrated/train/train_00051904.png
train:107672,train:16024,train,107672,16024,16024.jpg,3840,2160,2,boat,1726.0,1156.0,165.0,63.0,10395.0,29.798546784516912,17.0,m210,DJI_0003.mov,0,data/raw/seadronessee/odv2/images/train/16024.jpg,train,1718,950,328,2668,2046,train_00107672,80.0,640,0.3725261932479627,289.0803259604191,308.4516880093132,61.46682188591386,23.469150174621653,1442.574073597233,1.0,8fe6c319c145bfe6c41b4bd884be5417741d8218678ea8dfc0735cca6b82988f,data/synthetic/seadronessee_30m_to_80m/geometry_only/train/train_00107672.png,data/synthetic/seadronessee_30m_to_80m/calibrated/train/train_00107672.png
train:36484,train:6551,train,36484,6551,6551.jpg,3840,2160,1,swimmer,2601.0,830.0,41.0,22.0,902.0,33.69835659859799,24.0,mavic,NorthSea_Fri_DJI_0114.MP4,4065,data/raw/seadronessee/odv2/images/train/6551.jpg,train,1519,1862,82,3381,1601,train_00036484,80.0,640,0.4213298222514812,311.36273864384464,315.154707044108,17.27452271231073,9.269256089532588,160.12197484485523,1.0,8fe6c319c145bfe6c41b4bd884be5417741d8218678ea8dfc0735cca6b82988f,data/synthetic/seadronessee_30m_to_80m/geometry_only/train/train_00036484.png,data/synthetic/seadronessee_30m_to_80m/calibrated/train/train_00036484.png
val:37468,val:6641,val,37468,6641,6641.jpg,3840,2160,2,boat,1453.0,815.0,233.0,113.0,26329.0,31.698454129838463,26.7,mavic,NorthSea_Fri_DJI_0114.MP4,5415,data/raw/seadronessee/odv2/images/val/6641.jpg,train,1615,762,64,2377,1679,val_00037468,80.0,640,0.3962848297213622,273.83281733746134,297.60990712074306,92.3343653250774,44.78018575851394,4134.750031151454,1.0,8fe6c319c145bfe6c41b4bd884be5417741d8218678ea8dfc0735cca6b82988f,data/synthetic/seadronessee_30m_to_80m/geometry_only/train/val_00037468.png,data/synthetic/seadronessee_30m_to_80m/calibrated/train/val_00037468.png
train:36589,train:6559,train,36589,6559,6559.jpg,3840,2160,1,swimmer,2487.0,1027.0,20.0,20.0,400.0,31.79844925327644,22.0,mavic,NorthSea_Fri_DJI_0114.MP4,4185,data/raw/seadronessee/odv2/images/train/6559.jpg,train,1610,1692,232,3302,1842,train_00036589,80.0,640,0.3975155279503105,316.0248447204969,316.0248447204969,7.95031055900621,7.95031055900621,63.20743798464564,1.0,8fe6c319c145bfe6c41b4bd884be5417741d8218678ea8dfc0735cca6b82988f,data/synthetic/seadronessee_30m_to_80m/geometry_only/train/train_00036589.png,data/synthetic/seadronessee_30m_to_80m/calibrated/train/train_00036589.png
val:37555,val:6649,val,37555,6649,6649.jpg,3840,2160,2,boat,1312.0,788.0,235.0,110.0,25850.0,31.89844437671441,26.7,mavic,NorthSea_Fri_DJI_0114.MP4,5535,data/raw/seadronessee/odv2/images/val/6649.jpg,train,1605,627,40,2232,1645,val_00037555,80.0,640,0.3987538940809969,273.1464174454829,298.26791277258565,93.70716510903426,43.862928348909655,4110.270668957017,1.0,8fe6c319c145bfe6c41b4bd884be5417741d8218678ea8dfc0735cca6b82988f,data/synthetic/seadronessee_30m_to_80m/geometry_only/train/val_00037555.png,data/synthetic/seadronessee_30m_to_80m/calibrated/train/val_00037555.png
train:36987,train:6591,train,36987,6591,6591.jpg,3840,2160,1,swimmer,1970.0,914.0,26.0,20.0,520.0,31.79844925327644,29.4,mavic,NorthSea_Fri_DJI_0114.MP4,4665,data/raw/seadronessee/odv2/images/train/6591.jpg,train,1610,1178,119,2788,1729,train_00036987,80.0,640,0.3975155279503105,314.83229813664593,316.0248447204969,10.335403726708076,7.95031055900621,82.16966938003934,1.0,8fe6c319c145bfe6c41b4bd884be5417741d8218678ea8dfc0735cca6b82988f,data/synthetic/seadronessee_30m_to_80m/geometry_only/train/train_00036987.png,data/synthetic/seadronessee_30m_to_80m/calibrated/train/train_00036987.png
train:107706,train:16038,train,107706,16038,16038.jpg,3840,2160,2,boat,1846.0,968.0,343.0,177.0,60711.0,29.69855166107894,25.1,m210,DJI_0003.mov,210,data/raw/seadronessee/odv2/images/train/16038.jpg,train,1724,1156,194,2880,1918,train_00107706,80.0,640,0.37122969837587,256.1484918793504,287.3317865429234,127.33178654292342,65.707656612529,8366.673306022252,1.0,8fe6c319c145bfe6c41b4bd884be5417741d8218678ea8dfc0735cca6b82988f,data/synthetic/seadronessee_30m_to_80m/geometry_only/train/train_00107706.png,data/synthetic/seadronessee_30m_to_80m/calibrated/train/train_00107706.png
val:37498,val:6643,val,37498,6643,6643.jpg,3840,2160,1,swimmer,1976.0,927.0,34.0,24.0,816.0,31.698454129838463,26.7,mavic,NorthSea_Fri_DJI_0114.MP4,5445,data/raw/seadronessee/odv2/images/val/6643.jpg,train,1615,1186,132,2801,1747,val_00037498,80.0,640,0.3962848297213622,313.0650154798762,315.046439628483,13.473684210526317,9.510835913312691,128.14599967410788,1.0,8fe6c319c145bfe6c41b4bd884be5417741d8218678ea8dfc0735cca6b82988f,data/synthetic/seadronessee_30m_to_80m/geometry_only/train/val_00037498.png,data/synthetic/seadronessee_30m_to_80m/calibrated/train/val_00037498.png
train:110370,train:16346,train,110370,16346,16346.jpg,3840,2160,2,boat,1023.0,1202.0,201.0,164.0,32964.0,29.998537031392868,24.8,m210,DJI_0010_d3.mov,1485,data/raw/seadronessee/odv2/images/train/16346.jpg,train,1707,270,430,1977,2137,train_00110370,80.0,640,0.3749267721148213,282.31985940246045,289.4434680726421,75.36028119507908,61.4879906268307,4633.752263758349,1.0,8fe6c319c145bfe6c41b4bd884be5417741d8218678ea8dfc0735cca6b82988f,data/synthetic/seadronessee_30m_to_80m/geometry_only/train/train_00110370.png,data/synthetic/seadronessee_30m_to_80m/calibrated/train/train_00110370.png
train:36519,train:6553,train,36519,6553,6553.jpg,3840,2160,1,swimmer,2644.0,909.0,22.0,21.0,462.0,31.698454129838463,24.0,mavic,NorthSea_Fri_DJI_0114.MP4,4095,data/raw/seadronessee/odv2/images/train/6553.jpg,train,1615,1848,112,3463,1727,train_00036519,80.0,640,0.3962848297213622,315.44272445820434,315.8390092879257,8.71826625386997,8.321981424148607,72.55324981548756,1.0,8fe6c319c145bfe6c41b4bd884be5417741d8218678ea8dfc0735cca6b82988f,data/synthetic/seadronessee_30m_to_80m/geometry_only/train/train_00036519.png,data/synthetic/seadronessee_30m_to_80m/calibrated/train/train_00036519.png
train:107691,train:16030,train,107691,16030,16030.jpg,3840,2160,2,boat,1034.0,1095.0,167.0,47.0,7849.0,29.798546784516912,17.0,m210,DJI_0003.mov,90,data/raw/seadronessee/odv2/images/train/16030.jpg,train,1718,258,260,1976,1978,train_00107691,80.0,640,0.3725261932479627,289.0803259604191,311.0593713620489,62.21187427240978,17.50873108265425,1089.2509767835195,1.0,8fe6c319c145bfe6c41b4bd884be5417741d8218678ea8dfc0735cca6b82988f,data/synthetic/seadronessee_30m_to_80m/geometry_only/train/train_00107691.png,data/synthetic/seadronessee_30m_to_80m/calibrated/train/train_00107691.png
val:72516,val:10426,val,72516,10426,10426.jpg,3840,2160,1,swimmer,2752.0,1080.0,52.0,54.0,2808.0,30.79849801889668,54.6,mavic,NorthSea_Sat_DJI_0126.MP4,6165,data/raw/seadronessee/odv2/images/val/10426.jpg,train,1662,1947,276,3609,1938,val_00072516,80.0,640,0.3850782190132371,309.98796630565585,309.6028880866426,20.024067388688326,20.7942238267148,416.3849392016056,1.0,8fe6c319c145bfe6c41b4bd884be5417741d8218678ea8dfc0735cca6b82988f,data/synthetic/seadronessee_30m_to_80m/geometry_only/train/val_00072516.png,data/synthetic/seadronessee_30m_to_80m/calibrated/train/val_00072516.png
train:109873,train:16290,train,109873,16290,16290.jpg,3840,2160,2,boat,1798.0,1009.0,103.0,90.0,9270.0,29.89854190795489,22.5,m210,DJI_0010_d3.mov,645,data/raw/seadronessee/odv2/images/train/16290.jpg,train,1712,994,198,2706,1910,train_00109873,80.0,640,0.3738317757009345,300.5607476635514,303.1775700934579,38.50467289719626,33.64485981308411,1295.484321774827,1.0,8fe6c319c145bfe6c41b4bd884be5417741d8218678ea8dfc0735cca6b82988f,data/synthetic/seadronessee_30m_to_80m/geometry_only/train/train_00109873.png,data/synthetic/seadronessee_30m_to_80m/calibrated/train/train_00109873.png
val:38035,val:6685,val,38035,6685,6685.jpg,3840,2160,1,swimmer,1242.0,975.0,25.0,26.0,650.0,31.59845900640049,26.7,mavic,NorthSea_Fri_DJI_0114.MP4,6075,data/raw/seadronessee/odv2/images/val/6685.jpg,train,1620,444,178,2064,1798,val_00038035,80.0,640,0.3950617283950617,315.25925925925924,314.8641975308642,9.876543209876544,10.271604938271604,101.44795000762078,1.0,8fe6c319c145bfe6c41b4bd884be5417741d8218678ea8dfc0735cca6b82988f,data/synthetic/seadronessee_30m_to_80m/geometry_only/train/val_00038035.png,data/synthetic/seadronessee_30m_to_80m/calibrated/train/val_00038035.png
train:110213,train:16324,train,110213,16324,16324.jpg,3840,2160,2,boat,924.0,1063.0,108.0,103.0,11124.0,30.09853215483084,23.6,m210,DJI_0010_d3.mov,1155,data/raw/seadronessee/odv2/images/train/16324.jpg,train,1701,128,264,1829,1965,train_00110213,80.0,640,0.376249265138154,299.4944150499706,300.6231628453851,40.63492063492064,38.753674309229865,1574.7524798671186,1.0,8fe6c319c145bfe6c41b4bd884be5417741d8218678ea8dfc0735cca6b82988f,data/synthetic/seadronessee_30m_to_80m/geometry_only/train/train_00110213.png,data/synthetic/seadronessee_30m_to_80m/calibrated/train/train_00110213.png
val:38084,val:6689,val,38084,6689,6689.jpg,3840,2160,1,swimmer,1914.0,842.0,29.0,23.0,667.0,31.59845900640049,26.7,mavic,NorthSea_Fri_DJI_0114.MP4,6135,data/raw/seadronessee/odv2/images/val/6689.jpg,train,1620,1118,44,2738,1664,val_00038084,80.0,640,0.3950617283950617,314.4691358024691,315.25925925925924,11.45679012345679,9.08641975308642,104.10120408474316,1.0,8fe6c319c145bfe6c41b4bd884be5417741d8218678ea8dfc0735cca6b82988f,data/synthetic/seadronessee_30m_to_80m/geometry_only/train/val_00038084.png,data/synthetic/seadronessee_30m_to_80m/calibrated/train/val_00038084.png
train:110244,train:16328,train,110244,16328,16328.jpg,3840,2160,2,boat,1162.0,1153.0,165.0,147.0,24255.0,30.09853215483084,23.6,m210,DJI_0010_d3.mov,1215,data/raw/seadronessee/odv2/images/train/16328.jpg,train,1701,394,376,2095,2077,train_00110244,80.0,640,0.376249265138154,288.9594356261023,292.34567901234567,62.08112874779542,55.308641975308646,3433.622923334858,1.0,8fe6c319c145bfe6c41b4bd884be5417741d8218678ea8dfc0735cca6b82988f,data/synthetic/seadronessee_30m_to_80m/geometry_only/train/train_00110244.png,data/synthetic/seadronessee_30m_to_80m/calibrated/train/train_00110244.png
val:72806,val:10452,val,72806,10452,10452.jpg,3840,2160,1,swimmer,1921.0,1323.0,68.0,46.0,3128.0,33.79835172203596,54.6,mavic,NorthSea_Sat_DJI_0126.MP4,6555,data/raw/seadronessee/odv2/images/val/10452.jpg,train,1515,1198,588,2713,2103,val_00072806,80.0,640,0.4224422442244224,305.4257425742574,310.4950495049505,28.72607260726073,19.432343234323437,558.2149026783867,1.0,8fe6c319c145bfe6c41b4bd884be5417741d8218678ea8dfc0735cca6b82988f,data/synthetic/seadronessee_30m_to_80m/geometry_only/train/val_00072806.png,data/synthetic/seadronessee_30m_to_80m/calibrated/train/val_00072806.png
train:110428,train:16354,train,110428,16354,16354.jpg,3840,2160,2,boat,849.0,1173.0,242.0,192.0,46464.0,29.89854190795489,28.7,m210,DJI_0010_d3.mov,1605,data/raw/seadronessee/odv2/images/train/16354.jpg,train,1712,114,413,1826,2125,train_00110428,80.0,640,0.3738317757009345,274.76635514018693,284.11214953271025,90.46728971962617,71.77570093457943,6493.3531312778405,1.0,8fe6c319c145bfe6c41b4bd884be5417741d8218678ea8dfc0735cca6b82988f,data/synthetic/seadronessee_30m_to_80m/geometry_only/train/train_00110428.png,data/synthetic/seadronessee_30m_to_80m/calibrated/train/train_00110428.png
val:24069,val:4921,val,24069,4921,4921.jpg,3840,2160,1,swimmer,2247.0,1058.0,61.0,42.0,2562.0,30.598507772020724,37.1,mavic,NorthSea_Fri_DJI_0112.MP4,6255,data/raw/seadronessee/odv2/images/val/4921.jpg,train,1673,1441,242,3114,1915,val_00024069,80.0,640,0.3825463239689181,308.33233711894803,312.1578003586372,23.33532576210401,16.06694560669456,374.9274097342233,1.0,8fe6c319c145bfe6c41b4bd884be5417741d8218678ea8dfc0735cca6b82988f,data/synthetic/seadronessee_30m_to_80m/geometry_only/train/val_00024069.png,data/synthetic/seadronessee_30m_to_80m/calibrated/train/val_00024069.png
val:37755,val:6665,val,37755,6665,6665.jpg,3840,2160,2,boat,1440.0,803.0,235.0,96.0,22560.0,31.698454129838463,26.7,mavic,NorthSea_Fri_DJI_0114.MP4,5775,data/raw/seadronessee/odv2/images/val/6665.jpg,train,1615,750,44,2365,1659,val_00037755,80.0,640,0.3962848297213622,273.43653250774,300.78018575851394,93.12693498452012,38.04334365325077,3542.8599909900413,1.0,8fe6c319c145bfe6c41b4bd884be5417741d8218678ea8dfc0735cca6b82988f,data/synthetic/seadronessee_30m_to_80m/geometry_only/train/val_00037755.png,data/synthetic/seadronessee_30m_to_80m/calibrated/train/val_00037755.png
val:23942,val:4889,val,23942,4889,4889.jpg,3840,2160,1,swimmer,1900.0,1290.0,31.0,37.0,1147.0,30.598507772020724,37.1,mavic,NorthSea_Fri_DJI_0112.MP4,5775,data/raw/seadronessee/odv2/images/val/4889.jpg,train,1673,1079,472,2752,2145,val_00023942,80.0,640,0.3825463239689181,314.07053197848177,312.922893006575,11.85893604303646,14.154213986849973,167.85391840950592,1.0,8fe6c319c145bfe6c41b4bd884be5417741d8218678ea8dfc0735cca6b82988f,data/synthetic/seadronessee_30m_to_80m/geometry_only/train/val_00023942.png,data/synthetic/seadronessee_30m_to_80m/calibrated/train/val_00023942.png
val:37729,val:6663,val,37729,6663,6663.jpg,3840,2160,2,boat,1397.0,816.0,240.0,101.0,24240.0,31.698454129838463,26.7,mavic,NorthSea_Fri_DJI_0114.MP4,5745,data/raw/seadronessee/odv2/images/val/6663.jpg,train,1615,710,59,2325,1674,val_00037729,80.0,640,0.3962848297213622,272.24767801857587,299.9876160990712,95.10835913312694,40.02476780185759,3806.689990319087,1.0,8fe6c319c145bfe6c41b4bd884be5417741d8218678ea8dfc0735cca6b82988f,data/synthetic/seadronessee_30m_to_80m/geometry_only/train/val_00037729.png,data/synthetic/seadronessee_30m_to_80m/calibrated/train/val_00037729.png
train:72125,train:10396,train,72125,10396,10396.jpg,3840,2160,1,swimmer,2139.0,953.0,33.0,32.0,1056.0,34.098337092349894,54.6,mavic,NorthSea_Sat_DJI_0126.MP4,5715,data/raw/seadronessee/odv2/images/train/10396.jpg,train,1502,1404,218,2906,1720,train_00072125,80.0,640,0.4260985352862849,313.1824234354194,313.1824234354194,14.061251664447402,13.635153129161118,191.727319632412,1.0,8fe6c319c145bfe6c41b4bd884be5417741d8218678ea8dfc0735cca6b82988f,data/synthetic/seadronessee_30m_to_80m/geometry_only/train/train_00072125.png,data/synthetic/seadronessee_30m_to_80m/calibrated/train/train_00072125.png
train:110093,train:16310,train,110093,16310,16310.jpg,3840,2160,2,boat,1362.0,982.0,96.0,104.0,9984.0,29.89854190795489,24.2,m210,DJI_0010_d3.mov,945,data/raw/seadronessee/odv2/images/train/16310.jpg,train,1712,554,178,2266,1890,train_00110093,80.0,640,0.3738317757009345,302.05607476635515,300.5607476635514,35.88785046728972,38.87850467289719,1395.265962092759,1.0,8fe6c319c145bfe6c41b4bd884be5417741d8218678ea8dfc0735cca6b82988f,data/synthetic/seadronessee_30m_to_80m/geometry_only/train/train_00110093.png,data/synthetic/seadronessee_30m_to_80m/calibrated/train/train_00110093.png
train:36613,train:6561,train,36613,6561,6561.jpg,3840,2160,1,swimmer,2181.0,891.0,39.0,19.0,741.0,31.79844925327644,22.0,mavic,NorthSea_Fri_DJI_0114.MP4,4215,data/raw/seadronessee/odv2/images/train/6561.jpg,train,1610,1396,96,3006,1706,train_00036613,80.0,640,0.3975155279503105,312.04968944099375,316.0248447204969,15.50310559006211,7.5527950310559,117.09177886655606,1.0,8fe6c319c145bfe6c41b4bd884be5417741d8218678ea8dfc0735cca6b82988f,data/synthetic/seadronessee_30m_to_80m/geometry_only/train/train_00036613.png,data/synthetic/seadronessee_30m_to_80m/calibrated/train/train_00036613.png
train:37380,train:6633,train,37380,6633,6633.jpg,3840,2160,2,boat,1785.0,980.0,257.0,124.0,31868.0,31.59845900640049,26.7,mavic,NorthSea_Fri_DJI_0114.MP4,5295,data/raw/seadronessee/odv2/images/train/6633.jpg,train,1620,1104,232,2724,1852,train_00037380,80.0,640,0.3950617283950617,269.037037037037,295.5061728395062,101.53086419753086,48.98765432098765,4973.758878219783,1.0,8fe6c319c145bfe6c41b4bd884be5417741d8218678ea8dfc0735cca6b82988f,data/synthetic/seadronessee_30m_to_80m/geometry_only/train/train_00037380.png,data/synthetic/seadronessee_30m_to_80m/calibrated/train/train_00037380.png
train:37205,train:6613,train,37205,6613,6613.jpg,3840,2160,1,swimmer,1656.0,1013.0,43.0,34.0,1462.0,31.698454129838463,36.7,mavic,NorthSea_Fri_DJI_0114.MP4,4995,data/raw/seadronessee/odv2/images/train/6613.jpg,train,1615,870,222,2485,1837,train_00037205,80.0,640,0.3962848297213622,311.4798761609907,313.4613003095976,17.040247678018577,13.473684210526317,229.59491608277665,1.0,8fe6c319c145bfe6c41b4bd884be5417741d8218678ea8dfc0735cca6b82988f,data/synthetic/seadronessee_30m_to_80m/geometry_only/train/train_00037205.png,data/synthetic/seadronessee_30m_to_80m/calibrated/train/train_00037205.png
train:52770,train:8112,train,52770,8112,8112.jpg,3840,2160,2,boat,2024.0,1351.0,180.0,80.0,14400.0,34.19833221578787,56.2,mavic,NorthSea_Fri_DJI_0117.MP4,1965,data/raw/seadronessee/odv2/images/train/8112.jpg,train,1497,1366,642,2863,2139,train_00052770,80.0,640,0.4275217100868403,281.3092852371409,303.11289245156985,76.95390781563127,34.20173680694723,2631.9573013763,1.0,8fe6c319c145bfe6c41b4bd884be5417741d8218678ea8dfc0735cca6b82988f,data/synthetic/seadronessee_30m_to_80m/geometry_only/train/train_00052770.png,data/synthetic/seadronessee_30m_to_80m/calibrated/train/train_00052770.png
train:36829,train:6577,train,36829,6577,6577.jpg,3840,2160,1,swimmer,1959.0,1076.0,57.0,21.0,1197.0,31.79844925327644,22.0,mavic,NorthSea_Fri_DJI_0114.MP4,4455,data/raw/seadronessee/odv2/images/train/6577.jpg,train,1610,1182,282,2792,1892,train_00036829,80.0,640,0.3975155279503105,308.8695652173913,315.62732919254654,22.658385093167706,8.347826086956522,189.14825816905213,1.0,8fe6c319c145bfe6c41b4bd884be5417741d8218678ea8dfc0735cca6b82988f,data/synthetic/seadronessee_30m_to_80m/geometry_only/train/train_00036829.png,data/synthetic/seadronessee_30m_to_80m/calibrated/train/train_00036829.png
train:110185,train:16320,train,110185,16320,16320.jpg,3840,2160,2,boat,983.0,1054.0,108.0,103.0,11124.0,29.998537031392868,23.5,m210,DJI_0010_d3.mov,1095,data/raw/seadronessee/odv2/images/train/16320.jpg,train,1707,184,252,1891,1959,train_00110185,80.0,640,0.3749267721148213,299.56649091974225,300.6912712360867,40.4920913884007,38.6174575278266,1563.7016194044372,1.0,8fe6c319c145bfe6c41b4bd884be5417741d8218678ea8dfc0735cca6b82988f,data/synthetic/seadronessee_30m_to_80m/geometry_only/train/train_00110185.png,data/synthetic/seadronessee_30m_to_80m/calibrated/train/train_00110185.png
val:37472,val:6641,val,37472,6641,6641.jpg,3840,2160,1,swimmer,1495.0,1088.0,24.0,28.0,672.0,31.698454129838463,26.7,mavic,NorthSea_Fri_DJI_0114.MP4,5415,data/raw/seadronessee/odv2/images/val/6641.jpg,train,1615,700,294,2315,1909,val_00037472,80.0,640,0.3962848297213622,315.046439628483,314.6501547987616,9.510835913312691,11.095975232198144,105.53199973161824,1.0,8fe6c319c145bfe6c41b4bd884be5417741d8218678ea8dfc0735cca6b82988f,data/synthetic/seadronessee_30m_to_80m/geometry_only/train/val_00037472.png,data/synthetic/seadronessee_30m_to_80m/calibrated/train/val_00037472.png
train:107687,train:16028,train,107687,16028,16028.jpg,3840,2160,2,boat,1073.0,1017.0,154.0,40.0,6160.0,29.798546784516912,17.0,m210,DJI_0003.mov,60,data/raw/seadronessee/odv2/images/train/16028.jpg,train,1718,291,178,2009,1896,train_00107687,80.0,640,0.3725261932479627,291.3154831199069,312.5494761350408,57.36903376018627,14.90104772991851,854.858710279842,1.0,8fe6c319c145bfe6c41b4bd884be5417741d8218678ea8dfc0735cca6b82988f,data/synthetic/seadronessee_30m_to_80m/geometry_only/train/train_00107687.png,data/synthetic/seadronessee_30m_to_80m/calibrated/train/train_00107687.png
train:36723,train:6569,train,36723,6569,6569.jpg,3840,2160,1,swimmer,1964.0,1078.0,25.0,22.0,550.0,31.89844437671441,22.0,mavic,NorthSea_Fri_DJI_0114.MP4,4335,data/raw/seadronessee/odv2/images/train/6569.jpg,train,1605,1174,286,2779,1891,train_00036723,80.0,640,0.3987538940809969,315.01557632398755,315.8130841121495,9.96884735202492,8.77258566978193,87.45256742461737,1.0,8fe6c319c145bfe6c41b4bd884be5417741d8218678ea8dfc0735cca6b82988f,data/synthetic/seadronessee_30m_to_80m/geometry_only/train/train_00036723.png,data/synthetic/seadronessee_30m_to_80m/calibrated/train/train_00036723.png
train:110342,train:16342,train,110342,16342,16342.jpg,3840,2160,2,boat,1061.0,1172.0,182.0,154.0,28028.0,29.998537031392868,23.6,m210,DJI_0010_d3.mov,1425,data/raw/seadronessee/odv2/images/train/16342.jpg,train,1707,298,396,2005,2103,train_00110342,80.0,640,0.3749267721148213,286.06912712360867,290.9431751611013,68.23667252489749,57.738722905682486,3939.898326920853,1.0,8fe6c319c145bfe6c41b4bd884be5417741d8218678ea8dfc0735cca6b82988f,data/synthetic/seadronessee_30m_to_80m/geometry_only/train/train_00110342.png,data/synthetic/seadronessee_30m_to_80m/calibrated/train/train_00110342.png
train:36854,train:6579,train,36854,6579,6579.jpg,3840,2160,1,swimmer,1970.0,1057.0,25.0,19.0,475.0,31.79844925327644,22.0,mavic,NorthSea_Fri_DJI_0114.MP4,4485,data/raw/seadronessee/odv2/images/train/6579.jpg,train,1610,1178,262,2788,1872,train_00036854,80.0,640,0.3975155279503105,314.83229813664593,316.0248447204969,9.937888198757763,7.5527950310559,75.0588326067667,1.0,8fe6c319c145bfe6c41b4bd884be5417741d8218678ea8dfc0735cca6b82988f,data/synthetic/seadronessee_30m_to_80m/geometry_only/train/train_00036854.png,data/synthetic/seadronessee_30m_to_80m/calibrated/train/train_00036854.png
val:37626,val:6655,val,37626,6655,6655.jpg,3840,2160,2,boat,1570.0,802.0,226.0,105.0,23730.0,31.89844437671441,26.7,mavic,NorthSea_Fri_DJI_0114.MP4,5625,data/raw/seadronessee/odv2/images/val/6655.jpg,train,1605,880,52,2485,1657,val_00037626,80.0,640,0.3987538940809969,275.14018691588785,299.06542056074767,90.11838006230528,41.86915887850467,3773.180772702128,1.0,8fe6c319c145bfe6c41b4bd884be5417741d8218678ea8dfc0735cca6b82988f,data/synthetic/seadronessee_30m_to_80m/geometry_only/train/val_00037626.png,data/synthetic/seadronessee_30m_to_80m/calibrated/train/val_00037626.png
train:81977,train:12336,train,81977,12336,12336.jpg,3840,2160,1,swimmer,1926.0,1026.0,98.0,56.0,5488.0,32.698405364218225,43.4,mavic,NorthSea_Thu_DJI_0107.MP4,2145,data/raw/seadronessee/odv2/images/train/12336.jpg,train,1566,1192,271,2758,1837,train_00081977,80.0,640,0.4086845466155811,299.97445721583654,308.5568326947637,40.05108556832695,22.88633461047254,916.6225458293984,1.0,8fe6c319c145bfe6c41b4bd884be5417741d8218678ea8dfc0735cca6b82988f,data/synthetic/seadronessee_30m_to_80m/geometry_only/train/train_00081977.png,data/synthetic/seadronessee_30m_to_80m/calibrated/train/train_00081977.png
val:37677,val:6659,val,37677,6659,6659.jpg,3840,2160,2,boat,1446.0,800.0,237.0,106.0,25122.0,31.698454129838463,26.7,mavic,NorthSea_Fri_DJI_0114.MP4,5685,data/raw/seadronessee/odv2/images/val/6659.jpg,train,1615,757,46,2372,1661,val_00037677,80.0,640,0.3962848297213622,273.0402476780186,298.7987616099072,93.91950464396284,42.0061919504644,3945.200739966836,1.0,8fe6c319c145bfe6c41b4bd884be5417741d8218678ea8dfc0735cca6b82988f,data/synthetic/seadronessee_30m_to_80m/geometry_only/train/val_00037677.png,data/synthetic/seadronessee_30m_to_80m/calibrated/train/val_00037677.png
train:51615,train:8006,train,51615,8006,8006.jpg,3840,2160,1,swimmer,2488.0,1286.0,32.0,32.0,1024.0,34.4983175861018,42.2,mavic,NorthSea_Fri_DJI_0117.MP4,360,data/raw/seadronessee/odv2/images/train/8006.jpg,train,1484,1762,560,3246,2044,train_00051615,80.0,640,0.431266846361186,313.099730458221,313.099730458221,13.800539083557952,13.800539083557952,190.45487899681055,1.0,8fe6c319c145bfe6c41b4bd884be5417741d8218678ea8dfc0735cca6b82988f,data/synthetic/seadronessee_30m_to_80m/geometry_only/train/train_00051615.png,data/synthetic/seadronessee_30m_to_80m/calibrated/train/train_00051615.png
val:37782,val:6667,val,37782,6667,6667.jpg,3840,2160,2,boat,1455.0,781.0,232.0,96.0,22272.0,31.79844925327644,26.7,mavic,NorthSea_Fri_DJI_0114.MP4,5805,data/raw/seadronessee/odv2/images/val/6667.jpg,train,1610,766,24,2376,1634,val_00037782,80.0,640,0.3975155279503105,273.888198757764,300.91925465838506,92.22360248447204,38.161490683229815,3519.39014698507,1.0,8fe6c319c145bfe6c41b4bd884be5417741d8218678ea8dfc0735cca6b82988f,data/synthetic/seadronessee_30m_to_80m/geometry_only/train/val_00037782.png,data/synthetic/seadronessee_30m_to_80m/calibrated/train/val_00037782.png
train:72090,train:10394,train,72090,10394,10394.jpg,3840,2160,1,swimmer,2033.0,970.0,24.0,34.0,816.0,30.19852727826882,53.1,mavic,NorthSea_Sat_DJI_0126.MP4,5685,data/raw/seadronessee/odv2/images/train/10394.jpg,train,1695,1198,140,2893,1835,train_00072090,80.0,640,0.3775811209439528,315.28023598820056,313.39233038348084,9.061946902654867,12.837758112094397,116.3350823609262,1.0,8fe6c319c145bfe6c41b4bd884be5417741d8218678ea8dfc0735cca6b82988f,data/synthetic/seadronessee_30m_to_80m/geometry_only/train/train_00072090.png,data/synthetic/seadronessee_30m_to_80m/calibrated/train/train_00072090.png
train:37424,train:6637,train,37424,6637,6637.jpg,3840,2160,2,boat,1687.0,947.0,258.0,125.0,32250.0,31.59845900640049,26.7,mavic,NorthSea_Fri_DJI_0114.MP4,5355,data/raw/seadronessee/odv2/images/train/6637.jpg,train,1620,1006,200,2626,1820,train_00037424,80.0,640,0.3950617283950617,269.037037037037,295.1111111111111,101.92592592592592,49.38271604938272,5033.379058070416,1.0,8fe6c319c145bfe6c41b4bd884be5417741d8218678ea8dfc0735cca6b82988f,data/synthetic/seadronessee_30m_to_80m/geometry_only/train/train_00037424.png,data/synthetic/seadronessee_30m_to_80m/calibrated/train/train_00037424.png
train:37293,train:6623,train,37293,6623,6623.jpg,3840,2160,1,swimmer,1564.0,1061.0,36.0,45.0,1620.0,31.59845900640049,36.7,mavic,NorthSea_Fri_DJI_0114.MP4,5145,data/raw/seadronessee/odv2/images/train/6623.jpg,train,1620,772,274,2392,1894,train_00037293,80.0,640,0.3950617283950617,312.88888888888886,310.9135802469136,14.22222222222222,17.77777777777778,252.8395061728395,1.0,8fe6c319c145bfe6c41b4bd884be5417741d8218678ea8dfc0735cca6b82988f,data/synthetic/seadronessee_30m_to_80m/geometry_only/train/train_00037293.png,data/synthetic/seadronessee_30m_to_80m/calibrated/train/train_00037293.png
train:109686,train:16276,train,109686,16276,16276.jpg,3840,2160,2,boat,975.0,1055.0,194.0,54.0,10476.0,29.998537031392868,20.2,m210,DJI_0010_d3.mov,435,data/raw/seadronessee/odv2/images/train/16276.jpg,train,1707,218,228,1925,1935,train_00109686,80.0,640,0.3749267721148213,283.8195664909197,310.06444053895723,72.73579379027534,20.24604569420035,1472.6122046818489,1.0,8fe6c319c145bfe6c41b4bd884be5417741d8218678ea8dfc0735cca6b82988f,data/synthetic/seadronessee_30m_to_80m/geometry_only/train/train_00109686.png,data/synthetic/seadronessee_30m_to_80m/calibrated/train/train_00109686.png
train:36559,train:6557,train,36559,6557,6557.jpg,3840,2160,1,swimmer,2606.0,891.0,40.0,21.0,840.0,31.89844437671441,22.0,mavic,NorthSea_Fri_DJI_0114.MP4,4155,data/raw/seadronessee/odv2/images/train/6557.jpg,train,1605,1824,99,3429,1704,train_00036559,80.0,640,0.3987538940809969,311.8255451713396,315.8130841121495,15.950155763239875,8.373831775700934,133.56392115759743,1.0,8fe6c319c145bfe6c41b4bd884be5417741d8218678ea8dfc0735cca6b82988f,data/synthetic/seadronessee_30m_to_80m/geometry_only/train/train_00036559.png,data/synthetic/seadronessee_30m_to_80m/calibrated/train/train_00036559.png
train:109821,train:16286,train,109821,16286,16286.jpg,3840,2160,2,boat,1891.0,1030.0,104.0,85.0,8840.0,29.89854190795489,22.0,m210,DJI_0010_d3.mov,585,data/raw/seadronessee/odv2/images/train/16286.jpg,train,1712,1087,216,2799,1928,train_00109821,80.0,640,0.3738317757009345,300.5607476635514,304.29906542056074,38.87850467289719,31.77570093457944,1235.3917372696303,1.0,8fe6c319c145bfe6c41b4bd884be5417741d8218678ea8dfc0735cca6b82988f,data/synthetic/seadronessee_30m_to_80m/geometry_only/train/train_00109821.png,data/synthetic/seadronessee_30m_to_80m/calibrated/train/train_00109821.png
val:38141,val:6693,val,38141,6693,6693.jpg,3840,2160,1,swimmer,1128.0,981.0,51.0,21.0,1071.0,31.59845900640049,26.7,mavic,NorthSea_Fri_DJI_0114.MP4,6195,data/raw/seadronessee/odv2/images/val/6693.jpg,train,1620,344,182,1964,1802,val_00038141,80.0,640,0.3950617283950617,309.7283950617284,315.6543209876544,20.148148148148145,8.296296296296296,167.15500685871052,1.0,8fe6c319c145bfe6c41b4bd884be5417741d8218678ea8dfc0735cca6b82988f,data/synthetic/seadronessee_30m_to_80m/geometry_only/train/val_00038141.png,data/synthetic/seadronessee_30m_to_80m/calibrated/train/val_00038141.png
train:110328,train:16340,train,110328,16340,16340.jpg,3840,2160,2,boat,1065.0,1231.0,172.0,96.0,16512.0,30.09853215483084,23.6,m210,DJI_0010_d3.mov,1395,data/raw/seadronessee/odv2/images/train/16340.jpg,train,1701,300,428,2001,2129,train_00110328,80.0,640,0.376249265138154,287.83068783068785,302.1281599059377,64.7148736037625,36.11992945326279,2337.49666914472,1.0,8fe6c319c145bfe6c41b4bd884be5417741d8218678ea8dfc0735cca6b82988f,data/synthetic/seadronessee_30m_to_80m/geometry_only/train/train_00110328.png,data/synthetic/seadronessee_30m_to_80m/calibrated/train/train_00110328.png
train:51480,train:7994,train,51480,7994,7994.jpg,3840,2160,1,swimmer,1752.0,867.0,56.0,33.0,1848.0,34.29832733922585,42.2,mavic,NorthSea_Fri_DJI_0117.MP4,180,data/raw/seadronessee/odv2/images/train/7994.jpg,train,1493,1034,137,2527,1630,train_00051480,80.0,640,0.4286671131949096,307.7829872739451,312.926992632284,24.005358338914935,14.146014735432017,339.58015279161657,1.0,8fe6c319c145bfe6c41b4bd884be5417741d8218678ea8dfc0735cca6b82988f,data/synthetic/seadronessee_30m_to_80m/geometry_only/train/train_00051480.png,data/synthetic/seadronessee_30m_to_80m/calibrated/train/train_00051480.png
train:109749,train:16280,train,109749,16280,16280.jpg,3840,2160,2,boat,2055.0,1188.0,125.0,85.0,10625.0,29.89854190795489,20.9,m210,DJI_0010_d3.mov,495,data/raw/seadronessee/odv2/images/train/16280.jpg,train,1712,1262,374,2974,2086,train_00109749,80.0,640,0.3738317757009345,296.4485981308411,304.29906542056074,46.72897196261682,31.77570093457944,1484.8458380644597,1.0,8fe6c319c145bfe6c41b4bd884be5417741d8218678ea8dfc0735cca6b82988f,data/synthetic/seadronessee_30m_to_80m/geometry_only/train/train_00109749.png,data/synthetic/seadronessee_30m_to_80m/calibrated/train/train_00109749.png
train:81955,train:12326,train,81955,12326,12326.jpg,3840,2160,1,swimmer,1952.0,838.0,59.0,29.0,1711.0,32.89839561109417,28.1,mavic,NorthSea_Thu_DJI_0107.MP4,1995,data/raw/seadronessee/odv2/images/train/12326.jpg,train,1556,1204,74,2760,1630,train_00081955,80.0,640,0.4113110539845758,307.6606683804627,314.241645244216,24.267352185089976,11.9280205655527,289.4614759352635,1.0,8fe6c319c145bfe6c41b4bd884be5417741d8218678ea8dfc0735cca6b82988f,data/synthetic/seadronessee_30m_to_80m/geometry_only/train/train_00081955.png,data/synthetic/seadronessee_30m_to_80m/calibrated/train/train_00081955.png
train:110258,train:16330,train,110258,16330,16330.jpg,3840,2160,2,boat,1142.0,1163.0,166.0,139.0,23074.0,29.998537031392868,23.6,m210,DJI_0010_d3.mov,1245,data/raw/seadronessee/odv2/images/train/16330.jpg,train,1707,372,379,2079,2086,train_00110258,80.0,640,0.3749267721148213,288.6936145284124,293.94258933802,62.237844171060345,52.114821323960165,3243.5141285632853,1.0,8fe6c319c145bfe6c41b4bd884be5417741d8218678ea8dfc0735cca6b82988f,data/synthetic/seadronessee_30m_to_80m/geometry_only/train/train_00110258.png,data/synthetic/seadronessee_30m_to_80m/calibrated/train/train_00110258.png
val:72746,val:10448,val,72746,10448,10448.jpg,3840,2160,1,swimmer,2682.0,843.0,59.0,42.0,2478.0,32.29842487046632,54.6,mavic,NorthSea_Sat_DJI_0126.MP4,6495,data/raw/seadronessee/odv2/images/val/10448.jpg,train,1585,1919,72,3504,1657,val_00072746,80.0,640,0.4037854889589905,308.0883280757098,311.3186119873817,23.82334384858044,16.958990536277604,404.0198628705629,1.0,8fe6c319c145bfe6c41b4bd884be5417741d8218678ea8dfc0735cca6b82988f,data/synthetic/seadronessee_30m_to_80m/geometry_only/train/val_00072746.png,data/synthetic/seadronessee_30m_to_80m/calibrated/train/val_00072746.png
train:110115,train:16312,train,110115,16312,16312.jpg,3840,2160,2,boat,1320.0,1004.0,98.0,104.0,10192.0,29.89854190795489,24.0,m210,DJI_0010_d3.mov,975,data/raw/seadronessee/odv2/images/train/16312.jpg,train,1712,513,200,2225,1912,train_00110115,80.0,640,0.3738317757009345,301.6822429906542,300.5607476635514,36.63551401869159,38.87850467289719,1424.3340029696917,1.0,8fe6c319c145bfe6c41b4bd884be5417741d8218678ea8dfc0735cca6b82988f,data/synthetic/seadronessee_30m_to_80m/geometry_only/train/train_00110115.png,data/synthetic/seadronessee_30m_to_80m/calibrated/train/train_00110115.png
val:37811,val:6669,val,37811,6669,6669.jpg,3840,2160,1,swimmer,2109.0,1084.0,31.0,21.0,651.0,31.79844925327644,26.7,mavic,NorthSea_Fri_DJI_0114.MP4,5835,data/raw/seadronessee/odv2/images/val/6669.jpg,train,1610,1320,290,2930,1900,val_00037811,80.0,640,0.3975155279503105,313.639751552795,315.62732919254654,12.322981366459626,8.347826086956522,102.87010532001078,1.0,8fe6c319c145bfe6c41b4bd884be5417741d8218678ea8dfc0735cca6b82988f,data/synthetic/seadronessee_30m_to_80m/geometry_only/train/val_00037811.png,data/synthetic/seadronessee_30m_to_80m/calibrated/train/val_00037811.png
train:109660,train:16274,train,109660,16274,16274.jpg,3840,2160,2,boat,1113.0,1044.0,193.0,51.0,9843.0,30.09853215483084,21.0,m210,DJI_0010_d3.mov,405,data/raw/seadronessee/odv2/images/train/16274.jpg,train,1701,359,219,2060,1920,train_00109660,80.0,640,0.376249265138154,283.6919459141682,310.40564373897706,72.61610817166373,19.188712522045854,1393.4096241758402,1.0,8fe6c319c145bfe6c41b4bd884be5417741d8218678ea8dfc0735cca6b82988f,data/synthetic/seadronessee_30m_to_80m/geometry_only/train/train_00109660.png,data/synthetic/seadronessee_30m_to_80m/calibrated/train/train_00109660.png
val:37704,val:6661,val,37704,6661,6661.jpg,3840,2160,1,swimmer,1945.0,1094.0,54.0,27.0,1458.0,31.59845900640049,26.7,mavic,NorthSea_Fri_DJI_0114.MP4,5715,data/raw/seadronessee/odv2/images/val/6661.jpg,train,1620,1162,298,2782,1918,val_00037704,80.0,640,0.3950617283950617,309.3333333333333,314.4691358024691,21.33333333333333,10.666666666666666,227.55555555555557,1.0,8fe6c319c145bfe6c41b4bd884be5417741d8218678ea8dfc0735cca6b82988f,data/synthetic/seadronessee_30m_to_80m/geometry_only/train/val_00037704.png,data/synthetic/seadronessee_30m_to_80m/calibrated/train/val_00037704.png
train:109964,train:16298,train,109964,16298,16298.jpg,3840,2160,2,boat,1635.0,978.0,96.0,98.0,9408.0,29.89854190795489,23.6,m210,DJI_0010_d3.mov,765,data/raw/seadronessee/odv2/images/train/16298.jpg,train,1712,827,171,2539,1883,train_00109964,80.0,640,0.3738317757009345,302.05607476635515,301.6822429906542,35.88785046728972,36.63551401869159,1314.7698488950998,1.0,8fe6c319c145bfe6c41b4bd884be5417741d8218678ea8dfc0735cca6b82988f,data/synthetic/seadronessee_30m_to_80m/geometry_only/train/train_00109964.png,data/synthetic/seadronessee_30m_to_80m/calibrated/train/train_00109964.png
train:37045,train:6597,train,37045,6597,6597.jpg,3840,2160,1,swimmer,1906.0,857.0,62.0,26.0,1612.0,31.79844925327644,29.4,mavic,NorthSea_Fri_DJI_0114.MP4,4755,data/raw/seadronessee/odv2/images/train/6597.jpg,train,1610,1132,65,2742,1675,train_00037045,80.0,640,0.3975155279503105,307.67701863354034,314.83229813664593,24.64596273291925,10.335403726708076,254.725975078122,1.0,8fe6c319c145bfe6c41b4bd884be5417741d8218678ea8dfc0735cca6b82988f,data/synthetic/seadronessee_30m_to_80m/geometry_only/train/train_00037045.png,data/synthetic/seadronessee_30m_to_80m/calibrated/train/train_00037045.png
train:110010,train:16302,train,110010,16302,16302.jpg,3840,2160,2,boat,1739.0,1084.0,110.0,146.0,16060.0,29.998537031392868,23.9,m210,DJI_0010_d3.mov,825,data/raw/seadronessee/odv2/images/train/16302.jpg,train,1707,940,304,2647,2011,train_00110010,80.0,640,0.3749267721148213,299.56649091974225,292.4428822495606,41.241944932630346,54.73930872876392,2257.555556241933,1.0,8fe6c319c145bfe6c41b4bd884be5417741d8218678ea8dfc0735cca6b82988f,data/synthetic/seadronessee_30m_to_80m/geometry_only/train/train_00110010.png,data/synthetic/seadronessee_30m_to_80m/calibrated/train/train_00110010.png
val:24028,val:4911,val,24028,4911,4911.jpg,3840,2160,1,swimmer,1765.0,1062.0,78.0,38.0,2964.0,30.39851752514477,37.1,mavic,NorthSea_Fri_DJI_0112.MP4,6105,data/raw/seadronessee/odv2/images/val/4911.jpg,train,1684,962,239,2646,1923,val_00024028,80.0,640,0.3800475059382422,305.17814726840857,312.7790973871734,29.643705463182897,14.441805225653209,428.1086204659193,1.0,8fe6c319c145bfe6c41b4bd884be5417741d8218678ea8dfc0735cca6b82988f,data/synthetic/seadronessee_30m_to_80m/geometry_only/train/val_00024028.png,data/synthetic/seadronessee_30m_to_80m/calibrated/train/val_00024028.png
train:110202,train:16322,train,110202,16322,16322.jpg,3840,2160,2,boat,1223.0,1144.0,161.0,144.0,23184.0,30.09853215483084,23.6,m210,DJI_0010_d3.mov,1125,data/raw/seadronessee/odv2/images/train/16322.jpg,train,1701,453,366,2154,2067,train_00110202,80.0,640,0.376249265138154,289.7119341563786,292.72192827748387,60.5761316872428,54.17989417989418,3282.00840464215,1.0,8fe6c319c145bfe6c41b4bd884be5417741d8218678ea8dfc0735cca6b82988f,data/synthetic/seadronessee_30m_to_80m/geometry_only/train/train_00110202.png,data/synthetic/seadronessee_30m_to_80m/calibrated/train/train_00110202.png
val:23888,val:4875,val,23888,4875,4875.jpg,3840,2160,1,swimmer,1697.0,1201.0,115.0,97.0,11155.0,29.798546784516912,51.6,mavic,NorthSea_Fri_DJI_0112.MP4,5565,data/raw/seadronessee/odv2/images/val/4875.jpg,train,1718,896,390,2614,2108,val_00023888,80.0,640,0.3725261932479627,298.3934807916182,302.1187427240978,42.84051222351572,36.13504074505239,1548.0436547356553,1.0,8fe6c319c145bfe6c41b4bd884be5417741d8218678ea8dfc0735cca6b82988f,data/synthetic/seadronessee_30m_to_80m/geometry_only/train/val_00023888.png,data/synthetic/seadronessee_30m_to_80m/calibrated/train/val_00023888.png
train:109712,train:16278,train,109712,16278,16278.jpg,3840,2160,2,boat,880.0,1070.0,197.0,57.0,11229.0,29.998537031392868,20.5,m210,DJI_0010_d3.mov,465,data/raw/seadronessee/odv2/images/train/16278.jpg,train,1707,125,245,1832,1952,train_00109712,80.0,640,0.3749267721148213,283.0697129466901,309.3145869947276,73.86057410661981,21.370826010544818,1578.4614782715237,1.0,8fe6c319c145bfe6c41b4bd884be5417741d8218678ea8dfc0735cca6b82988f,data/synthetic/seadronessee_30m_to_80m/geometry_only/train/train_00109712.png,data/synthetic/seadronessee_30m_to_80m/calibrated/train/train_00109712.png
train:36946,train:6587,train,36946,6587,6587.jpg,3840,2160,1,swimmer,2109.0,851.0,24.0,26.0,624.0,31.79844925327644,30.5,mavic,NorthSea_Fri_DJI_0114.MP4,4605,data/raw/seadronessee/odv2/images/train/6587.jpg,train,1610,1316,59,2926,1669,train_00036946,80.0,640,0.3975155279503105,315.22981366459624,314.83229813664593,9.540372670807454,10.335403726708076,98.60360325604722,1.0,8fe6c319c145bfe6c41b4bd884be5417741d8218678ea8dfc0735cca6b82988f,data/synthetic/seadronessee_30m_to_80m/geometry_only/train/train_00036946.png,data/synthetic/seadronessee_30m_to_80m/calibrated/train/train_00036946.png
train:110311,train:16338,train,110311,16338,16338.jpg,3840,2160,2,boat,803.0,1094.0,110.0,103.0,11330.0,29.998537031392868,23.6,m210,DJI_0010_d3.mov,1365,data/raw/seadronessee/odv2/images/train/16338.jpg,train,1707,4,292,1711,1999,train_00110311,80.0,640,0.3749267721148213,299.56649091974225,300.6912712360867,41.241944932630346,38.6174575278266,1592.6590568008155,1.0,8fe6c319c145bfe6c41b4bd884be5417741d8218678ea8dfc0735cca6b82988f,data/synthetic/seadronessee_30m_to_80m/geometry_only/train/train_00110311.png,data/synthetic/seadronessee_30m_to_80m/calibrated/train/train_00110311.png
train:52022,train:8040,train,52022,8040,8040.jpg,3840,2160,1,swimmer,1825.0,736.0,31.0,24.0,744.0,34.4983175861018,42.2,mavic,NorthSea_Fri_DJI_0117.MP4,870,data/raw/seadronessee/odv2/images/train/8040.jpg,train,1484,1098,6,2582,1490,train_00052022,80.0,640,0.431266846361186,313.53099730458223,314.8247978436658,13.369272237196766,10.350404312668465,138.37737302112018,1.0,8fe6c319c145bfe6c41b4bd884be5417741d8218678ea8dfc0735cca6b82988f,data/synthetic/seadronessee_30m_to_80m/geometry_only/train/train_00052022.png,data/synthetic/seadronessee_30m_to_80m/calibrated/train/train_00052022.png
train:110302,train:16336,train,110302,16336,16336.jpg,3840,2160,2,boat,2032.0,839.0,192.0,52.0,9984.0,30.09853215483084,23.6,m210,DJI_0010_d3.mov,1335,data/raw/seadronessee/odv2/images/train/16336.jpg,train,1701,1278,14,2979,1715,train_00110302,80.0,640,0.376249265138154,283.6919459141682,310.40564373897706,72.23985890652557,19.56496178718401,1413.3700790177372,1.0,8fe6c319c145bfe6c41b4bd884be5417741d8218678ea8dfc0735cca6b82988f,data/synthetic/seadronessee_30m_to_80m/geometry_only/train/train_00110302.png,data/synthetic/seadronessee_30m_to_80m/calibrated/train/train_00110302.png
train:52213,train:8056,train,52213,8056,8056.jpg,3840,2160,1,swimmer,2210.0,774.0,34.0,26.0,884.0,34.4983175861018,42.2,mavic,NorthSea_Fri_DJI_0117.MP4,1110,data/raw/seadronessee/odv2/images/train/8056.jpg,train,1484,1485,45,2969,1529,train_00052213,80.0,640,0.431266846361186,312.66846361185986,314.3935309973046,14.663072776280323,11.212938005390836,164.41612600896536,1.0,8fe6c319c145bfe6c41b4bd884be5417741d8218678ea8dfc0735cca6b82988f,data/synthetic/seadronessee_30m_to_80m/geometry_only/train/train_00052213.png,data/synthetic/seadronessee_30m_to_80m/calibrated/train/train_00052213.png
train:110071,train:16308,train,110071,16308,16308.jpg,3840,2160,2,boat,1407.0,973.0,93.0,100.0,9300.0,29.89854190795489,24.2,m210,DJI_0010_d3.mov,915,data/raw/seadronessee/odv2/images/train/16308.jpg,train,1712,598,167,2310,1879,train_00110071,80.0,640,0.3738317757009345,302.4299065420561,301.30841121495325,34.76635514018692,37.38317757009346,1299.676827670539,1.0,8fe6c319c145bfe6c41b4bd884be5417741d8218678ea8dfc0735cca6b82988f,data/synthetic/seadronessee_30m_to_80m/geometry_only/train/train_00110071.png,data/synthetic/seadronessee_30m_to_80m/calibrated/train/train_00110071.png
train:109664,train:16274,train,109664,16274,16274.jpg,3840,2160,1,swimmer,1201.0,1110.0,24.0,23.0,552.0,30.09853215483084,21.0,m210,DJI_0010_d3.mov,405,data/raw/seadronessee/odv2/images/train/16274.jpg,train,1701,362,271,2063,1972,train_00109664,80.0,640,0.376249265138154,315.6731334509112,315.6731334509112,9.029982363315696,8.653733098177543,78.14305725338451,1.0,8fe6c319c145bfe6c41b4bd884be5417741d8218678ea8dfc0735cca6b82988f,data/synthetic/seadronessee_30m_to_80m/geometry_only/train/train_00109664.png,data/synthetic/seadronessee_30m_to_80m/calibrated/train/train_00109664.png
train:110049,train:16306,train,110049,16306,16306.jpg,3840,2160,2,boat,1452.0,966.0,89.0,104.0,9256.0,29.998537031392868,24.2,m210,DJI_0010_d3.mov,885,data/raw/seadronessee/odv2/images/train/16306.jpg,train,1707,643,164,2350,1871,train_00110049,80.0,640,0.3749267721148213,303.31575864089046,300.6912712360867,33.3684827182191,38.99238429994142,1301.116701654753,1.0,8fe6c319c145bfe6c41b4bd884be5417741d8218678ea8dfc0735cca6b82988f,data/synthetic/seadronessee_30m_to_80m/geometry_only/train/train_00110049.png,data/synthetic/seadronessee_30m_to_80m/calibrated/train/train_00110049.png
train:51633,train:8008,train,51633,8008,8008.jpg,3840,2160,1,swimmer,1323.0,777.0,53.0,32.0,1696.0,34.4983175861018,42.2,mavic,NorthSea_Fri_DJI_0117.MP4,390,data/raw/seadronessee/odv2/images/train/8008.jpg,train,1484,608,51,2092,1535,train_00051633,80.0,640,0.431266846361186,308.355795148248,313.099730458221,22.857142857142858,13.800539083557952,315.4408933384675,1.0,8fe6c319c145bfe6c41b4bd884be5417741d8218678ea8dfc0735cca6b82988f,data/synthetic/seadronessee_30m_to_80m/geometry_only/train/train_00051633.png,data/synthetic/seadronessee_30m_to_80m/calibrated/train/train_00051633.png
train:109986,train:16300,train,109986,16300,16300.jpg,3840,2160,2,boat,1594.0,969.0,92.0,99.0,9108.0,29.89854190795489,23.8,m210,DJI_0010_d3.mov,795,data/raw/seadronessee/odv2/images/train/16300.jpg,train,1712,784,162,2496,1874,train_00109986,80.0,640,0.3738317757009345,302.803738317757,301.6822429906542,34.39252336448598,37.00934579439252,1272.8447899379858,1.0,8fe6c319c145bfe6c41b4bd884be5417741d8218678ea8dfc0735cca6b82988f,data/synthetic/seadronessee_30m_to_80m/geometry_only/train/train_00109986.png,data/synthetic/seadronessee_30m_to_80m/calibrated/train/train_00109986.png
train:37256,train:6619,train,37256,6619,6619.jpg,3840,2160,1,swimmer,1937.0,1228.0,43.0,32.0,1376.0,31.398468759524533,36.7,mavic,NorthSea_Fri_DJI_0114.MP4,5085,data/raw/seadronessee/odv2/images/train/6619.jpg,train,1631,1143,428,2774,2059,train_00037256,80.0,640,0.3923973022685469,311.56345800122625,313.9178418148375,16.873083997547518,12.5567136725935,211.87048453082352,1.0,8fe6c319c145bfe6c41b4bd884be5417741d8218678ea8dfc0735cca6b82988f,data/synthetic/seadronessee_30m_to_80m/geometry_only/train/train_00037256.png,data/synthetic/seadronessee_30m_to_80m/calibrated/train/train_00037256.png
train:110169,train:16318,train,110169,16318,16318.jpg,3840,2160,2,boat,1038.0,1051.0,110.0,105.0,11550.0,29.998537031392868,23.7,m210,DJI_0010_d3.mov,1065,data/raw/seadronessee/odv2/images/train/16318.jpg,train,1707,240,250,1947,1957,train_00110169,80.0,640,0.3749267721148213,299.19156414762745,300.3163444639719,41.241944932630346,39.36731107205624,1623.5844753794725,1.0,8fe6c319c145bfe6c41b4bd884be5417741d8218678ea8dfc0735cca6b82988f,data/synthetic/seadronessee_30m_to_80m/geometry_only/train/train_00110169.png,data/synthetic/seadronessee_30m_to_80m/calibrated/train/train_00110169.png
val:37660,val:6657,val,37660,6657,6657.jpg,3840,2160,1,swimmer,1824.0,1300.0,50.0,22.0,1100.0,31.89844437671441,26.7,mavic,NorthSea_Fri_DJI_0114.MP4,5655,data/raw/seadronessee/odv2/images/val/6657.jpg,train,1605,1046,508,2651,2113,val_00037660,80.0,640,0.3987538940809969,310.2305295950156,315.8130841121495,19.937694704049843,8.77258566978193,174.90513484923474,1.0,8fe6c319c145bfe6c41b4bd884be5417741d8218678ea8dfc0735cca6b82988f,data/synthetic/seadronessee_30m_to_80m/geometry_only/train/val_00037660.png,data/synthetic/seadronessee_30m_to_80m/calibrated/train/val_00037660.png
train:107680,train:16026,train,107680,16026,16026.jpg,3840,2160,2,boat,1754.0,1247.0,183.0,68.0,12444.0,29.798546784516912,17.0,m210,DJI_0003.mov,30,data/raw/seadronessee/odv2/images/train/16026.jpg,train,1718,986,422,2704,2140,train_00107680,80.0,640,0.3725261932479627,286.10011641443543,307.3341094295693,68.17229336437718,25.33178114086147,1726.9256153770054,1.0,8fe6c319c145bfe6c41b4bd884be5417741d8218678ea8dfc0735cca6b82988f,data/synthetic/seadronessee_30m_to_80m/geometry_only/train/train_00107680.png,data/synthetic/seadronessee_30m_to_80m/calibrated/train/train_00107680.png
val:37534,val:6647,val,37534,6647,6647.jpg,3840,2160,1,swimmer,1750.0,1087.0,60.0,23.0,1380.0,31.89844437671441,26.7,mavic,NorthSea_Fri_DJI_0114.MP4,5505,data/raw/seadronessee/odv2/images/val/6647.jpg,train,1605,978,296,2583,1901,val_00037534,80.0,640,0.3987538940809969,307.8380062305296,315.4143302180685,23.92523364485981,9.171339563862928,219.4264419017672,1.0,8fe6c319c145bfe6c41b4bd884be5417741d8218678ea8dfc0735cca6b82988f,data/synthetic/seadronessee_30m_to_80m/geometry_only/train/val_00037534.png,data/synthetic/seadronessee_30m_to_80m/calibrated/train/val_00037534.png
train:109847,train:16288,train,109847,16288,16288.jpg,3840,2160,2,boat,1839.0,1019.0,104.0,89.0,9256.0,29.89854190795489,22.3,m210,DJI_0010_d3.mov,615,data/raw/seadronessee/odv2/images/train/16288.jpg,train,1712,1035,208,2747,1920,train_00109847,80.0,640,0.3738317757009345,300.5607476635514,303.1775700934579,38.87850467289719,33.271028037383175,1293.527819023495,1.0,8fe6c319c145bfe6c41b4bd884be5417741d8218678ea8dfc0735cca6b82988f,data/synthetic/seadronessee_30m_to_80m/geometry_only/train/train_00109847.png,data/synthetic/seadronessee_30m_to_80m/calibrated/train/train_00109847.png
val:23896,val:4877,val,23896,4877,4877.jpg,3840,2160,1,swimmer,1776.0,883.0,41.0,62.0,2542.0,30.598507772020724,51.6,mavic,NorthSea_Fri_DJI_0112.MP4,5595,data/raw/seadronessee/odv2/images/val/4877.jpg,train,1673,960,78,2633,1751,val_00023896,80.0,640,0.3825463239689181,312.1578003586372,307.9497907949791,15.684399282725645,23.717872086072923,372.0005759345807,1.0,8fe6c319c145bfe6c41b4bd884be5417741d8218678ea8dfc0735cca6b82988f,data/synthetic/seadronessee_30m_to_80m/geometry_only/train/val_00023896.png,data/synthetic/seadronessee_30m_to_80m/calibrated/train/val_00023896.png
train:110286,train:16334,train,110286,16334,16334.jpg,3840,2160,2,boat,1103.0,1208.0,167.0,99.0,16533.0,29.998537031392868,23.6,m210,DJI_0010_d3.mov,1305,data/raw/seadronessee/odv2/images/train/16334.jpg,train,1707,333,404,2040,2111,train_00110286,80.0,640,0.3749267721148213,288.6936145284124,301.4411247803164,62.61277094317517,37.11775043936731,2324.045206186045,1.0,8fe6c319c145bfe6c41b4bd884be5417741d8218678ea8dfc0735cca6b82988f,data/synthetic/seadronessee_30m_to_80m/geometry_only/train/train_00110286.png,data/synthetic/seadronessee_30m_to_80m/calibrated/train/train_00110286.png
val:23948,val:4891,val,23948,4891,4891.jpg,3840,2160,1,swimmer,1835.0,1064.0,76.0,34.0,2584.0,30.39851752514477,37.1,mavic,NorthSea_Fri_DJI_0112.MP4,5805,data/raw/seadronessee/odv2/images/val/4891.jpg,train,1684,1031,239,2715,1923,val_00023948,80.0,640,0.3800475059382422,305.5581947743468,313.53919239904985,28.883610451306414,12.921615201900238,373.2228998933656,1.0,8fe6c319c145bfe6c41b4bd884be5417741d8218678ea8dfc0735cca6b82988f,data/synthetic/seadronessee_30m_to_80m/geometry_only/train/val_00023948.png,data/synthetic/seadronessee_30m_to_80m/calibrated/train/val_00023948.png
train:109800,train:16284,train,109800,16284,16284.jpg,3840,2160,2,boat,1984.0,1145.0,119.0,132.0,15708.0,29.89854190795489,21.5,m210,DJI_0010_d3.mov,555,data/raw/seadronessee/odv2/images/train/16284.jpg,train,1712,1188,355,2900,2067,train_00109800,80.0,640,0.3738317757009345,297.5700934579439,295.3271028037383,44.48598130841121,49.34579439252336,2195.196086994497,1.0,8fe6c319c145bfe6c41b4bd884be5417741d8218678ea8dfc0735cca6b82988f,data/synthetic/seadronessee_30m_to_80m/geometry_only/train/train_00109800.png,data/synthetic/seadronessee_30m_to_80m/calibrated/train/train_00109800.png
train:109891,train:16292,train,109891,16292,16292.jpg,3840,2160,1,swimmer,952.0,1182.0,30.0,30.0,900.0,29.798546784516912,22.8,m210,DJI_0010_d3.mov,675,data/raw/seadronessee/odv2/images/train/16292.jpg,train,1718,108,338,1826,2056,train_00109891,80.0,640,0.3725261932479627,314.4121071012806,314.4121071012806,11.175785797438882,11.175785797438882,124.89818819023664,1.0,8fe6c319c145bfe6c41b4bd884be5417741d8218678ea8dfc0735cca6b82988f,data/synthetic/seadronessee_30m_to_80m/geometry_only/train/train_00109891.png,data/synthetic/seadronessee_30m_to_80m/calibrated/train/train_00109891.png
train:110031,train:16304,train,110031,16304,16304.jpg,3840,2160,2,boat,1702.0,1081.0,118.0,143.0,16874.0,29.998537031392868,24.1,m210,DJI_0010_d3.mov,855,data/raw/seadronessee/odv2/images/train/16304.jpg,train,1707,908,299,2615,2006,train_00110031,80.0,640,0.3749267721148213,297.6918570591681,293.1927357937903,44.24135910954892,53.61452841241945,2371.9796049829624,1.0,8fe6c319c145bfe6c41b4bd884be5417741d8218678ea8dfc0735cca6b82988f,data/synthetic/seadronessee_30m_to_80m/geometry_only/train/train_00110031.png,data/synthetic/seadronessee_30m_to_80m/calibrated/train/train_00110031.png
train:37103,train:6603,train,37103,6603,6603.jpg,3840,2160,1,swimmer,1843.0,1035.0,26.0,25.0,650.0,31.59845900640049,29.4,mavic,NorthSea_Fri_DJI_0114.MP4,4845,data/raw/seadronessee/odv2/images/train/6603.jpg,train,1620,1046,238,2666,1858,train_00037103,80.0,640,0.3950617283950617,314.8641975308642,314.8641975308642,10.271604938271604,9.876543209876544,101.44795000762078,1.0,8fe6c319c145bfe6c41b4bd884be5417741d8218678ea8dfc0735cca6b82988f,data/synthetic/seadronessee_30m_to_80m/geometry_only/train/train_00037103.png,data/synthetic/seadronessee_30m_to_80m/calibrated/train/train_00037103.png
train:109920,train:16294,train,109920,16294,16294.jpg,3840,2160,2,boat,1726.0,988.0,100.0,104.0,10400.0,29.89854190795489,23.1,m210,DJI_0010_d3.mov,705,data/raw/seadronessee/odv2/images/train/16294.jpg,train,1712,920,184,2632,1896,train_00109920,80.0,640,0.3738317757009345,301.30841121495325,300.5607476635514,37.38317757009346,38.87850467289719,1453.402043846624,1.0,8fe6c319c145bfe6c41b4bd884be5417741d8218678ea8dfc0735cca6b82988f,data/synthetic/seadronessee_30m_to_80m/geometry_only/train/train_00109920.png,data/synthetic/seadronessee_30m_to_80m/calibrated/train/train_00109920.png
train:52279,train:8062,train,52279,8062,8062.jpg,3840,2160,1,swimmer,2243.0,790.0,79.0,29.0,2291.0,34.19833221578787,42.2,mavic,NorthSea_Fri_DJI_0117.MP4,1200,data/raw/seadronessee/odv2/images/train/8062.jpg,train,1497,1534,56,3031,1553,train_00052279,80.0,640,0.4275217100868403,303.11289245156985,313.80093520374083,33.77421509686039,12.398129592518371,418.7370956564655,1.0,8fe6c319c145bfe6c41b4bd884be5417741d8218678ea8dfc0735cca6b82988f,data/synthetic/seadronessee_30m_to_80m/geometry_only/train/train_00052279.png,data/synthetic/seadronessee_30m_to_80m/calibrated/train/train_00052279.png
train:109944,train:16296,train,109944,16296,16296.jpg,3840,2160,2,boat,1824.0,1103.0,100.0,142.0,14200.0,29.89854190795489,23.4,m210,DJI_0010_d3.mov,735,data/raw/seadronessee/odv2/images/train/16296.jpg,train,1712,1018,318,2730,2030,train_00109944,80.0,640,0.3738317757009345,301.30841121495325,293.4579439252336,37.38317757009346,53.08411214953271,1984.4527906367368,1.0,8fe6c319c145bfe6c41b4bd884be5417741d8218678ea8dfc0735cca6b82988f,data/synthetic/seadronessee_30m_to_80m/geometry_only/train/train_00109944.png,data/synthetic/seadronessee_30m_to_80m/calibrated/train/train_00109944.png
val:72492,val:10424,val,72492,10424,10424.jpg,3840,2160,1,swimmer,2964.0,1168.0,72.0,50.0,3600.0,30.89849314233465,54.6,mavic,NorthSea_Sat_DJI_0126.MP4,6135,data/raw/seadronessee/odv2/images/val/10424.jpg,train,1657,2172,364,3829,2021,val_00072492,80.0,640,0.3862401931200965,305.90223295111645,310.5371152685576,27.809293904646957,19.31200965600483,537.0533524132181,1.0,8fe6c319c145bfe6c41b4bd884be5417741d8218678ea8dfc0735cca6b82988f,data/synthetic/seadronessee_30m_to_80m/geometry_only/train/val_00072492.png,data/synthetic/seadronessee_30m_to_80m/calibrated/train/val_00072492.png
train:109772,train:16282,train,109772,16282,16282.jpg,3840,2160,2,boat,1988.0,1050.0,107.0,84.0,8988.0,29.89854190795489,21.3,m210,DJI_0010_d3.mov,525,data/raw/seadronessee/odv2/images/train/16282.jpg,train,1712,1186,236,2898,1948,train_00109772,80.0,640,0.3738317757009345,299.8130841121495,304.29906542056074,40.0,31.401869158878505,1256.07476635514,1.0,8fe6c319c145bfe6c41b4bd884be5417741d8218678ea8dfc0735cca6b82988f,data/synthetic/seadronessee_30m_to_80m/geometry_only/train/train_00109772.png,data/synthetic/seadronessee_30m_to_80m/calibrated/train/train_00109772.png
val:37517,val:6645,val,37517,6645,6645.jpg,3840,2160,1,swimmer,1601.0,1199.0,59.0,27.0,1593.0,31.79844925327644,26.7,mavic,NorthSea_Fri_DJI_0114.MP4,5475,data/raw/seadronessee/odv2/images/val/6645.jpg,train,1610,826,408,2436,2018,val_00037517,80.0,640,0.3975155279503105,308.07453416149065,314.4347826086956,23.45341614906832,10.732919254658384,251.72362177385128,1.0,8fe6c319c145bfe6c41b4bd884be5417741d8218678ea8dfc0735cca6b82988f,data/synthetic/seadronessee_30m_to_80m/geometry_only/train/val_00037517.png,data/synthetic/seadronessee_30m_to_80m/calibrated/train/val_00037517.png
train:110137,train:16314,train,110137,16314,16314.jpg,3840,2160,2,boat,1535.0,1124.0,155.0,146.0,22630.0,29.998537031392868,24.0,m210,DJI_0010_d3.mov,1005,data/raw/seadronessee/odv2/images/train/16314.jpg,train,1707,759,344,2466,2051,train_00110137,80.0,640,0.3749267721148213,290.9431751611013,292.4428822495606,58.113649677797305,54.73930872876392,3181.101011068178,1.0,8fe6c319c145bfe6c41b4bd884be5417741d8218678ea8dfc0735cca6b82988f,data/synthetic/seadronessee_30m_to_80m/geometry_only/train/train_00110137.png,data/synthetic/seadronessee_30m_to_80m/calibrated/train/train_00110137.png
val:37603,val:6653,val,37603,6653,6653.jpg,3840,2160,1,swimmer,1976.0,1084.0,66.0,22.0,1452.0,31.89844437671441,26.7,mavic,NorthSea_Fri_DJI_0114.MP4,5595,data/raw/seadronessee/odv2/images/val/6653.jpg,train,1605,1206,292,2811,1897,val_00037603,80.0,640,0.3987538940809969,307.0404984423676,315.8130841121495,26.317757009345797,8.77258566978193,230.87477800098983,1.0,8fe6c319c145bfe6c41b4bd884be5417741d8218678ea8dfc0735cca6b82988f,data/synthetic/seadronessee_30m_to_80m/geometry_only/train/val_00037603.png,data/synthetic/seadronessee_30m_to_80m/calibrated/train/val_00037603.png
train:109897,train:16292,train,109897,16292,16292.jpg,3840,2160,2,boat,1761.0,1001.0,102.0,92.0,9384.0,29.798546784516912,22.8,m210,DJI_0010_d3.mov,675,data/raw/seadronessee/odv2/images/train/16292.jpg,train,1718,953,188,2671,1906,train_00109897,80.0,640,0.3725261932479627,301.00116414435394,302.86379511059374,37.9976717112922,34.27240977881257,1302.2717755302006,1.0,8fe6c319c145bfe6c41b4bd884be5417741d8218678ea8dfc0735cca6b82988f,data/synthetic/seadronessee_30m_to_80m/geometry_only/train/train_00109897.png,data/synthetic/seadronessee_30m_to_80m/calibrated/train/train_00109897.png
train:109739,train:16280,train,109739,16280,16280.jpg,3840,2160,1,swimmer,1373.0,1171.0,31.0,29.0,899.0,29.89854190795489,20.9,m210,DJI_0010_d3.mov,495,data/raw/seadronessee/odv2/images/train/16280.jpg,train,1712,532,330,2244,2042,train_00109739,80.0,640,0.3738317757009345,314.39252336448595,314.39252336448595,11.588785046728972,10.841121495327103,125.63542667481876,1.0,8fe6c319c145bfe6c41b4bd884be5417741d8218678ea8dfc0735cca6b82988f,data/synthetic/seadronessee_30m_to_80m/geometry_only/train/train_00109739.png,data/synthetic/seadronessee_30m_to_80m/calibrated/train/train_00109739.png
train:110274,train:16332,train,110274,16332,16332.jpg,3840,2160,2,boat,2062.0,839.0,192.0,50.0,9600.0,29.998537031392868,23.6,m210,DJI_0010_d3.mov,1275,data/raw/seadronessee/odv2/images/train/16332.jpg,train,1707,1304,10,3011,1717,train_00110274,80.0,640,0.3749267721148213,284.1944932630346,310.8142940831869,71.9859402460457,18.746338605741062,1349.472810705016,1.0,8fe6c319c145bfe6c41b4bd884be5417741d8218678ea8dfc0735cca6b82988f,data/synthetic/seadronessee_30m_to_80m/geometry_only/train/train_00110274.png,data/synthetic/seadronessee_30m_to_80m/calibrated/train/train_00110274.png
train:52447,train:8076,train,52447,8076,8076.jpg,3840,2160,1,swimmer,2191.0,786.0,77.0,37.0,2849.0,34.19833221578787,42.2,mavic,NorthSea_Fri_DJI_0117.MP4,1410,data/raw/seadronessee/odv2/images/train/8076.jpg,train,1497,1481,56,2978,1553,train_00052447,80.0,640,0.4275217100868403,303.54041416165666,312.0908483633935,32.91917167668671,15.818303273213091,520.7254410847971,1.0,8fe6c319c145bfe6c41b4bd884be5417741d8218678ea8dfc0735cca6b82988f,data/synthetic/seadronessee_30m_to_80m/geometry_only/train/train_00052447.png,data/synthetic/seadronessee_30m_to_80m/calibrated/train/train_00052447.png
train:110230,train:16326,train,110230,16326,16326.jpg,3840,2160,2,boat,1178.0,1151.0,163.0,142.0,23146.0,30.09853215483084,23.6,m210,DJI_0010_d3.mov,1185,data/raw/seadronessee/odv2/images/train/16326.jpg,train,1701,409,372,2110,2073,train_00110230,80.0,640,0.376249265138154,289.3356848912405,293.098177542622,61.32863021751911,53.42739564961787,3276.628991280504,1.0,8fe6c319c145bfe6c41b4bd884be5417741d8218678ea8dfc0735cca6b82988f,data/synthetic/seadronessee_30m_to_80m/geometry_only/train/train_00110230.png,data/synthetic/seadronessee_30m_to_80m/calibrated/train/train_00110230.png
train:51564,train:8002,train,51564,8002,8002.jpg,3840,2160,1,swimmer,1196.0,815.0,47.0,31.0,1457.0,34.39832246266382,42.2,mavic,NorthSea_Fri_DJI_0117.MP4,300,data/raw/seadronessee/odv2/images/train/8002.jpg,train,1488,476,86,1964,1574,train_00051564,80.0,640,0.4301075268817204,309.6774193548387,313.5483870967742,20.21505376344086,13.333333333333334,269.5340501792115,1.0,8fe6c319c145bfe6c41b4bd884be5417741d8218678ea8dfc0735cca6b82988f,data/synthetic/seadronessee_30m_to_80m/geometry_only/train/train_00051564.png,data/synthetic/seadronessee_30m_to_80m/calibrated/train/train_00051564.png
train:110246,train:16328,train,110246,16328,16328.jpg,3840,2160,2,boat,2103.0,831.0,190.0,52.0,9880.0,30.09853215483084,23.6,m210,DJI_0010_d3.mov,1215,data/raw/seadronessee/odv2/images/train/16328.jpg,train,1701,1348,6,3049,1707,train_00110246,80.0,640,0.376249265138154,284.0681951793063,310.40564373897706,71.48736037624927,19.56496178718401,1398.647474027969,1.0,8fe6c319c145bfe6c41b4bd884be5417741d8218678ea8dfc0735cca6b82988f,data/synthetic/seadronessee_30m_to_80m/geometry_only/train/train_00110246.png,data/synthetic/seadronessee_30m_to_80m/calibrated/train/train_00110246.png
train:109866,train:16290,train,109866,16290,16290.jpg,3840,2160,1,swimmer,1011.0,1180.0,34.0,30.0,1020.0,29.89854190795489,22.5,m210,DJI_0010_d3.mov,645,data/raw/seadronessee/odv2/images/train/16290.jpg,train,1712,172,339,1884,2051,train_00109866,80.0,640,0.3738317757009345,313.6448598130841,314.39252336448595,12.710280373831775,11.214953271028037,142.54520045418812,1.0,8fe6c319c145bfe6c41b4bd884be5417741d8218678ea8dfc0735cca6b82988f,data/synthetic/seadronessee_30m_to_80m/geometry_only/train/train_00109866.png,data/synthetic/seadronessee_30m_to_80m/calibrated/train/train_00109866.png
train:107673,train:16024,train,107673,16024,16024.jpg,3840,2160,2,boat,1121.0,915.0,131.0,36.0,4716.0,29.798546784516912,17.0,m210,DJI_0003.mov,0,data/raw/seadronessee/odv2/images/train/16024.jpg,train,1718,328,74,2046,1792,train_00107673,80.0,640,0.3725261932479627,295.41327124563446,313.2945285215367,48.80093131548312,13.41094295692666,654.4665061168399,1.0,8fe6c319c145bfe6c41b4bd884be5417741d8218678ea8dfc0735cca6b82988f,data/synthetic/seadronessee_30m_to_80m/geometry_only/train/train_00107673.png,data/synthetic/seadronessee_30m_to_80m/calibrated/train/train_00107673.png
val:37957,val:6679,val,37957,6679,6679.jpg,3840,2160,1,swimmer,1350.0,959.0,32.0,21.0,672.0,31.79844925327644,26.7,mavic,NorthSea_Fri_DJI_0114.MP4,5985,data/raw/seadronessee/odv2/images/val/6679.jpg,train,1610,561,164,2171,1774,val_00037957,80.0,640,0.3975155279503105,313.639751552795,316.0248447204969,12.720496894409935,8.347826086956522,106.18849581420469,1.0,8fe6c319c145bfe6c41b4bd884be5417741d8218678ea8dfc0735cca6b82988f,data/synthetic/seadronessee_30m_to_80m/geometry_only/train/val_00037957.png,data/synthetic/seadronessee_30m_to_80m/calibrated/train/val_00037957.png
train:110095,train:16310,train,110095,16310,16310.jpg,3840,2160,2,boat,1605.0,1093.0,138.0,148.0,20424.0,29.89854190795489,24.2,m210,DJI_0010_d3.mov,945,data/raw/seadronessee/odv2/images/train/16310.jpg,train,1712,818,311,2530,2023,train_00110095,80.0,640,0.3738317757009345,294.2056074766355,292.33644859813086,51.58878504672897,55.32710280373831,2854.258013800332,1.0,8fe6c319c145bfe6c41b4bd884be5417741d8218678ea8dfc0735cca6b82988f,data/synthetic/seadronessee_30m_to_80m/geometry_only/train/train_00110095.png,data/synthetic/seadronessee_30m_to_80m/calibrated/train/train_00110095.png
val:38060,val:6687,val,38060,6687,6687.jpg,3840,2160,1,swimmer,1464.0,946.0,16.0,19.0,304.0,31.59845900640049,26.7,mavic,NorthSea_Fri_DJI_0114.MP4,6105,data/raw/seadronessee/odv2/images/val/6687.jpg,train,1620,662,146,2282,1766,val_00038060,80.0,640,0.3950617283950617,316.8395061728395,316.04938271604937,6.320987654320987,7.506172839506172,47.446425849718025,1.0,8fe6c319c145bfe6c41b4bd884be5417741d8218678ea8dfc0735cca6b82988f,data/synthetic/seadronessee_30m_to_80m/geometry_only/train/val_00038060.png,data/synthetic/seadronessee_30m_to_80m/calibrated/train/val_00038060.png
train:110153,train:16316,train,110153,16316,16316.jpg,3840,2160,2,boat,1159.0,1041.0,109.0,100.0,10900.0,29.89854190795489,23.7,m210,DJI_0010_d3.mov,1035,data/raw/seadronessee/odv2/images/train/16316.jpg,train,1712,358,235,2070,1947,train_00110153,80.0,640,0.3738317757009345,299.4392523364486,301.30841121495325,40.74766355140187,37.38317757009346,1523.2771421084813,1.0,8fe6c319c145bfe6c41b4bd884be5417741d8218678ea8dfc0735cca6b82988f,data/synthetic/seadronessee_30m_to_80m/geometry_only/train/train_00110153.png,data/synthetic/seadronessee_30m_to_80m/calibrated/train/train_00110153.png
train:51541,train:8000,train,51541,8000,8000.jpg,3840,2160,1,swimmer,1622.0,734.0,30.0,40.0,1200.0,34.29832733922585,42.2,mavic,NorthSea_Fri_DJI_0117.MP4,270,data/raw/seadronessee/odv2/images/train/8000.jpg,train,1493,890,8,2383,1501,train_00051541,80.0,640,0.4286671131949096,313.7843268586738,311.2123241795044,12.860013395847288,17.14668452779638,220.5065927218289,1.0,8fe6c319c145bfe6c41b4bd884be5417741d8218678ea8dfc0735cca6b82988f,data/synthetic/seadronessee_30m_to_80m/geometry_only/train/train_00051541.png,data/synthetic/seadronessee_30m_to_80m/calibrated/train/train_00051541.png
train:109646,train:16272,train,109646,16272,16272.jpg,3840,2160,2,boat,2499.0,1089.0,138.0,77.0,10626.0,29.998537031392868,17.0,m210,DJI_0010_d3.mov,375,data/raw/seadronessee/odv2/images/train/16272.jpg,train,1707,1714,274,3421,1981,train_00109646,80.0,640,0.3749267721148213,294.3175161101348,305.5653192735794,51.73989455184535,28.869361452841243,1493.6977173491148,1.0,8fe6c319c145bfe6c41b4bd884be5417741d8218678ea8dfc0735cca6b82988f,data/synthetic/seadronessee_30m_to_80m/geometry_only/train/train_00109646.png,data/synthetic/seadronessee_30m_to_80m/calibrated/train/train_00109646.png
train:52184,train:8054,train,52184,8054,8054.jpg,3840,2160,1,swimmer,1739.0,736.0,45.0,27.0,1215.0,34.4983175861018,42.2,mavic,NorthSea_Fri_DJI_0117.MP4,1080,data/raw/seadronessee/odv2/images/train/8054.jpg,train,1484,1020,8,2504,1492,train_00052184,80.0,640,0.431266846361186,310.0808625336928,313.96226415094344,19.40700808625337,11.644204851752022,225.97917771594223,1.0,8fe6c319c145bfe6c41b4bd884be5417741d8218678ea8dfc0735cca6b82988f,data/synthetic/seadronessee_30m_to_80m/geometry_only/train/train_00052184.png,data/synthetic/seadronessee_30m_to_80m/calibrated/train/train_00052184.png
train:110216,train:16324,train,110216,16324,16324.jpg,3840,2160,2,boat,1198.0,1147.0,161.0,142.0,22862.0,30.09853215483084,23.6,m210,DJI_0010_d3.mov,1155,data/raw/seadronessee/odv2/images/train/16324.jpg,train,1701,428,368,2129,2069,train_00110216,80.0,640,0.376249265138154,289.7119341563786,293.098177542622,60.5761316872428,53.42739564961787,3236.424954577675,1.0,8fe6c319c145bfe6c41b4bd884be5417741d8218678ea8dfc0735cca6b82988f,data/synthetic/seadronessee_30m_to_80m/geometry_only/train/train_00110216.png,data/synthetic/seadronessee_30m_to_80m/calibrated/train/train_00110216.png
val:38160,val:6695,val,38160,6695,6695.jpg,3840,2160,1,swimmer,1659.0,949.0,20.0,21.0,420.0,31.59845900640049,26.7,mavic,NorthSea_Fri_DJI_0114.MP4,6225,data/raw/seadronessee/odv2/images/val/6695.jpg,train,1620,859,150,2479,1770,val_00038160,80.0,640,0.3950617283950617,316.04938271604937,315.6543209876544,7.901234567901234,8.296296296296296,65.55098308184728,1.0,8fe6c319c145bfe6c41b4bd884be5417741d8218678ea8dfc0735cca6b82988f,data/synthetic/seadronessee_30m_to_80m/geometry_only/train/val_00038160.png,data/synthetic/seadronessee_30m_to_80m/calibrated/train/val_00038160.png
train:109875,train:16290,train,109875,16290,16290.jpg,3840,2160,2,boat,1890.0,1121.0,111.0,138.0,15318.0,29.89854190795489,22.5,m210,DJI_0010_d3.mov,645,data/raw/seadronessee/odv2/images/train/16290.jpg,train,1712,1090,334,2802,2046,train_00109875,80.0,640,0.3738317757009345,299.06542056074767,294.2056074766355,41.495327102803735,51.58878504672897,2140.6935103502487,1.0,8fe6c319c145bfe6c41b4bd884be5417741d8218678ea8dfc0735cca6b82988f,data/synthetic/seadronessee_30m_to_80m/geometry_only/train/train_00109875.png,data/synthetic/seadronessee_30m_to_80m/calibrated/train/train_00109875.png
train:51396,train:7986,train,51396,7986,7986.jpg,3840,2160,1,swimmer,1377.0,768.0,67.0,48.0,3216.0,34.29832733922585,42.2,mavic,NorthSea_Fri_DJI_0117.MP4,60,data/raw/seadronessee/odv2/images/train/7986.jpg,train,1493,664,46,2157,1539,train_00051396,80.0,640,0.4286671131949096,305.63965170797053,309.4976557267247,28.720696584058945,20.57602143335566,590.9576684945015,1.0,8fe6c319c145bfe6c41b4bd884be5417741d8218678ea8dfc0735cca6b82988f,data/synthetic/seadronessee_30m_to_80m/geometry_only/train/train_00051396.png,data/synthetic/seadronessee_30m_to_80m/calibrated/train/train_00051396.png
train:110188,train:16320,train,110188,16320,16320.jpg,3840,2160,2,boat,1260.0,1141.0,161.0,142.0,22862.0,29.998537031392868,23.5,m210,DJI_0010_d3.mov,1095,data/raw/seadronessee/odv2/images/train/16320.jpg,train,1707,487,358,2194,2065,train_00110188,80.0,640,0.3749267721148213,289.8183948447569,293.5676625659051,60.36321031048624,53.23960164030463,3213.7132706602165,1.0,8fe6c319c145bfe6c41b4bd884be5417741d8218678ea8dfc0735cca6b82988f,data/synthetic/seadronessee_30m_to_80m/geometry_only/train/train_00110188.png,data/synthetic/seadronessee_30m_to_80m/calibrated/train/train_00110188.png
train:52142,train:8050,train,52142,8050,8050.jpg,3840,2160,1,swimmer,1823.0,753.0,33.0,26.0,858.0,34.4983175861018,42.2,mavic,NorthSea_Fri_DJI_0117.MP4,1020,data/raw/seadronessee/odv2/images/train/8050.jpg,train,1484,1098,24,2582,1508,train_00052142,80.0,640,0.431266846361186,312.66846361185986,314.3935309973046,14.23180592991914,11.212938005390836,159.58035759693698,1.0,8fe6c319c145bfe6c41b4bd884be5417741d8218678ea8dfc0735cca6b82988f,data/synthetic/seadronessee_30m_to_80m/geometry_only/train/train_00052142.png,data/synthetic/seadronessee_30m_to_80m/calibrated/train/train_00052142.png
train:109738,train:16280,train,109738,16280,16280.jpg,3840,2160,2,boat,800.0,1080.0,203.0,56.0,11368.0,29.89854190795489,20.9,m210,DJI_0010_d3.mov,495,data/raw/seadronessee/odv2/images/train/16280.jpg,train,1712,46,252,1758,1964,train_00109738,80.0,640,0.3738317757009345,281.86915887850466,309.5327102803738,75.88785046728972,20.93457943925233,1588.680234081579,1.0,8fe6c319c145bfe6c41b4bd884be5417741d8218678ea8dfc0735cca6b82988f,data/synthetic/seadronessee_30m_to_80m/geometry_only/train/train_00109738.png,data/synthetic/seadronessee_30m_to_80m/calibrated/train/train_00109738.png
train:52544,train:8084,train,52544,8084,8084.jpg,3840,2160,1,swimmer,2759.0,1122.0,73.0,36.0,2628.0,34.19833221578787,42.2,mavic,NorthSea_Fri_DJI_0117.MP4,1530,data/raw/seadronessee/odv2/images/train/8084.jpg,train,1497,2047,392,3544,1889,train_00052544,80.0,640,0.4275217100868403,304.3954575818303,312.0908483633935,31.209084836339347,15.390781563126254,480.3322075011748,1.0,8fe6c319c145bfe6c41b4bd884be5417741d8218678ea8dfc0735cca6b82988f,data/synthetic/seadronessee_30m_to_80m/geometry_only/train/train_00052544.png,data/synthetic/seadronessee_30m_to_80m/calibrated/train/train_00052544.png
train:109669,train:16274,train,109669,16274,16274.jpg,3840,2160,2,boat,2291.0,1052.0,113.0,74.0,8362.0,30.09853215483084,21.0,m210,DJI_0010_d3.mov,405,data/raw/seadronessee/odv2/images/train/16274.jpg,train,1701,1497,238,3198,1939,train_00109669,80.0,640,0.376249265138154,298.7419165196943,306.2669018224574,42.51616696061141,27.8424456202234,1183.754066581162,1.0,8fe6c319c145bfe6c41b4bd884be5417741d8218678ea8dfc0735cca6b82988f,data/synthetic/seadronessee_30m_to_80m/geometry_only/train/train_00109669.png,data/synthetic/seadronessee_30m_to_80m/calibrated/train/train_00109669.png
train:37165,train:6609,train,37165,6609,6609.jpg,3840,2160,1,swimmer,1652.0,792.0,68.0,49.0,3332.0,31.698454129838463,36.7,mavic,NorthSea_Fri_DJI_0114.MP4,4935,data/raw/seadronessee/odv2/images/train/6609.jpg,train,1615,878,9,2493,1624,train_00037165,80.0,640,0.3962848297213622,306.7244582043344,310.2910216718266,26.947368421052637,19.41795665634675,523.2628320026072,1.0,8fe6c319c145bfe6c41b4bd884be5417741d8218678ea8dfc0735cca6b82988f,data/synthetic/seadronessee_30m_to_80m/geometry_only/train/train_00037165.png,data/synthetic/seadronessee_30m_to_80m/calibrated/train/train_00037165.png
train:110255,train:16330,train,110255,16330,16330.jpg,3840,2160,2,boat,870.0,1076.0,109.0,102.0,11118.0,29.998537031392868,23.6,m210,DJI_0010_d3.mov,1245,data/raw/seadronessee/odv2/images/train/16330.jpg,train,1707,71,274,1778,1981,train_00110255,80.0,640,0.3749267721148213,299.56649091974225,300.6912712360867,40.86701816051553,38.242530755711776,1562.858198897747,1.0,8fe6c319c145bfe6c41b4bd884be5417741d8218678ea8dfc0735cca6b82988f,data/synthetic/seadronessee_30m_to_80m/geometry_only/train/train_00110255.png,data/synthetic/seadronessee_30m_to_80m/calibrated/train/train_00110255.png
val:37581,val:6651,val,37581,6651,6651.jpg,3840,2160,1,swimmer,2163.0,920.0,56.0,22.0,1232.0,31.89844437671441,26.7,mavic,NorthSea_Fri_DJI_0114.MP4,5565,data/raw/seadronessee/odv2/images/val/6651.jpg,train,1605,1388,128,2993,1733,val_00037581,80.0,640,0.3987538940809969,309.0342679127726,315.8130841121495,22.330218068535824,8.77258566978193,195.89375103114293,1.0,8fe6c319c145bfe6c41b4bd884be5417741d8218678ea8dfc0735cca6b82988f,data/synthetic/seadronessee_30m_to_80m/geometry_only/train/val_00037581.png,data/synthetic/seadronessee_30m_to_80m/calibrated/train/val_00037581.png
train:110074,train:16308,train,110074,16308,16308.jpg,3840,2160,2,boat,2703.0,830.0,193.0,59.0,11387.0,29.89854190795489,24.2,m210,DJI_0010_d3.mov,915,data/raw/seadronessee/odv2/images/train/16308.jpg,train,1712,1944,4,3656,1716,train_00110074,80.0,640,0.3738317757009345,283.7383177570093,308.785046728972,72.14953271028037,22.056074766355135,1591.3354878155294,1.0,8fe6c319c145bfe6c41b4bd884be5417741d8218678ea8dfc0735cca6b82988f,data/synthetic/seadronessee_30m_to_80m/geometry_only/train/train_00110074.png,data/synthetic/seadronessee_30m_to_80m/calibrated/train/train_00110074.png
train:37148,train:6607,train,37148,6607,6607.jpg,3840,2160,1,swimmer,1767.0,1187.0,38.0,33.0,1254.0,31.89844437671441,29.4,mavic,NorthSea_Fri_DJI_0114.MP4,4905,data/raw/seadronessee/odv2/images/train/6607.jpg,train,1605,984,401,2589,2006,train_00037148,80.0,640,0.3987538940809969,312.2242990654205,313.4205607476636,15.152647975077882,13.158878504672897,199.39185372812764,1.0,8fe6c319c145bfe6c41b4bd884be5417741d8218678ea8dfc0735cca6b82988f,data/synthetic/seadronessee_30m_to_80m/geometry_only/train/train_00037148.png,data/synthetic/seadronessee_30m_to_80m/calibrated/train/train_00037148.png
train:110032,train:16304,train,110032,16304,16304.jpg,3840,2160,2,boat,2832.0,861.0,196.0,60.0,11760.0,29.998537031392868,24.1,m210,DJI_0010_d3.mov,855,data/raw/seadronessee/odv2/images/train/16304.jpg,train,1707,2076,38,3783,1745,train_00110032,80.0,640,0.3749267721148213,283.4446397188049,308.56473345049795,73.48564733450499,22.49560632688928,1653.104193113645,1.0,8fe6c319c145bfe6c41b4bd884be5417741d8218678ea8dfc0735cca6b82988f,data/synthetic/seadronessee_30m_to_80m/geometry_only/train/train_00110032.png,data/synthetic/seadronessee_30m_to_80m/calibrated/train/train_00110032.png
train:52653,train:8096,train,52653,8096,8096.jpg,3840,2160,1,swimmer,3012.0,1133.0,31.0,32.0,992.0,34.19833221578787,42.2,mavic,NorthSea_Fri_DJI_0117.MP4,1725,data/raw/seadronessee/odv2/images/train/8096.jpg,train,1497,2279,400,3776,1897,train_00052653,80.0,640,0.4275217100868403,313.373413493654,313.373413493654,13.253173012692052,13.680694722778892,181.31261409481175,1.0,8fe6c319c145bfe6c41b4bd884be5417741d8218678ea8dfc0735cca6b82988f,data/synthetic/seadronessee_30m_to_80m/geometry_only/train/train_00052653.png,data/synthetic/seadronessee_30m_to_80m/calibrated/train/train_00052653.png
train:110241,train:16328,train,110241,16328,16328.jpg,3840,2160,2,boat,887.0,1067.0,111.0,104.0,11544.0,30.09853215483084,23.6,m210,DJI_0010_d3.mov,1215,data/raw/seadronessee/odv2/images/train/16328.jpg,train,1701,92,268,1793,1969,train_00110241,80.0,640,0.376249265138154,299.11816578483246,300.6231628453851,41.7636684303351,39.12992357436802,1634.209153864259,1.0,8fe6c319c145bfe6c41b4bd884be5417741d8218678ea8dfc0735cca6b82988f,data/synthetic/seadronessee_30m_to_80m/geometry_only/train/train_00110241.png,data/synthetic/seadronessee_30m_to_80m/calibrated/train/train_00110241.png
train:52312,train:8064,train,52312,8064,8064.jpg,3840,2160,1,swimmer,2790.0,850.0,38.0,30.0,1140.0,34.19833221578787,42.2,mavic,NorthSea_Fri_DJI_0117.MP4,1230,data/raw/seadronessee/odv2/images/train/8064.jpg,train,1497,2060,116,3557,1613,train_00052312,80.0,640,0.4275217100868403,312.0908483633935,313.80093520374083,16.245824983299933,12.82565130260521,208.36328635895703,1.0,8fe6c319c145bfe6c41b4bd884be5417741d8218678ea8dfc0735cca6b82988f,data/synthetic/seadronessee_30m_to_80m/geometry_only/train/train_00052312.png,data/synthetic/seadronessee_30m_to_80m/calibrated/train/train_00052312.png
train:109695,train:16276,train,109695,16276,16276.jpg,3840,2160,2,boat,2170.0,1053.0,109.0,78.0,8502.0,29.998537031392868,20.2,m210,DJI_0010_d3.mov,435,data/raw/seadronessee/odv2/images/train/16276.jpg,train,1707,1371,238,3078,1945,train_00109695,80.0,640,0.3749267721148213,299.56649091974225,305.5653192735794,40.86701816051553,29.244288224956065,1195.12685798063,1.0,8fe6c319c145bfe6c41b4bd884be5417741d8218678ea8dfc0735cca6b82988f,data/synthetic/seadronessee_30m_to_80m/geometry_only/train/train_00109695.png,data/synthetic/seadronessee_30m_to_80m/calibrated/train/train_00109695.png
train:82170,train:12433,train,82170,12433,12433.jpg,3840,2160,1,swimmer,2368.0,1082.0,85.0,130.0,11050.0,33.29837610484608,68.5,mavic,NorthSea_Thu_DJI_0107.MP4,3615,data/raw/seadronessee/odv2/images/train/12433.jpg,train,1538,1642,378,3180,1916,train_00082170,80.0,640,0.4161248374512353,302.10663198959685,292.95188556566967,35.370611183355,54.0962288686606,1913.4166777991784,1.0,8fe6c319c145bfe6c41b4bd884be5417741d8218678ea8dfc0735cca6b82988f,data/synthetic/seadronessee_30m_to_80m/geometry_only/train/train_00082170.png,data/synthetic/seadronessee_30m_to_80m/calibrated/train/train_00082170.png
train:110297,train:16336,train,110297,16336,16336.jpg,3840,2160,2,boat,817.0,1085.0,113.0,109.0,12317.0,30.09853215483084,23.6,m210,DJI_0010_d3.mov,1335,data/raw/seadronessee/odv2/images/train/16336.jpg,train,1701,23,289,1724,1990,train_00110297,80.0,640,0.376249265138154,298.7419165196943,299.4944150499706,42.51616696061141,41.01116990005879,1743.6377467209006,1.0,8fe6c319c145bfe6c41b4bd884be5417741d8218678ea8dfc0735cca6b82988f,data/synthetic/seadronessee_30m_to_80m/geometry_only/train/train_00110297.png,data/synthetic/seadronessee_30m_to_80m/calibrated/train/train_00110297.png
train:51587,train:8004,train,51587,8004,8004.jpg,3840,2160,1,swimmer,1062.0,825.0,35.0,35.0,1225.0,34.39832246266382,42.2,mavic,NorthSea_Fri_DJI_0117.MP4,330,data/raw/seadronessee/odv2/images/train/8004.jpg,train,1488,336,98,1824,1586,train_00051587,80.0,640,0.4301075268817204,312.258064516129,312.68817204301075,15.053763440860216,15.053763440860216,226.6157937333796,1.0,8fe6c319c145bfe6c41b4bd884be5417741d8218678ea8dfc0735cca6b82988f,data/synthetic/seadronessee_30m_to_80m/geometry_only/train/train_00051587.png,data/synthetic/seadronessee_30m_to_80m/calibrated/train/train_00051587.png
train:110051,train:16306,train,110051,16306,16306.jpg,3840,2160,2,boat,1668.0,1082.0,125.0,145.0,18125.0,29.998537031392868,24.2,m210,DJI_0010_d3.mov,885,data/raw/seadronessee/odv2/images/train/16306.jpg,train,1707,877,301,2584,2008,train_00110051,80.0,640,0.3749267721148213,296.5670767428237,292.8178090216755,46.86584651435267,54.3643819566491,2547.8327806279603,1.0,8fe6c319c145bfe6c41b4bd884be5417741d8218678ea8dfc0735cca6b82988f,data/synthetic/seadronessee_30m_to_80m/geometry_only/train/train_00110051.png,data/synthetic/seadronessee_30m_to_80m/calibrated/train/train_00110051.png
val:38193,val:6697,val,38193,6697,6697.jpg,3840,2160,1,swimmer,1112.0,988.0,53.0,24.0,1272.0,31.59845900640049,26.7,mavic,NorthSea_Fri_DJI_0114.MP4,6255,data/raw/seadronessee/odv2/images/val/6697.jpg,train,1620,328,190,1948,1810,val_00038193,80.0,640,0.3950617283950617,309.7283950617284,315.25925925925924,20.938271604938272,9.48148148148148,198.52583447645176,1.0,8fe6c319c145bfe6c41b4bd884be5417741d8218678ea8dfc0735cca6b82988f,data/synthetic/seadronessee_30m_to_80m/geometry_only/train/val_00038193.png,data/synthetic/seadronessee_30m_to_80m/calibrated/train/val_00038193.png
train:110316,train:16338,train,110316,16338,16338.jpg,3840,2160,2,boat,2014.0,844.0,192.0,51.0,9792.0,29.998537031392868,23.6,m210,DJI_0010_d3.mov,1365,data/raw/seadronessee/odv2/images/train/16338.jpg,train,1707,1256,16,2963,1723,train_00110316,80.0,640,0.3749267721148213,284.1944932630346,310.4393673110721,71.9859402460457,19.121265377855888,1376.4622669191165,1.0,8fe6c319c145bfe6c41b4bd884be5417741d8218678ea8dfc0735cca6b82988f,data/synthetic/seadronessee_30m_to_80m/geometry_only/train/train_00110316.png,data/synthetic/seadronessee_30m_to_80m/calibrated/train/train_00110316.png
val:37680,val:6659,val,37680,6659,6659.jpg,3840,2160,1,swimmer,2285.0,946.0,60.0,27.0,1620.0,31.698454129838463,26.7,mavic,NorthSea_Fri_DJI_0114.MP4,5685,data/raw/seadronessee/odv2/images/val/6659.jpg,train,1615,1508,152,3123,1767,val_00037680,80.0,640,0.3962848297213622,307.9133126934985,314.6501547987616,23.77708978328173,10.69969040247678,254.40749935300832,1.0,8fe6c319c145bfe6c41b4bd884be5417741d8218678ea8dfc0735cca6b82988f,data/synthetic/seadronessee_30m_to_80m/geometry_only/train/val_00037680.png,data/synthetic/seadronessee_30m_to_80m/calibrated/train/val_00037680.png
train:109723,train:16278,train,109723,16278,16278.jpg,3840,2160,2,boat,2097.0,1186.0,128.0,84.0,10752.0,29.998537031392868,20.5,m210,DJI_0010_d3.mov,465,data/raw/seadronessee/odv2/images/train/16278.jpg,train,1707,1308,374,3015,2081,train_00109723,80.0,640,0.3749267721148213,295.81722319859404,304.44053895723493,47.99062683069713,31.49384885764499,1511.409547989618,1.0,8fe6c319c145bfe6c41b4bd884be5417741d8218678ea8dfc0735cca6b82988f,data/synthetic/seadronessee_30m_to_80m/geometry_only/train/train_00109723.png,data/synthetic/seadronessee_30m_to_80m/calibrated/train/train_00109723.png
val:37923,val:6677,val,37923,6677,6677.jpg,3840,2160,1,swimmer,1949.0,993.0,25.0,25.0,625.0,31.79844925327644,26.7,mavic,NorthSea_Fri_DJI_0114.MP4,5955,data/raw/seadronessee/odv2/images/val/6677.jpg,train,1610,1156,200,2766,1810,val_00037923,80.0,640,0.3975155279503105,315.22981366459624,315.22981366459624,9.937888198757763,9.937888198757763,98.76162185100884,1.0,8fe6c319c145bfe6c41b4bd884be5417741d8218678ea8dfc0735cca6b82988f,data/synthetic/seadronessee_30m_to_80m/geometry_only/train/val_00037923.png,data/synthetic/seadronessee_30m_to_80m/calibrated/train/val_00037923.png
train:110283,train:16334,train,110283,16334,16334.jpg,3840,2160,2,boat,832.0,1089.0,109.0,97.0,10573.0,29.998537031392868,23.6,m210,DJI_0010_d3.mov,1305,data/raw/seadronessee/odv2/images/train/16334.jpg,train,1707,33,284,1740,1991,train_00110283,80.0,640,0.3749267721148213,299.56649091974225,301.8160515524312,40.86701816051553,36.36789689513767,1486.2475028733477,1.0,8fe6c319c145bfe6c41b4bd884be5417741d8218678ea8dfc0735cca6b82988f,data/synthetic/seadronessee_30m_to_80m/geometry_only/train/train_00110283.png,data/synthetic/seadronessee_30m_to_80m/calibrated/train/train_00110283.png
train:51705,train:8014,train,51705,8014,8014.jpg,3840,2160,1,swimmer,1341.0,756.0,107.0,53.0,5671.0,34.4983175861018,42.2,mavic,NorthSea_Fri_DJI_0117.MP4,480,data/raw/seadronessee/odv2/images/train/8014.jpg,train,1484,652,40,2136,1524,train_00051705,80.0,640,0.431266846361186,297.1428571428572,308.7870619946092,46.145552560646905,22.857142857142858,1054.7554871005009,1.0,8fe6c319c145bfe6c41b4bd884be5417741d8218678ea8dfc0735cca6b82988f,data/synthetic/seadronessee_30m_to_80m/geometry_only/train/train_00051705.png,data/synthetic/seadronessee_30m_to_80m/calibrated/train/train_00051705.png
train:109636,train:16272,train,109636,16272,16272.jpg,3840,2160,2,boat,1384.0,925.0,185.0,50.0,9250.0,29.998537031392868,17.0,m210,DJI_0010_d3.mov,375,data/raw/seadronessee/odv2/images/train/16272.jpg,train,1707,623,96,2330,1803,train_00109636,80.0,640,0.3749267721148213,285.31927357937906,310.8142940831869,69.36145284124194,18.746338605741062,1300.273281148062,1.0,8fe6c319c145bfe6c41b4bd884be5417741d8218678ea8dfc0735cca6b82988f,data/synthetic/seadronessee_30m_to_80m/geometry_only/train/train_00109636.png,data/synthetic/seadronessee_30m_to_80m/calibrated/train/train_00109636.png
train:37082,train:6601,train,37082,6601,6601.jpg,3840,2160,1,swimmer,2139.0,896.0,21.0,20.0,420.0,31.698454129838463,29.4,mavic,NorthSea_Fri_DJI_0114.MP4,4815,data/raw/seadronessee/odv2/images/train/6601.jpg,train,1615,1342,98,2957,1713,train_00037082,80.0,640,0.3962848297213622,315.8390092879257,316.2352941176471,8.321981424148607,7.925696594427245,65.95749983226142,1.0,8fe6c319c145bfe6c41b4bd884be5417741d8218678ea8dfc0735cca6b82988f,data/synthetic/seadronessee_30m_to_80m/geometry_only/train/train_00037082.png,data/synthetic/seadronessee_30m_to_80m/calibrated/train/train_00037082.png
train:110272,train:16332,train,110272,16332,16332.jpg,3840,2160,2,boat,1121.0,1165.0,165.0,144.0,23760.0,29.998537031392868,23.6,m210,DJI_0010_d3.mov,1275,data/raw/seadronessee/odv2/images/train/16332.jpg,train,1707,350,384,2057,2091,train_00110272,80.0,640,0.3749267721148213,289.0685413005273,292.8178090216755,61.86291739894552,53.98945518453427,3339.9452064949146,1.0,8fe6c319c145bfe6c41b4bd884be5417741d8218678ea8dfc0735cca6b82988f,data/synthetic/seadronessee_30m_to_80m/geometry_only/train/train_00110272.png,data/synthetic/seadronessee_30m_to_80m/calibrated/train/train_00110272.png
train:36967,train:6589,train,36967,6589,6589.jpg,3840,2160,1,swimmer,1989.0,879.0,26.0,20.0,520.0,31.89844437671441,29.4,mavic,NorthSea_Fri_DJI_0114.MP4,4635,data/raw/seadronessee/odv2/images/train/6589.jpg,train,1605,1200,86,2805,1691,train_00036967,80.0,640,0.3987538940809969,314.6168224299065,316.2118380062305,10.367601246105918,7.975077881619938,82.68242738327461,1.0,8fe6c319c145bfe6c41b4bd884be5417741d8218678ea8dfc0735cca6b82988f,data/synthetic/seadronessee_30m_to_80m/geometry_only/train/train_00036967.png,data/synthetic/seadronessee_30m_to_80m/calibrated/train/train_00036967.png
train:110325,train:16340,train,110325,16340,16340.jpg,3840,2160,2,boat,794.0,1108.0,112.0,105.0,11760.0,30.09853215483084,23.6,m210,DJI_0010_d3.mov,1395,data/raw/seadronessee/odv2/images/train/16340.jpg,train,1701,0,310,1701,2011,train_00110325,80.0,640,0.376249265138154,298.7419165196943,300.24691358024694,42.13991769547325,39.50617283950618,1664.7868719199312,1.0,8fe6c319c145bfe6c41b4bd884be5417741d8218678ea8dfc0735cca6b82988f,data/synthetic/seadronessee_30m_to_80m/geometry_only/train/train_00110325.png,data/synthetic/seadronessee_30m_to_80m/calibrated/train/train_00110325.png
train:36901,train:6583,train,36901,6583,6583.jpg,3840,2160,1,swimmer,2017.0,1138.0,22.0,19.0,418.0,31.79844925327644,22.0,mavic,NorthSea_Fri_DJI_0114.MP4,4545,data/raw/seadronessee/odv2/images/train/6583.jpg,train,1610,1223,342,2833,1952,train_00036901,80.0,640,0.3975155279503105,315.62732919254654,316.4223602484472,8.745341614906831,7.5527950310559,66.05177269395469,1.0,8fe6c319c145bfe6c41b4bd884be5417741d8218678ea8dfc0735cca6b82988f,data/synthetic/seadronessee_30m_to_80m/geometry_only/train/train_00036901.png,data/synthetic/seadronessee_30m_to_80m/calibrated/train/train_00036901.png
train:109768,train:16282,train,109768,16282,16282.jpg,3840,2160,1,swimmer,901.0,1177.0,25.0,24.0,600.0,29.89854190795489,21.3,m210,DJI_0010_d3.mov,525,data/raw/seadronessee/odv2/images/train/16282.jpg,train,1712,58,333,1770,2045,train_00109768,80.0,640,0.3738317757009345,315.14018691588785,315.5140186915888,9.345794392523365,8.97196261682243,83.8501179142283,1.0,8fe6c319c145bfe6c41b4bd884be5417741d8218678ea8dfc0735cca6b82988f,data/synthetic/seadronessee_30m_to_80m/geometry_only/train/train_00109768.png,data/synthetic/seadronessee_30m_to_80m/calibrated/train/train_00109768.png
val:24038,val:4913,val,24038,4913,4913.jpg,3840,2160,1,swimmer,1859.0,1190.0,31.0,28.0,868.0,30.698502895458702,37.1,mavic,NorthSea_Fri_DJI_0112.MP4,6135,data/raw/seadronessee/odv2/images/val/4913.jpg,train,1668,1040,370,2708,2038,val_00024038,80.0,640,0.3836930455635491,314.2446043165468,314.6282973621103,11.894484412470025,10.743405275779375,127.78726658960603,1.0,8fe6c319c145bfe6c41b4bd884be5417741d8218678ea8dfc0735cca6b82988f,data/synthetic/seadronessee_30m_to_80m/geometry_only/train/val_00024038.png,data/synthetic/seadronessee_30m_to_80m/calibrated/train/val_00024038.png
train:52632,train:8094,train,52632,8094,8094.jpg,3840,2160,1,swimmer,3022.0,905.0,27.0,33.0,891.0,34.19833221578787,42.2,mavic,NorthSea_Fri_DJI_0117.MP4,1695,data/raw/seadronessee/odv2/images/train/8094.jpg,train,1497,2287,173,3784,1670,train_00052632,80.0,640,0.4275217100868403,314.22845691382764,312.9458917835672,11.54308617234469,14.108216432865731,162.85235802265856,1.0,8fe6c319c145bfe6c41b4bd884be5417741d8218678ea8dfc0735cca6b82988f,data/synthetic/seadronessee_30m_to_80m/geometry_only/train/train_00052632.png,data/synthetic/seadronessee_30m_to_80m/calibrated/train/train_00052632.png
val:23996,val:4903,val,23996,4903,4903.jpg,3840,2160,1,swimmer,2240.0,1058.0,75.0,45.0,3375.0,30.498512648582743,37.1,mavic,NorthSea_Fri_DJI_0112.MP4,5985,data/raw/seadronessee/odv2/images/val/4903.jpg,train,1679,1438,241,3117,1920,val_00023996,80.0,640,0.3811792733770101,305.7057772483621,311.4234663490173,28.58844550327576,17.153067301965457,490.3795297762609,1.0,8fe6c319c145bfe6c41b4bd884be5417741d8218678ea8dfc0735cca6b82988f,data/synthetic/seadronessee_30m_to_80m/geometry_only/train/val_00023996.png,data/synthetic/seadronessee_30m_to_80m/calibrated/train/val_00023996.png
train:51993,train:8038,train,51993,8038,8038.jpg,3840,2160,1,swimmer,1394.0,745.0,53.0,36.0,1908.0,34.4983175861018,42.2,mavic,NorthSea_Fri_DJI_0117.MP4,840,data/raw/seadronessee/odv2/images/train/8038.jpg,train,1484,678,21,2162,1505,train_00051993,80.0,640,0.431266846361186,308.7870619946092,312.23719676549865,22.857142857142858,15.525606469002696,354.87100500577594,1.0,8fe6c319c145bfe6c41b4bd884be5417741d8218678ea8dfc0735cca6b82988f,data/synthetic/seadronessee_30m_to_80m/geometry_only/train/train_00051993.png,data/synthetic/seadronessee_30m_to_80m/calibrated/train/train_00051993.png
val:23964,val:4895,val,23964,4895,4895.jpg,3840,2160,1,swimmer,1869.0,1022.0,90.0,36.0,3240.0,30.498512648582743,37.1,mavic,NorthSea_Fri_DJI_0112.MP4,5865,data/raw/seadronessee/odv2/images/val/4895.jpg,train,1679,1074,200,2753,1879,val_00023964,80.0,640,0.3811792733770101,303.03752233472306,313.32936271590233,34.306134603930914,13.722453841572364,470.7643485852104,1.0,8fe6c319c145bfe6c41b4bd884be5417741d8218678ea8dfc0735cca6b82988f,data/synthetic/seadronessee_30m_to_80m/geometry_only/train/val_00023964.png,data/synthetic/seadronessee_30m_to_80m/calibrated/train/val_00023964.png
train:81982,train:12338,train,81982,12338,12338.jpg,3840,2160,1,swimmer,2117.0,773.0,120.0,59.0,7080.0,32.7984004876562,45.1,mavic,NorthSea_Thu_DJI_0107.MP4,2175,data/raw/seadronessee/odv2/images/train/12338.jpg,train,1561,1396,22,2957,1583,train_00081982,80.0,640,0.4099935938500961,295.6053811659193,307.90518898142216,49.19923126201153,24.18962203715567,1190.1108087466723,1.0,8fe6c319c145bfe6c41b4bd884be5417741d8218678ea8dfc0735cca6b82988f,data/synthetic/seadronessee_30m_to_80m/geometry_only/train/train_00081982.png,data/synthetic/seadronessee_30m_to_80m/calibrated/train/train_00081982.png
train:109965,train:16298,train,109965,16298,16298.jpg,3840,2160,1,swimmer,1130.0,1288.0,45.0,24.0,1080.0,29.89854190795489,23.6,m210,DJI_0010_d3.mov,765,data/raw/seadronessee/odv2/images/train/16298.jpg,train,1712,296,444,2008,2156,train_00109965,80.0,640,0.3738317757009345,311.77570093457945,315.5140186915888,16.822429906542055,8.97196261682243,150.93021224561096,1.0,8fe6c319c145bfe6c41b4bd884be5417741d8218678ea8dfc0735cca6b82988f,data/synthetic/seadronessee_30m_to_80m/geometry_only/train/train_00109965.png,data/synthetic/seadronessee_30m_to_80m/calibrated/train/train_00109965.png
train:52094,train:8046,train,52094,8046,8046.jpg,3840,2160,1,swimmer,1808.0,742.0,33.0,25.0,825.0,34.4983175861018,42.2,mavic,NorthSea_Fri_DJI_0117.MP4,960,data/raw/seadronessee/odv2/images/train/8046.jpg,train,1484,1082,12,2566,1496,train_00052094,80.0,640,0.431266846361186,313.099730458221,314.8247978436658,14.23180592991914,10.781671159029653,153.44265153551635,1.0,8fe6c319c145bfe6c41b4bd884be5417741d8218678ea8dfc0735cca6b82988f,data/synthetic/seadronessee_30m_to_80m/geometry_only/train/train_00052094.png,data/synthetic/seadronessee_30m_to_80m/calibrated/train/train_00052094.png
val:24004,val:4905,val,24004,4905,4905.jpg,3840,2160,1,swimmer,1956.0,1069.0,64.0,30.0,1920.0,30.598507772020724,37.1,mavic,NorthSea_Fri_DJI_0112.MP4,6015,data/raw/seadronessee/odv2/images/val/4905.jpg,train,1673,1152,248,2825,1921,val_00024004,80.0,640,0.3825463239689181,307.56724447101016,314.07053197848177,24.48296473401076,11.476389719067544,280.9760447656943,1.0,8fe6c319c145bfe6c41b4bd884be5417741d8218678ea8dfc0735cca6b82988f,data/synthetic/seadronessee_30m_to_80m/geometry_only/train/val_00024004.png,data/synthetic/seadronessee_30m_to_80m/calibrated/train/val_00024004.png
train:37025,train:6595,train,37025,6595,6595.jpg,3840,2160,1,swimmer,1913.0,829.0,57.0,23.0,1311.0,31.79844925327644,29.4,mavic,NorthSea_Fri_DJI_0114.MP4,4725,data/raw/seadronessee/odv2/images/train/6595.jpg,train,1610,1136,36,2746,1646,train_00037025,80.0,640,0.3975155279503105,308.8695652173913,315.22981366459624,22.658385093167706,9.142857142857142,207.1623779946761,1.0,8fe6c319c145bfe6c41b4bd884be5417741d8218678ea8dfc0735cca6b82988f,data/synthetic/seadronessee_30m_to_80m/geometry_only/train/train_00037025.png,data/synthetic/seadronessee_30m_to_80m/calibrated/train/train_00037025.png
train:51848,train:8026,train,51848,8026,8026.jpg,3840,2160,1,swimmer,1555.0,767.0,78.0,34.0,2652.0,34.4983175861018,42.2,mavic,NorthSea_Fri_DJI_0117.MP4,660,data/raw/seadronessee/odv2/images/train/8026.jpg,train,1484,852,42,2336,1526,train_00051848,80.0,640,0.431266846361186,303.1805929919138,312.66846361185986,33.63881401617251,14.663072776280323,493.24837802689615,1.0,8fe6c319c145bfe6c41b4bd884be5417741d8218678ea8dfc0735cca6b82988f,data/synthetic/seadronessee_30m_to_80m/geometry_only/train/train_00051848.png,data/synthetic/seadronessee_30m_to_80m/calibrated/train/train_00051848.png
val:37790,val:6667,val,37790,6667,6667.jpg,3840,2160,1,swimmer,1606.0,1223.0,48.0,22.0,1056.0,31.79844925327644,26.7,mavic,NorthSea_Fri_DJI_0114.MP4,5805,data/raw/seadronessee/odv2/images/val/6667.jpg,train,1610,825,429,2435,2039,val_00037790,80.0,640,0.3975155279503105,310.45962732919253,315.62732919254654,19.080745341614907,8.745341614906831,166.8676362794645,1.0,8fe6c319c145bfe6c41b4bd884be5417741d8218678ea8dfc0735cca6b82988f,data/synthetic/seadronessee_30m_to_80m/geometry_only/train/val_00037790.png,data/synthetic/seadronessee_30m_to_80m/calibrated/train/val_00037790.png
train:52064,train:8044,train,52064,8044,8044.jpg,3840,2160,1,swimmer,1393.0,823.0,85.0,32.0,2720.0,34.4983175861018,42.2,mavic,NorthSea_Fri_DJI_0117.MP4,930,data/raw/seadronessee/odv2/images/train/8044.jpg,train,1484,694,97,2178,1581,train_00052064,80.0,640,0.431266846361186,301.455525606469,313.099730458221,36.65768194070081,13.800539083557952,505.8957723352781,1.0,8fe6c319c145bfe6c41b4bd884be5417741d8218678ea8dfc0735cca6b82988f,data/synthetic/seadronessee_30m_to_80m/geometry_only/train/train_00052064.png,data/synthetic/seadronessee_30m_to_80m/calibrated/train/train_00052064.png
train:52240,train:8058,train,52240,8058,8058.jpg,3840,2160,1,swimmer,2169.0,741.0,42.0,27.0,1134.0,34.19833221578787,42.2,mavic,NorthSea_Fri_DJI_0117.MP4,1140,data/raw/seadronessee/odv2/images/train/8058.jpg,train,1497,1442,6,2939,1503,train_00052240,80.0,640,0.4275217100868403,310.8082832331329,314.22845691382764,17.955911823647295,11.54308617234469,207.2666374833836,1.0,8fe6c319c145bfe6c41b4bd884be5417741d8218678ea8dfc0735cca6b82988f,data/synthetic/seadronessee_30m_to_80m/geometry_only/train/train_00052240.png,data/synthetic/seadronessee_30m_to_80m/calibrated/train/train_00052240.png
train:52399,train:8072,train,52399,8072,8072.jpg,3840,2160,1,swimmer,2200.0,798.0,83.0,36.0,2988.0,34.19833221578787,42.2,mavic,NorthSea_Fri_DJI_0117.MP4,1350,data/raw/seadronessee/odv2/images/train/8072.jpg,train,1497,1493,68,2990,1565,train_00052399,80.0,640,0.4275217100868403,302.2578490313961,312.0908483633935,35.48430193720775,15.390781563126254,546.1311400355823,1.0,8fe6c319c145bfe6c41b4bd884be5417741d8218678ea8dfc0735cca6b82988f,data/synthetic/seadronessee_30m_to_80m/geometry_only/train/train_00052399.png,data/synthetic/seadronessee_30m_to_80m/calibrated/train/train_00052399.png
train:51663,train:8010,train,51663,8010,8010.jpg,3840,2160,1,swimmer,2459.0,1261.0,36.0,31.0,1116.0,34.598312709539776,42.2,mavic,NorthSea_Fri_DJI_0117.MP4,420,data/raw/seadronessee/odv2/images/train/8010.jpg,train,1480,1737,536,3217,2016,train_00051663,80.0,640,0.4324324324324324,312.21621621621625,313.51351351351354,15.567567567567568,13.405405405405409,208.68955441928415,1.0,8fe6c319c145bfe6c41b4bd884be5417741d8218678ea8dfc0735cca6b82988f,data/synthetic/seadronessee_30m_to_80m/geometry_only/train/train_00051663.png,data/synthetic/seadronessee_30m_to_80m/calibrated/train/train_00051663.png
train:51880,train:8028,train,51880,8028,8028.jpg,3840,2160,1,swimmer,2315.0,1403.0,37.0,30.0,1110.0,34.4983175861018,42.2,mavic,NorthSea_Fri_DJI_0117.MP4,690,data/raw/seadronessee/odv2/images/train/8028.jpg,train,1484,1592,676,3076,2160,train_00051880,80.0,640,0.431266846361186,311.8059299191375,313.53099730458223,15.956873315363882,12.93800539083558,206.45011297505832,1.0,8fe6c319c145bfe6c41b4bd884be5417741d8218678ea8dfc0735cca6b82988f,data/synthetic/seadronessee_30m_to_80m/geometry_only/train/train_00051880.png,data/synthetic/seadronessee_30m_to_80m/calibrated/train/train_00051880.png
train:36689,train:6567,train,36689,6567,6567.jpg,3840,2160,1,swimmer,2387.0,980.0,36.0,23.0,828.0,31.698454129838463,22.0,mavic,NorthSea_Fri_DJI_0114.MP4,4305,data/raw/seadronessee/odv2/images/train/6567.jpg,train,1615,1598,184,3213,1799,train_00036689,80.0,640,0.3962848297213622,312.6687306501548,315.44272445820434,14.266253869969042,9.114551083591332,130.03049966931536,1.0,8fe6c319c145bfe6c41b4bd884be5417741d8218678ea8dfc0735cca6b82988f,data/synthetic/seadronessee_30m_to_80m/geometry_only/train/train_00036689.png,data/synthetic/seadronessee_30m_to_80m/calibrated/train/train_00036689.png
train:52568,train:8086,train,52568,8086,8086.jpg,3840,2160,1,swimmer,2683.0,930.0,76.0,29.0,2204.0,34.19833221578787,42.2,mavic,NorthSea_Fri_DJI_0117.MP4,1560,data/raw/seadronessee/odv2/images/train/8086.jpg,train,1497,1972,196,3469,1693,train_00052568,80.0,640,0.4275217100868403,303.9679358717435,313.80093520374083,32.491649966599866,12.398129592518371,402.8356869606503,1.0,8fe6c319c145bfe6c41b4bd884be5417741d8218678ea8dfc0735cca6b82988f,data/synthetic/seadronessee_30m_to_80m/geometry_only/train/train_00052568.png,data/synthetic/seadronessee_30m_to_80m/calibrated/train/train_00052568.png
train:51807,train:8022,train,51807,8022,8022.jpg,3840,2160,1,swimmer,2490.0,1274.0,32.0,31.0,992.0,34.4983175861018,42.2,mavic,NorthSea_Fri_DJI_0117.MP4,600,data/raw/seadronessee/odv2/images/train/8022.jpg,train,1484,1764,548,3248,2032,train_00051807,80.0,640,0.431266846361186,313.099730458221,313.099730458221,13.800539083557952,13.369272237196766,184.50316402816023,1.0,8fe6c319c145bfe6c41b4bd884be5417741d8218678ea8dfc0735cca6b82988f,data/synthetic/seadronessee_30m_to_80m/geometry_only/train/train_00051807.png,data/synthetic/seadronessee_30m_to_80m/calibrated/train/train_00051807.png
train:37346,train:6629,train,37346,6629,6629.jpg,3840,2160,1,swimmer,1942.0,951.0,37.0,28.0,1036.0,31.698454129838463,36.7,mavic,NorthSea_Fri_DJI_0114.MP4,5235,data/raw/seadronessee/odv2/images/train/6629.jpg,train,1615,1153,158,2768,1773,train_00037346,80.0,640,0.3962848297213622,312.6687306501548,314.25386996904024,14.662538699690405,11.095975232198144,162.69516625291146,1.0,8fe6c319c145bfe6c41b4bd884be5417741d8218678ea8dfc0735cca6b82988f,data/synthetic/seadronessee_30m_to_80m/geometry_only/train/train_00037346.png,data/synthetic/seadronessee_30m_to_80m/calibrated/train/train_00037346.png
val:23982,val:4899,val,23982,4899,4899.jpg,3840,2160,1,swimmer,2510.0,1206.0,31.0,27.0,837.0,30.498512648582743,37.1,mavic,NorthSea_Fri_DJI_0112.MP4,5925,data/raw/seadronessee/odv2/images/val/4899.jpg,train,1679,1686,380,3365,2059,val_00023982,80.0,640,0.3811792733770101,314.09172126265634,314.8540798094104,11.816557474687317,10.291840381179274,121.6141233845127,1.0,8fe6c319c145bfe6c41b4bd884be5417741d8218678ea8dfc0735cca6b82988f,data/synthetic/seadronessee_30m_to_80m/geometry_only/train/val_00023982.png,data/synthetic/seadronessee_30m_to_80m/calibrated/train/val_00023982.png
train:109687,train:16276,train,109687,16276,16276.jpg,3840,2160,1,swimmer,1555.0,1154.0,28.0,31.0,868.0,29.998537031392868,20.2,m210,DJI_0010_d3.mov,435,data/raw/seadronessee/odv2/images/train/16276.jpg,train,1707,716,316,2423,2023,train_00109687,80.0,640,0.3749267721148213,314.5635618043351,314.1886350322203,10.497949619214998,11.62272993555946,122.0148333012452,1.0,8fe6c319c145bfe6c41b4bd884be5417741d8218678ea8dfc0735cca6b82988f,data/synthetic/seadronessee_30m_to_80m/geometry_only/train/train_00109687.png,data/synthetic/seadronessee_30m_to_80m/calibrated/train/train_00109687.png
val:72718,val:10446,val,72718,10446,10446.jpg,3840,2160,1,swimmer,2720.0,956.0,68.0,52.0,3536.0,27.59865406888144,54.6,mavic,NorthSea_Sat_DJI_0126.MP4,6465,data/raw/seadronessee/odv2/images/val/10446.jpg,train,1855,1826,54,3681,1909,val_00072718,80.0,640,0.3450134770889488,308.4420485175202,311.2021563342318,23.46091644204852,17.940700808625337,420.9052825829513,1.0,8fe6c319c145bfe6c41b4bd884be5417741d8218678ea8dfc0735cca6b82988f,data/synthetic/seadronessee_30m_to_80m/geometry_only/train/val_00072718.png,data/synthetic/seadronessee_30m_to_80m/calibrated/train/val_00072718.png
train:109814,train:16286,train,109814,16286,16286.jpg,3840,2160,1,swimmer,1147.0,1177.0,31.0,29.0,899.0,29.89854190795489,22.0,m210,DJI_0010_d3.mov,585,data/raw/seadronessee/odv2/images/train/16286.jpg,train,1712,306,336,2018,2048,train_00109814,80.0,640,0.3738317757009345,314.39252336448595,314.39252336448595,11.588785046728972,10.841121495327103,125.63542667481876,1.0,8fe6c319c145bfe6c41b4bd884be5417741d8218678ea8dfc0735cca6b82988f,data/synthetic/seadronessee_30m_to_80m/geometry_only/train/train_00109814.png,data/synthetic/seadronessee_30m_to_80m/calibrated/train/train_00109814.png
val:24081,val:4923,val,24081,4923,4923.jpg,3840,2160,1,swimmer,2131.0,1193.0,30.0,20.0,600.0,30.698502895458702,37.1,mavic,NorthSea_Fri_DJI_0112.MP4,6285,data/raw/seadronessee/odv2/images/val/4923.jpg,train,1668,1312,369,2980,2037,val_00024081,80.0,640,0.3836930455635491,314.2446043165468,316.16306954436453,11.510791366906474,7.673860911270983,88.33221192829909,1.0,8fe6c319c145bfe6c41b4bd884be5417741d8218678ea8dfc0735cca6b82988f,data/synthetic/seadronessee_30m_to_80m/geometry_only/train/val_00024081.png,data/synthetic/seadronessee_30m_to_80m/calibrated/train/val_00024081.png
val:24054,val:4917,val,24054,4917,4917.jpg,3840,2160,1,swimmer,2086.0,1178.0,26.0,22.0,572.0,30.598507772020724,37.1,mavic,NorthSea_Fri_DJI_0112.MP4,6195,data/raw/seadronessee/odv2/images/val/4917.jpg,train,1673,1262,352,2935,2025,val_00024054,80.0,640,0.3825463239689181,315.2181709503885,315.9832635983264,9.94620442319187,8.416019127316199,83.70744666977977,1.0,8fe6c319c145bfe6c41b4bd884be5417741d8218678ea8dfc0735cca6b82988f,data/synthetic/seadronessee_30m_to_80m/geometry_only/train/val_00024054.png,data/synthetic/seadronessee_30m_to_80m/calibrated/train/val_00024054.png
train:52802,train:8114,train,52802,8114,8114.jpg,3840,2160,1,swimmer,2452.0,1090.0,28.0,28.0,784.0,34.29832733922585,39.7,mavic,NorthSea_Fri_DJI_0117.MP4,1995,data/raw/seadronessee/odv2/images/train/8114.jpg,train,1493,1720,358,3213,1851,train_00052802,80.0,640,0.4286671131949096,313.7843268586738,313.7843268586738,12.002679169457467,12.002679169457467,144.06430724492824,1.0,8fe6c319c145bfe6c41b4bd884be5417741d8218678ea8dfc0735cca6b82988f,data/synthetic/seadronessee_30m_to_80m/geometry_only/train/train_00052802.png,data/synthetic/seadronessee_30m_to_80m/calibrated/train/train_00052802.png
val:52830,val:8116,val,52830,8116,8116.jpg,3840,2160,1,swimmer,2981.0,985.0,49.0,62.0,3038.0,34.29832733922585,40.4,mavic,NorthSea_Fri_DJI_0117.MP4,2025,data/raw/seadronessee/odv2/images/val/8116.jpg,train,1493,2259,270,3752,1763,val_00052830,80.0,640,0.4286671131949096,309.4976557267247,306.49698593436034,21.004688546550568,26.577361018084392,558.2491905740968,1.0,8fe6c319c145bfe6c41b4bd884be5417741d8218678ea8dfc0735cca6b82988f,data/synthetic/seadronessee_30m_to_80m/geometry_only/train/val_00052830.png,data/synthetic/seadronessee_30m_to_80m/calibrated/train/val_00052830.png
train:37064,train:6599,train,37064,6599,6599.jpg,3840,2160,1,swimmer,1907.0,891.0,25.0,27.0,675.0,31.79844925327644,29.4,mavic,NorthSea_Fri_DJI_0114.MP4,4785,data/raw/seadronessee/odv2/images/train/6599.jpg,train,1610,1114,100,2724,1710,train_00037064,80.0,640,0.3975155279503105,315.22981366459624,314.4347826086956,9.937888198757763,10.732919254658384,106.66255159908953,1.0,8fe6c319c145bfe6c41b4bd884be5417741d8218678ea8dfc0735cca6b82988f,data/synthetic/seadronessee_30m_to_80m/geometry_only/train/train_00037064.png,data/synthetic/seadronessee_30m_to_80m/calibrated/train/train_00037064.png
train:81986,train:12340,train,81986,12340,12340.jpg,3840,2160,1,swimmer,2106.0,839.0,124.0,60.0,7440.0,32.59841024078025,52.7,mavic,NorthSea_Thu_DJI_0107.MP4,2205,data/raw/seadronessee/odv2/images/train/12340.jpg,train,1571,1382,84,2953,1655,train_00081986,80.0,640,0.4073838319541693,294.9458943348186,307.57479312539783,50.515595162317,24.44302991725016,1234.754203840212,1.0,8fe6c319c145bfe6c41b4bd884be5417741d8218678ea8dfc0735cca6b82988f,data/synthetic/seadronessee_30m_to_80m/geometry_only/train/train_00081986.png,data/synthetic/seadronessee_30m_to_80m/calibrated/train/train_00081986.png
val:23990,val:4901,val,23990,4901,4901.jpg,3840,2160,1,swimmer,2443.0,1209.0,34.0,24.0,816.0,30.598507772020724,37.1,mavic,NorthSea_Fri_DJI_0112.MP4,5955,data/raw/seadronessee/odv2/images/val/4901.jpg,train,1673,1624,384,3297,2057,val_00023990,80.0,640,0.3825463239689181,313.30543933054395,315.60071727435746,13.006575014943216,9.181111775254037,119.41481902542009,1.0,8fe6c319c145bfe6c41b4bd884be5417741d8218678ea8dfc0735cca6b82988f,data/synthetic/seadronessee_30m_to_80m/geometry_only/train/val_00023990.png,data/synthetic/seadronessee_30m_to_80m/calibrated/train/val_00023990.png
train:52167,train:8052,train,52167,8052,8052.jpg,3840,2160,1,swimmer,2557.0,1329.0,36.0,35.0,1260.0,34.4983175861018,42.2,mavic,NorthSea_Fri_DJI_0117.MP4,1050,data/raw/seadronessee/odv2/images/train/8052.jpg,train,1484,1833,604,3317,2088,train_00052167,80.0,640,0.431266846361186,312.23719676549865,312.66846361185986,15.525606469002696,15.09433962264151,234.34877689060676,1.0,8fe6c319c145bfe6c41b4bd884be5417741d8218678ea8dfc0735cca6b82988f,data/synthetic/seadronessee_30m_to_80m/geometry_only/train/train_00052167.png,data/synthetic/seadronessee_30m_to_80m/calibrated/train/train_00052167.png
train:37428,train:6637,train,37428,6637,6637.jpg,3840,2160,1,swimmer,2148.0,1222.0,38.0,34.0,1292.0,31.59845900640049,26.7,mavic,NorthSea_Fri_DJI_0114.MP4,5355,data/raw/seadronessee/odv2/images/train/6637.jpg,train,1620,1357,429,2977,2049,train_00037428,80.0,640,0.3950617283950617,312.4938271604938,313.28395061728395,15.012345679012345,13.432098765432098,201.6473098613016,1.0,8fe6c319c145bfe6c41b4bd884be5417741d8218678ea8dfc0735cca6b82988f,data/synthetic/seadronessee_30m_to_80m/geometry_only/train/train_00037428.png,data/synthetic/seadronessee_30m_to_80m/calibrated/train/train_00037428.png
train:109617,train:16270,train,109617,16270,16270.jpg,3840,2160,1,swimmer,2160.0,955.0,17.0,19.0,323.0,30.19852727826882,-7.5,m210,DJI_0010_d3.mov,345,data/raw/seadronessee/odv2/images/train/16270.jpg,train,1695,1321,117,3016,1812,train_00109617,80.0,640,0.3775811209439528,316.7905604719764,316.41297935103245,6.4188790560471976,7.174041297935103,46.049303434533286,1.0,8fe6c319c145bfe6c41b4bd884be5417741d8218678ea8dfc0735cca6b82988f,data/synthetic/seadronessee_30m_to_80m/geometry_only/train/train_00109617.png,data/synthetic/seadronessee_30m_to_80m/calibrated/train/train_00109617.png
val:72545,val:10428,val,72545,10428,10428.jpg,3840,2160,1,swimmer,2417.0,944.0,46.0,46.0,2116.0,29.89854190795489,54.6,mavic,NorthSea_Sat_DJI_0126.MP4,6195,data/raw/seadronessee/odv2/images/val/10428.jpg,train,1712,1584,111,3296,1823,val_00072545,80.0,640,0.3738317757009345,311.40186915887847,311.40186915887847,17.19626168224299,17.19626168224299,295.71141584417853,1.0,8fe6c319c145bfe6c41b4bd884be5417741d8218678ea8dfc0735cca6b82988f,data/synthetic/seadronessee_30m_to_80m/geometry_only/train/val_00072545.png,data/synthetic/seadronessee_30m_to_80m/calibrated/train/val_00072545.png
train:109637,train:16272,train,109637,16272,16272.jpg,3840,2160,1,swimmer,1972.0,1044.0,25.0,29.0,725.0,29.998537031392868,17.0,m210,DJI_0010_d3.mov,375,data/raw/seadronessee/odv2/images/train/16272.jpg,train,1707,1131,205,2838,1912,train_00109637,80.0,640,0.3749267721148213,315.3134153485647,314.5635618043351,9.373169302870531,10.872876391329818,101.9133112251184,1.0,8fe6c319c145bfe6c41b4bd884be5417741d8218678ea8dfc0735cca6b82988f,data/synthetic/seadronessee_30m_to_80m/geometry_only/train/train_00109637.png,data/synthetic/seadronessee_30m_to_80m/calibrated/train/train_00109637.png
train:109915,train:16294,train,109915,16294,16294.jpg,3840,2160,1,swimmer,892.0,1184.0,33.0,30.0,990.0,29.89854190795489,23.1,m210,DJI_0010_d3.mov,705,data/raw/seadronessee/odv2/images/train/16294.jpg,train,1712,52,343,1764,2055,train_00109915,80.0,640,0.3738317757009345,314.01869158878503,314.39252336448595,12.33644859813084,11.214953271028037,138.3526945584767,1.0,8fe6c319c145bfe6c41b4bd884be5417741d8218678ea8dfc0735cca6b82988f,data/synthetic/seadronessee_30m_to_80m/geometry_only/train/train_00109915.png,data/synthetic/seadronessee_30m_to_80m/calibrated/train/train_00109915.png
train:51436,train:7990,train,51436,7990,7990.jpg,3840,2160,1,swimmer,1988.0,842.0,39.0,30.0,1170.0,34.29832733922585,42.2,mavic,NorthSea_Fri_DJI_0117.MP4,120,data/raw/seadronessee/odv2/images/train/7990.jpg,train,1493,1261,110,2754,1603,train_00051436,80.0,640,0.4286671131949096,311.64099129269925,313.7843268586738,16.718017414601473,12.860013395847288,214.9939279037832,1.0,8fe6c319c145bfe6c41b4bd884be5417741d8218678ea8dfc0735cca6b82988f,data/synthetic/seadronessee_30m_to_80m/geometry_only/train/train_00051436.png,data/synthetic/seadronessee_30m_to_80m/calibrated/train/train_00051436.png
train:51417,train:7988,train,51417,7988,7988.jpg,3840,2160,1,swimmer,1876.0,854.0,38.0,39.0,1482.0,34.39832246266382,42.2,mavic,NorthSea_Fri_DJI_0117.MP4,90,data/raw/seadronessee/odv2/images/train/7988.jpg,train,1488,1151,130,2639,1618,train_00051417,80.0,640,0.4301075268817204,311.8279569892473,311.3978494623656,16.344086021505376,16.774193548387096,274.1588622962192,1.0,8fe6c319c145bfe6c41b4bd884be5417741d8218678ea8dfc0735cca6b82988f,data/synthetic/seadronessee_30m_to_80m/geometry_only/train/train_00051417.png,data/synthetic/seadronessee_30m_to_80m/calibrated/train/train_00051417.png
train:51760,train:8018,train,51760,8018,8018.jpg,3840,2160,1,swimmer,2326.0,1383.0,38.0,32.0,1216.0,34.4983175861018,42.2,mavic,NorthSea_Fri_DJI_0117.MP4,540,data/raw/seadronessee/odv2/images/train/8018.jpg,train,1484,1603,657,3087,2141,train_00051760,80.0,640,0.431266846361186,311.8059299191375,313.099730458221,16.38814016172507,13.800539083557952,226.16516880871256,1.0,8fe6c319c145bfe6c41b4bd884be5417741d8218678ea8dfc0735cca6b82988f,data/synthetic/seadronessee_30m_to_80m/geometry_only/train/train_00051760.png,data/synthetic/seadronessee_30m_to_80m/calibrated/train/train_00051760.png
train:51927,train:8032,train,51927,8032,8032.jpg,3840,2160,1,swimmer,2477.0,1267.0,29.0,35.0,1015.0,34.4983175861018,42.2,mavic,NorthSea_Fri_DJI_0117.MP4,750,data/raw/seadronessee/odv2/images/train/8032.jpg,train,1484,1750,542,3234,2026,train_00051927,80.0,640,0.431266846361186,313.53099730458223,312.66846361185986,12.506738544474397,15.09433962264151,188.7809591618777,1.0,8fe6c319c145bfe6c41b4bd884be5417741d8218678ea8dfc0735cca6b82988f,data/synthetic/seadronessee_30m_to_80m/geometry_only/train/train_00051927.png,data/synthetic/seadronessee_30m_to_80m/calibrated/train/train_00051927.png
train:51687,train:8012,train,51687,8012,8012.jpg,3840,2160,1,swimmer,2454.0,1262.0,34.0,27.0,918.0,34.4983175861018,42.2,mavic,NorthSea_Fri_DJI_0117.MP4,450,data/raw/seadronessee/odv2/images/train/8012.jpg,train,1484,1729,534,3213,2018,train_00051687,80.0,640,0.431266846361186,312.66846361185986,313.96226415094344,14.663072776280323,11.644204851752022,170.73982316315636,1.0,8fe6c319c145bfe6c41b4bd884be5417741d8218678ea8dfc0735cca6b82988f,data/synthetic/seadronessee_30m_to_80m/geometry_only/train/train_00051687.png,data/synthetic/seadronessee_30m_to_80m/calibrated/train/train_00051687.png
train:52384,train:8070,train,52384,8070,8070.jpg,3840,2160,1,swimmer,2801.0,857.0,41.0,32.0,1312.0,34.19833221578787,42.2,mavic,NorthSea_Fri_DJI_0117.MP4,1320,data/raw/seadronessee/odv2/images/train/8070.jpg,train,1497,2073,124,3570,1621,train_00052384,80.0,640,0.4275217100868403,311.23580494321976,313.373413493654,17.528390113560455,13.680694722778892,239.80055412539625,1.0,8fe6c319c145bfe6c41b4bd884be5417741d8218678ea8dfc0735cca6b82988f,data/synthetic/seadronessee_30m_to_80m/geometry_only/train/train_00052384.png,data/synthetic/seadronessee_30m_to_80m/calibrated/train/train_00052384.png
train:109794,train:16284,train,109794,16284,16284.jpg,3840,2160,1,swimmer,858.0,1175.0,26.0,24.0,624.0,29.89854190795489,21.5,m210,DJI_0010_d3.mov,555,data/raw/seadronessee/odv2/images/train/16284.jpg,train,1712,15,331,1727,2043,train_00109794,80.0,640,0.3738317757009345,315.14018691588785,315.5140186915888,9.719626168224298,8.97196261682243,87.20412263079744,1.0,8fe6c319c145bfe6c41b4bd884be5417741d8218678ea8dfc0735cca6b82988f,data/synthetic/seadronessee_30m_to_80m/geometry_only/train/train_00109794.png,data/synthetic/seadronessee_30m_to_80m/calibrated/train/train_00109794.png
train:51457,train:7992,train,51457,7992,7992.jpg,3840,2160,1,swimmer,2352.0,727.0,53.0,40.0,2120.0,34.29832733922585,42.2,mavic,NorthSea_Fri_DJI_0117.MP4,150,data/raw/seadronessee/odv2/images/train/7992.jpg,train,1493,1632,0,3125,1493,train_00051457,80.0,640,0.4286671131949096,308.6403215003349,311.64099129269925,22.71935699933021,17.14668452779638,389.5616471418977,1.0,8fe6c319c145bfe6c41b4bd884be5417741d8218678ea8dfc0735cca6b82988f,data/synthetic/seadronessee_30m_to_80m/geometry_only/train/train_00051457.png,data/synthetic/seadronessee_30m_to_80m/calibrated/train/train_00051457.png
val:72573,val:10430,val,72573,10430,10430.jpg,3840,2160,1,swimmer,2631.0,961.0,69.0,46.0,3174.0,29.69855166107894,54.6,mavic,NorthSea_Sat_DJI_0126.MP4,6225,data/raw/seadronessee/odv2/images/val/10430.jpg,train,1724,1804,122,3528,1846,val_00072573,80.0,640,0.37122969837587,307.00696055684455,311.461716937355,25.614849187935032,17.07656612529002,437.413665947104,1.0,8fe6c319c145bfe6c41b4bd884be5417741d8218678ea8dfc0735cca6b82988f,data/synthetic/seadronessee_30m_to_80m/geometry_only/train/val_00072573.png,data/synthetic/seadronessee_30m_to_80m/calibrated/train/val_00072573.png
train:81969,train:12332,train,81969,12332,12332.jpg,3840,2160,1,swimmer,1937.0,1013.0,83.0,38.0,3154.0,32.29842487046632,27.5,mavic,NorthSea_Thu_DJI_0107.MP4,2085,data/raw/seadronessee/odv2/images/train/12332.jpg,train,1585,1186,240,2771,1825,train_00081969,80.0,640,0.4037854889589905,303.2429022082019,312.1261829652997,33.51419558359621,15.34384858044164,514.2367423300062,1.0,8fe6c319c145bfe6c41b4bd884be5417741d8218678ea8dfc0735cca6b82988f,data/synthetic/seadronessee_30m_to_80m/geometry_only/train/train_00081969.png,data/synthetic/seadronessee_30m_to_80m/calibrated/train/train_00081969.png
val:24060,val:4919,val,24060,4919,4919.jpg,3840,2160,1,swimmer,2260.0,1055.0,56.0,35.0,1960.0,30.498512648582743,37.1,mavic,NorthSea_Fri_DJI_0112.MP4,6225,data/raw/seadronessee/odv2/images/val/4919.jpg,train,1679,1448,233,3127,1912,val_00024060,80.0,640,0.3811792733770101,309.5175699821322,313.32936271590233,21.34603930911257,13.341274568195354,284.7833713663618,1.0,8fe6c319c145bfe6c41b4bd884be5417741d8218678ea8dfc0735cca6b82988f,data/synthetic/seadronessee_30m_to_80m/geometry_only/train/val_00024060.png,data/synthetic/seadronessee_30m_to_80m/calibrated/train/val_00024060.png
train:52682,train:8098,train,52682,8098,8098.jpg,3840,2160,1,swimmer,2710.0,1095.0,33.0,31.0,1023.0,34.19833221578787,42.2,mavic,NorthSea_Fri_DJI_0117.MP4,1755,data/raw/seadronessee/odv2/images/train/8098.jpg,train,1497,1978,362,3475,1859,train_00052682,80.0,640,0.4275217100868403,312.9458917835672,313.373413493654,14.108216432865731,13.253173012692052,186.97863328527464,1.0,8fe6c319c145bfe6c41b4bd884be5417741d8218678ea8dfc0735cca6b82988f,data/synthetic/seadronessee_30m_to_80m/geometry_only/train/train_00052682.png,data/synthetic/seadronessee_30m_to_80m/calibrated/train/train_00052682.png
train:37450,train:6639,train,37450,6639,6639.jpg,3840,2160,1,swimmer,1960.0,1233.0,24.0,26.0,624.0,31.59845900640049,26.7,mavic,NorthSea_Fri_DJI_0114.MP4,5385,data/raw/seadronessee/odv2/images/train/6639.jpg,train,1620,1162,436,2782,2056,train_00037450,80.0,640,0.3950617283950617,315.25925925925924,314.8641975308642,9.48148148148148,10.271604938271604,97.39003200731597,1.0,8fe6c319c145bfe6c41b4bd884be5417741d8218678ea8dfc0735cca6b82988f,data/synthetic/seadronessee_30m_to_80m/geometry_only/train/train_00037450.png,data/synthetic/seadronessee_30m_to_80m/calibrated/train/train_00037450.png
train:52335,train:8066,train,52335,8066,8066.jpg,3840,2160,1,swimmer,2354.0,750.0,57.0,29.0,1653.0,34.19833221578787,42.2,mavic,NorthSea_Fri_DJI_0117.MP4,1260,data/raw/seadronessee/odv2/images/train/8066.jpg,train,1497,1634,16,3131,1513,train_00052335,80.0,640,0.4275217100868403,307.8156312625251,313.80093520374083,24.3687374749499,12.398129592518371,302.1267652204877,1.0,8fe6c319c145bfe6c41b4bd884be5417741d8218678ea8dfc0735cca6b82988f,data/synthetic/seadronessee_30m_to_80m/geometry_only/train/train_00052335.png,data/synthetic/seadronessee_30m_to_80m/calibrated/train/train_00052335.png
train:109848,train:16288,train,109848,16288,16288.jpg,3840,2160,1,swimmer,1289.0,1248.0,32.0,32.0,1024.0,29.89854190795489,22.3,m210,DJI_0010_d3.mov,615,data/raw/seadronessee/odv2/images/train/16288.jpg,train,1712,449,408,2161,2120,train_00109848,80.0,640,0.3738317757009345,314.01869158878503,314.01869158878503,11.962616822429906,11.962616822429906,143.10420124028298,1.0,8fe6c319c145bfe6c41b4bd884be5417741d8218678ea8dfc0735cca6b82988f,data/synthetic/seadronessee_30m_to_80m/geometry_only/train/train_00109848.png,data/synthetic/seadronessee_30m_to_80m/calibrated/train/train_00109848.png
train:82166,train:12431,train,82166,12431,12431.jpg,3840,2160,1,swimmer,2384.0,986.0,79.0,134.0,10586.0,28.79859555013715,68.5,mavic,NorthSea_Thu_DJI_0107.MP4,3585,data/raw/seadronessee/odv2/images/train/12431.jpg,train,1778,1534,164,3312,1942,train_00082166,80.0,640,0.3599550056242969,305.9617547806524,295.8830146231721,28.436445444319457,48.23397075365579,1371.6026778992332,1.0,8fe6c319c145bfe6c41b4bd884be5417741d8218678ea8dfc0735cca6b82988f,data/synthetic/seadronessee_30m_to_80m/geometry_only/train/train_00082166.png,data/synthetic/seadronessee_30m_to_80m/calibrated/train/train_00082166.png
train:81994,train:12344,train,81994,12344,12344.jpg,3840,2160,1,swimmer,2137.0,847.0,126.0,64.0,8064.0,31.498463882962508,52.7,mavic,NorthSea_Thu_DJI_0107.MP4,2265,data/raw/seadronessee/odv2/images/train/12344.jpg,train,1625,1388,66,3013,1691,train_00081994,80.0,640,0.3938461538461538,294.9907692307692,307.59384615384613,49.62461538461538,25.20615384615385,1250.8456899408284,1.0,8fe6c319c145bfe6c41b4bd884be5417741d8218678ea8dfc0735cca6b82988f,data/synthetic/seadronessee_30m_to_80m/geometry_only/train/train_00081994.png,data/synthetic/seadronessee_30m_to_80m/calibrated/train/train_00081994.png
val:24020,val:4909,val,24020,4909,4909.jpg,3840,2160,1,swimmer,1606.0,1074.0,51.0,29.0,1479.0,30.39851752514477,37.1,mavic,NorthSea_Fri_DJI_0112.MP4,6075,data/raw/seadronessee/odv2/images/val/4909.jpg,train,1684,790,246,2474,1930,val_00024020,80.0,640,0.3800475059382422,310.1187648456057,314.6793349168646,19.38242280285036,11.021377672209026,213.62100191265,1.0,8fe6c319c145bfe6c41b4bd884be5417741d8218678ea8dfc0735cca6b82988f,data/synthetic/seadronessee_30m_to_80m/geometry_only/train/val_00024020.png,data/synthetic/seadronessee_30m_to_80m/calibrated/train/val_00024020.png
train:37275,train:6621,train,37275,6621,6621.jpg,3840,2160,1,swimmer,1535.0,1188.0,37.0,51.0,1887.0,31.79844925327644,36.7,mavic,NorthSea_Fri_DJI_0114.MP4,5115,data/raw/seadronessee/odv2/images/train/6621.jpg,train,1610,748,408,2358,2018,train_00037275,80.0,640,0.3975155279503105,312.8447204968944,310.0621118012422,14.70807453416149,20.27329192546584,298.1810886925658,1.0,8fe6c319c145bfe6c41b4bd884be5417741d8218678ea8dfc0735cca6b82988f,data/synthetic/seadronessee_30m_to_80m/geometry_only/train/train_00037275.png,data/synthetic/seadronessee_30m_to_80m/calibrated/train/train_00037275.png
train:52588,train:8088,train,52588,8088,8088.jpg,3840,2160,1,swimmer,2644.0,814.0,51.0,29.0,1479.0,34.19833221578787,42.2,mavic,NorthSea_Fri_DJI_0117.MP4,1590,data/raw/seadronessee/odv2/images/train/8088.jpg,train,1497,1921,80,3418,1577,train_00052588,80.0,640,0.4275217100868403,309.0981963927856,313.80093520374083,21.803607214428855,12.398129592518371,270.32394782885746,1.0,8fe6c319c145bfe6c41b4bd884be5417741d8218678ea8dfc0735cca6b82988f,data/synthetic/seadronessee_30m_to_80m/geometry_only/train/train_00052588.png,data/synthetic/seadronessee_30m_to_80m/calibrated/train/train_00052588.png
val:23956,val:4893,val,23956,4893,4893.jpg,3840,2160,1,swimmer,1898.0,1024.0,72.0,34.0,2448.0,30.39851752514477,37.1,mavic,NorthSea_Fri_DJI_0112.MP4,5835,data/raw/seadronessee/odv2/images/val/4893.jpg,train,1684,1092,199,2776,1883,val_00023956,80.0,640,0.3800475059382422,306.31828978622326,313.53919239904985,27.363420427553443,12.921615201900238,353.5795893726621,1.0,8fe6c319c145bfe6c41b4bd884be5417741d8218678ea8dfc0735cca6b82988f,data/synthetic/seadronessee_30m_to_80m/geometry_only/train/val_00023956.png,data/synthetic/seadronessee_30m_to_80m/calibrated/train/val_00023956.png
train:37406,train:6635,train,37406,6635,6635.jpg,3840,2160,1,swimmer,2144.0,1303.0,55.0,36.0,1980.0,31.59845900640049,26.7,mavic,NorthSea_Fri_DJI_0114.MP4,5325,data/raw/seadronessee/odv2/images/train/6635.jpg,train,1620,1362,511,2982,2131,train_00037406,80.0,640,0.3950617283950617,308.9382716049383,312.88888888888886,21.728395061728392,14.22222222222222,309.0260631001371,1.0,8fe6c319c145bfe6c41b4bd884be5417741d8218678ea8dfc0735cca6b82988f,data/synthetic/seadronessee_30m_to_80m/geometry_only/train/train_00037406.png,data/synthetic/seadronessee_30m_to_80m/calibrated/train/train_00037406.png
train:109722,train:16278,train,109722,16278,16278.jpg,3840,2160,1,swimmer,1536.0,1224.0,26.0,29.0,754.0,29.998537031392868,20.5,m210,DJI_0010_d3.mov,465,data/raw/seadronessee/odv2/images/train/16278.jpg,train,1707,696,385,2403,2092,train_00109722,80.0,640,0.3749267721148213,314.9384885764499,314.5635618043351,9.748096074985355,10.872876391329818,105.98984367412314,1.0,8fe6c319c145bfe6c41b4bd884be5417741d8218678ea8dfc0735cca6b82988f,data/synthetic/seadronessee_30m_to_80m/geometry_only/train/train_00109722.png,data/synthetic/seadronessee_30m_to_80m/calibrated/train/train_00109722.png
train:81990,train:12342,train,81990,12342,12342.jpg,3840,2160,1,swimmer,2103.0,855.0,124.0,67.0,8308.0,32.19842974702834,52.7,mavic,NorthSea_Thu_DJI_0107.MP4,2235,data/raw/seadronessee/odv2/images/train/12342.jpg,train,1590,1370,94,2960,1684,train_00081990,80.0,640,0.4025157232704403,295.04402515723274,306.31446540880506,49.911949685534594,26.968553459119494,1346.0530833432224,1.0,8fe6c319c145bfe6c41b4bd884be5417741d8218678ea8dfc0735cca6b82988f,data/synthetic/seadronessee_30m_to_80m/geometry_only/train/train_00081990.png,data/synthetic/seadronessee_30m_to_80m/calibrated/train/train_00081990.png
train:81950,train:12324,train,81950,12324,12324.jpg,3840,2160,1,swimmer,2034.0,772.0,36.0,25.0,900.0,32.7984004876562,28.1,mavic,NorthSea_Thu_DJI_0107.MP4,1965,data/raw/seadronessee/odv2/images/train/12324.jpg,train,1561,1272,4,2833,1565,train_00081950,80.0,640,0.4099935938500961,312.4151185137732,314.8750800768738,14.75976937860346,10.249839846252405,151.2852722983058,1.0,8fe6c319c145bfe6c41b4bd884be5417741d8218678ea8dfc0735cca6b82988f,data/synthetic/seadronessee_30m_to_80m/geometry_only/train/train_00081950.png,data/synthetic/seadronessee_30m_to_80m/calibrated/train/train_00081950.png
train:82005,train:12350,train,82005,12350,12350.jpg,3840,2160,1,swimmer,2026.0,1106.0,91.0,64.0,5824.0,25.69874672355989,52.5,mavic,NorthSea_Thu_DJI_0107.MP4,2355,data/raw/seadronessee/odv2/images/train/12350.jpg,train,1992,1076,142,3068,2134,train_00082005,80.0,640,0.321285140562249,305.22088353413653,309.718875502008,29.23694779116466,20.562248995983936,601.1774003645103,1.0,8fe6c319c145bfe6c41b4bd884be5417741d8218678ea8dfc0735cca6b82988f,data/synthetic/seadronessee_30m_to_80m/geometry_only/train/train_00082005.png,data/synthetic/seadronessee_30m_to_80m/calibrated/train/train_00082005.png
train:52479,train:8078,train,52479,8078,8078.jpg,3840,2160,1,swimmer,2405.0,734.0,35.0,46.0,1610.0,34.19833221578787,42.2,mavic,NorthSea_Fri_DJI_0117.MP4,1440,data/raw/seadronessee/odv2/images/train/8078.jpg,train,1497,1674,8,3171,1505,train_00052479,80.0,640,0.4275217100868403,312.5183700734803,310.3807615230461,14.963259853039412,19.665998663994657,294.267448278878,1.0,8fe6c319c145bfe6c41b4bd884be5417741d8218678ea8dfc0735cca6b82988f,data/synthetic/seadronessee_30m_to_80m/geometry_only/train/train_00052479.png,data/synthetic/seadronessee_30m_to_80m/calibrated/train/train_00052479.png
val:72599,val:10432,val,72599,10432,10432.jpg,3840,2160,1,swimmer,2659.0,983.0,58.0,39.0,2262.0,28.698600426699173,54.6,mavic,NorthSea_Sat_DJI_0126.MP4,6255,data/raw/seadronessee/odv2/images/val/10432.jpg,train,1784,1796,110,3580,1894,val_00072599,80.0,640,0.358744394618834,309.5964125560538,313.1838565022421,20.807174887892376,13.991031390134529,291.1138369965211,1.0,8fe6c319c145bfe6c41b4bd884be5417741d8218678ea8dfc0735cca6b82988f,data/synthetic/seadronessee_30m_to_80m/geometry_only/train/val_00072599.png,data/synthetic/seadronessee_30m_to_80m/calibrated/train/val_00072599.png
val:72625,val:10434,val,72625,10434,10434.jpg,3840,2160,1,swimmer,2730.0,1084.0,40.0,49.0,1960.0,28.998585797013103,54.6,mavic,NorthSea_Sat_DJI_0126.MP4,6285,data/raw/seadronessee/odv2/images/val/10434.jpg,train,1766,1867,226,3633,1992,val_00072625,80.0,640,0.362400906002265,312.7519818799547,310.9399773499434,14.4960362400906,17.757644394110983,257.4154566756745,1.0,8fe6c319c145bfe6c41b4bd884be5417741d8218678ea8dfc0735cca6b82988f,data/synthetic/seadronessee_30m_to_80m/geometry_only/train/val_00072625.png,data/synthetic/seadronessee_30m_to_80m/calibrated/train/val_00072625.png
train:37384,train:6633,train,37384,6633,6633.jpg,3840,2160,1,swimmer,2158.0,1329.0,48.0,39.0,1872.0,31.59845900640049,26.7,mavic,NorthSea_Fri_DJI_0114.MP4,5295,data/raw/seadronessee/odv2/images/train/6633.jpg,train,1620,1372,538,2992,2158,train_00037384,80.0,640,0.3950617283950617,310.5185185185185,312.4938271604938,18.96296296296296,15.407407407407408,292.1700960219478,1.0,8fe6c319c145bfe6c41b4bd884be5417741d8218678ea8dfc0735cca6b82988f,data/synthetic/seadronessee_30m_to_80m/geometry_only/train/train_00037384.png,data/synthetic/seadronessee_30m_to_80m/calibrated/train/train_00037384.png
train:52523,train:8082,train,52523,8082,8082.jpg,3840,2160,1,swimmer,2979.0,1385.0,35.0,35.0,1225.0,34.19833221578787,42.2,mavic,NorthSea_Fri_DJI_0117.MP4,1500,data/raw/seadronessee/odv2/images/train/8082.jpg,train,1497,2248,654,3745,2151,train_00052523,80.0,640,0.4275217100868403,312.5183700734803,312.5183700734803,14.963259853039412,14.963259853039412,223.89914542958107,1.0,8fe6c319c145bfe6c41b4bd884be5417741d8218678ea8dfc0735cca6b82988f,data/synthetic/seadronessee_30m_to_80m/geometry_only/train/train_00052523.png,data/synthetic/seadronessee_30m_to_80m/calibrated/train/train_00052523.png
val:37763,val:6665,val,37763,6665,6665.jpg,3840,2160,1,swimmer,1616.0,1257.0,51.0,23.0,1173.0,31.698454129838463,26.7,mavic,NorthSea_Fri_DJI_0114.MP4,5775,data/raw/seadronessee/odv2/images/val/6665.jpg,train,1615,834,461,2449,2076,val_00037763,80.0,640,0.3962848297213622,309.89473684210526,315.44272445820434,20.21052631578948,9.114551083591332,184.2098745315301,1.0,8fe6c319c145bfe6c41b4bd884be5417741d8218678ea8dfc0735cca6b82988f,data/synthetic/seadronessee_30m_to_80m/geometry_only/train/val_00037763.png,data/synthetic/seadronessee_30m_to_80m/calibrated/train/val_00037763.png
val:37635,val:6655,val,37635,6655,6655.jpg,3840,2160,1,swimmer,1781.0,1308.0,50.0,23.0,1150.0,31.89844437671441,26.7,mavic,NorthSea_Fri_DJI_0114.MP4,5625,data/raw/seadronessee/odv2/images/val/6655.jpg,train,1605,1004,517,2609,2122,val_00037635,80.0,640,0.3987538940809969,309.83177570093454,315.4143302180685,19.937694704049843,9.171339563862928,182.8553682514727,1.0,8fe6c319c145bfe6c41b4bd884be5417741d8218678ea8dfc0735cca6b82988f,data/synthetic/seadronessee_30m_to_80m/geometry_only/train/val_00037635.png,data/synthetic/seadronessee_30m_to_80m/calibrated/train/val_00037635.png
val:38004,val:6683,val,38004,6683,6683.jpg,3840,2160,1,swimmer,1681.0,958.0,21.0,19.0,399.0,31.59845900640049,26.7,mavic,NorthSea_Fri_DJI_0114.MP4,6045,data/raw/seadronessee/odv2/images/val/6683.jpg,train,1620,882,158,2502,1778,val_00038004,80.0,640,0.3950617283950617,315.6543209876544,316.04938271604937,8.296296296296296,7.506172839506172,62.27343392775491,1.0,8fe6c319c145bfe6c41b4bd884be5417741d8218678ea8dfc0735cca6b82988f,data/synthetic/seadronessee_30m_to_80m/geometry_only/train/val_00038004.png,data/synthetic/seadronessee_30m_to_80m/calibrated/train/val_00038004.png
train:51528,train:7998,train,51528,7998,7998.jpg,3840,2160,1,swimmer,2449.0,1272.0,32.0,35.0,1120.0,34.29832733922585,42.2,mavic,NorthSea_Fri_DJI_0117.MP4,240,data/raw/seadronessee/odv2/images/train/7998.jpg,train,1493,1718,543,3211,2036,train_00051528,80.0,640,0.4286671131949096,313.3556597454789,312.49832551908906,13.717347622237106,15.003348961821835,205.80615320704032,1.0,8fe6c319c145bfe6c41b4bd884be5417741d8218678ea8dfc0735cca6b82988f,data/synthetic/seadronessee_30m_to_80m/geometry_only/train/train_00051528.png,data/synthetic/seadronessee_30m_to_80m/calibrated/train/train_00051528.png
val:72831,val:10454,val,72831,10454,10454.jpg,3840,2160,1,swimmer,2372.0,1357.0,44.0,51.0,2244.0,33.99834196891192,54.6,mavic,NorthSea_Sat_DJI_0126.MP4,6585,data/raw/seadronessee/odv2/images/val/10454.jpg,train,1506,1641,630,3147,2136,val_00072831,80.0,640,0.4249667994687915,310.6507304116866,308.95086321381143,18.698539176626827,21.67330677290837,405.25917578027867,1.0,8fe6c319c145bfe6c41b4bd884be5417741d8218678ea8dfc0735cca6b82988f,data/synthetic/seadronessee_30m_to_80m/geometry_only/train/val_00072831.png,data/synthetic/seadronessee_30m_to_80m/calibrated/train/val_00072831.png
train:37188,train:6611,train,37188,6611,6611.jpg,3840,2160,1,swimmer,1725.0,1086.0,32.0,27.0,864.0,31.698454129838463,36.7,mavic,NorthSea_Fri_DJI_0114.MP4,4965,data/raw/seadronessee/odv2/images/train/6611.jpg,train,1615,934,292,2549,1907,train_00037188,80.0,640,0.3962848297213622,313.4613003095976,314.6501547987616,12.681114551083592,10.69969040247678,135.68399965493776,1.0,8fe6c319c145bfe6c41b4bd884be5417741d8218678ea8dfc0735cca6b82988f,data/synthetic/seadronessee_30m_to_80m/geometry_only/train/train_00037188.png,data/synthetic/seadronessee_30m_to_80m/calibrated/train/train_00037188.png
train:36483,train:6551,train,36483,6551,6551.jpg,3840,2160,1,swimmer,2533.0,807.0,18.0,13.0,234.0,33.69835659859799,24.0,mavic,NorthSea_Fri_DJI_0114.MP4,4065,data/raw/seadronessee/odv2/images/train/6551.jpg,train,1519,1782,54,3301,1573,train_00036483,80.0,640,0.4213298222514812,316.4186965108624,317.2613561553654,7.583936800526662,5.477287689269256,41.53940367372076,1.0,8fe6c319c145bfe6c41b4bd884be5417741d8218678ea8dfc0735cca6b82988f,data/synthetic/seadronessee_30m_to_80m/geometry_only/train/train_00036483.png,data/synthetic/seadronessee_30m_to_80m/calibrated/train/train_00036483.png
train:36533,train:6555,train,36533,6555,6555.jpg,3840,2160,1,swimmer,2604.0,798.0,39.0,24.0,936.0,31.79844925327644,26.9,mavic,NorthSea_Fri_DJI_0114.MP4,4125,data/raw/seadronessee/odv2/images/train/6555.jpg,train,1610,1818,5,3428,1615,train_00036533,80.0,640,0.3975155279503105,312.4472049689441,315.22981366459624,15.50310559006211,9.540372670807454,147.90540488407083,1.0,8fe6c319c145bfe6c41b4bd884be5417741d8218678ea8dfc0735cca6b82988f,data/synthetic/seadronessee_30m_to_80m/geometry_only/train/train_00036533.png,data/synthetic/seadronessee_30m_to_80m/calibrated/train/train_00036533.png
train:51896,train:8030,train,51896,8030,8030.jpg,3840,2160,1,swimmer,1509.0,775.0,83.0,36.0,2988.0,34.4983175861018,42.2,mavic,NorthSea_Fri_DJI_0117.MP4,720,data/raw/seadronessee/odv2/images/train/8030.jpg,train,1484,808,51,2292,1535,train_00051896,80.0,640,0.431266846361186,302.3180592991914,312.23719676549865,35.79514824797844,15.525606469002696,555.7413851977245,1.0,8fe6c319c145bfe6c41b4bd884be5417741d8218678ea8dfc0735cca6b82988f,data/synthetic/seadronessee_30m_to_80m/geometry_only/train/train_00051896.png,data/synthetic/seadronessee_30m_to_80m/calibrated/train/train_00051896.png
train:37236,train:6617,train,37236,6617,6617.jpg,3840,2160,1,swimmer,2200.0,977.0,76.0,59.0,4484.0,31.398468759524533,36.7,mavic,NorthSea_Fri_DJI_0114.MP4,5055,data/raw/seadronessee/odv2/images/train/6617.jpg,train,1631,1422,191,3053,1822,train_00037236,80.0,640,0.3923973022685469,305.2851011649295,308.42427958307786,29.82219497240957,23.15144083384427,690.4267824391081,1.0,8fe6c319c145bfe6c41b4bd884be5417741d8218678ea8dfc0735cca6b82988f,data/synthetic/seadronessee_30m_to_80m/geometry_only/train/train_00037236.png,data/synthetic/seadronessee_30m_to_80m/calibrated/train/train_00037236.png
val:37496,val:6643,val,37496,6643,6643.jpg,3840,2160,1,swimmer,1538.0,1292.0,43.0,29.0,1247.0,31.698454129838463,26.7,mavic,NorthSea_Fri_DJI_0114.MP4,5445,data/raw/seadronessee/odv2/images/val/6643.jpg,train,1615,752,499,2367,2114,val_00037496,80.0,640,0.3962848297213622,311.4798761609907,314.25386996904024,17.040247678018577,11.492260061919506,195.83095783530948,1.0,8fe6c319c145bfe6c41b4bd884be5417741d8218678ea8dfc0735cca6b82988f,data/synthetic/seadronessee_30m_to_80m/geometry_only/train/val_00037496.png,data/synthetic/seadronessee_30m_to_80m/calibrated/train/val_00037496.png
train:51379,train:7984,train,51379,7984,7984.jpg,3840,2160,1,swimmer,2304.0,1155.0,33.0,31.0,1023.0,34.29832733922585,42.2,mavic,NorthSea_Fri_DJI_0117.MP4,30,data/raw/seadronessee/odv2/images/train/7984.jpg,train,1493,1574,424,3067,1917,train_00051379,80.0,640,0.4286671131949096,312.926992632284,313.3556597454789,14.146014735432017,13.288680509042196,187.98187029535916,1.0,8fe6c319c145bfe6c41b4bd884be5417741d8218678ea8dfc0735cca6b82988f,data/synthetic/seadronessee_30m_to_80m/geometry_only/train/train_00051379.png,data/synthetic/seadronessee_30m_to_80m/calibrated/train/train_00051379.png
train:36588,train:6559,train,36588,6559,6559.jpg,3840,2160,1,swimmer,2269.0,968.0,24.0,26.0,624.0,31.79844925327644,22.0,mavic,NorthSea_Fri_DJI_0114.MP4,4185,data/raw/seadronessee/odv2/images/train/6559.jpg,train,1610,1476,176,3086,1786,train_00036588,80.0,640,0.3975155279503105,315.22981366459624,314.83229813664593,9.540372670807454,10.335403726708076,98.60360325604722,1.0,8fe6c319c145bfe6c41b4bd884be5417741d8218678ea8dfc0735cca6b82988f,data/synthetic/seadronessee_30m_to_80m/geometry_only/train/train_00036588.png,data/synthetic/seadronessee_30m_to_80m/calibrated/train/train_00036588.png
train:52040,train:8042,train,52040,8042,8042.jpg,3840,2160,1,swimmer,1416.0,824.0,93.0,32.0,2976.0,34.4983175861018,42.2,mavic,NorthSea_Fri_DJI_0117.MP4,900,data/raw/seadronessee/odv2/images/train/8042.jpg,train,1484,720,98,2204,1582,train_00052040,80.0,640,0.431266846361186,300.1617250673855,313.099730458221,40.107816711590296,13.800539083557952,553.5094920844807,1.0,8fe6c319c145bfe6c41b4bd884be5417741d8218678ea8dfc0735cca6b82988f,data/synthetic/seadronessee_30m_to_80m/geometry_only/train/train_00052040.png,data/synthetic/seadronessee_30m_to_80m/calibrated/train/train_00052040.png
val:72424,val:10418,val,72424,10418,10418.jpg,3840,2160,1,swimmer,2502.0,1036.0,57.0,28.0,1596.0,34.4983175861018,54.6,mavic,NorthSea_Sat_DJI_0126.MP4,6045,data/raw/seadronessee/odv2/images/val/10418.jpg,train,1484,1788,308,3272,1792,val_00072424,80.0,640,0.431266846361186,307.9245283018868,313.96226415094344,24.582210242587603,12.075471698113208,296.84178406143525,1.0,8fe6c319c145bfe6c41b4bd884be5417741d8218678ea8dfc0735cca6b82988f,data/synthetic/seadronessee_30m_to_80m/geometry_only/train/val_00072424.png,data/synthetic/seadronessee_30m_to_80m/calibrated/train/val_00072424.png
val:72805,val:10452,val,72805,10452,10452.jpg,3840,2160,1,swimmer,2176.0,1238.0,30.0,30.0,900.0,33.79835172203596,54.6,mavic,NorthSea_Sat_DJI_0126.MP4,6555,data/raw/seadronessee/odv2/images/val/10452.jpg,train,1515,1434,496,2949,2011,val_00072805,80.0,640,0.4224422442244224,313.45214521452147,313.45214521452147,12.673267326732674,12.673267326732674,160.61170473482994,1.0,8fe6c319c145bfe6c41b4bd884be5417741d8218678ea8dfc0735cca6b82988f,data/synthetic/seadronessee_30m_to_80m/geometry_only/train/val_00072805.png,data/synthetic/seadronessee_30m_to_80m/calibrated/train/val_00072805.png
train:37005,train:6593,train,37005,6593,6593.jpg,3840,2160,1,swimmer,1974.0,888.0,25.0,18.0,450.0,31.79844925327644,29.4,mavic,NorthSea_Fri_DJI_0114.MP4,4695,data/raw/seadronessee/odv2/images/train/6593.jpg,train,1610,1182,92,2792,1702,train_00037005,80.0,640,0.3975155279503105,314.83229813664593,316.4223602484472,9.937888198757763,7.155279503105589,71.10836773272635,1.0,8fe6c319c145bfe6c41b4bd884be5417741d8218678ea8dfc0735cca6b82988f,data/synthetic/seadronessee_30m_to_80m/geometry_only/train/train_00037005.png,data/synthetic/seadronessee_30m_to_80m/calibrated/train/train_00037005.png
train:51358,train:7982,train,51358,7982,7982.jpg,3840,2160,1,swimmer,2634.0,1067.0,45.0,41.0,1845.0,34.29832733922585,42.2,mavic,NorthSea_Fri_DJI_0117.MP4,0,data/raw/seadronessee/odv2/images/train/7982.jpg,train,1493,1910,341,3403,1834,train_00051358,80.0,640,0.4286671131949096,310.3549899531145,311.2123241795044,19.29002009377093,17.575351640991293,339.0288863098119,1.0,8fe6c319c145bfe6c41b4bd884be5417741d8218678ea8dfc0735cca6b82988f,data/synthetic/seadronessee_30m_to_80m/geometry_only/train/train_00051358.png,data/synthetic/seadronessee_30m_to_80m/calibrated/train/train_00051358.png
val:38041,val:6685,val,38041,6685,6685.jpg,3840,2160,1,swimmer,1760.0,949.0,21.0,20.0,420.0,31.59845900640049,26.7,mavic,NorthSea_Fri_DJI_0114.MP4,6075,data/raw/seadronessee/odv2/images/val/6685.jpg,train,1620,960,149,2580,1769,val_00038041,80.0,640,0.3950617283950617,316.04938271604937,316.04938271604937,8.296296296296296,7.901234567901234,65.55098308184728,1.0,8fe6c319c145bfe6c41b4bd884be5417741d8218678ea8dfc0735cca6b82988f,data/synthetic/seadronessee_30m_to_80m/geometry_only/train/val_00038041.png,data/synthetic/seadronessee_30m_to_80m/calibrated/train/val_00038041.png
train:36743,train:6571,train,36743,6571,6571.jpg,3840,2160,1,swimmer,2009.0,990.0,45.0,25.0,1125.0,31.99843950015239,22.0,mavic,NorthSea_Fri_DJI_0114.MP4,4365,data/raw/seadronessee/odv2/images/train/6571.jpg,train,1600,1232,202,2832,1802,train_00036743,80.0,640,0.4,310.8,315.20000000000005,18.0,10.0,180.0,1.0,8fe6c319c145bfe6c41b4bd884be5417741d8218678ea8dfc0735cca6b82988f,data/synthetic/seadronessee_30m_to_80m/geometry_only/train/train_00036743.png,data/synthetic/seadronessee_30m_to_80m/calibrated/train/train_00036743.png
val:72748,val:10448,val,72748,10448,10448.jpg,3840,2160,1,swimmer,2415.0,1240.0,78.0,50.0,3900.0,32.29842487046632,54.6,mavic,NorthSea_Sat_DJI_0126.MP4,6495,data/raw/seadronessee/odv2/images/val/10448.jpg,train,1585,1662,472,3247,2057,val_00072748,80.0,640,0.4037854889589905,304.05047318611986,310.10725552050474,31.49526813880126,20.18927444794953,635.8666122660192,1.0,8fe6c319c145bfe6c41b4bd884be5417741d8218678ea8dfc0735cca6b82988f,data/synthetic/seadronessee_30m_to_80m/geometry_only/train/val_00072748.png,data/synthetic/seadronessee_30m_to_80m/calibrated/train/val_00072748.png
train:36845,train:6579,train,36845,6579,6579.jpg,3840,2160,1,swimmer,2270.0,968.0,48.0,28.0,1344.0,31.79844925327644,22.0,mavic,NorthSea_Fri_DJI_0114.MP4,4485,data/raw/seadronessee/odv2/images/train/6579.jpg,train,1610,1489,177,3099,1787,train_00036845,80.0,640,0.3975155279503105,310.45962732919253,314.4347826086956,19.080745341614907,11.130434782608695,212.3769916284094,1.0,8fe6c319c145bfe6c41b4bd884be5417741d8218678ea8dfc0735cca6b82988f,data/synthetic/seadronessee_30m_to_80m/geometry_only/train/train_00036845.png,data/synthetic/seadronessee_30m_to_80m/calibrated/train/train_00036845.png
val:37867,val:6673,val,37867,6673,6673.jpg,3840,2160,1,swimmer,2117.0,1039.0,32.0,27.0,864.0,31.89844437671441,26.7,mavic,NorthSea_Fri_DJI_0114.MP4,5895,data/raw/seadronessee/odv2/images/val/6673.jpg,train,1605,1330,250,2935,1855,val_00037867,80.0,640,0.3987538940809969,313.81931464174454,314.6168224299065,12.7601246105919,10.766355140186915,137.38003319067167,1.0,8fe6c319c145bfe6c41b4bd884be5417741d8218678ea8dfc0735cca6b82988f,data/synthetic/seadronessee_30m_to_80m/geometry_only/train/val_00037867.png,data/synthetic/seadronessee_30m_to_80m/calibrated/train/val_00037867.png
val:24071,val:4921,val,24071,4921,4921.jpg,3840,2160,1,swimmer,2090.0,1164.0,30.0,23.0,690.0,30.598507772020724,37.1,mavic,NorthSea_Fri_DJI_0112.MP4,6255,data/raw/seadronessee/odv2/images/val/4921.jpg,train,1673,1268,339,2941,2012,val_00024071,80.0,640,0.3825463239689181,314.4530783024507,315.60071727435746,11.476389719067544,8.798565451285118,100.97576608767142,1.0,8fe6c319c145bfe6c41b4bd884be5417741d8218678ea8dfc0735cca6b82988f,data/synthetic/seadronessee_30m_to_80m/geometry_only/train/val_00024071.png,data/synthetic/seadronessee_30m_to_80m/calibrated/train/val_00024071.png
train:36638,train:6563,train,36638,6563,6563.jpg,3840,2160,1,swimmer,2277.0,919.0,20.0,14.0,280.0,31.59845900640049,22.0,mavic,NorthSea_Fri_DJI_0114.MP4,4245,data/raw/seadronessee/odv2/images/train/6563.jpg,train,1620,1477,116,3097,1736,train_00036638,80.0,640,0.3950617283950617,316.04938271604937,317.2345679012345,7.901234567901234,5.530864197530864,43.70065538789818,1.0,8fe6c319c145bfe6c41b4bd884be5417741d8218678ea8dfc0735cca6b82988f,data/synthetic/seadronessee_30m_to_80m/geometry_only/train/train_00036638.png,data/synthetic/seadronessee_30m_to_80m/calibrated/train/train_00036638.png
train:36795,train:6575,train,36795,6575,6575.jpg,3840,2160,1,swimmer,2014.0,982.0,49.0,26.0,1274.0,31.89844437671441,22.0,mavic,NorthSea_Fri_DJI_0114.MP4,4425,data/raw/seadronessee/odv2/images/train/6575.jpg,train,1605,1236,192,2841,1797,train_00036795,80.0,640,0.3987538940809969,310.2305295950156,315.01557632398755,19.53894080996885,10.367601246105918,202.5719470890228,1.0,8fe6c319c145bfe6c41b4bd884be5417741d8218678ea8dfc0735cca6b82988f,data/synthetic/seadronessee_30m_to_80m/geometry_only/train/train_00036795.png,data/synthetic/seadronessee_30m_to_80m/calibrated/train/train_00036795.png
train:37044,train:6597,train,37044,6597,6597.jpg,3840,2160,1,swimmer,1924.0,819.0,25.0,22.0,550.0,31.79844925327644,29.4,mavic,NorthSea_Fri_DJI_0114.MP4,4755,data/raw/seadronessee/odv2/images/train/6597.jpg,train,1610,1132,25,2742,1635,train_00037044,80.0,640,0.3975155279503105,314.83229813664593,315.62732919254654,9.937888198757763,8.745341614906831,86.91022722888775,1.0,8fe6c319c145bfe6c41b4bd884be5417741d8218678ea8dfc0735cca6b82988f,data/synthetic/seadronessee_30m_to_80m/geometry_only/train/train_00037044.png,data/synthetic/seadronessee_30m_to_80m/calibrated/train/train_00037044.png
train:37257,train:6619,train,37257,6619,6619.jpg,3840,2160,1,swimmer,1539.0,1246.0,36.0,44.0,1584.0,31.398468759524533,36.7,mavic,NorthSea_Fri_DJI_0114.MP4,5085,data/raw/seadronessee/odv2/images/train/6619.jpg,train,1631,742,452,2373,2083,train_00037257,80.0,640,0.3923973022685469,312.7406499080319,311.56345800122625,14.126302881667687,17.265481299816063,243.89741823897128,1.0,8fe6c319c145bfe6c41b4bd884be5417741d8218678ea8dfc0735cca6b82988f,data/synthetic/seadronessee_30m_to_80m/geometry_only/train/train_00037257.png,data/synthetic/seadronessee_30m_to_80m/calibrated/train/train_00037257.png
val:37898,val:6675,val,37898,6675,6675.jpg,3840,2160,1,swimmer,2073.0,811.0,25.0,18.0,450.0,31.79844925327644,26.7,mavic,NorthSea_Fri_DJI_0114.MP4,5925,data/raw/seadronessee/odv2/images/val/6675.jpg,train,1610,1280,15,2890,1625,val_00037898,80.0,640,0.3975155279503105,315.22981366459624,316.4223602484472,9.937888198757763,7.155279503105589,71.10836773272635,1.0,8fe6c319c145bfe6c41b4bd884be5417741d8218678ea8dfc0735cca6b82988f,data/synthetic/seadronessee_30m_to_80m/geometry_only/train/val_00037898.png,data/synthetic/seadronessee_30m_to_80m/calibrated/train/val_00037898.png
train:37294,train:6623,train,37294,6623,6623.jpg,3840,2160,1,swimmer,1634.0,1267.0,95.0,53.0,5035.0,31.59845900640049,36.7,mavic,NorthSea_Fri_DJI_0114.MP4,5145,data/raw/seadronessee/odv2/images/train/6623.jpg,train,1620,872,484,2492,2104,train_00037294,80.0,640,0.3950617283950617,301.037037037037,309.3333333333333,37.53086419753086,20.938271604938272,785.8314281359549,1.0,8fe6c319c145bfe6c41b4bd884be5417741d8218678ea8dfc0735cca6b82988f,data/synthetic/seadronessee_30m_to_80m/geometry_only/train/train_00037294.png,data/synthetic/seadronessee_30m_to_80m/calibrated/train/train_00037294.png
val:37562,val:6649,val,37562,6649,6649.jpg,3840,2160,1,swimmer,1637.0,1282.0,28.0,30.0,840.0,31.89844437671441,26.7,mavic,NorthSea_Fri_DJI_0114.MP4,5535,data/raw/seadronessee/odv2/images/val/6649.jpg,train,1605,848,494,2453,2099,val_00037562,80.0,640,0.3987538940809969,314.6168224299065,314.2180685358255,11.165109034267912,11.962616822429906,133.56392115759746,1.0,8fe6c319c145bfe6c41b4bd884be5417741d8218678ea8dfc0735cca6b82988f,data/synthetic/seadronessee_30m_to_80m/geometry_only/train/val_00037562.png,data/synthetic/seadronessee_30m_to_80m/calibrated/train/val_00037562.png
train:109898,train:16292,train,109898,16292,16292.jpg,3840,2160,1,swimmer,1225.0,1265.0,41.0,27.0,1107.0,29.798546784516912,22.8,m210,DJI_0010_d3.mov,675,data/raw/seadronessee/odv2/images/train/16292.jpg,train,1718,386,420,2104,2138,train_00109898,80.0,640,0.3725261932479627,312.5494761350408,314.78463329452853,15.273573923166474,10.058207217694994,153.62477147399107,1.0,8fe6c319c145bfe6c41b4bd884be5417741d8218678ea8dfc0735cca6b82988f,data/synthetic/seadronessee_30m_to_80m/geometry_only/train/train_00109898.png,data/synthetic/seadronessee_30m_to_80m/calibrated/train/train_00109898.png
train:36667,train:6565,train,36667,6565,6565.jpg,3840,2160,1,swimmer,2377.0,1163.0,22.0,19.0,418.0,31.59845900640049,22.0,mavic,NorthSea_Fri_DJI_0114.MP4,4275,data/raw/seadronessee/odv2/images/train/6565.jpg,train,1620,1578,362,3198,1982,train_00036667,80.0,640,0.3950617283950617,315.6543209876544,316.4444444444444,8.691358024691358,7.506172839506172,65.23883554336228,1.0,8fe6c319c145bfe6c41b4bd884be5417741d8218678ea8dfc0735cca6b82988f,data/synthetic/seadronessee_30m_to_80m/geometry_only/train/train_00036667.png,data/synthetic/seadronessee_30m_to_80m/calibrated/train/train_00036667.png
val:37730,val:6663,val,37730,6663,6663.jpg,3840,2160,1,swimmer,2045.0,1095.0,50.0,27.0,1350.0,31.698454129838463,26.7,mavic,NorthSea_Fri_DJI_0114.MP4,5745,data/raw/seadronessee/odv2/images/val/6663.jpg,train,1615,1262,301,2877,1916,val_00037730,80.0,640,0.3962848297213622,310.2910216718266,314.6501547987616,19.814241486068116,10.69969040247678,212.00624946084025,1.0,8fe6c319c145bfe6c41b4bd884be5417741d8218678ea8dfc0735cca6b82988f,data/synthetic/seadronessee_30m_to_80m/geometry_only/train/val_00037730.png,data/synthetic/seadronessee_30m_to_80m/calibrated/train/val_00037730.png
train:36516,train:6553,train,36516,6553,6553.jpg,3840,2160,1,swimmer,2339.0,823.0,39.0,21.0,819.0,31.698454129838463,24.0,mavic,NorthSea_Fri_DJI_0114.MP4,4095,data/raw/seadronessee/odv2/images/train/6553.jpg,train,1615,1551,26,3166,1641,train_00036516,80.0,640,0.3962848297213622,312.27244582043346,315.8390092879257,15.455108359133128,8.321981424148607,128.61712467290974,1.0,8fe6c319c145bfe6c41b4bd884be5417741d8218678ea8dfc0735cca6b82988f,data/synthetic/seadronessee_30m_to_80m/geometry_only/train/train_00036516.png,data/synthetic/seadronessee_30m_to_80m/calibrated/train/train_00036516.png
train:51634,train:8008,train,51634,8008,8008.jpg,3840,2160,1,swimmer,1190.0,784.0,30.0,37.0,1110.0,34.4983175861018,42.2,mavic,NorthSea_Fri_DJI_0117.MP4,390,data/raw/seadronessee/odv2/images/train/8008.jpg,train,1484,463,60,1947,1544,train_00051634,80.0,640,0.431266846361186,313.53099730458223,312.23719676549865,12.93800539083558,15.956873315363882,206.45011297505832,1.0,8fe6c319c145bfe6c41b4bd884be5417741d8218678ea8dfc0735cca6b82988f,data/synthetic/seadronessee_30m_to_80m/geometry_only/train/train_00051634.png,data/synthetic/seadronessee_30m_to_80m/calibrated/train/train_00051634.png
val:37710,val:6661,val,37710,6661,6661.jpg,3840,2160,1,swimmer,1587.0,1231.0,44.0,30.0,1320.0,31.59845900640049,26.7,mavic,NorthSea_Fri_DJI_0114.MP4,5715,data/raw/seadronessee/odv2/images/val/6661.jpg,train,1620,799,436,2419,2056,val_00037710,80.0,640,0.3950617283950617,311.3086419753086,314.0740740740741,17.382716049382715,11.851851851851851,206.01737540009145,1.0,8fe6c319c145bfe6c41b4bd884be5417741d8218678ea8dfc0735cca6b82988f,data/synthetic/seadronessee_30m_to_80m/geometry_only/train/val_00037710.png,data/synthetic/seadronessee_30m_to_80m/calibrated/train/val_00037710.png
train:37121,train:6605,train,37121,6605,6605.jpg,3840,2160,1,swimmer,2170.0,977.0,61.0,39.0,2379.0,31.79844925327644,29.4,mavic,NorthSea_Fri_DJI_0114.MP4,4875,data/raw/seadronessee/odv2/images/train/6605.jpg,train,1610,1396,192,3006,1802,train_00037121,80.0,640,0.3975155279503105,307.67701863354034,312.04968944099375,24.248447204968944,15.50310559006211,375.92623741368,1.0,8fe6c319c145bfe6c41b4bd884be5417741d8218678ea8dfc0735cca6b82988f,data/synthetic/seadronessee_30m_to_80m/geometry_only/train/train_00037121.png,data/synthetic/seadronessee_30m_to_80m/calibrated/train/train_00037121.png
train:37222,train:6615,train,37222,6615,6615.jpg,3840,2160,1,swimmer,1623.0,1120.0,101.0,65.0,6565.0,31.498463882962508,36.7,mavic,NorthSea_Fri_DJI_0114.MP4,5025,data/raw/seadronessee/odv2/images/train/6615.jpg,train,1625,861,340,2486,1965,train_00037222,80.0,640,0.3938461538461538,300.1107692307692,307.2,39.778461538461535,25.6,1018.3286153846152,1.0,8fe6c319c145bfe6c41b4bd884be5417741d8218678ea8dfc0735cca6b82988f,data/synthetic/seadronessee_30m_to_80m/geometry_only/train/train_00037222.png,data/synthetic/seadronessee_30m_to_80m/calibrated/train/train_00037222.png
val:37469,val:6641,val,37469,6641,6641.jpg,3840,2160,1,swimmer,1695.0,1190.0,56.0,33.0,1848.0,31.698454129838463,26.7,mavic,NorthSea_Fri_DJI_0114.MP4,5415,data/raw/seadronessee/odv2/images/val/6641.jpg,train,1615,916,399,2531,2014,val_00037469,80.0,640,0.3962848297213622,308.7058823529412,313.4613003095976,22.191950464396285,13.077399380804954,290.2129992619502,1.0,8fe6c319c145bfe6c41b4bd884be5417741d8218678ea8dfc0735cca6b82988f,data/synthetic/seadronessee_30m_to_80m/geometry_only/train/val_00037469.png,data/synthetic/seadronessee_30m_to_80m/calibrated/train/val_00037469.png
train:52023,train:8040,train,52023,8040,8040.jpg,3840,2160,1,swimmer,2456.0,1288.0,38.0,28.0,1064.0,34.4983175861018,42.2,mavic,NorthSea_Fri_DJI_0117.MP4,870,data/raw/seadronessee/odv2/images/train/8040.jpg,train,1484,1733,560,3217,2044,train_00052023,80.0,640,0.431266846361186,311.8059299191375,313.96226415094344,16.38814016172507,12.075471698113208,197.89452270762348,1.0,8fe6c319c145bfe6c41b4bd884be5417741d8218678ea8dfc0735cca6b82988f,data/synthetic/seadronessee_30m_to_80m/geometry_only/train/train_00052023.png,data/synthetic/seadronessee_30m_to_80m/calibrated/train/train_00052023.png
val:38136,val:6693,val,38136,6693,6693.jpg,3840,2160,1,swimmer,1888.0,838.0,33.0,21.0,693.0,31.59845900640049,26.7,mavic,NorthSea_Fri_DJI_0114.MP4,6195,data/raw/seadronessee/odv2/images/val/6693.jpg,train,1620,1094,38,2714,1658,val_00038136,80.0,640,0.3950617283950617,313.679012345679,316.04938271604937,13.037037037037036,8.296296296296296,108.159122085048,1.0,8fe6c319c145bfe6c41b4bd884be5417741d8218678ea8dfc0735cca6b82988f,data/synthetic/seadronessee_30m_to_80m/geometry_only/train/val_00038136.png,data/synthetic/seadronessee_30m_to_80m/calibrated/train/val_00038136.png
train:52207,train:8056,train,52207,8056,8056.jpg,3840,2160,1,swimmer,1706.0,789.0,81.0,45.0,3645.0,34.4983175861018,42.2,mavic,NorthSea_Fri_DJI_0117.MP4,1110,data/raw/seadronessee/odv2/images/train/8056.jpg,train,1484,1004,70,2488,1554,train_00052207,80.0,640,0.431266846361186,302.7493261455526,310.0808625336928,34.932614555256066,19.40700808625337,677.9375331478267,1.0,8fe6c319c145bfe6c41b4bd884be5417741d8218678ea8dfc0735cca6b82988f,data/synthetic/seadronessee_30m_to_80m/geometry_only/train/train_00052207.png,data/synthetic/seadronessee_30m_to_80m/calibrated/train/train_00052207.png
val:37844,val:6671,val,37844,6671,6671.jpg,3840,2160,1,swimmer,1706.0,1137.0,42.0,30.0,1260.0,31.89844437671441,26.7,mavic,NorthSea_Fri_DJI_0114.MP4,5865,data/raw/seadronessee/odv2/images/val/6671.jpg,train,1605,924,350,2529,1955,val_00037844,80.0,640,0.3987538940809969,311.8255451713396,313.81931464174454,16.747663551401867,11.962616822429906,200.34588173639617,1.0,8fe6c319c145bfe6c41b4bd884be5417741d8218678ea8dfc0735cca6b82988f,data/synthetic/seadronessee_30m_to_80m/geometry_only/train/val_00037844.png,data/synthetic/seadronessee_30m_to_80m/calibrated/train/val_00037844.png
train:51563,train:8002,train,51563,8002,8002.jpg,3840,2160,1,swimmer,1609.0,729.0,26.0,36.0,936.0,34.39832246266382,42.2,mavic,NorthSea_Fri_DJI_0117.MP4,300,data/raw/seadronessee/odv2/images/train/8002.jpg,train,1488,878,3,2366,1491,train_00051563,80.0,640,0.4301075268817204,314.40860215053766,312.258064516129,11.182795698924732,15.483870967741936,173.15296566077004,1.0,8fe6c319c145bfe6c41b4bd884be5417741d8218678ea8dfc0735cca6b82988f,data/synthetic/seadronessee_30m_to_80m/geometry_only/train/train_00051563.png,data/synthetic/seadronessee_30m_to_80m/calibrated/train/train_00051563.png
val:37814,val:6669,val,37814,6669,6669.jpg,3840,2160,1,swimmer,1956.0,878.0,25.0,22.0,550.0,31.79844925327644,26.7,mavic,NorthSea_Fri_DJI_0114.MP4,5835,data/raw/seadronessee/odv2/images/val/6669.jpg,train,1610,1164,84,2774,1694,val_00037814,80.0,640,0.3975155279503105,314.83229813664593,315.62732919254654,9.937888198757763,8.745341614906831,86.91022722888775,1.0,8fe6c319c145bfe6c41b4bd884be5417741d8218678ea8dfc0735cca6b82988f,data/synthetic/seadronessee_30m_to_80m/geometry_only/train/val_00037814.png,data/synthetic/seadronessee_30m_to_80m/calibrated/train/val_00037814.png
val:38115,val:6691,val,38115,6691,6691.jpg,3840,2160,1,swimmer,1130.0,980.0,50.0,25.0,1250.0,31.59845900640049,26.7,mavic,NorthSea_Fri_DJI_0114.MP4,6165,data/raw/seadronessee/odv2/images/val/6691.jpg,train,1620,345,182,1965,1802,val_00038115,80.0,640,0.3950617283950617,310.12345679012344,315.25925925925924,19.753086419753085,9.876543209876544,195.09221155311687,1.0,8fe6c319c145bfe6c41b4bd884be5417741d8218678ea8dfc0735cca6b82988f,data/synthetic/seadronessee_30m_to_80m/geometry_only/train/val_00038115.png,data/synthetic/seadronessee_30m_to_80m/calibrated/train/val_00038115.png
train:37201,train:6613,train,37201,6613,6613.jpg,3840,2160,1,swimmer,1606.0,1288.0,53.0,31.0,1643.0,31.698454129838463,36.7,mavic,NorthSea_Fri_DJI_0114.MP4,4995,data/raw/seadronessee/odv2/images/train/6613.jpg,train,1615,825,496,2440,2111,train_00037201,80.0,640,0.3962848297213622,309.4984520123839,313.8575851393189,21.0030959752322,12.28482972136223,258.019457677156,1.0,8fe6c319c145bfe6c41b4bd884be5417741d8218678ea8dfc0735cca6b82988f,data/synthetic/seadronessee_30m_to_80m/geometry_only/train/train_00037201.png,data/synthetic/seadronessee_30m_to_80m/calibrated/train/train_00037201.png
val:24014,val:4907,val,24014,4907,4907.jpg,3840,2160,1,swimmer,1568.0,1187.0,27.0,27.0,729.0,30.498512648582743,37.1,mavic,NorthSea_Fri_DJI_0112.MP4,6045,data/raw/seadronessee/odv2/images/val/4907.jpg,train,1679,742,361,2421,2040,val_00024014,80.0,640,0.3811792733770101,314.8540798094104,314.8540798094104,10.291840381179274,10.291840381179274,105.92197843167231,1.0,8fe6c319c145bfe6c41b4bd884be5417741d8218678ea8dfc0735cca6b82988f,data/synthetic/seadronessee_30m_to_80m/geometry_only/train/val_00024014.png,data/synthetic/seadronessee_30m_to_80m/calibrated/train/val_00024014.png
train:72096,train:10394,train,72096,10394,10394.jpg,3840,2160,1,swimmer,1455.0,869.0,51.0,41.0,2091.0,30.19852727826882,53.1,mavic,NorthSea_Sat_DJI_0126.MP4,5685,data/raw/seadronessee/odv2/images/train/10394.jpg,train,1695,633,42,2328,1737,train_00072096,80.0,640,0.3775811209439528,310.3716814159292,312.2595870206489,19.256637168141594,15.480825958702065,298.1086485498734,1.0,8fe6c319c145bfe6c41b4bd884be5417741d8218678ea8dfc0735cca6b82988f,data/synthetic/seadronessee_30m_to_80m/geometry_only/train/train_00072096.png,data/synthetic/seadronessee_30m_to_80m/calibrated/train/train_00072096.png
train:52183,train:8054,train,52183,8054,8054.jpg,3840,2160,1,swimmer,1686.0,793.0,71.0,30.0,2130.0,34.4983175861018,42.2,mavic,NorthSea_Fri_DJI_0117.MP4,1080,data/raw/seadronessee/odv2/images/train/8054.jpg,train,1484,980,66,2464,1550,train_00052183,80.0,640,0.431266846361186,304.4743935309973,313.53099730458223,30.61994609164421,12.93800539083558,396.1610276007876,1.0,8fe6c319c145bfe6c41b4bd884be5417741d8218678ea8dfc0735cca6b82988f,data/synthetic/seadronessee_30m_to_80m/geometry_only/train/train_00052183.png,data/synthetic/seadronessee_30m_to_80m/calibrated/train/train_00052183.png
train:51777,train:8020,train,51777,8020,8020.jpg,3840,2160,1,swimmer,1410.0,734.0,38.0,36.0,1368.0,34.4983175861018,42.2,mavic,NorthSea_Fri_DJI_0117.MP4,570,data/raw/seadronessee/odv2/images/train/8020.jpg,train,1484,687,10,2171,1494,train_00051777,80.0,640,0.431266846361186,311.8059299191375,312.23719676549865,16.38814016172507,15.525606469002696,254.4358149098016,1.0,8fe6c319c145bfe6c41b4bd884be5417741d8218678ea8dfc0735cca6b82988f,data/synthetic/seadronessee_30m_to_80m/geometry_only/train/train_00051777.png,data/synthetic/seadronessee_30m_to_80m/calibrated/train/train_00051777.png
train:51609,train:8006,train,51609,8006,8006.jpg,3840,2160,1,swimmer,1307.0,768.0,58.0,34.0,1972.0,34.4983175861018,42.2,mavic,NorthSea_Fri_DJI_0117.MP4,360,data/raw/seadronessee/odv2/images/train/8006.jpg,train,1484,594,43,2078,1527,train_00051609,80.0,640,0.431266846361186,307.4932614555256,312.66846361185986,25.01347708894879,14.663072776280323,366.77443494307664,1.0,8fe6c319c145bfe6c41b4bd884be5417741d8218678ea8dfc0735cca6b82988f,data/synthetic/seadronessee_30m_to_80m/geometry_only/train/train_00051609.png,data/synthetic/seadronessee_30m_to_80m/calibrated/train/train_00051609.png
train:51507,train:7996,train,51507,7996,7996.jpg,3840,2160,1,swimmer,1947.0,737.0,26.0,24.0,624.0,34.29832733922585,42.2,mavic,NorthSea_Fri_DJI_0117.MP4,210,data/raw/seadronessee/odv2/images/train/7996.jpg,train,1493,1214,2,2707,1495,train_00051507,80.0,640,0.4286671131949096,314.21299397186874,315.0703281982585,11.145344943067649,10.28801071667783,114.66342821535105,1.0,8fe6c319c145bfe6c41b4bd884be5417741d8218678ea8dfc0735cca6b82988f,data/synthetic/seadronessee_30m_to_80m/geometry_only/train/train_00051507.png,data/synthetic/seadronessee_30m_to_80m/calibrated/train/train_00051507.png
train:36719,train:6569,train,36719,6569,6569.jpg,3840,2160,1,swimmer,2224.0,1172.0,36.0,21.0,756.0,31.89844437671441,22.0,mavic,NorthSea_Fri_DJI_0114.MP4,4335,data/raw/seadronessee/odv2/images/train/6569.jpg,train,1605,1440,380,3045,1985,train_00036719,80.0,640,0.3987538940809969,312.62305295950154,315.8130841121495,14.355140186915888,8.373831775700934,120.2075290418377,1.0,8fe6c319c145bfe6c41b4bd884be5417741d8218678ea8dfc0735cca6b82988f,data/synthetic/seadronessee_30m_to_80m/geometry_only/train/train_00036719.png,data/synthetic/seadronessee_30m_to_80m/calibrated/train/train_00036719.png
train:36767,train:6573,train,36767,6573,6573.jpg,3840,2160,1,swimmer,2256.0,967.0,35.0,25.0,875.0,31.89844437671441,22.0,mavic,NorthSea_Fri_DJI_0114.MP4,4395,data/raw/seadronessee/odv2/images/train/6573.jpg,train,1605,1471,177,3076,1782,train_00036767,80.0,640,0.3987538940809969,313.0218068535825,315.01557632398755,13.95638629283489,9.96884735202492,139.129084539164,1.0,8fe6c319c145bfe6c41b4bd884be5417741d8218678ea8dfc0735cca6b82988f,data/synthetic/seadronessee_30m_to_80m/geometry_only/train/train_00036767.png,data/synthetic/seadronessee_30m_to_80m/calibrated/train/train_00036767.png
train:52136,train:8050,train,52136,8050,8050.jpg,3840,2160,1,swimmer,1344.0,832.0,88.0,34.0,2992.0,34.4983175861018,42.2,mavic,NorthSea_Fri_DJI_0117.MP4,1020,data/raw/seadronessee/odv2/images/train/8050.jpg,train,1484,646,107,2130,1591,train_00052136,80.0,640,0.431266846361186,301.02425876010784,312.66846361185986,37.95148247978437,14.663072776280323,556.4853495688059,1.0,8fe6c319c145bfe6c41b4bd884be5417741d8218678ea8dfc0735cca6b82988f,data/synthetic/seadronessee_30m_to_80m/geometry_only/train/train_00052136.png,data/synthetic/seadronessee_30m_to_80m/calibrated/train/train_00052136.png
train:109670,train:16274,train,109670,16274,16274.jpg,3840,2160,1,swimmer,1742.0,1199.0,27.0,26.0,702.0,30.09853215483084,21.0,m210,DJI_0010_d3.mov,405,data/raw/seadronessee/odv2/images/train/16274.jpg,train,1701,905,362,2606,2063,train_00109670,80.0,640,0.376249265138154,314.92063492063494,314.92063492063494,10.15873015873016,9.782480893592004,99.37758368093466,1.0,8fe6c319c145bfe6c41b4bd884be5417741d8218678ea8dfc0735cca6b82988f,data/synthetic/seadronessee_30m_to_80m/geometry_only/train/train_00109670.png,data/synthetic/seadronessee_30m_to_80m/calibrated/train/train_00109670.png
train:52112,train:8048,train,52112,8048,8048.jpg,3840,2160,1,swimmer,1358.0,826.0,85.0,27.0,2295.0,34.4983175861018,42.2,mavic,NorthSea_Fri_DJI_0117.MP4,990,data/raw/seadronessee/odv2/images/train/8048.jpg,train,1484,658,98,2142,1582,train_00052112,80.0,640,0.431266846361186,301.8867924528302,313.96226415094344,36.65768194070081,11.644204851752022,426.84955790789087,1.0,8fe6c319c145bfe6c41b4bd884be5417741d8218678ea8dfc0735cca6b82988f,data/synthetic/seadronessee_30m_to_80m/geometry_only/train/train_00052112.png,data/synthetic/seadronessee_30m_to_80m/calibrated/train/train_00052112.png
val:72520,val:10426,val,72520,10426,10426.jpg,3840,2160,1,swimmer,2616.0,1158.0,46.0,63.0,2898.0,30.79849801889668,54.6,mavic,NorthSea_Sat_DJI_0126.MP4,6165,data/raw/seadronessee/odv2/images/val/10426.jpg,train,1662,1808,358,3470,2020,val_00072520,80.0,640,0.3850782190132371,311.1432009626956,308.06257521058967,17.713598074608907,24.25992779783393,429.7306103298623,1.0,8fe6c319c145bfe6c41b4bd884be5417741d8218678ea8dfc0735cca6b82988f,data/synthetic/seadronessee_30m_to_80m/geometry_only/train/val_00072520.png,data/synthetic/seadronessee_30m_to_80m/calibrated/train/val_00072520.png
train:37326,train:6627,train,37326,6627,6627.jpg,3840,2160,1,swimmer,2166.0,799.0,34.0,33.0,1122.0,31.398468759524533,36.7,mavic,NorthSea_Fri_DJI_0114.MP4,5205,data/raw/seadronessee/odv2/images/train/6627.jpg,train,1631,1368,0,2999,1631,train_00037326,80.0,640,0.3923973022685469,313.13304721030045,313.525444512569,13.341508277130597,12.949110974862048,172.76067125260465,1.0,8fe6c319c145bfe6c41b4bd884be5417741d8218678ea8dfc0735cca6b82988f,data/synthetic/seadronessee_30m_to_80m/geometry_only/train/train_00037326.png,data/synthetic/seadronessee_30m_to_80m/calibrated/train/train_00037326.png
val:37951,val:6679,val,37951,6679,6679.jpg,3840,2160,1,swimmer,1740.0,967.0,24.0,23.0,552.0,31.79844925327644,26.7,mavic,NorthSea_Fri_DJI_0114.MP4,5985,data/raw/seadronessee/odv2/images/val/6679.jpg,train,1610,947,174,2557,1784,val_00037951,80.0,640,0.3975155279503105,315.22981366459624,315.22981366459624,9.540372670807454,9.142857142857142,87.226264418811,1.0,8fe6c319c145bfe6c41b4bd884be5417741d8218678ea8dfc0735cca6b82988f,data/synthetic/seadronessee_30m_to_80m/geometry_only/train/val_00037951.png,data/synthetic/seadronessee_30m_to_80m/calibrated/train/val_00037951.png
train:37168,train:6609,train,37168,6609,6609.jpg,3840,2160,1,swimmer,1747.0,1037.0,34.0,29.0,986.0,31.698454129838463,36.7,mavic,NorthSea_Fri_DJI_0114.MP4,4935,data/raw/seadronessee/odv2/images/train/6609.jpg,train,1615,956,244,2571,1859,train_00037168,80.0,640,0.3962848297213622,313.4613003095976,314.25386996904024,13.473684210526317,11.492260061919506,154.84308293954703,1.0,8fe6c319c145bfe6c41b4bd884be5417741d8218678ea8dfc0735cca6b82988f,data/synthetic/seadronessee_30m_to_80m/geometry_only/train/train_00037168.png,data/synthetic/seadronessee_30m_to_80m/calibrated/train/train_00037168.png
train:36824,train:6577,train,36824,6577,6577.jpg,3840,2160,1,swimmer,2036.0,1149.0,24.0,19.0,456.0,31.79844925327644,22.0,mavic,NorthSea_Fri_DJI_0114.MP4,4455,data/raw/seadronessee/odv2/images/train/6577.jpg,train,1610,1243,354,2853,1964,train_00036824,80.0,640,0.3975155279503105,315.22981366459624,316.0248447204969,9.540372670807454,7.5527950310559,72.05647930249604,1.0,8fe6c319c145bfe6c41b4bd884be5417741d8218678ea8dfc0735cca6b82988f,data/synthetic/seadronessee_30m_to_80m/geometry_only/train/train_00036824.png,data/synthetic/seadronessee_30m_to_80m/calibrated/train/train_00036824.png
val:37684,val:6659,val,37684,6659,6659.jpg,3840,2160,1,swimmer,1719.0,1224.0,38.0,28.0,1064.0,31.698454129838463,26.7,mavic,NorthSea_Fri_DJI_0114.MP4,5685,data/raw/seadronessee/odv2/images/val/6659.jpg,train,1615,930,430,2545,2045,val_00037684,80.0,640,0.3962848297213622,312.6687306501548,314.6501547987616,15.058823529411766,11.095975232198144,167.09233290839558,1.0,8fe6c319c145bfe6c41b4bd884be5417741d8218678ea8dfc0735cca6b82988f,data/synthetic/seadronessee_30m_to_80m/geometry_only/train/val_00037684.png,data/synthetic/seadronessee_30m_to_80m/calibrated/train/val_00037684.png
val:37654,val:6657,val,37654,6657,6657.jpg,3840,2160,1,swimmer,2412.0,945.0,70.0,26.0,1820.0,31.89844437671441,26.7,mavic,NorthSea_Fri_DJI_0114.MP4,5655,data/raw/seadronessee/odv2/images/val/6657.jpg,train,1605,1644,156,3249,1761,val_00037654,80.0,640,0.3987538940809969,306.2429906542056,314.6168224299065,27.91277258566978,10.367601246105918,289.3884958414611,1.0,8fe6c319c145bfe6c41b4bd884be5417741d8218678ea8dfc0735cca6b82988f,data/synthetic/seadronessee_30m_to_80m/geometry_only/train/val_00037654.png,data/synthetic/seadronessee_30m_to_80m/calibrated/train/val_00037654.png
train:37143,train:6607,train,37143,6607,6607.jpg,3840,2160,1,swimmer,1939.0,791.0,37.0,28.0,1036.0,31.89844437671441,29.4,mavic,NorthSea_Fri_DJI_0114.MP4,4905,data/raw/seadronessee/odv2/images/train/6607.jpg,train,1605,1155,2,2760,1607,train_00037143,80.0,640,0.3987538940809969,312.62305295950154,314.6168224299065,14.753894080996885,11.165109034267912,164.7288360943702,1.0,8fe6c319c145bfe6c41b4bd884be5417741d8218678ea8dfc0735cca6b82988f,data/synthetic/seadronessee_30m_to_80m/geometry_only/train/train_00037143.png,data/synthetic/seadronessee_30m_to_80m/calibrated/train/train_00037143.png
train:72120,train:10396,train,72120,10396,10396.jpg,3840,2160,1,swimmer,1966.0,971.0,27.0,33.0,891.0,34.098337092349894,54.6,mavic,NorthSea_Sat_DJI_0126.MP4,5715,data/raw/seadronessee/odv2/images/train/10396.jpg,train,1502,1228,236,2730,1738,train_00072120,80.0,640,0.4260985352862849,314.4607190412783,313.1824234354194,11.504660452729691,14.061251664447402,161.7699259398476,1.0,8fe6c319c145bfe6c41b4bd884be5417741d8218678ea8dfc0735cca6b82988f,data/synthetic/seadronessee_30m_to_80m/geometry_only/train/train_00072120.png,data/synthetic/seadronessee_30m_to_80m/calibrated/train/train_00072120.png
train:51397,train:7986,train,51397,7986,7986.jpg,3840,2160,1,swimmer,2397.0,1027.0,33.0,25.0,825.0,34.29832733922585,42.2,mavic,NorthSea_Fri_DJI_0117.MP4,60,data/raw/seadronessee/odv2/images/train/7986.jpg,train,1493,1667,293,3160,1786,train_00051397,80.0,640,0.4286671131949096,312.926992632284,314.6416610850636,14.146014735432017,10.71667782987274,151.59828249625738,1.0,8fe6c319c145bfe6c41b4bd884be5417741d8218678ea8dfc0735cca6b82988f,data/synthetic/seadronessee_30m_to_80m/geometry_only/train/train_00051397.png,data/synthetic/seadronessee_30m_to_80m/calibrated/train/train_00051397.png
train:37308,train:6625,train,37308,6625,6625.jpg,3840,2160,1,swimmer,2166.0,815.0,45.0,41.0,1845.0,31.398468759524533,36.7,mavic,NorthSea_Fri_DJI_0114.MP4,5175,data/raw/seadronessee/odv2/images/train/6625.jpg,train,1631,1373,20,3004,1651,train_00037308,80.0,640,0.3923973022685469,311.1710606989577,311.9558553034948,17.65787860208461,16.088289393010424,284.0850610169836,1.0,8fe6c319c145bfe6c41b4bd884be5417741d8218678ea8dfc0735cca6b82988f,data/synthetic/seadronessee_30m_to_80m/geometry_only/train/train_00037308.png,data/synthetic/seadronessee_30m_to_80m/calibrated/train/train_00037308.png
train:37102,train:6603,train,37102,6603,6603.jpg,3840,2160,1,swimmer,2068.0,1009.0,21.0,21.0,441.0,31.59845900640049,29.4,mavic,NorthSea_Fri_DJI_0114.MP4,4845,data/raw/seadronessee/odv2/images/train/6603.jpg,train,1620,1268,210,2888,1830,train_00037102,80.0,640,0.3950617283950617,316.04938271604937,315.6543209876544,8.296296296296296,8.296296296296296,68.82853223593963,1.0,8fe6c319c145bfe6c41b4bd884be5417741d8218678ea8dfc0735cca6b82988f,data/synthetic/seadronessee_30m_to_80m/geometry_only/train/train_00037102.png,data/synthetic/seadronessee_30m_to_80m/calibrated/train/train_00037102.png
train:37088,train:6601,train,37088,6601,6601.jpg,3840,2160,1,swimmer,1885.0,1269.0,47.0,28.0,1316.0,31.698454129838463,29.4,mavic,NorthSea_Fri_DJI_0114.MP4,4815,data/raw/seadronessee/odv2/images/train/6601.jpg,train,1615,1101,476,2716,2091,train_00037088,80.0,640,0.3962848297213622,310.687306501548,314.25386996904024,18.625386996904027,11.095975232198144,206.66683280775243,1.0,8fe6c319c145bfe6c41b4bd884be5417741d8218678ea8dfc0735cca6b82988f,data/synthetic/seadronessee_30m_to_80m/geometry_only/train/train_00037088.png,data/synthetic/seadronessee_30m_to_80m/calibrated/train/train_00037088.png
train:36564,train:6557,train,36564,6557,6557.jpg,3840,2160,1,swimmer,2421.0,966.0,25.0,25.0,625.0,31.89844437671441,22.0,mavic,NorthSea_Fri_DJI_0114.MP4,4155,data/raw/seadronessee/odv2/images/train/6557.jpg,train,1605,1631,176,3236,1781,train_00036564,80.0,640,0.3987538940809969,315.01557632398755,315.01557632398755,9.96884735202492,9.96884735202492,99.37791752797428,1.0,8fe6c319c145bfe6c41b4bd884be5417741d8218678ea8dfc0735cca6b82988f,data/synthetic/seadronessee_30m_to_80m/geometry_only/train/train_00036564.png,data/synthetic/seadronessee_30m_to_80m/calibrated/train/train_00036564.png
train:51712,train:8014,train,51712,8014,8014.jpg,3840,2160,1,swimmer,2291.0,1385.0,34.0,29.0,986.0,34.4983175861018,42.2,mavic,NorthSea_Fri_DJI_0117.MP4,480,data/raw/seadronessee/odv2/images/train/8014.jpg,train,1484,1566,658,3050,2142,train_00051712,80.0,640,0.431266846361186,312.66846361185986,313.53099730458223,14.663072776280323,12.506738544474397,183.38721747153832,1.0,8fe6c319c145bfe6c41b4bd884be5417741d8218678ea8dfc0735cca6b82988f,data/synthetic/seadronessee_30m_to_80m/geometry_only/train/train_00051712.png,data/synthetic/seadronessee_30m_to_80m/calibrated/train/train_00051712.png
val:38167,val:6695,val,38167,6695,6695.jpg,3840,2160,1,swimmer,1123.0,979.0,53.0,23.0,1219.0,31.59845900640049,26.7,mavic,NorthSea_Fri_DJI_0114.MP4,6225,data/raw/seadronessee/odv2/images/val/6695.jpg,train,1620,340,180,1960,1800,val_00038167,80.0,640,0.3950617283950617,309.3333333333333,315.6543209876544,20.938271604938272,9.08641975308642,190.2539247065996,1.0,8fe6c319c145bfe6c41b4bd884be5417741d8218678ea8dfc0735cca6b82988f,data/synthetic/seadronessee_30m_to_80m/geometry_only/train/val_00038167.png,data/synthetic/seadronessee_30m_to_80m/calibrated/train/val_00038167.png
train:51944,train:8034,train,51944,8034,8034.jpg,3840,2160,1,swimmer,1477.0,784.0,86.0,37.0,3182.0,34.4983175861018,42.2,mavic,NorthSea_Fri_DJI_0117.MP4,780,data/raw/seadronessee/odv2/images/train/8034.jpg,train,1484,778,60,2262,1544,train_00051944,80.0,640,0.431266846361186,301.455525606469,312.23719676549865,37.088948787062,15.956873315363882,591.8236571951671,1.0,8fe6c319c145bfe6c41b4bd884be5417741d8218678ea8dfc0735cca6b82988f,data/synthetic/seadronessee_30m_to_80m/geometry_only/train/train_00051944.png,data/synthetic/seadronessee_30m_to_80m/calibrated/train/train_00051944.png
val:37586,val:6651,val,37586,6651,6651.jpg,3840,2160,1,swimmer,1667.0,1275.0,40.0,39.0,1560.0,31.89844437671441,26.7,mavic,NorthSea_Fri_DJI_0114.MP4,5565,data/raw/seadronessee/odv2/images/val/6651.jpg,train,1605,884,492,2489,2097,val_00037586,80.0,640,0.3987538940809969,312.2242990654205,312.2242990654205,15.950155763239875,15.551401869158878,248.04728214982384,1.0,8fe6c319c145bfe6c41b4bd884be5417741d8218678ea8dfc0735cca6b82988f,data/synthetic/seadronessee_30m_to_80m/geometry_only/train/val_00037586.png,data/synthetic/seadronessee_30m_to_80m/calibrated/train/val_00037586.png
train:51542,train:8000,train,51542,8000,8000.jpg,3840,2160,1,swimmer,1191.0,834.0,53.0,32.0,1696.0,34.29832733922585,42.2,mavic,NorthSea_Fri_DJI_0117.MP4,270,data/raw/seadronessee/odv2/images/train/8000.jpg,train,1493,471,104,1964,1597,train_00051542,80.0,640,0.4286671131949096,308.6403215003349,312.926992632284,22.71935699933021,13.717347622237106,311.6493177135182,1.0,8fe6c319c145bfe6c41b4bd884be5417741d8218678ea8dfc0735cca6b82988f,data/synthetic/seadronessee_30m_to_80m/geometry_only/train/train_00051542.png,data/synthetic/seadronessee_30m_to_80m/calibrated/train/train_00051542.png
train:36907,train:6583,train,36907,6583,6583.jpg,3840,2160,1,swimmer,2001.0,1094.0,46.0,25.0,1150.0,31.79844925327644,22.0,mavic,NorthSea_Fri_DJI_0114.MP4,4545,data/raw/seadronessee/odv2/images/train/6583.jpg,train,1610,1219,302,2829,1912,train_00036907,80.0,640,0.3975155279503105,310.85714285714283,314.83229813664593,18.285714285714285,9.937888198757763,181.72138420585625,1.0,8fe6c319c145bfe6c41b4bd884be5417741d8218678ea8dfc0735cca6b82988f,data/synthetic/seadronessee_30m_to_80m/geometry_only/train/train_00036907.png,data/synthetic/seadronessee_30m_to_80m/calibrated/train/train_00036907.png
train:36966,train:6589,train,36966,6589,6589.jpg,3840,2160,1,swimmer,2096.0,861.0,25.0,26.0,650.0,31.89844437671441,29.4,mavic,NorthSea_Fri_DJI_0114.MP4,4635,data/raw/seadronessee/odv2/images/train/6589.jpg,train,1605,1306,72,2911,1677,train_00036966,80.0,640,0.3987538940809969,315.01557632398755,314.6168224299065,9.96884735202492,10.367601246105918,103.35303422909324,1.0,8fe6c319c145bfe6c41b4bd884be5417741d8218678ea8dfc0735cca6b82988f,data/synthetic/seadronessee_30m_to_80m/geometry_only/train/train_00036966.png,data/synthetic/seadronessee_30m_to_80m/calibrated/train/train_00036966.png
val:37542,val:6647,val,37542,6647,6647.jpg,3840,2160,1,swimmer,1533.0,1342.0,43.0,26.0,1118.0,31.89844437671441,26.7,mavic,NorthSea_Fri_DJI_0114.MP4,5505,data/raw/seadronessee/odv2/images/val/6647.jpg,train,1605,752,552,2357,2157,val_00037542,80.0,640,0.3987538940809969,311.42679127725853,315.01557632398755,17.146417445482864,10.367601246105918,177.7672188740404,1.0,8fe6c319c145bfe6c41b4bd884be5417741d8218678ea8dfc0735cca6b82988f,data/synthetic/seadronessee_30m_to_80m/geometry_only/train/val_00037542.png,data/synthetic/seadronessee_30m_to_80m/calibrated/train/val_00037542.png
train:81978,train:12336,train,81978,12336,12336.jpg,3840,2160,1,swimmer,2099.0,1108.0,115.0,57.0,6555.0,32.698405364218225,43.4,mavic,NorthSea_Thu_DJI_0107.MP4,2145,data/raw/seadronessee/odv2/images/train/12336.jpg,train,1566,1374,354,2940,1920,train_00081978,80.0,640,0.4086845466155811,296.2962962962963,308.1481481481481,46.99872286079183,23.295019157088124,1094.8361494008211,1.0,8fe6c319c145bfe6c41b4bd884be5417741d8218678ea8dfc0735cca6b82988f,data/synthetic/seadronessee_30m_to_80m/geometry_only/train/train_00081978.png,data/synthetic/seadronessee_30m_to_80m/calibrated/train/train_00081978.png
val:37515,val:6645,val,37515,6645,6645.jpg,3840,2160,1,swimmer,1826.0,1021.0,32.0,20.0,640.0,31.79844925327644,26.7,mavic,NorthSea_Fri_DJI_0114.MP4,5475,data/raw/seadronessee/odv2/images/val/6645.jpg,train,1610,1037,226,2647,1836,val_00037515,80.0,640,0.3975155279503105,313.639751552795,316.0248447204969,12.720496894409935,7.95031055900621,101.13190077543302,1.0,8fe6c319c145bfe6c41b4bd884be5417741d8218678ea8dfc0735cca6b82988f,data/synthetic/seadronessee_30m_to_80m/geometry_only/train/val_00037515.png,data/synthetic/seadronessee_30m_to_80m/calibrated/train/val_00037515.png
val:37783,val:6667,val,37783,6667,6667.jpg,3840,2160,1,swimmer,2099.0,1089.0,50.0,26.0,1300.0,31.79844925327644,26.7,mavic,NorthSea_Fri_DJI_0114.MP4,5805,data/raw/seadronessee/odv2/images/val/6667.jpg,train,1610,1319,297,2929,1907,val_00037783,80.0,640,0.3975155279503105,310.0621118012422,314.83229813664593,19.875776397515526,10.335403726708076,205.42417345009835,1.0,8fe6c319c145bfe6c41b4bd884be5417741d8218678ea8dfc0735cca6b82988f,data/synthetic/seadronessee_30m_to_80m/geometry_only/train/val_00037783.png,data/synthetic/seadronessee_30m_to_80m/calibrated/train/val_00037783.png
val:37608,val:6653,val,37608,6653,6653.jpg,3840,2160,1,swimmer,1825.0,1191.0,37.0,24.0,888.0,31.89844437671441,26.7,mavic,NorthSea_Fri_DJI_0114.MP4,5595,data/raw/seadronessee/odv2/images/val/6653.jpg,train,1605,1041,400,2646,2005,val_00037608,80.0,640,0.3987538940809969,312.62305295950154,315.4143302180685,14.753894080996885,9.570093457943925,141.19614522374587,1.0,8fe6c319c145bfe6c41b4bd884be5417741d8218678ea8dfc0735cca6b82988f,data/synthetic/seadronessee_30m_to_80m/geometry_only/train/val_00037608.png,data/synthetic/seadronessee_30m_to_80m/calibrated/train/val_00037608.png
train:51992,train:8038,train,51992,8038,8038.jpg,3840,2160,1,swimmer,1455.0,802.0,95.0,35.0,3325.0,34.4983175861018,42.2,mavic,NorthSea_Fri_DJI_0117.MP4,840,data/raw/seadronessee/odv2/images/train/8038.jpg,train,1484,760,78,2244,1562,train_00051992,80.0,640,0.431266846361186,299.73045822102426,312.23719676549865,40.97035040431267,15.09433962264151,618.4203834613234,1.0,8fe6c319c145bfe6c41b4bd884be5417741d8218678ea8dfc0735cca6b82988f,data/synthetic/seadronessee_30m_to_80m/geometry_only/train/train_00051992.png,data/synthetic/seadronessee_30m_to_80m/calibrated/train/train_00051992.png
train:52303,train:8064,train,52303,8064,8064.jpg,3840,2160,1,swimmer,2233.0,782.0,79.0,28.0,2212.0,34.19833221578787,42.2,mavic,NorthSea_Fri_DJI_0117.MP4,1230,data/raw/seadronessee/odv2/images/train/8064.jpg,train,1497,1524,48,3021,1545,train_00052303,80.0,640,0.4275217100868403,303.11289245156985,313.80093520374083,33.77421509686039,11.97060788243153,404.2978854614149,1.0,8fe6c319c145bfe6c41b4bd884be5417741d8218678ea8dfc0735cca6b82988f,data/synthetic/seadronessee_30m_to_80m/geometry_only/train/train_00052303.png,data/synthetic/seadronessee_30m_to_80m/calibrated/train/train_00052303.png
val:38214,val:6699,val,38214,6699,6699.jpg,3840,2160,1,swimmer,1865.0,836.0,29.0,23.0,667.0,31.59845900640049,26.7,mavic,NorthSea_Fri_DJI_0114.MP4,6285,data/raw/seadronessee/odv2/images/val/6699.jpg,train,1620,1070,38,2690,1658,val_00038214,80.0,640,0.3950617283950617,314.0740740740741,315.25925925925924,11.45679012345679,9.08641975308642,104.10120408474316,1.0,8fe6c319c145bfe6c41b4bd884be5417741d8218678ea8dfc0735cca6b82988f,data/synthetic/seadronessee_30m_to_80m/geometry_only/train/val_00038214.png,data/synthetic/seadronessee_30m_to_80m/calibrated/train/val_00038214.png
val:38087,val:6689,val,38087,6689,6689.jpg,3840,2160,1,swimmer,1247.0,974.0,25.0,24.0,600.0,31.59845900640049,26.7,mavic,NorthSea_Fri_DJI_0114.MP4,6135,data/raw/seadronessee/odv2/images/val/6689.jpg,train,1620,450,176,2070,1796,val_00038087,80.0,640,0.3950617283950617,314.8641975308642,315.25925925925924,9.876543209876544,9.48148148148148,93.64426154549612,1.0,8fe6c319c145bfe6c41b4bd884be5417741d8218678ea8dfc0735cca6b82988f,data/synthetic/seadronessee_30m_to_80m/geometry_only/train/val_00038087.png,data/synthetic/seadronessee_30m_to_80m/calibrated/train/val_00038087.png
train:51849,train:8026,train,51849,8026,8026.jpg,3840,2160,1,swimmer,1438.0,739.0,36.0,27.0,972.0,34.4983175861018,42.2,mavic,NorthSea_Fri_DJI_0117.MP4,660,data/raw/seadronessee/odv2/images/train/8026.jpg,train,1484,714,10,2198,1494,train_00051849,80.0,640,0.431266846361186,312.23719676549865,314.3935309973046,15.525606469002696,11.644204851752022,180.78334217275375,1.0,8fe6c319c145bfe6c41b4bd884be5417741d8218678ea8dfc0735cca6b82988f,data/synthetic/seadronessee_30m_to_80m/geometry_only/train/train_00051849.png,data/synthetic/seadronessee_30m_to_80m/calibrated/train/train_00051849.png
train:51800,train:8022,train,51800,8022,8022.jpg,3840,2160,1,swimmer,1565.0,753.0,76.0,31.0,2356.0,34.4983175861018,42.2,mavic,NorthSea_Fri_DJI_0117.MP4,600,data/raw/seadronessee/odv2/images/train/8022.jpg,train,1484,861,26,2345,1510,train_00051800,80.0,640,0.431266846361186,303.61185983827494,313.53099730458223,32.77628032345014,13.369272237196766,438.19501456688056,1.0,8fe6c319c145bfe6c41b4bd884be5417741d8218678ea8dfc0735cca6b82988f,data/synthetic/seadronessee_30m_to_80m/geometry_only/train/train_00051800.png,data/synthetic/seadronessee_30m_to_80m/calibrated/train/train_00051800.png
train:37027,train:6595,train,37027,6595,6595.jpg,3840,2160,1,swimmer,2030.0,930.0,21.0,26.0,546.0,31.79844925327644,29.4,mavic,NorthSea_Fri_DJI_0114.MP4,4725,data/raw/seadronessee/odv2/images/train/6595.jpg,train,1610,1236,138,2846,1748,train_00037027,80.0,640,0.3975155279503105,315.62732919254654,314.83229813664593,8.347826086956522,10.335403726708076,86.27815284904132,1.0,8fe6c319c145bfe6c41b4bd884be5417741d8218678ea8dfc0735cca6b82988f,data/synthetic/seadronessee_30m_to_80m/geometry_only/train/train_00037027.png,data/synthetic/seadronessee_30m_to_80m/calibrated/train/train_00037027.png
train:52095,train:8046,train,52095,8046,8046.jpg,3840,2160,1,swimmer,2469.0,1315.0,38.0,32.0,1216.0,34.4983175861018,42.2,mavic,NorthSea_Fri_DJI_0117.MP4,960,data/raw/seadronessee/odv2/images/train/8046.jpg,train,1484,1746,589,3230,2073,train_00052095,80.0,640,0.431266846361186,311.8059299191375,313.099730458221,16.38814016172507,13.800539083557952,226.16516880871256,1.0,8fe6c319c145bfe6c41b4bd884be5417741d8218678ea8dfc0735cca6b82988f,data/synthetic/seadronessee_30m_to_80m/geometry_only/train/train_00052095.png,data/synthetic/seadronessee_30m_to_80m/calibrated/train/train_00052095.png
train:82171,train:12433,train,82171,12433,12433.jpg,3840,2160,1,swimmer,2181.0,1121.0,71.0,60.0,4260.0,33.29837610484608,68.5,mavic,NorthSea_Thu_DJI_0107.MP4,3615,data/raw/seadronessee/odv2/images/train/12433.jpg,train,1538,1448,382,2986,1920,train_00082171,80.0,640,0.4161248374512353,305.0195058517555,307.51625487646294,29.54486345903771,24.96749024707412,737.6610902646606,1.0,8fe6c319c145bfe6c41b4bd884be5417741d8218678ea8dfc0735cca6b82988f,data/synthetic/seadronessee_30m_to_80m/geometry_only/train/train_00082171.png,data/synthetic/seadronessee_30m_to_80m/calibrated/train/train_00082171.png
train:36945,train:6587,train,36945,6587,6587.jpg,3840,2160,1,swimmer,1993.0,816.0,62.0,17.0,1054.0,31.79844925327644,30.5,mavic,NorthSea_Fri_DJI_0114.MP4,4605,data/raw/seadronessee/odv2/images/train/6587.jpg,train,1610,1219,20,2829,1630,train_00036945,80.0,640,0.3975155279503105,307.67701863354034,316.4223602484472,24.64596273291925,6.757763975155279,166.55159908954127,1.0,8fe6c319c145bfe6c41b4bd884be5417741d8218678ea8dfc0735cca6b82988f,data/synthetic/seadronessee_30m_to_80m/geometry_only/train/train_00036945.png,data/synthetic/seadronessee_30m_to_80m/calibrated/train/train_00036945.png
val:23950,val:4891,val,23950,4891,4891.jpg,3840,2160,1,swimmer,1896.0,1191.0,30.0,31.0,930.0,30.39851752514477,37.1,mavic,NorthSea_Fri_DJI_0112.MP4,5805,data/raw/seadronessee/odv2/images/val/4891.jpg,train,1684,1069,364,2753,2048,val_00023950,80.0,640,0.3800475059382422,314.29928741092635,314.29928741092635,11.401425178147267,11.78147268408551,134.3255792959868,1.0,8fe6c319c145bfe6c41b4bd884be5417741d8218678ea8dfc0735cca6b82988f,data/synthetic/seadronessee_30m_to_80m/geometry_only/train/val_00023950.png,data/synthetic/seadronessee_30m_to_80m/calibrated/train/val_00023950.png
train:36984,train:6591,train,36984,6591,6591.jpg,3840,2160,1,swimmer,1934.0,811.0,60.0,26.0,1560.0,31.79844925327644,29.4,mavic,NorthSea_Fri_DJI_0114.MP4,4665,data/raw/seadronessee/odv2/images/train/6591.jpg,train,1610,1159,19,2769,1629,train_00036984,80.0,640,0.3975155279503105,308.07453416149065,314.83229813664593,23.850931677018632,10.335403726708076,246.50900814011803,1.0,8fe6c319c145bfe6c41b4bd884be5417741d8218678ea8dfc0735cca6b82988f,data/synthetic/seadronessee_30m_to_80m/geometry_only/train/train_00036984.png,data/synthetic/seadronessee_30m_to_80m/calibrated/train/train_00036984.png
train:72064,train:10392,train,72064,10392,10392.jpg,3840,2160,1,swimmer,2433.0,1047.0,32.0,32.0,1024.0,26.69869795793965,49.8,mavic,NorthSea_Sat_DJI_0126.MP4,5655,data/raw/seadronessee/odv2/images/train/10392.jpg,train,1918,1490,104,3408,2022,train_00072064,80.0,640,0.3336809176225234,314.66110531803963,314.66110531803963,10.67778936392075,10.67778936392075,114.0151857002591,1.0,8fe6c319c145bfe6c41b4bd884be5417741d8218678ea8dfc0735cca6b82988f,data/synthetic/seadronessee_30m_to_80m/geometry_only/train/train_00072064.png,data/synthetic/seadronessee_30m_to_80m/calibrated/train/train_00072064.png
train:36872,train:6581,train,36872,6581,6581.jpg,3840,2160,1,swimmer,2151.0,976.0,19.0,13.0,247.0,31.79844925327644,22.0,mavic,NorthSea_Fri_DJI_0114.MP4,4515,data/raw/seadronessee/odv2/images/train/6581.jpg,train,1610,1356,178,2966,1788,train_00036872,80.0,640,0.3975155279503105,316.0248447204969,317.2173913043478,7.5527950310559,5.167701863354037,39.030592955518685,1.0,8fe6c319c145bfe6c41b4bd884be5417741d8218678ea8dfc0735cca6b82988f,data/synthetic/seadronessee_30m_to_80m/geometry_only/train/train_00036872.png,data/synthetic/seadronessee_30m_to_80m/calibrated/train/train_00036872.png
val:38062,val:6687,val,38062,6687,6687.jpg,3840,2160,1,swimmer,1280.0,940.0,27.0,19.0,513.0,31.59845900640049,26.7,mavic,NorthSea_Fri_DJI_0114.MP4,6105,data/raw/seadronessee/odv2/images/val/6687.jpg,train,1620,484,140,2104,1760,val_00038062,80.0,640,0.3950617283950617,314.4691358024691,316.04938271604937,10.666666666666666,7.506172839506172,80.06584362139917,1.0,8fe6c319c145bfe6c41b4bd884be5417741d8218678ea8dfc0735cca6b82988f,data/synthetic/seadronessee_30m_to_80m/geometry_only/train/val_00038062.png,data/synthetic/seadronessee_30m_to_80m/calibrated/train/val_00038062.png
val:23980,val:4899,val,23980,4899,4899.jpg,3840,2160,1,swimmer,2493.0,1072.0,73.0,36.0,2628.0,30.498512648582743,37.1,mavic,NorthSea_Fri_DJI_0112.MP4,5925,data/raw/seadronessee/odv2/images/val/4899.jpg,train,1679,1690,250,3369,1929,val_00023980,80.0,640,0.3811792733770101,306.0869565217391,313.32936271590233,27.82608695652174,13.722453841572364,381.8421938524484,1.0,8fe6c319c145bfe6c41b4bd884be5417741d8218678ea8dfc0735cca6b82988f,data/synthetic/seadronessee_30m_to_80m/geometry_only/train/val_00023980.png,data/synthetic/seadronessee_30m_to_80m/calibrated/train/val_00023980.png
train:51487,train:7994,train,51487,7994,7994.jpg,3840,2160,1,swimmer,3053.0,1272.0,33.0,37.0,1221.0,34.29832733922585,42.2,mavic,NorthSea_Fri_DJI_0117.MP4,180,data/raw/seadronessee/odv2/images/train/7994.jpg,train,1493,2323,544,3816,2037,train_00051487,80.0,640,0.4286671131949096,312.926992632284,312.0696584058942,14.146014735432017,15.860683188211654,224.3654580944609,1.0,8fe6c319c145bfe6c41b4bd884be5417741d8218678ea8dfc0735cca6b82988f,data/synthetic/seadronessee_30m_to_80m/geometry_only/train/train_00051487.png,data/synthetic/seadronessee_30m_to_80m/calibrated/train/train_00051487.png
train:51664,train:8010,train,51664,8010,8010.jpg,3840,2160,1,swimmer,2312.0,1398.0,33.0,30.0,990.0,34.598312709539776,42.2,mavic,NorthSea_Fri_DJI_0117.MP4,420,data/raw/seadronessee/odv2/images/train/8010.jpg,train,1480,1588,673,3068,2153,train_00051664,80.0,640,0.4324324324324324,313.0810810810811,313.51351351351354,14.27027027027027,12.972972972972974,185.12783053323597,1.0,8fe6c319c145bfe6c41b4bd884be5417741d8218678ea8dfc0735cca6b82988f,data/synthetic/seadronessee_30m_to_80m/geometry_only/train/train_00051664.png,data/synthetic/seadronessee_30m_to_80m/calibrated/train/train_00051664.png
train:52070,train:8044,train,52070,8044,8044.jpg,3840,2160,1,swimmer,1810.0,739.0,33.0,26.0,858.0,34.4983175861018,42.2,mavic,NorthSea_Fri_DJI_0117.MP4,930,data/raw/seadronessee/odv2/images/train/8044.jpg,train,1484,1084,10,2568,1494,train_00052070,80.0,640,0.431266846361186,313.099730458221,314.3935309973046,14.23180592991914,11.212938005390836,159.58035759693698,1.0,8fe6c319c145bfe6c41b4bd884be5417741d8218678ea8dfc0735cca6b82988f,data/synthetic/seadronessee_30m_to_80m/geometry_only/train/train_00052070.png,data/synthetic/seadronessee_30m_to_80m/calibrated/train/train_00052070.png
train:52166,train:8052,train,52166,8052,8052.jpg,3840,2160,1,swimmer,1911.0,748.0,32.0,23.0,736.0,34.4983175861018,42.2,mavic,NorthSea_Fri_DJI_0117.MP4,1050,data/raw/seadronessee/odv2/images/train/8052.jpg,train,1484,1185,18,2669,1502,train_00052166,80.0,640,0.431266846361186,313.099730458221,314.8247978436658,13.800539083557952,9.919137466307278,136.8894442789576,1.0,8fe6c319c145bfe6c41b4bd884be5417741d8218678ea8dfc0735cca6b82988f,data/synthetic/seadronessee_30m_to_80m/geometry_only/train/train_00052166.png,data/synthetic/seadronessee_30m_to_80m/calibrated/train/train_00052166.png
train:52456,train:8076,train,52456,8076,8076.jpg,3840,2160,1,swimmer,2801.0,868.0,39.0,30.0,1170.0,34.19833221578787,42.2,mavic,NorthSea_Fri_DJI_0117.MP4,1410,data/raw/seadronessee/odv2/images/train/8076.jpg,train,1497,2072,134,3569,1631,train_00052456,80.0,640,0.4275217100868403,311.6633266533066,313.80093520374083,16.673346693386776,12.82565130260521,213.8465307368244,1.0,8fe6c319c145bfe6c41b4bd884be5417741d8218678ea8dfc0735cca6b82988f,data/synthetic/seadronessee_30m_to_80m/geometry_only/train/train_00052456.png,data/synthetic/seadronessee_30m_to_80m/calibrated/train/train_00052456.png
val:24030,val:4911,val,24030,4911,4911.jpg,3840,2160,1,swimmer,1660.0,1191.0,29.0,26.0,754.0,30.39851752514477,37.1,mavic,NorthSea_Fri_DJI_0112.MP4,6105,data/raw/seadronessee/odv2/images/val/4911.jpg,train,1684,832,362,2516,2046,val_00024030,80.0,640,0.3800475059382422,314.6793349168646,315.05938242280286,11.021377672209026,9.881235154394298,108.90482450448822,1.0,8fe6c319c145bfe6c41b4bd884be5417741d8218678ea8dfc0735cca6b82988f,data/synthetic/seadronessee_30m_to_80m/geometry_only/train/val_00024030.png,data/synthetic/seadronessee_30m_to_80m/calibrated/train/val_00024030.png
val:38197,val:6697,val,38197,6697,6697.jpg,3840,2160,1,swimmer,1726.0,947.0,18.0,20.0,360.0,31.59845900640049,26.7,mavic,NorthSea_Fri_DJI_0114.MP4,6255,data/raw/seadronessee/odv2/images/val/6697.jpg,train,1620,925,147,2545,1767,val_00038197,80.0,640,0.3950617283950617,316.4444444444444,316.04938271604937,7.111111111111111,7.901234567901234,56.18655692729766,1.0,8fe6c319c145bfe6c41b4bd884be5417741d8218678ea8dfc0735cca6b82988f,data/synthetic/seadronessee_30m_to_80m/geometry_only/train/val_00038197.png,data/synthetic/seadronessee_30m_to_80m/calibrated/train/val_00038197.png
val:37929,val:6677,val,37929,6677,6677.jpg,3840,2160,1,swimmer,1548.0,970.0,32.0,22.0,704.0,31.79844925327644,26.7,mavic,NorthSea_Fri_DJI_0114.MP4,5955,data/raw/seadronessee/odv2/images/val/6677.jpg,train,1610,759,176,2369,1786,val_00037929,80.0,640,0.3975155279503105,313.639751552795,315.62732919254654,12.720496894409935,8.745341614906831,111.24509085297632,1.0,8fe6c319c145bfe6c41b4bd884be5417741d8218678ea8dfc0735cca6b82988f,data/synthetic/seadronessee_30m_to_80m/geometry_only/train/val_00037929.png,data/synthetic/seadronessee_30m_to_80m/calibrated/train/val_00037929.png
val:72776,val:10450,val,72776,10450,10450.jpg,3840,2160,1,swimmer,2399.0,1238.0,69.0,48.0,3312.0,33.69835659859799,54.6,mavic,NorthSea_Sat_DJI_0126.MP4,6525,data/raw/seadronessee/odv2/images/val/10450.jpg,train,1519,1674,502,3193,2021,val_00072776,80.0,640,0.4213298222514812,305.4641211323239,310.0987491770902,29.071757735352207,20.2238314680711,587.9423289203554,1.0,8fe6c319c145bfe6c41b4bd884be5417741d8218678ea8dfc0735cca6b82988f,data/synthetic/seadronessee_30m_to_80m/geometry_only/train/val_00072776.png,data/synthetic/seadronessee_30m_to_80m/calibrated/train/val_00072776.png
train:109921,train:16294,train,109921,16294,16294.jpg,3840,2160,1,swimmer,1194.0,1269.0,41.0,27.0,1107.0,29.89854190795489,23.1,m210,DJI_0010_d3.mov,705,data/raw/seadronessee/odv2/images/train/16294.jpg,train,1712,358,426,2070,2138,train_00109921,80.0,640,0.3738317757009345,312.5233644859813,315.14018691588785,15.327102803738317,10.093457943925234,154.70346755175123,1.0,8fe6c319c145bfe6c41b4bd884be5417741d8218678ea8dfc0735cca6b82988f,data/synthetic/seadronessee_30m_to_80m/geometry_only/train/train_00109921.png,data/synthetic/seadronessee_30m_to_80m/calibrated/train/train_00109921.png
train:51729,train:8016,train,51729,8016,8016.jpg,3840,2160,1,swimmer,1372.0,757.0,89.0,47.0,4183.0,34.4983175861018,42.2,mavic,NorthSea_Fri_DJI_0117.MP4,510,data/raw/seadronessee/odv2/images/train/8016.jpg,train,1484,674,38,2158,1522,train_00051729,80.0,640,0.431266846361186,301.02425876010784,310.0808625336928,38.38274932614556,20.269541778975743,778.0007410582604,1.0,8fe6c319c145bfe6c41b4bd884be5417741d8218678ea8dfc0735cca6b82988f,data/synthetic/seadronessee_30m_to_80m/geometry_only/train/train_00051729.png,data/synthetic/seadronessee_30m_to_80m/calibrated/train/train_00051729.png
val:23998,val:4903,val,23998,4903,4903.jpg,3840,2160,1,swimmer,2214.0,1199.0,31.0,20.0,620.0,30.498512648582743,37.1,mavic,NorthSea_Fri_DJI_0112.MP4,5985,data/raw/seadronessee/odv2/images/val/4903.jpg,train,1679,1390,370,3069,2049,val_00023998,80.0,640,0.3811792733770101,314.09172126265634,315.9976176295414,11.816557474687317,7.623585467540202,90.08453584037976,1.0,8fe6c319c145bfe6c41b4bd884be5417741d8218678ea8dfc0735cca6b82988f,data/synthetic/seadronessee_30m_to_80m/geometry_only/train/val_00023998.png,data/synthetic/seadronessee_30m_to_80m/calibrated/train/val_00023998.png
train:36691,train:6567,train,36691,6567,6567.jpg,3840,2160,1,swimmer,2149.0,997.0,45.0,23.0,1035.0,31.698454129838463,22.0,mavic,NorthSea_Fri_DJI_0114.MP4,4305,data/raw/seadronessee/odv2/images/train/6567.jpg,train,1615,1364,201,2979,1816,train_00036691,80.0,640,0.3962848297213622,311.08359133126936,315.44272445820434,17.8328173374613,9.114551083591332,162.5381245866442,1.0,8fe6c319c145bfe6c41b4bd884be5417741d8218678ea8dfc0735cca6b82988f,data/synthetic/seadronessee_30m_to_80m/geometry_only/train/train_00036691.png,data/synthetic/seadronessee_30m_to_80m/calibrated/train/train_00036691.png
train:51437,train:7990,train,51437,7990,7990.jpg,3840,2160,1,swimmer,1855.0,861.0,31.0,35.0,1085.0,34.29832733922585,42.2,mavic,NorthSea_Fri_DJI_0117.MP4,120,data/raw/seadronessee/odv2/images/train/7990.jpg,train,1493,1124,132,2617,1625,train_00051437,80.0,640,0.4286671131949096,313.3556597454789,312.49832551908906,13.288680509042196,15.003348961821835,199.3747109193203,1.0,8fe6c319c145bfe6c41b4bd884be5417741d8218678ea8dfc0735cca6b82988f,data/synthetic/seadronessee_30m_to_80m/geometry_only/train/train_00051437.png,data/synthetic/seadronessee_30m_to_80m/calibrated/train/train_00051437.png
val:24052,val:4917,val,24052,4917,4917.jpg,3840,2160,1,swimmer,2256.0,1073.0,53.0,30.0,1590.0,30.598507772020724,37.1,mavic,NorthSea_Fri_DJI_0112.MP4,6195,data/raw/seadronessee/odv2/images/val/4917.jpg,train,1673,1446,252,3119,1925,val_00024052,80.0,640,0.3825463239689181,309.8625224148237,314.07053197848177,20.274955170352666,11.476389719067544,232.68328707159063,1.0,8fe6c319c145bfe6c41b4bd884be5417741d8218678ea8dfc0735cca6b82988f,data/synthetic/seadronessee_30m_to_80m/geometry_only/train/val_00024052.png,data/synthetic/seadronessee_30m_to_80m/calibrated/train/val_00024052.png
train:52801,train:8114,train,52801,8114,8114.jpg,3840,2160,1,swimmer,2373.0,985.0,23.0,24.0,552.0,34.29832733922585,39.7,mavic,NorthSea_Fri_DJI_0117.MP4,1995,data/raw/seadronessee/odv2/images/train/8114.jpg,train,1493,1638,250,3131,1743,train_00052801,80.0,640,0.4286671131949096,315.0703281982585,315.0703281982585,9.85934360348292,10.28801071667783,101.43303265204128,1.0,8fe6c319c145bfe6c41b4bd884be5417741d8218678ea8dfc0735cca6b82988f,data/synthetic/seadronessee_30m_to_80m/geometry_only/train/train_00052801.png,data/synthetic/seadronessee_30m_to_80m/calibrated/train/train_00052801.png
train:51752,train:8018,train,51752,8018,8018.jpg,3840,2160,1,swimmer,1614.0,752.0,91.0,34.0,3094.0,34.4983175861018,42.2,mavic,NorthSea_Fri_DJI_0117.MP4,540,data/raw/seadronessee/odv2/images/train/8018.jpg,train,1484,918,27,2402,1511,train_00051752,80.0,640,0.431266846361186,300.1617250673855,312.66846361185986,39.24528301886793,14.663072776280323,575.4564410313789,1.0,8fe6c319c145bfe6c41b4bd884be5417741d8218678ea8dfc0735cca6b82988f,data/synthetic/seadronessee_30m_to_80m/geometry_only/train/train_00051752.png,data/synthetic/seadronessee_30m_to_80m/calibrated/train/train_00051752.png
val:24044,val:4915,val,24044,4915,4915.jpg,3840,2160,1,swimmer,2237.0,1088.0,62.0,37.0,2294.0,30.698502895458702,37.1,mavic,NorthSea_Fri_DJI_0112.MP4,6165,data/raw/seadronessee/odv2/images/val/4915.jpg,train,1668,1434,272,3102,1940,val_00024044,80.0,640,0.3836930455635491,308.10551558753,313.0935251798561,23.78896882494005,14.19664268585132,337.7234902725302,1.0,8fe6c319c145bfe6c41b4bd884be5417741d8218678ea8dfc0735cca6b82988f,data/synthetic/seadronessee_30m_to_80m/geometry_only/train/val_00024044.png,data/synthetic/seadronessee_30m_to_80m/calibrated/train/val_00024044.png
val:23988,val:4901,val,23988,4901,4901.jpg,3840,2160,1,swimmer,2446.0,1076.0,77.0,34.0,2618.0,30.598507772020724,37.1,mavic,NorthSea_Fri_DJI_0112.MP4,5955,data/raw/seadronessee/odv2/images/val/4901.jpg,train,1673,1648,256,3321,1929,val_00023988,80.0,640,0.3825463239689181,305.2719665271967,313.6879856545129,29.456066945606697,13.006575014943216,383.1225443732228,1.0,8fe6c319c145bfe6c41b4bd884be5417741d8218678ea8dfc0735cca6b82988f,data/synthetic/seadronessee_30m_to_80m/geometry_only/train/val_00023988.png,data/synthetic/seadronessee_30m_to_80m/calibrated/train/val_00023988.png
train:52655,train:8096,train,52655,8096,8096.jpg,3840,2160,1,swimmer,2611.0,1123.0,49.0,30.0,1470.0,34.19833221578787,42.2,mavic,NorthSea_Fri_DJI_0117.MP4,1725,data/raw/seadronessee/odv2/images/train/8096.jpg,train,1497,1887,390,3384,1887,train_00052655,80.0,640,0.4275217100868403,309.5257181028724,313.373413493654,20.94856379425518,12.82565130260521,268.6789745154973,1.0,8fe6c319c145bfe6c41b4bd884be5417741d8218678ea8dfc0735cca6b82988f,data/synthetic/seadronessee_30m_to_80m/geometry_only/train/train_00052655.png,data/synthetic/seadronessee_30m_to_80m/calibrated/train/train_00052655.png
train:109748,train:16280,train,109748,16280,16280.jpg,3840,2160,1,swimmer,1480.0,1234.0,27.0,25.0,675.0,29.89854190795489,20.9,m210,DJI_0010_d3.mov,495,data/raw/seadronessee/odv2/images/train/16280.jpg,train,1712,638,390,2350,2102,train_00109748,80.0,640,0.3738317757009345,314.76635514018693,315.5140186915888,10.093457943925234,9.345794392523365,94.33138265350686,1.0,8fe6c319c145bfe6c41b4bd884be5417741d8218678ea8dfc0735cca6b82988f,data/synthetic/seadronessee_30m_to_80m/geometry_only/train/train_00109748.png,data/synthetic/seadronessee_30m_to_80m/calibrated/train/train_00109748.png
train:52432,train:8074,train,52432,8074,8074.jpg,3840,2160,1,swimmer,2807.0,867.0,43.0,30.0,1290.0,34.19833221578787,42.2,mavic,NorthSea_Fri_DJI_0117.MP4,1380,data/raw/seadronessee/odv2/images/train/8074.jpg,train,1497,2080,134,3577,1631,train_00052432,80.0,640,0.4275217100868403,310.8082832331329,313.373413493654,18.38343353373413,12.82565130260521,235.77950824829352,1.0,8fe6c319c145bfe6c41b4bd884be5417741d8218678ea8dfc0735cca6b82988f,data/synthetic/seadronessee_30m_to_80m/geometry_only/train/train_00052432.png,data/synthetic/seadronessee_30m_to_80m/calibrated/train/train_00052432.png
val:37982,val:6681,val,37982,6681,6681.jpg,3840,2160,1,swimmer,1451.0,949.0,25.0,16.0,400.0,31.79844925327644,26.7,mavic,NorthSea_Fri_DJI_0114.MP4,6015,data/raw/seadronessee/odv2/images/val/6681.jpg,train,1610,658,152,2268,1762,val_00037982,80.0,640,0.3975155279503105,315.22981366459624,316.8198757763975,9.937888198757763,6.3602484472049685,63.20743798464565,1.0,8fe6c319c145bfe6c41b4bd884be5417741d8218678ea8dfc0735cca6b82988f,data/synthetic/seadronessee_30m_to_80m/geometry_only/train/val_00037982.png,data/synthetic/seadronessee_30m_to_80m/calibrated/train/val_00037982.png
val:23966,val:4895,val,23966,4895,4895.jpg,3840,2160,1,swimmer,1942.0,1152.0,26.0,25.0,650.0,30.498512648582743,37.1,mavic,NorthSea_Fri_DJI_0112.MP4,5865,data/raw/seadronessee/odv2/images/val/4895.jpg,train,1679,1116,325,2795,2004,val_00023966,80.0,640,0.3811792733770101,314.8540798094104,315.23525908278737,9.910661107802264,9.529481834425251,94.44346499394652,1.0,8fe6c319c145bfe6c41b4bd884be5417741d8218678ea8dfc0735cca6b82988f,data/synthetic/seadronessee_30m_to_80m/geometry_only/train/val_00023966.png,data/synthetic/seadronessee_30m_to_80m/calibrated/train/val_00023966.png
train:51681,train:8012,train,51681,8012,8012.jpg,3840,2160,1,swimmer,1342.0,754.0,91.0,51.0,4641.0,34.4983175861018,42.2,mavic,NorthSea_Fri_DJI_0117.MP4,450,data/raw/seadronessee/odv2/images/train/8012.jpg,train,1484,646,38,2130,1522,train_00051681,80.0,640,0.431266846361186,300.1617250673855,308.7870619946092,39.24528301886793,21.994609164420485,863.1846615470682,1.0,8fe6c319c145bfe6c41b4bd884be5417741d8218678ea8dfc0735cca6b82988f,data/synthetic/seadronessee_30m_to_80m/geometry_only/train/train_00051681.png,data/synthetic/seadronessee_30m_to_80m/calibrated/train/train_00051681.png
train:81954,train:12326,train,81954,12326,12326.jpg,3840,2160,1,swimmer,2049.0,858.0,33.0,27.0,891.0,32.89839561109417,28.1,mavic,NorthSea_Thu_DJI_0107.MP4,1995,data/raw/seadronessee/odv2/images/train/12326.jpg,train,1556,1288,94,2844,1650,train_00081954,80.0,640,0.4113110539845758,313.00771208226223,314.241645244216,13.573264781491003,11.105398457583547,150.7365137687433,1.0,8fe6c319c145bfe6c41b4bd884be5417741d8218678ea8dfc0735cca6b82988f,data/synthetic/seadronessee_30m_to_80m/geometry_only/train/train_00081954.png,data/synthetic/seadronessee_30m_to_80m/calibrated/train/train_00081954.png
train:37066,train:6599,train,37066,6599,6599.jpg,3840,2160,1,swimmer,1945.0,997.0,31.0,21.0,651.0,31.79844925327644,29.4,mavic,NorthSea_Fri_DJI_0114.MP4,4785,data/raw/seadronessee/odv2/images/train/6599.jpg,train,1610,1156,202,2766,1812,train_00037066,80.0,640,0.3975155279503105,313.639751552795,316.0248447204969,12.322981366459626,8.347826086956522,102.87010532001078,1.0,8fe6c319c145bfe6c41b4bd884be5417741d8218678ea8dfc0735cca6b82988f,data/synthetic/seadronessee_30m_to_80m/geometry_only/train/train_00037066.png,data/synthetic/seadronessee_30m_to_80m/calibrated/train/train_00037066.png
train:109622,train:16270,train,109622,16270,16270.jpg,3840,2160,1,swimmer,2690.0,1100.0,27.0,24.0,648.0,30.19852727826882,-7.5,m210,DJI_0010_d3.mov,345,data/raw/seadronessee/odv2/images/train/16270.jpg,train,1695,1856,264,3551,1959,train_00109622,80.0,640,0.3775811209439528,314.9026548672566,315.65781710914456,10.194690265486726,9.061946902654867,92.38374187485316,1.0,8fe6c319c145bfe6c41b4bd884be5417741d8218678ea8dfc0735cca6b82988f,data/synthetic/seadronessee_30m_to_80m/geometry_only/train/train_00109622.png,data/synthetic/seadronessee_30m_to_80m/calibrated/train/train_00109622.png
train:37348,train:6629,train,37348,6629,6629.jpg,3840,2160,1,swimmer,1689.0,1111.0,93.0,42.0,3906.0,31.698454129838463,36.7,mavic,NorthSea_Fri_DJI_0114.MP4,5235,data/raw/seadronessee/odv2/images/train/6629.jpg,train,1615,928,324,2543,1939,train_00037348,80.0,640,0.3962848297213622,301.57275541795667,311.8761609907121,36.85448916408669,16.643962848297214,613.4047484400311,1.0,8fe6c319c145bfe6c41b4bd884be5417741d8218678ea8dfc0735cca6b82988f,data/synthetic/seadronessee_30m_to_80m/geometry_only/train/train_00037348.png,data/synthetic/seadronessee_30m_to_80m/calibrated/train/train_00037348.png
train:37430,train:6637,train,37430,6637,6637.jpg,3840,2160,1,swimmer,1609.0,1327.0,25.0,31.0,775.0,31.59845900640049,26.7,mavic,NorthSea_Fri_DJI_0114.MP4,5355,data/raw/seadronessee/odv2/images/train/6637.jpg,train,1620,812,532,2432,2152,train_00037430,80.0,640,0.3950617283950617,314.8641975308642,314.0740740740741,9.876543209876544,12.246913580246911,120.95717116293248,1.0,8fe6c319c145bfe6c41b4bd884be5417741d8218678ea8dfc0735cca6b82988f,data/synthetic/seadronessee_30m_to_80m/geometry_only/train/train_00037430.png,data/synthetic/seadronessee_30m_to_80m/calibrated/train/train_00037430.png
train:36619,train:6561,train,36619,6561,6561.jpg,3840,2160,1,swimmer,2119.0,962.0,24.0,21.0,504.0,31.79844925327644,22.0,mavic,NorthSea_Fri_DJI_0114.MP4,4215,data/raw/seadronessee/odv2/images/train/6561.jpg,train,1610,1326,168,2936,1778,train_00036619,80.0,640,0.3975155279503105,315.22981366459624,315.62732919254654,9.540372670807454,8.347826086956522,79.64137186065352,1.0,8fe6c319c145bfe6c41b4bd884be5417741d8218678ea8dfc0735cca6b82988f,data/synthetic/seadronessee_30m_to_80m/geometry_only/train/train_00036619.png,data/synthetic/seadronessee_30m_to_80m/calibrated/train/train_00036619.png
train:109840,train:16288,train,109840,16288,16288.jpg,3840,2160,1,swimmer,1077.0,1175.0,34.0,32.0,1088.0,29.89854190795489,22.3,m210,DJI_0010_d3.mov,615,data/raw/seadronessee/odv2/images/train/16288.jpg,train,1712,238,335,1950,2047,train_00109840,80.0,640,0.3738317757009345,313.6448598130841,314.01869158878503,12.710280373831775,11.962616822429906,152.04821381780067,1.0,8fe6c319c145bfe6c41b4bd884be5417741d8218678ea8dfc0735cca6b82988f,data/synthetic/seadronessee_30m_to_80m/geometry_only/train/train_00109840.png,data/synthetic/seadronessee_30m_to_80m/calibrated/train/train_00109840.png
train:51873,train:8028,train,51873,8028,8028.jpg,3840,2160,1,swimmer,1431.0,731.0,24.0,34.0,816.0,34.4983175861018,42.2,mavic,NorthSea_Fri_DJI_0117.MP4,690,data/raw/seadronessee/odv2/images/train/8028.jpg,train,1484,701,6,2185,1490,train_00051873,80.0,640,0.431266846361186,314.8247978436658,312.66846361185986,10.350404312668465,14.663072776280323,151.76873170058343,1.0,8fe6c319c145bfe6c41b4bd884be5417741d8218678ea8dfc0735cca6b82988f,data/synthetic/seadronessee_30m_to_80m/geometry_only/train/train_00051873.png,data/synthetic/seadronessee_30m_to_80m/calibrated/train/train_00051873.png
train:52255,train:8060,train,52255,8060,8060.jpg,3840,2160,1,swimmer,2159.0,794.0,73.0,40.0,2920.0,34.19833221578787,42.2,mavic,NorthSea_Fri_DJI_0117.MP4,1170,data/raw/seadronessee/odv2/images/train/8060.jpg,train,1497,1447,66,2944,1563,train_00052255,80.0,640,0.4275217100868403,304.3954575818303,311.23580494321976,31.209084836339347,17.100868403473616,533.702452779083,1.0,8fe6c319c145bfe6c41b4bd884be5417741d8218678ea8dfc0735cca6b82988f,data/synthetic/seadronessee_30m_to_80m/geometry_only/train/train_00052255.png,data/synthetic/seadronessee_30m_to_80m/calibrated/train/train_00052255.png
train:52231,train:8058,train,52231,8058,8058.jpg,3840,2160,1,swimmer,2073.0,788.0,94.0,43.0,4042.0,34.19833221578787,42.2,mavic,NorthSea_Fri_DJI_0117.MP4,1140,data/raw/seadronessee/odv2/images/train/8058.jpg,train,1497,1372,61,2869,1558,train_00052231,80.0,640,0.4275217100868403,299.6927187708751,310.8082832331329,40.18704074816299,18.38343353373413,738.7757925113197,1.0,8fe6c319c145bfe6c41b4bd884be5417741d8218678ea8dfc0735cca6b82988f,data/synthetic/seadronessee_30m_to_80m/geometry_only/train/train_00052231.png,data/synthetic/seadronessee_30m_to_80m/calibrated/train/train_00052231.png
train:52383,train:8070,train,52383,8070,8070.jpg,3840,2160,1,swimmer,2378.0,759.0,56.0,29.0,1624.0,34.19833221578787,42.2,mavic,NorthSea_Fri_DJI_0117.MP4,1320,data/raw/seadronessee/odv2/images/train/8070.jpg,train,1497,1658,25,3155,1522,train_00052383,80.0,640,0.4275217100868403,307.8156312625251,313.80093520374083,23.94121576486306,12.398129592518371,296.82629565521603,1.0,8fe6c319c145bfe6c41b4bd884be5417741d8218678ea8dfc0735cca6b82988f,data/synthetic/seadronessee_30m_to_80m/geometry_only/train/train_00052383.png,data/synthetic/seadronessee_30m_to_80m/calibrated/train/train_00052383.png
train:109690,train:16276,train,109690,16276,16276.jpg,3840,2160,1,swimmer,1082.0,1126.0,23.0,22.0,506.0,29.998537031392868,20.2,m210,DJI_0010_d3.mov,435,data/raw/seadronessee/odv2/images/train/16276.jpg,train,1707,240,284,1947,1991,train_00109690,80.0,640,0.3749267721148213,315.6883421206796,315.6883421206796,8.62331575864089,8.24838898652607,71.12846273091023,1.0,8fe6c319c145bfe6c41b4bd884be5417741d8218678ea8dfc0735cca6b82988f,data/synthetic/seadronessee_30m_to_80m/geometry_only/train/train_00109690.png,data/synthetic/seadronessee_30m_to_80m/calibrated/train/train_00109690.png
train:81970,train:12332,train,81970,12332,12332.jpg,3840,2160,1,swimmer,2083.0,1063.0,84.0,39.0,3276.0,32.29842487046632,27.5,mavic,NorthSea_Thu_DJI_0107.MP4,2085,data/raw/seadronessee/odv2/images/train/12332.jpg,train,1585,1332,290,2917,1875,train_00081970,80.0,640,0.4037854889589905,303.2429022082019,312.1261829652997,33.91798107255521,15.74763406940063,534.1279543034561,1.0,8fe6c319c145bfe6c41b4bd884be5417741d8218678ea8dfc0735cca6b82988f,data/synthetic/seadronessee_30m_to_80m/geometry_only/train/train_00081970.png,data/synthetic/seadronessee_30m_to_80m/calibrated/train/train_00081970.png
train:52634,train:8094,train,52634,8094,8094.jpg,3840,2160,1,swimmer,2613.0,889.0,67.0,28.0,1876.0,34.19833221578787,42.2,mavic,NorthSea_Fri_DJI_0117.MP4,1695,data/raw/seadronessee/odv2/images/train/8094.jpg,train,1497,1898,154,3395,1651,train_00052634,80.0,640,0.4275217100868403,305.67802271209086,314.22845691382764,28.643954575818302,11.97060788243153,342.8855484293013,1.0,8fe6c319c145bfe6c41b4bd884be5417741d8218678ea8dfc0735cca6b82988f,data/synthetic/seadronessee_30m_to_80m/geometry_only/train/train_00052634.png,data/synthetic/seadronessee_30m_to_80m/calibrated/train/train_00052634.png
val:24036,val:4913,val,24036,4913,4913.jpg,3840,2160,1,swimmer,1985.0,1069.0,74.0,39.0,2886.0,30.698502895458702,37.1,mavic,NorthSea_Fri_DJI_0112.MP4,6135,data/raw/seadronessee/odv2/images/val/4913.jpg,train,1668,1188,254,2856,1922,val_00024036,80.0,640,0.3836930455635491,305.8033573141487,312.7098321342926,28.39328537170264,14.964028776978417,424.8779393751186,1.0,8fe6c319c145bfe6c41b4bd884be5417741d8218678ea8dfc0735cca6b82988f,data/synthetic/seadronessee_30m_to_80m/geometry_only/train/val_00024036.png,data/synthetic/seadronessee_30m_to_80m/calibrated/train/val_00024036.png
train:109645,train:16272,train,109645,16272,16272.jpg,3840,2160,1,swimmer,1991.0,1091.0,25.0,25.0,625.0,29.998537031392868,17.0,m210,DJI_0010_d3.mov,375,data/raw/seadronessee/odv2/images/train/16272.jpg,train,1707,1150,250,2857,1957,train_00109645,80.0,640,0.3749267721148213,315.3134153485647,315.3134153485647,9.373169302870531,9.373169302870531,87.85630278027448,1.0,8fe6c319c145bfe6c41b4bd884be5417741d8218678ea8dfc0735cca6b82988f,data/synthetic/seadronessee_30m_to_80m/geometry_only/train/train_00109645.png,data/synthetic/seadronessee_30m_to_80m/calibrated/train/train_00109645.png
train:51418,train:7988,train,51418,7988,7988.jpg,3840,2160,1,swimmer,1743.0,871.0,30.0,34.0,1020.0,34.39832246266382,42.2,mavic,NorthSea_Fri_DJI_0117.MP4,90,data/raw/seadronessee/odv2/images/train/7988.jpg,train,1488,1014,144,2502,1632,train_00051418,80.0,640,0.4301075268817204,313.5483870967742,312.68817204301075,12.903225806451614,14.623655913978494,188.69233437391603,1.0,8fe6c319c145bfe6c41b4bd884be5417741d8218678ea8dfc0735cca6b82988f,data/synthetic/seadronessee_30m_to_80m/geometry_only/train/train_00051418.png,data/synthetic/seadronessee_30m_to_80m/calibrated/train/train_00051418.png
val:24062,val:4919,val,24062,4919,4919.jpg,3840,2160,1,swimmer,2100.0,1163.0,29.0,22.0,638.0,30.498512648582743,37.1,mavic,NorthSea_Fri_DJI_0112.MP4,6225,data/raw/seadronessee/odv2/images/val/4919.jpg,train,1679,1275,334,2954,2013,val_00024062,80.0,640,0.3811792733770101,314.47290053603336,315.9976176295414,11.054198927933294,8.385944014294223,92.69989333251982,1.0,8fe6c319c145bfe6c41b4bd884be5417741d8218678ea8dfc0735cca6b82988f,data/synthetic/seadronessee_30m_to_80m/geometry_only/train/val_00024062.png,data/synthetic/seadronessee_30m_to_80m/calibrated/train/val_00024062.png
train:109773,train:16282,train,109773,16282,16282.jpg,3840,2160,1,swimmer,1423.0,1244.0,29.0,26.0,754.0,29.89854190795489,21.3,m210,DJI_0010_d3.mov,525,data/raw/seadronessee/odv2/images/train/16282.jpg,train,1712,582,401,2294,2113,train_00109773,80.0,640,0.3738317757009345,314.39252336448595,315.14018691588785,10.841121495327103,9.719626168224298,105.37164817888024,1.0,8fe6c319c145bfe6c41b4bd884be5417741d8218678ea8dfc0735cca6b82988f,data/synthetic/seadronessee_30m_to_80m/geometry_only/train/train_00109773.png,data/synthetic/seadronessee_30m_to_80m/calibrated/train/train_00109773.png
train:37456,train:6639,train,37456,6639,6639.jpg,3840,2160,1,swimmer,2129.0,1131.0,39.0,28.0,1092.0,31.59845900640049,26.7,mavic,NorthSea_Fri_DJI_0114.MP4,5385,data/raw/seadronessee/odv2/images/train/6639.jpg,train,1620,1338,335,2958,1955,train_00037456,80.0,640,0.3950617283950617,312.4938271604938,314.4691358024691,15.407407407407408,11.061728395061728,170.4325560128029,1.0,8fe6c319c145bfe6c41b4bd884be5417741d8218678ea8dfc0735cca6b82988f,data/synthetic/seadronessee_30m_to_80m/geometry_only/train/train_00037456.png,data/synthetic/seadronessee_30m_to_80m/calibrated/train/train_00037456.png
train:82167,train:12431,train,82167,12431,12431.jpg,3840,2160,1,swimmer,2174.0,1035.0,82.0,57.0,4674.0,28.79859555013715,68.5,mavic,NorthSea_Thu_DJI_0107.MP4,3585,data/raw/seadronessee/odv2/images/train/12431.jpg,train,1778,1326,174,3104,1952,train_00082167,80.0,640,0.3599550056242969,305.2418447694038,309.92125984251965,29.51631046119235,20.517435320584926,605.5989907898183,1.0,8fe6c319c145bfe6c41b4bd884be5417741d8218678ea8dfc0735cca6b82988f,data/synthetic/seadronessee_30m_to_80m/geometry_only/train/train_00082167.png,data/synthetic/seadronessee_30m_to_80m/calibrated/train/train_00082167.png
val:24079,val:4923,val,24079,4923,4923.jpg,3840,2160,1,swimmer,2277.0,1081.0,69.0,48.0,3312.0,30.698502895458702,37.1,mavic,NorthSea_Fri_DJI_0112.MP4,6285,data/raw/seadronessee/odv2/images/val/4923.jpg,train,1668,1478,271,3146,1939,val_00024079,80.0,640,0.3836930455635491,306.5707434052758,310.7913669064748,26.47482014388489,18.41726618705036,487.5938098442109,1.0,8fe6c319c145bfe6c41b4bd884be5417741d8218678ea8dfc0735cca6b82988f,data/synthetic/seadronessee_30m_to_80m/geometry_only/train/val_00024079.png,data/synthetic/seadronessee_30m_to_80m/calibrated/train/val_00024079.png
train:109874,train:16290,train,109874,16290,16290.jpg,3840,2160,1,swimmer,1257.0,1255.0,41.0,30.0,1230.0,29.89854190795489,22.5,m210,DJI_0010_d3.mov,645,data/raw/seadronessee/odv2/images/train/16290.jpg,train,1712,422,414,2134,2126,train_00109874,80.0,640,0.3738317757009345,312.1495327102804,314.39252336448595,15.327102803738317,11.214953271028037,171.89274172416802,1.0,8fe6c319c145bfe6c41b4bd884be5417741d8218678ea8dfc0735cca6b82988f,data/synthetic/seadronessee_30m_to_80m/geometry_only/train/train_00109874.png,data/synthetic/seadronessee_30m_to_80m/calibrated/train/train_00109874.png
train:109822,train:16286,train,109822,16286,16286.jpg,3840,2160,1,swimmer,1332.0,1247.0,29.0,29.0,841.0,29.89854190795489,22.0,m210,DJI_0010_d3.mov,585,data/raw/seadronessee/odv2/images/train/16286.jpg,train,1712,490,406,2202,2118,train_00109822,80.0,640,0.3738317757009345,314.76635514018693,314.39252336448595,10.841121495327103,10.841121495327103,117.52991527644336,1.0,8fe6c319c145bfe6c41b4bd884be5417741d8218678ea8dfc0735cca6b82988f,data/synthetic/seadronessee_30m_to_80m/geometry_only/train/train_00109822.png,data/synthetic/seadronessee_30m_to_80m/calibrated/train/train_00109822.png
train:37274,train:6621,train,37274,6621,6621.jpg,3840,2160,1,swimmer,1928.0,1195.0,51.0,34.0,1734.0,31.79844925327644,36.7,mavic,NorthSea_Fri_DJI_0114.MP4,5115,data/raw/seadronessee/odv2/images/train/6621.jpg,train,1610,1148,407,2758,2017,train_00037274,80.0,640,0.3975155279503105,310.0621118012422,313.2422360248447,20.27329192546584,13.515527950310558,274.0042436634389,1.0,8fe6c319c145bfe6c41b4bd884be5417741d8218678ea8dfc0735cca6b82988f,data/synthetic/seadronessee_30m_to_80m/geometry_only/train/train_00037274.png,data/synthetic/seadronessee_30m_to_80m/calibrated/train/train_00037274.png
train:52590,train:8088,train,52590,8088,8088.jpg,3840,2160,1,swimmer,2751.0,817.0,29.0,31.0,899.0,34.19833221578787,42.2,mavic,NorthSea_Fri_DJI_0117.MP4,1590,data/raw/seadronessee/odv2/images/train/8088.jpg,train,1497,2017,84,3514,1581,train_00052590,80.0,640,0.4275217100868403,313.80093520374083,313.373413493654,12.398129592518371,13.253173012692052,164.3145565234232,1.0,8fe6c319c145bfe6c41b4bd884be5417741d8218678ea8dfc0735cca6b82988f,data/synthetic/seadronessee_30m_to_80m/geometry_only/train/train_00052590.png,data/synthetic/seadronessee_30m_to_80m/calibrated/train/train_00052590.png
train:52683,train:8098,train,52683,8098,8098.jpg,3840,2160,1,swimmer,2606.0,1082.0,44.0,35.0,1540.0,34.19833221578787,42.2,mavic,NorthSea_Fri_DJI_0117.MP4,1755,data/raw/seadronessee/odv2/images/train/8098.jpg,train,1497,1880,351,3377,1848,train_00052683,80.0,640,0.4275217100868403,310.3807615230461,312.5183700734803,18.810955243820978,14.963259853039412,281.47321139718764,1.0,8fe6c319c145bfe6c41b4bd884be5417741d8218678ea8dfc0735cca6b82988f,data/synthetic/seadronessee_30m_to_80m/geometry_only/train/train_00052683.png,data/synthetic/seadronessee_30m_to_80m/calibrated/train/train_00052683.png
val:23972,val:4897,val,23972,4897,4897.jpg,3840,2160,1,swimmer,2333.0,1047.0,97.0,34.0,3298.0,30.39851752514477,37.1,mavic,NorthSea_Fri_DJI_0112.MP4,5895,data/raw/seadronessee/odv2/images/val/4897.jpg,train,1684,1540,222,3224,1906,val_00023972,80.0,640,0.3800475059382422,301.3776722090261,313.53919239904985,36.8646080760095,12.921615201900238,476.3502801270587,1.0,8fe6c319c145bfe6c41b4bd884be5417741d8218678ea8dfc0735cca6b82988f,data/synthetic/seadronessee_30m_to_80m/geometry_only/train/val_00023972.png,data/synthetic/seadronessee_30m_to_80m/calibrated/train/val_00023972.png
val:24022,val:4909,val,24022,4909,4909.jpg,3840,2160,1,swimmer,1494.0,1201.0,27.0,26.0,702.0,30.39851752514477,37.1,mavic,NorthSea_Fri_DJI_0112.MP4,6075,data/raw/seadronessee/odv2/images/val/4909.jpg,train,1684,666,372,2350,2056,val_00024022,80.0,640,0.3800475059382422,314.6793349168646,315.05938242280286,10.261282660332542,9.881235154394298,101.39414695245456,1.0,8fe6c319c145bfe6c41b4bd884be5417741d8218678ea8dfc0735cca6b82988f,data/synthetic/seadronessee_30m_to_80m/geometry_only/train/val_00024022.png,data/synthetic/seadronessee_30m_to_80m/calibrated/train/val_00024022.png
train:81973,train:12334,train,81973,12334,12334.jpg,3840,2160,1,swimmer,1944.0,938.0,91.0,54.0,4914.0,32.3984199939043,38.4,mavic,NorthSea_Thu_DJI_0107.MP4,2115,data/raw/seadronessee/odv2/images/train/12334.jpg,train,1580,1200,175,2780,1755,train_00081973,80.0,640,0.4050632911392405,301.3670886075949,309.0632911392405,36.86075949367088,21.873417721518987,806.2707899375099,1.0,8fe6c319c145bfe6c41b4bd884be5417741d8218678ea8dfc0735cca6b82988f,data/synthetic/seadronessee_30m_to_80m/geometry_only/train/train_00081973.png,data/synthetic/seadronessee_30m_to_80m/calibrated/train/train_00081973.png
train:52351,train:8068,train,52351,8068,8068.jpg,3840,2160,1,swimmer,2210.0,779.0,82.0,35.0,2870.0,34.19833221578787,42.2,mavic,NorthSea_Fri_DJI_0117.MP4,1290,data/raw/seadronessee/odv2/images/train/8068.jpg,train,1497,1502,48,2999,1545,train_00052351,80.0,640,0.4275217100868403,302.685370741483,312.5183700734803,35.05678022712091,14.963259853039412,524.5637121493043,1.0,8fe6c319c145bfe6c41b4bd884be5417741d8218678ea8dfc0735cca6b82988f,data/synthetic/seadronessee_30m_to_80m/geometry_only/train/train_00052351.png,data/synthetic/seadronessee_30m_to_80m/calibrated/train/train_00052351.png
train:109798,train:16284,train,109798,16284,16284.jpg,3840,2160,1,swimmer,1383.0,1250.0,34.0,30.0,1020.0,29.89854190795489,21.5,m210,DJI_0010_d3.mov,555,data/raw/seadronessee/odv2/images/train/16284.jpg,train,1712,544,409,2256,2121,train_00109798,80.0,640,0.3738317757009345,313.6448598130841,314.39252336448595,12.710280373831775,11.214953271028037,142.54520045418812,1.0,8fe6c319c145bfe6c41b4bd884be5417741d8218678ea8dfc0735cca6b82988f,data/synthetic/seadronessee_30m_to_80m/geometry_only/train/train_00109798.png,data/synthetic/seadronessee_30m_to_80m/calibrated/train/train_00109798.png
train:51831,train:8024,train,51831,8024,8024.jpg,3840,2160,1,swimmer,2491.0,1266.0,32.0,32.0,1024.0,34.4983175861018,42.2,mavic,NorthSea_Fri_DJI_0117.MP4,630,data/raw/seadronessee/odv2/images/train/8024.jpg,train,1484,1765,540,3249,2024,train_00051831,80.0,640,0.431266846361186,313.099730458221,313.099730458221,13.800539083557952,13.800539083557952,190.45487899681055,1.0,8fe6c319c145bfe6c41b4bd884be5417741d8218678ea8dfc0735cca6b82988f,data/synthetic/seadronessee_30m_to_80m/geometry_only/train/train_00051831.png,data/synthetic/seadronessee_30m_to_80m/calibrated/train/train_00051831.png
val:72546,val:10428,val,72546,10428,10428.jpg,3840,2160,1,swimmer,2078.0,882.0,74.0,40.0,2960.0,29.89854190795489,54.6,mavic,NorthSea_Sat_DJI_0126.MP4,6195,data/raw/seadronessee/odv2/images/val/10428.jpg,train,1712,1259,46,2971,1758,val_00072546,80.0,640,0.3738317757009345,306.1682242990654,312.5233644859813,27.66355140186916,14.953271028037385,413.660581710193,1.0,8fe6c319c145bfe6c41b4bd884be5417741d8218678ea8dfc0735cca6b82988f,data/synthetic/seadronessee_30m_to_80m/geometry_only/train/val_00072546.png,data/synthetic/seadronessee_30m_to_80m/calibrated/train/val_00072546.png
train:52287,train:8062,train,52287,8062,8062.jpg,3840,2160,1,swimmer,2348.0,743.0,56.0,28.0,1568.0,34.19833221578787,42.2,mavic,NorthSea_Fri_DJI_0117.MP4,1200,data/raw/seadronessee/odv2/images/train/8062.jpg,train,1497,1628,8,3125,1505,train_00052287,80.0,640,0.4275217100868403,307.8156312625251,314.22845691382764,23.94121576486306,11.97060788243153,286.59090614986377,1.0,8fe6c319c145bfe6c41b4bd884be5417741d8218678ea8dfc0735cca6b82988f,data/synthetic/seadronessee_30m_to_80m/geometry_only/train/train_00052287.png,data/synthetic/seadronessee_30m_to_80m/calibrated/train/train_00052287.png
train:51969,train:8036,train,51969,8036,8036.jpg,3840,2160,1,swimmer,1414.0,737.0,34.0,30.0,1020.0,34.4983175861018,42.2,mavic,NorthSea_Fri_DJI_0117.MP4,810,data/raw/seadronessee/odv2/images/train/8036.jpg,train,1484,689,10,2173,1494,train_00051969,80.0,640,0.431266846361186,312.66846361185986,313.53099730458223,14.663072776280323,12.93800539083558,189.7109146257293,1.0,8fe6c319c145bfe6c41b4bd884be5417741d8218678ea8dfc0735cca6b82988f,data/synthetic/seadronessee_30m_to_80m/geometry_only/train/train_00051969.png,data/synthetic/seadronessee_30m_to_80m/calibrated/train/train_00051969.png
train:52570,train:8086,train,52570,8086,8086.jpg,3840,2160,1,swimmer,2798.0,923.0,29.0,30.0,870.0,34.19833221578787,42.2,mavic,NorthSea_Fri_DJI_0117.MP4,1560,data/raw/seadronessee/odv2/images/train/8086.jpg,train,1497,2064,190,3561,1687,train_00052570,80.0,640,0.4275217100868403,313.80093520374083,313.373413493654,12.398129592518371,12.82565130260521,159.01408695815147,1.0,8fe6c319c145bfe6c41b4bd884be5417741d8218678ea8dfc0735cca6b82988f,data/synthetic/seadronessee_30m_to_80m/geometry_only/train/train_00052570.png,data/synthetic/seadronessee_30m_to_80m/calibrated/train/train_00052570.png
train:109713,train:16278,train,109713,16278,16278.jpg,3840,2160,1,swimmer,1455.0,1165.0,28.0,29.0,812.0,29.998537031392868,20.5,m210,DJI_0010_d3.mov,465,data/raw/seadronessee/odv2/images/train/16278.jpg,train,1707,616,326,2323,2033,train_00109713,80.0,640,0.3749267721148213,314.5635618043351,314.5635618043351,10.497949619214998,10.872876391329818,114.1429085721326,1.0,8fe6c319c145bfe6c41b4bd884be5417741d8218678ea8dfc0735cca6b82988f,data/synthetic/seadronessee_30m_to_80m/geometry_only/train/train_00109713.png,data/synthetic/seadronessee_30m_to_80m/calibrated/train/train_00109713.png
val:23940,val:4889,val,23940,4889,4889.jpg,3840,2160,1,swimmer,1831.0,1168.0,75.0,30.0,2250.0,30.598507772020724,37.1,mavic,NorthSea_Fri_DJI_0112.MP4,5775,data/raw/seadronessee/odv2/images/val/4889.jpg,train,1673,1032,346,2705,2019,val_00023940,80.0,640,0.3825463239689181,305.6545128511656,314.4530783024507,28.69097429766886,11.476389719067544,329.26880245979805,1.0,8fe6c319c145bfe6c41b4bd884be5417741d8218678ea8dfc0735cca6b82988f,data/synthetic/seadronessee_30m_to_80m/geometry_only/train/val_00023940.png,data/synthetic/seadronessee_30m_to_80m/calibrated/train/val_00023940.png
train:51592,train:8004,train,51592,8004,8004.jpg,3840,2160,1,swimmer,2428.0,1273.0,29.0,34.0,986.0,34.39832246266382,42.2,mavic,NorthSea_Fri_DJI_0117.MP4,330,data/raw/seadronessee/odv2/images/train/8004.jpg,train,1488,1698,546,3186,2034,train_00051592,80.0,640,0.4301075268817204,313.97849462365593,312.68817204301075,12.473118279569892,14.623655913978494,182.4025898947855,1.0,8fe6c319c145bfe6c41b4bd884be5417741d8218678ea8dfc0735cca6b82988f,data/synthetic/seadronessee_30m_to_80m/geometry_only/train/train_00051592.png,data/synthetic/seadronessee_30m_to_80m/calibrated/train/train_00051592.png
train:52336,train:8066,train,52336,8066,8066.jpg,3840,2160,1,swimmer,2791.0,849.0,39.0,30.0,1170.0,34.19833221578787,42.2,mavic,NorthSea_Fri_DJI_0117.MP4,1260,data/raw/seadronessee/odv2/images/train/8066.jpg,train,1497,2062,116,3559,1613,train_00052336,80.0,640,0.4275217100868403,311.6633266533066,313.373413493654,16.673346693386776,12.82565130260521,213.8465307368244,1.0,8fe6c319c145bfe6c41b4bd884be5417741d8218678ea8dfc0735cca6b82988f,data/synthetic/seadronessee_30m_to_80m/geometry_only/train/train_00052336.png,data/synthetic/seadronessee_30m_to_80m/calibrated/train/train_00052336.png
train:52495,train:8080,train,52495,8080,8080.jpg,3840,2160,1,swimmer,2175.0,742.0,78.0,37.0,2886.0,34.19833221578787,42.2,mavic,NorthSea_Fri_DJI_0117.MP4,1470,data/raw/seadronessee/odv2/images/train/8080.jpg,train,1497,1466,12,2963,1509,train_00052495,80.0,640,0.4275217100868403,303.11289245156985,312.0908483633935,33.34669338677355,15.818303273213091,527.4881091508335,1.0,8fe6c319c145bfe6c41b4bd884be5417741d8218678ea8dfc0735cca6b82988f,data/synthetic/seadronessee_30m_to_80m/geometry_only/train/train_00052495.png,data/synthetic/seadronessee_30m_to_80m/calibrated/train/train_00052495.png
train:51458,train:7992,train,51458,7992,7992.jpg,3840,2160,1,swimmer,1961.0,861.0,50.0,33.0,1650.0,34.29832733922585,42.2,mavic,NorthSea_Fri_DJI_0117.MP4,150,data/raw/seadronessee/odv2/images/train/7992.jpg,train,1493,1240,131,2733,1624,train_00051458,80.0,640,0.4286671131949096,309.0689886135298,312.926992632284,21.43335565974548,14.146014735432017,303.1965649925148,1.0,8fe6c319c145bfe6c41b4bd884be5417741d8218678ea8dfc0735cca6b82988f,data/synthetic/seadronessee_30m_to_80m/geometry_only/train/train_00051458.png,data/synthetic/seadronessee_30m_to_80m/calibrated/train/train_00051458.png
train:52480,train:8078,train,52480,8078,8078.jpg,3840,2160,1,swimmer,2798.0,850.0,37.0,27.0,999.0,34.19833221578787,42.2,mavic,NorthSea_Fri_DJI_0117.MP4,1440,data/raw/seadronessee/odv2/images/train/8078.jpg,train,1497,2068,115,3565,1612,train_00052480,80.0,640,0.4275217100868403,312.0908483633935,314.22845691382764,15.818303273213091,11.54308617234469,182.5920377829808,1.0,8fe6c319c145bfe6c41b4bd884be5417741d8218678ea8dfc0735cca6b82988f,data/synthetic/seadronessee_30m_to_80m/geometry_only/train/train_00052480.png,data/synthetic/seadronessee_30m_to_80m/calibrated/train/train_00052480.png
val:24006,val:4905,val,24006,4905,4905.jpg,3840,2160,1,swimmer,1897.0,1193.0,31.0,29.0,899.0,30.598507772020724,37.1,mavic,NorthSea_Fri_DJI_0112.MP4,6015,data/raw/seadronessee/odv2/images/val/4905.jpg,train,1673,1076,371,2749,2044,val_00024006,80.0,640,0.3825463239689181,314.07053197848177,314.4530783024507,11.85893604303646,11.093843395098624,131.56117929393707,1.0,8fe6c319c145bfe6c41b4bd884be5417741d8218678ea8dfc0735cca6b82988f,data/synthetic/seadronessee_30m_to_80m/geometry_only/train/val_00024006.png,data/synthetic/seadronessee_30m_to_80m/calibrated/train/val_00024006.png
train:81965,train:12330,train,81965,12330,12330.jpg,3840,2160,1,swimmer,1931.0,1287.0,76.0,43.0,3268.0,32.59841024078025,11.8,mavic,NorthSea_Thu_DJI_0107.MP4,2055,data/raw/seadronessee/odv2/images/train/12330.jpg,train,1571,1184,523,2755,2094,train_00081965,80.0,640,0.4073838319541693,304.31572246976447,311.2412476129854,30.961171228516868,17.51750477402928,542.3624648050823,1.0,8fe6c319c145bfe6c41b4bd884be5417741d8218678ea8dfc0735cca6b82988f,data/synthetic/seadronessee_30m_to_80m/geometry_only/train/train_00081965.png,data/synthetic/seadronessee_30m_to_80m/calibrated/train/train_00081965.png
train:51921,train:8032,train,51921,8032,8032.jpg,3840,2160,1,swimmer,1406.0,730.0,35.0,25.0,875.0,34.4983175861018,42.2,mavic,NorthSea_Fri_DJI_0117.MP4,750,data/raw/seadronessee/odv2/images/train/8032.jpg,train,1484,682,0,2166,1484,train_00051921,80.0,640,0.431266846361186,312.23719676549865,314.8247978436658,15.09433962264151,10.781671159029653,162.74220617403248,1.0,8fe6c319c145bfe6c41b4bd884be5417741d8218678ea8dfc0735cca6b82988f,data/synthetic/seadronessee_30m_to_80m/geometry_only/train/train_00051921.png,data/synthetic/seadronessee_30m_to_80m/calibrated/train/train_00051921.png
train:52408,train:8072,train,52408,8072,8072.jpg,3840,2160,1,swimmer,2806.0,855.0,39.0,31.0,1209.0,34.19833221578787,42.2,mavic,NorthSea_Fri_DJI_0117.MP4,1350,data/raw/seadronessee/odv2/images/train/8072.jpg,train,1497,2077,122,3574,1619,train_00052408,80.0,640,0.4275217100868403,311.6633266533066,313.373413493654,16.673346693386776,13.253173012692052,220.9747484280519,1.0,8fe6c319c145bfe6c41b4bd884be5417741d8218678ea8dfc0735cca6b82988f,data/synthetic/seadronessee_30m_to_80m/geometry_only/train/train_00052408.png,data/synthetic/seadronessee_30m_to_80m/calibrated/train/train_00052408.png
val:52833,val:8116,val,52833,8116,8116.jpg,3840,2160,1,swimmer,2564.0,983.0,37.0,33.0,1221.0,34.29832733922585,40.4,mavic,NorthSea_Fri_DJI_0117.MP4,2025,data/raw/seadronessee/odv2/images/val/8116.jpg,train,1493,1836,253,3329,1746,val_00052833,80.0,640,0.4286671131949096,312.0696584058942,312.926992632284,15.860683188211654,14.146014735432017,224.3654580944609,1.0,8fe6c319c145bfe6c41b4bd884be5417741d8218678ea8dfc0735cca6b82988f,data/synthetic/seadronessee_30m_to_80m/geometry_only/train/val_00052833.png,data/synthetic/seadronessee_30m_to_80m/calibrated/train/val_00052833.png
val:23958,val:4893,val,23958,4893,4893.jpg,3840,2160,1,swimmer,1952.0,1148.0,29.0,25.0,725.0,30.39851752514477,37.1,mavic,NorthSea_Fri_DJI_0112.MP4,5835,data/raw/seadronessee/odv2/images/val/4893.jpg,train,1684,1124,318,2808,2002,val_00023958,80.0,640,0.3800475059382422,314.6793349168646,315.4394299287411,11.021377672209026,9.501187648456057,104.71617740816176,1.0,8fe6c319c145bfe6c41b4bd884be5417741d8218678ea8dfc0735cca6b82988f,data/synthetic/seadronessee_30m_to_80m/geometry_only/train/val_00023958.png,data/synthetic/seadronessee_30m_to_80m/calibrated/train/val_00023958.png
train:52547,train:8084,train,52547,8084,8084.jpg,3840,2160,1,swimmer,2879.0,1117.0,32.0,32.0,1024.0,34.19833221578787,42.2,mavic,NorthSea_Fri_DJI_0117.MP4,1530,data/raw/seadronessee/odv2/images/train/8084.jpg,train,1497,2146,384,3643,1881,train_00052547,80.0,640,0.4275217100868403,313.373413493654,313.373413493654,13.680694722778892,13.680694722778892,187.1614080978702,1.0,8fe6c319c145bfe6c41b4bd884be5417741d8218678ea8dfc0735cca6b82988f,data/synthetic/seadronessee_30m_to_80m/geometry_only/train/train_00052547.png,data/synthetic/seadronessee_30m_to_80m/calibrated/train/train_00052547.png
train:37003,train:6593,train,37003,6593,6593.jpg,3840,2160,1,swimmer,1919.0,804.0,44.0,22.0,968.0,31.79844925327644,29.4,mavic,NorthSea_Fri_DJI_0114.MP4,4695,data/raw/seadronessee/odv2/images/train/6593.jpg,train,1610,1136,10,2746,1620,train_00037003,80.0,640,0.3975155279503105,311.25465838509314,315.62732919254654,17.490683229813662,8.745341614906831,152.96199992284244,1.0,8fe6c319c145bfe6c41b4bd884be5417741d8218678ea8dfc0735cca6b82988f,data/synthetic/seadronessee_30m_to_80m/geometry_only/train/train_00037003.png,data/synthetic/seadronessee_30m_to_80m/calibrated/train/train_00037003.png
train:36796,train:6575,train,36796,6575,6575.jpg,3840,2160,1,swimmer,2012.0,1101.0,36.0,33.0,1188.0,31.89844437671441,22.0,mavic,NorthSea_Fri_DJI_0114.MP4,4425,data/raw/seadronessee/odv2/images/train/6575.jpg,train,1605,1228,315,2833,1920,train_00036796,80.0,640,0.3987538940809969,312.62305295950154,313.4205607476636,14.355140186915888,13.158878504672897,188.89754563717355,1.0,8fe6c319c145bfe6c41b4bd884be5417741d8218678ea8dfc0735cca6b82988f,data/synthetic/seadronessee_30m_to_80m/geometry_only/train/train_00036796.png,data/synthetic/seadronessee_30m_to_80m/calibrated/train/train_00036796.png
train:37186,train:6611,train,37186,6611,6611.jpg,3840,2160,1,swimmer,1647.0,911.0,57.0,26.0,1482.0,31.698454129838463,36.7,mavic,NorthSea_Fri_DJI_0114.MP4,4965,data/raw/seadronessee/odv2/images/train/6611.jpg,train,1615,868,116,2483,1731,train_00037186,80.0,640,0.3962848297213622,308.7058823529412,315.046439628483,22.58823529411765,10.303405572755418,232.7357494081224,1.0,8fe6c319c145bfe6c41b4bd884be5417741d8218678ea8dfc0735cca6b82988f,data/synthetic/seadronessee_30m_to_80m/geometry_only/train/train_00037186.png,data/synthetic/seadronessee_30m_to_80m/calibrated/train/train_00037186.png
train:51527,train:7998,train,51527,7998,7998.jpg,3840,2160,1,swimmer,1766.0,735.0,27.0,25.0,675.0,34.29832733922585,42.2,mavic,NorthSea_Fri_DJI_0117.MP4,240,data/raw/seadronessee/odv2/images/train/7998.jpg,train,1493,1033,1,2526,1494,train_00051527,80.0,640,0.4286671131949096,314.21299397186874,314.6416610850636,11.57401205626256,10.71667782987274,124.03495840602876,1.0,8fe6c319c145bfe6c41b4bd884be5417741d8218678ea8dfc0735cca6b82988f,data/synthetic/seadronessee_30m_to_80m/geometry_only/train/train_00051527.png,data/synthetic/seadronessee_30m_to_80m/calibrated/train/train_00051527.png
train:36741,train:6571,train,36741,6571,6571.jpg,3840,2160,1,swimmer,2258.0,975.0,42.0,31.0,1302.0,31.99843950015239,22.0,mavic,NorthSea_Fri_DJI_0114.MP4,4365,data/raw/seadronessee/odv2/images/train/6571.jpg,train,1600,1479,190,3079,1790,train_00036741,80.0,640,0.4,311.6,314.0,16.8,12.4,208.32,1.0,8fe6c319c145bfe6c41b4bd884be5417741d8218678ea8dfc0735cca6b82988f,data/synthetic/seadronessee_30m_to_80m/geometry_only/train/train_00036741.png,data/synthetic/seadronessee_30m_to_80m/calibrated/train/train_00036741.png
val:37759,val:6665,val,37759,6665,6665.jpg,3840,2160,1,swimmer,1908.0,921.0,27.0,21.0,567.0,31.698454129838463,26.7,mavic,NorthSea_Fri_DJI_0114.MP4,5775,data/raw/seadronessee/odv2/images/val/6665.jpg,train,1615,1114,124,2729,1739,val_00037759,80.0,640,0.3962848297213622,314.6501547987616,315.8390092879257,10.69969040247678,8.321981424148607,89.0426247735529,1.0,8fe6c319c145bfe6c41b4bd884be5417741d8218678ea8dfc0735cca6b82988f,data/synthetic/seadronessee_30m_to_80m/geometry_only/train/val_00037759.png,data/synthetic/seadronessee_30m_to_80m/calibrated/train/val_00037759.png
train:36540,train:6555,train,36540,6555,6555.jpg,3840,2160,1,swimmer,2519.0,922.0,23.0,18.0,414.0,31.79844925327644,26.9,mavic,NorthSea_Fri_DJI_0114.MP4,4125,data/raw/seadronessee/odv2/images/train/6555.jpg,train,1610,1726,126,3336,1736,train_00036540,80.0,640,0.3975155279503105,315.22981366459624,316.4223602484472,9.142857142857142,7.155279503105589,65.41969831410825,1.0,8fe6c319c145bfe6c41b4bd884be5417741d8218678ea8dfc0735cca6b82988f,data/synthetic/seadronessee_30m_to_80m/geometry_only/train/train_00036540.png,data/synthetic/seadronessee_30m_to_80m/calibrated/train/train_00036540.png
val:37627,val:6655,val,37627,6655,6655.jpg,3840,2160,1,swimmer,2098.0,1089.0,64.0,26.0,1664.0,31.89844437671441,26.7,mavic,NorthSea_Fri_DJI_0114.MP4,5625,data/raw/seadronessee/odv2/images/val/6655.jpg,train,1605,1328,300,2933,1905,val_00037627,80.0,640,0.3987538940809969,307.0404984423676,314.6168224299065,25.5202492211838,10.367601246105918,264.58376762647873,1.0,8fe6c319c145bfe6c41b4bd884be5417741d8218678ea8dfc0735cca6b82988f,data/synthetic/seadronessee_30m_to_80m/geometry_only/train/val_00037627.png,data/synthetic/seadronessee_30m_to_80m/calibrated/train/val_00037627.png
val:37561,val:6649,val,37561,6649,6649.jpg,3840,2160,1,swimmer,1618.0,1212.0,51.0,25.0,1275.0,31.89844437671441,26.7,mavic,NorthSea_Fri_DJI_0114.MP4,5535,data/raw/seadronessee/odv2/images/val/6649.jpg,train,1605,841,422,2446,2027,val_00037561,80.0,640,0.3987538940809969,309.83177570093454,315.01557632398755,20.33644859813084,9.96884735202492,202.73095175706757,1.0,8fe6c319c145bfe6c41b4bd884be5417741d8218678ea8dfc0735cca6b82988f,data/synthetic/seadronessee_30m_to_80m/geometry_only/train/val_00037561.png,data/synthetic/seadronessee_30m_to_80m/calibrated/train/val_00037561.png
train:37254,train:6619,train,37254,6619,6619.jpg,3840,2160,1,swimmer,2202.0,1043.0,77.0,62.0,4774.0,31.398468759524533,36.7,mavic,NorthSea_Fri_DJI_0114.MP4,5085,data/raw/seadronessee/odv2/images/train/6619.jpg,train,1631,1425,258,3056,1889,train_00037254,80.0,640,0.3923973022685469,304.89270386266094,308.0318822808093,30.21459227467811,24.32863274064991,735.0797188591217,1.0,8fe6c319c145bfe6c41b4bd884be5417741d8218678ea8dfc0735cca6b82988f,data/synthetic/seadronessee_30m_to_80m/geometry_only/train/train_00037254.png,data/synthetic/seadronessee_30m_to_80m/calibrated/train/train_00037254.png
train:36485,train:6551,train,36485,6551,6551.jpg,3840,2160,1,swimmer,2404.0,814.0,34.0,21.0,714.0,33.69835659859799,24.0,mavic,NorthSea_Fri_DJI_0114.MP4,4065,data/raw/seadronessee/odv2/images/train/6551.jpg,train,1519,1662,65,3181,1584,train_00036485,80.0,640,0.4213298222514812,312.62672811059906,315.57603686635946,14.325213956550362,8.847926267281107,126.74843685058386,1.0,8fe6c319c145bfe6c41b4bd884be5417741d8218678ea8dfc0735cca6b82988f,data/synthetic/seadronessee_30m_to_80m/geometry_only/train/train_00036485.png,data/synthetic/seadronessee_30m_to_80m/calibrated/train/train_00036485.png
val:38032,val:6685,val,38032,6685,6685.jpg,3840,2160,1,swimmer,1943.0,848.0,34.0,24.0,816.0,31.59845900640049,26.7,mavic,NorthSea_Fri_DJI_0114.MP4,6075,data/raw/seadronessee/odv2/images/val/6685.jpg,train,1620,1150,50,2770,1670,val_00038032,80.0,640,0.3950617283950617,313.28395061728395,315.25925925925924,13.432098765432098,9.48148148148148,127.3561957018747,1.0,8fe6c319c145bfe6c41b4bd884be5417741d8218678ea8dfc0735cca6b82988f,data/synthetic/seadronessee_30m_to_80m/geometry_only/train/val_00038032.png,data/synthetic/seadronessee_30m_to_80m/calibrated/train/val_00038032.png
val:37490,val:6643,val,37490,6643,6643.jpg,3840,2160,1,swimmer,1723.0,1105.0,67.0,28.0,1876.0,31.698454129838463,26.7,mavic,NorthSea_Fri_DJI_0114.MP4,5445,data/raw/seadronessee/odv2/images/val/6643.jpg,train,1615,949,312,2564,1927,val_00037490,80.0,640,0.3962848297213622,306.7244582043344,314.25386996904024,26.55108359133127,11.095975232198144,294.6101659174343,1.0,8fe6c319c145bfe6c41b4bd884be5417741d8218678ea8dfc0735cca6b82988f,data/synthetic/seadronessee_30m_to_80m/geometry_only/train/val_00037490.png,data/synthetic/seadronessee_30m_to_80m/calibrated/train/val_00037490.png
train:72094,train:10394,train,72094,10394,10394.jpg,3840,2160,1,swimmer,2506.0,1166.0,32.0,33.0,1056.0,30.19852727826882,53.1,mavic,NorthSea_Sat_DJI_0126.MP4,5685,data/raw/seadronessee/odv2/images/train/10394.jpg,train,1695,1674,335,3369,2030,train_00072094,80.0,640,0.3775811209439528,314.1474926253687,313.7699115044248,12.08259587020649,12.460176991150442,150.55128305531625,1.0,8fe6c319c145bfe6c41b4bd884be5417741d8218678ea8dfc0735cca6b82988f,data/synthetic/seadronessee_30m_to_80m/geometry_only/train/train_00072094.png,data/synthetic/seadronessee_30m_to_80m/calibrated/train/train_00072094.png
train:36671,train:6565,train,36671,6565,6565.jpg,3840,2160,1,swimmer,2075.0,1046.0,25.0,21.0,525.0,31.59845900640049,22.0,mavic,NorthSea_Fri_DJI_0114.MP4,4275,data/raw/seadronessee/odv2/images/train/6565.jpg,train,1620,1278,246,2898,1866,train_00036671,80.0,640,0.3950617283950617,314.8641975308642,316.04938271604937,9.876543209876544,8.296296296296296,81.93872885230908,1.0,8fe6c319c145bfe6c41b4bd884be5417741d8218678ea8dfc0735cca6b82988f,data/synthetic/seadronessee_30m_to_80m/geometry_only/train/train_00036671.png,data/synthetic/seadronessee_30m_to_80m/calibrated/train/train_00036671.png
train:52016,train:8040,train,52016,8040,8040.jpg,3840,2160,1,swimmer,1443.0,809.0,94.0,32.0,3008.0,34.4983175861018,42.2,mavic,NorthSea_Fri_DJI_0117.MP4,870,data/raw/seadronessee/odv2/images/train/8040.jpg,train,1484,748,83,2232,1567,train_00052016,80.0,640,0.431266846361186,299.73045822102426,313.099730458221,40.539083557951486,13.800539083557952,559.461207053131,1.0,8fe6c319c145bfe6c41b4bd884be5417741d8218678ea8dfc0735cca6b82988f,data/synthetic/seadronessee_30m_to_80m/geometry_only/train/train_00052016.png,data/synthetic/seadronessee_30m_to_80m/calibrated/train/train_00052016.png
val:37708,val:6661,val,37708,6661,6661.jpg,3840,2160,1,swimmer,1754.0,1182.0,17.0,20.0,340.0,31.59845900640049,26.7,mavic,NorthSea_Fri_DJI_0114.MP4,5715,data/raw/seadronessee/odv2/images/val/6661.jpg,train,1620,952,382,2572,2002,val_00037708,80.0,640,0.3950617283950617,316.8395061728395,316.04938271604937,6.716049382716049,7.901234567901234,53.06508154244779,1.0,8fe6c319c145bfe6c41b4bd884be5417741d8218678ea8dfc0735cca6b82988f,data/synthetic/seadronessee_30m_to_80m/geometry_only/train/val_00037708.png,data/synthetic/seadronessee_30m_to_80m/calibrated/train/val_00037708.png
train:51361,train:7982,train,51361,7982,7982.jpg,3840,2160,1,swimmer,937.0,1024.0,69.0,65.0,4485.0,34.29832733922585,42.2,mavic,NorthSea_Fri_DJI_0117.MP4,0,data/raw/seadronessee/odv2/images/train/7982.jpg,train,1493,225,310,1718,1803,train_00051361,80.0,640,0.4286671131949096,305.2109845947756,306.06831882116546,29.57803081044876,27.86336235766912,824.1433902978356,1.0,8fe6c319c145bfe6c41b4bd884be5417741d8218678ea8dfc0735cca6b82988f,data/synthetic/seadronessee_30m_to_80m/geometry_only/train/train_00051361.png,data/synthetic/seadronessee_30m_to_80m/calibrated/train/train_00051361.png
val:37841,val:6671,val,37841,6671,6671.jpg,3840,2160,1,swimmer,2374.0,956.0,53.0,27.0,1431.0,31.89844437671441,26.7,mavic,NorthSea_Fri_DJI_0114.MP4,5865,data/raw/seadronessee/odv2/images/val/6671.jpg,train,1605,1598,167,3203,1772,val_00037841,80.0,640,0.3987538940809969,309.4330218068536,314.6168224299065,21.133956386292837,10.766355140186915,227.53567997204996,1.0,8fe6c319c145bfe6c41b4bd884be5417741d8218678ea8dfc0735cca6b82988f,data/synthetic/seadronessee_30m_to_80m/geometry_only/train/val_00037841.png,data/synthetic/seadronessee_30m_to_80m/calibrated/train/val_00037841.png
train:36849,train:6579,train,36849,6579,6579.jpg,3840,2160,1,swimmer,2161.0,1155.0,31.0,28.0,868.0,31.79844925327644,22.0,mavic,NorthSea_Fri_DJI_0114.MP4,4485,data/raw/seadronessee/odv2/images/train/6579.jpg,train,1610,1372,364,2982,1974,train_00036849,80.0,640,0.3975155279503105,313.639751552795,314.4347826086956,12.322981366459626,11.130434782608695,137.16014042668104,1.0,8fe6c319c145bfe6c41b4bd884be5417741d8218678ea8dfc0735cca6b82988f,data/synthetic/seadronessee_30m_to_80m/geometry_only/train/train_00036849.png,data/synthetic/seadronessee_30m_to_80m/calibrated/train/train_00036849.png
train:36768,train:6573,train,36768,6573,6573.jpg,3840,2160,1,swimmer,2141.0,975.0,16.0,13.0,208.0,31.89844437671441,22.0,mavic,NorthSea_Fri_DJI_0114.MP4,4395,data/raw/seadronessee/odv2/images/train/6573.jpg,train,1605,1346,179,2951,1784,train_00036768,80.0,640,0.3987538940809969,317.0093457943925,317.4080996884735,6.38006230529595,5.183800623052959,33.07297095330984,1.0,8fe6c319c145bfe6c41b4bd884be5417741d8218678ea8dfc0735cca6b82988f,data/synthetic/seadronessee_30m_to_80m/geometry_only/train/train_00036768.png,data/synthetic/seadronessee_30m_to_80m/calibrated/train/train_00036768.png
train:51565,train:8002,train,51565,8002,8002.jpg,3840,2160,1,swimmer,1052.0,832.0,35.0,38.0,1330.0,34.39832246266382,42.2,mavic,NorthSea_Fri_DJI_0117.MP4,300,data/raw/seadronessee/odv2/images/train/8002.jpg,train,1488,326,107,1814,1595,train_00051565,80.0,640,0.4301075268817204,312.258064516129,311.8279569892473,15.053763440860216,16.344086021505376,246.04000462481213,1.0,8fe6c319c145bfe6c41b4bd884be5417741d8218678ea8dfc0735cca6b82988f,data/synthetic/seadronessee_30m_to_80m/geometry_only/train/train_00051565.png,data/synthetic/seadronessee_30m_to_80m/calibrated/train/train_00051565.png
val:37817,val:6669,val,37817,6669,6669.jpg,3840,2160,1,swimmer,1684.0,1132.0,42.0,26.0,1092.0,31.79844925327644,26.7,mavic,NorthSea_Fri_DJI_0114.MP4,5835,data/raw/seadronessee/odv2/images/val/6669.jpg,train,1610,900,340,2510,1950,val_00037817,80.0,640,0.3975155279503105,311.65217391304344,314.83229813664593,16.695652173913043,10.335403726708076,172.55630569808264,1.0,8fe6c319c145bfe6c41b4bd884be5417741d8218678ea8dfc0735cca6b82988f,data/synthetic/seadronessee_30m_to_80m/geometry_only/train/val_00037817.png,data/synthetic/seadronessee_30m_to_80m/calibrated/train/val_00037817.png
train:37145,train:6607,train,37145,6607,6607.jpg,3840,2160,1,swimmer,1669.0,950.0,52.0,44.0,2288.0,31.89844437671441,29.4,mavic,NorthSea_Fri_DJI_0114.MP4,4905,data/raw/seadronessee/odv2/images/train/6607.jpg,train,1605,892,170,2497,1775,train_00037145,80.0,640,0.3987538940809969,309.83177570093454,311.02803738317755,20.73520249221184,17.54517133956386,363.8026804864083,1.0,8fe6c319c145bfe6c41b4bd884be5417741d8218678ea8dfc0735cca6b82988f,data/synthetic/seadronessee_30m_to_80m/geometry_only/train/train_00037145.png,data/synthetic/seadronessee_30m_to_80m/calibrated/train/train_00037145.png
train:37292,train:6623,train,37292,6623,6623.jpg,3840,2160,1,swimmer,1918.0,1073.0,45.0,31.0,1395.0,31.59845900640049,36.7,mavic,NorthSea_Fri_DJI_0114.MP4,5145,data/raw/seadronessee/odv2/images/train/6623.jpg,train,1620,1130,278,2750,1898,train_00037292,80.0,640,0.3950617283950617,311.3086419753086,314.0740740740741,17.77777777777778,12.246913580246911,217.72290809327845,1.0,8fe6c319c145bfe6c41b4bd884be5417741d8218678ea8dfc0735cca6b82988f,data/synthetic/seadronessee_30m_to_80m/geometry_only/train/train_00037292.png,data/synthetic/seadronessee_30m_to_80m/calibrated/train/train_00037292.png
val:38006,val:6683,val,38006,6683,6683.jpg,3840,2160,1,swimmer,1950.0,855.0,34.0,24.0,816.0,31.59845900640049,26.7,mavic,NorthSea_Fri_DJI_0114.MP4,6045,data/raw/seadronessee/odv2/images/val/6683.jpg,train,1620,1157,57,2777,1677,val_00038006,80.0,640,0.3950617283950617,313.28395061728395,315.25925925925924,13.432098765432098,9.48148148148148,127.3561957018747,1.0,8fe6c319c145bfe6c41b4bd884be5417741d8218678ea8dfc0735cca6b82988f,data/synthetic/seadronessee_30m_to_80m/geometry_only/train/val_00038006.png,data/synthetic/seadronessee_30m_to_80m/calibrated/train/val_00038006.png
train:36647,train:6563,train,36647,6563,6563.jpg,3840,2160,1,swimmer,2113.0,1000.0,31.0,22.0,682.0,31.59845900640049,22.0,mavic,NorthSea_Fri_DJI_0114.MP4,4245,data/raw/seadronessee/odv2/images/train/6563.jpg,train,1620,1318,201,2938,1821,train_00036647,80.0,640,0.3950617283950617,314.0740740740741,315.6543209876544,12.246913580246911,8.691358024691358,106.44231062338056,1.0,8fe6c319c145bfe6c41b4bd884be5417741d8218678ea8dfc0735cca6b82988f,data/synthetic/seadronessee_30m_to_80m/geometry_only/train/train_00036647.png,data/synthetic/seadronessee_30m_to_80m/calibrated/train/train_00036647.png
val:37471,val:6641,val,37471,6641,6641.jpg,3840,2160,1,swimmer,1803.0,1104.0,30.0,25.0,750.0,31.698454129838463,26.7,mavic,NorthSea_Fri_DJI_0114.MP4,5415,data/raw/seadronessee/odv2/images/val/6641.jpg,train,1615,1010,309,2625,1924,val_00037471,80.0,640,0.3962848297213622,314.25386996904024,315.046439628483,11.888544891640867,9.907120743034056,117.7812497004668,1.0,8fe6c319c145bfe6c41b4bd884be5417741d8218678ea8dfc0735cca6b82988f,data/synthetic/seadronessee_30m_to_80m/geometry_only/train/val_00037471.png,data/synthetic/seadronessee_30m_to_80m/calibrated/train/val_00037471.png
val:37582,val:6651,val,37582,6651,6651.jpg,3840,2160,1,swimmer,2003.0,1020.0,32.0,22.0,704.0,31.89844437671441,26.7,mavic,NorthSea_Fri_DJI_0114.MP4,5565,data/raw/seadronessee/odv2/images/val/6651.jpg,train,1605,1216,228,2821,1833,val_00037582,80.0,640,0.3987538940809969,313.81931464174454,315.8130841121495,12.7601246105919,8.77258566978193,111.93928630351024,1.0,8fe6c319c145bfe6c41b4bd884be5417741d8218678ea8dfc0735cca6b82988f,data/synthetic/seadronessee_30m_to_80m/geometry_only/train/val_00037582.png,data/synthetic/seadronessee_30m_to_80m/calibrated/train/val_00037582.png
train:36560,train:6557,train,36560,6557,6557.jpg,3840,2160,1,swimmer,2353.0,961.0,47.0,19.0,893.0,31.89844437671441,22.0,mavic,NorthSea_Fri_DJI_0114.MP4,4155,data/raw/seadronessee/odv2/images/train/6557.jpg,train,1605,1574,168,3179,1773,train_00036560,80.0,640,0.3987538940809969,310.62928348909657,316.2118380062305,18.74143302180685,7.576323987538941,141.9911685639697,1.0,8fe6c319c145bfe6c41b4bd884be5417741d8218678ea8dfc0735cca6b82988f,data/synthetic/seadronessee_30m_to_80m/geometry_only/train/train_00036560.png,data/synthetic/seadronessee_30m_to_80m/calibrated/train/train_00036560.png
train:36900,train:6583,train,36900,6583,6583.jpg,3840,2160,1,swimmer,2137.0,1134.0,20.0,20.0,400.0,31.79844925327644,22.0,mavic,NorthSea_Fri_DJI_0114.MP4,4545,data/raw/seadronessee/odv2/images/train/6583.jpg,train,1610,1342,339,2952,1949,train_00036900,80.0,640,0.3975155279503105,316.0248447204969,316.0248447204969,7.95031055900621,7.95031055900621,63.20743798464564,1.0,8fe6c319c145bfe6c41b4bd884be5417741d8218678ea8dfc0735cca6b82988f,data/synthetic/seadronessee_30m_to_80m/geometry_only/train/train_00036900.png,data/synthetic/seadronessee_30m_to_80m/calibrated/train/train_00036900.png
val:72833,val:10454,val,72833,10454,10454.jpg,3840,2160,1,swimmer,1912.0,1353.0,58.0,82.0,4756.0,33.99834196891192,54.6,mavic,NorthSea_Sat_DJI_0126.MP4,6585,data/raw/seadronessee/odv2/images/val/10454.jpg,train,1506,1188,641,2694,2147,val_00072833,80.0,640,0.4249667994687915,307.67596281540506,302.5763612217796,24.648074369189903,34.8472775564409,858.9182887749577,1.0,8fe6c319c145bfe6c41b4bd884be5417741d8218678ea8dfc0735cca6b82988f,data/synthetic/seadronessee_30m_to_80m/geometry_only/train/val_00072833.png,data/synthetic/seadronessee_30m_to_80m/calibrated/train/val_00072833.png
train:37220,train:6615,train,37220,6615,6615.jpg,3840,2160,1,swimmer,1931.0,915.0,39.0,31.0,1209.0,31.498463882962508,36.7,mavic,NorthSea_Fri_DJI_0114.MP4,5025,data/raw/seadronessee/odv2/images/train/6615.jpg,train,1625,1138,118,2763,1743,train_00037220,80.0,640,0.3938461538461538,312.32,313.8953846153846,15.36,12.20923076923077,187.5337846153846,1.0,8fe6c319c145bfe6c41b4bd884be5417741d8218678ea8dfc0735cca6b82988f,data/synthetic/seadronessee_30m_to_80m/geometry_only/train/train_00037220.png,data/synthetic/seadronessee_30m_to_80m/calibrated/train/train_00037220.png
val:38171,val:6695,val,38171,6695,6695.jpg,3840,2160,1,swimmer,1728.0,949.0,19.0,21.0,399.0,31.59845900640049,26.7,mavic,NorthSea_Fri_DJI_0114.MP4,6225,data/raw/seadronessee/odv2/images/val/6695.jpg,train,1620,928,150,2548,1770,val_00038171,80.0,640,0.3950617283950617,316.04938271604937,315.6543209876544,7.506172839506172,8.296296296296296,62.27343392775491,1.0,8fe6c319c145bfe6c41b4bd884be5417741d8218678ea8dfc0735cca6b82988f,data/synthetic/seadronessee_30m_to_80m/geometry_only/train/val_00038171.png,data/synthetic/seadronessee_30m_to_80m/calibrated/train/val_00038171.png
train:37312,train:6625,train,37312,6625,6625.jpg,3840,2160,1,swimmer,1656.0,1108.0,121.0,50.0,6050.0,31.398468759524533,36.7,mavic,NorthSea_Fri_DJI_0114.MP4,5175,data/raw/seadronessee/odv2/images/train/6625.jpg,train,1631,901,318,2532,1949,train_00037312,80.0,640,0.3923973022685469,296.2599632127529,309.99386879215206,47.48007357449418,19.619865113427345,931.552639107182,1.0,8fe6c319c145bfe6c41b4bd884be5417741d8218678ea8dfc0735cca6b82988f,data/synthetic/seadronessee_30m_to_80m/geometry_only/train/train_00037312.png,data/synthetic/seadronessee_30m_to_80m/calibrated/train/train_00037312.png
train:52137,train:8050,train,52137,8050,8050.jpg,3840,2160,1,swimmer,1376.0,759.0,55.0,26.0,1430.0,34.4983175861018,42.2,mavic,NorthSea_Fri_DJI_0117.MP4,1020,data/raw/seadronessee/odv2/images/train/8050.jpg,train,1484,662,30,2146,1514,train_00052137,80.0,640,0.431266846361186,307.9245283018868,314.3935309973046,23.71967654986523,11.212938005390836,265.9672626615616,1.0,8fe6c319c145bfe6c41b4bd884be5417741d8218678ea8dfc0735cca6b82988f,data/synthetic/seadronessee_30m_to_80m/geometry_only/train/train_00052137.png,data/synthetic/seadronessee_30m_to_80m/calibrated/train/train_00052137.png
val:37681,val:6659,val,37681,6659,6659.jpg,3840,2160,1,swimmer,1834.0,934.0,20.0,23.0,460.0,31.698454129838463,26.7,mavic,NorthSea_Fri_DJI_0114.MP4,5685,data/raw/seadronessee/odv2/images/val/6659.jpg,train,1615,1036,138,2651,1753,val_00037681,80.0,640,0.3962848297213622,316.2352941176471,315.44272445820434,7.925696594427245,9.114551083591332,72.23916648295298,1.0,8fe6c319c145bfe6c41b4bd884be5417741d8218678ea8dfc0735cca6b82988f,data/synthetic/seadronessee_30m_to_80m/geometry_only/train/val_00037681.png,data/synthetic/seadronessee_30m_to_80m/calibrated/train/val_00037681.png
val:37963,val:6679,val,37963,6679,6679.jpg,3840,2160,1,swimmer,1828.0,956.0,15.0,19.0,285.0,31.79844925327644,26.7,mavic,NorthSea_Fri_DJI_0114.MP4,5985,data/raw/seadronessee/odv2/images/val/6679.jpg,train,1610,1030,160,2640,1770,val_00037963,80.0,640,0.3975155279503105,317.2173913043478,316.4223602484472,5.962732919254658,7.5527950310559,45.03529956406002,1.0,8fe6c319c145bfe6c41b4bd884be5417741d8218678ea8dfc0735cca6b82988f,data/synthetic/seadronessee_30m_to_80m/geometry_only/train/val_00037963.png,data/synthetic/seadronessee_30m_to_80m/calibrated/train/val_00037963.png
train:52311,train:8064,train,52311,8064,8064.jpg,3840,2160,1,swimmer,2348.0,745.0,52.0,26.0,1352.0,34.19833221578787,42.2,mavic,NorthSea_Fri_DJI_0117.MP4,1230,data/raw/seadronessee/odv2/images/train/8064.jpg,train,1497,1626,10,3123,1507,train_00052311,80.0,640,0.4275217100868403,308.67067468269875,314.22845691382764,22.231128924515698,11.115564462257849,247.11154662921925,1.0,8fe6c319c145bfe6c41b4bd884be5417741d8218678ea8dfc0735cca6b82988f,data/synthetic/seadronessee_30m_to_80m/geometry_only/train/train_00052311.png,data/synthetic/seadronessee_30m_to_80m/calibrated/train/train_00052311.png
val:37788,val:6667,val,37788,6667,6667.jpg,3840,2160,1,swimmer,1737.0,1199.0,25.0,19.0,475.0,31.79844925327644,26.7,mavic,NorthSea_Fri_DJI_0114.MP4,5805,data/raw/seadronessee/odv2/images/val/6667.jpg,train,1610,944,404,2554,2014,val_00037788,80.0,640,0.3975155279503105,315.22981366459624,316.0248447204969,9.937888198757763,7.5527950310559,75.0588326067667,1.0,8fe6c319c145bfe6c41b4bd884be5417741d8218678ea8dfc0735cca6b82988f,data/synthetic/seadronessee_30m_to_80m/geometry_only/train/val_00037788.png,data/synthetic/seadronessee_30m_to_80m/calibrated/train/val_00037788.png
val:37514,val:6645,val,37514,6645,6645.jpg,3840,2160,1,swimmer,1979.0,920.0,32.0,22.0,704.0,31.79844925327644,26.7,mavic,NorthSea_Fri_DJI_0114.MP4,5475,data/raw/seadronessee/odv2/images/val/6645.jpg,train,1610,1190,126,2800,1736,val_00037514,80.0,640,0.3975155279503105,313.639751552795,315.62732919254654,12.720496894409935,8.745341614906831,111.24509085297632,1.0,8fe6c319c145bfe6c41b4bd884be5417741d8218678ea8dfc0735cca6b82988f,data/synthetic/seadronessee_30m_to_80m/geometry_only/train/val_00037514.png,data/synthetic/seadronessee_30m_to_80m/calibrated/train/val_00037514.png
val:72810,val:10452,val,72810,10452,10452.jpg,3840,2160,1,swimmer,2515.0,1371.0,40.0,55.0,2200.0,33.79835172203596,54.6,mavic,NorthSea_Sat_DJI_0126.MP4,6555,data/raw/seadronessee/odv2/images/val/10452.jpg,train,1515,1778,641,3293,2156,val_00072810,80.0,640,0.4224422442244224,311.33993399339937,308.3828382838284,16.897689768976896,23.234323432343235,392.60638935180646,1.0,8fe6c319c145bfe6c41b4bd884be5417741d8218678ea8dfc0735cca6b82988f,data/synthetic/seadronessee_30m_to_80m/geometry_only/train/val_00072810.png,data/synthetic/seadronessee_30m_to_80m/calibrated/train/val_00072810.png
val:38086,val:6689,val,38086,6689,6689.jpg,3840,2160,1,swimmer,1469.0,947.0,17.0,15.0,255.0,31.59845900640049,26.7,mavic,NorthSea_Fri_DJI_0114.MP4,6135,data/raw/seadronessee/odv2/images/val/6689.jpg,train,1620,668,144,2288,1764,val_00038086,80.0,640,0.3950617283950617,316.4444444444444,317.2345679012345,6.716049382716049,5.925925925925926,39.798811156835846,1.0,8fe6c319c145bfe6c41b4bd884be5417741d8218678ea8dfc0735cca6b82988f,data/synthetic/seadronessee_30m_to_80m/geometry_only/train/val_00038086.png,data/synthetic/seadronessee_30m_to_80m/calibrated/train/val_00038086.png
train:37206,train:6613,train,37206,6613,6613.jpg,3840,2160,1,swimmer,1657.0,1149.0,33.0,33.0,1089.0,31.698454129838463,36.7,mavic,NorthSea_Fri_DJI_0114.MP4,4995,data/raw/seadronessee/odv2/images/train/6613.jpg,train,1615,866,358,2481,1973,train_00037206,80.0,640,0.3962848297213622,313.4613003095976,313.4613003095976,13.077399380804954,13.077399380804954,171.01837456507778,1.0,8fe6c319c145bfe6c41b4bd884be5417741d8218678ea8dfc0735cca6b82988f,data/synthetic/seadronessee_30m_to_80m/geometry_only/train/train_00037206.png,data/synthetic/seadronessee_30m_to_80m/calibrated/train/train_00037206.png
val:72749,val:10448,val,72749,10448,10448.jpg,3840,2160,1,swimmer,2205.0,1159.0,31.0,32.0,992.0,32.29842487046632,54.6,mavic,NorthSea_Sat_DJI_0126.MP4,6495,data/raw/seadronessee/odv2/images/val/10448.jpg,train,1585,1428,382,3013,1967,val_00072749,80.0,640,0.4037854889589905,313.74132492113563,313.74132492113563,12.517350157728709,12.921135646687697,161.73837932510023,1.0,8fe6c319c145bfe6c41b4bd884be5417741d8218678ea8dfc0735cca6b82988f,data/synthetic/seadronessee_30m_to_80m/geometry_only/train/val_00072749.png,data/synthetic/seadronessee_30m_to_80m/calibrated/train/val_00072749.png
val:37736,val:6663,val,37736,6663,6663.jpg,3840,2160,1,swimmer,1667.0,1209.0,37.0,28.0,1036.0,31.698454129838463,26.7,mavic,NorthSea_Fri_DJI_0114.MP4,5745,data/raw/seadronessee/odv2/images/val/6663.jpg,train,1615,878,416,2493,2031,val_00037736,80.0,640,0.3962848297213622,312.6687306501548,314.25386996904024,14.662538699690405,11.095975232198144,162.69516625291146,1.0,8fe6c319c145bfe6c41b4bd884be5417741d8218678ea8dfc0735cca6b82988f,data/synthetic/seadronessee_30m_to_80m/geometry_only/train/val_00037736.png,data/synthetic/seadronessee_30m_to_80m/calibrated/train/val_00037736.png
train:72122,train:10396,train,72122,10396,10396.jpg,3840,2160,1,swimmer,2070.0,934.0,35.0,29.0,1015.0,34.098337092349894,54.6,mavic,NorthSea_Sat_DJI_0126.MP4,5715,data/raw/seadronessee/odv2/images/train/10396.jpg,train,1502,1336,198,2838,1700,train_00072122,80.0,640,0.4260985352862849,312.7563249001332,313.60852197070574,14.913448735019973,12.356857523302264,184.28336119971416,1.0,8fe6c319c145bfe6c41b4bd884be5417741d8218678ea8dfc0735cca6b82988f,data/synthetic/seadronessee_30m_to_80m/geometry_only/train/train_00072122.png,data/synthetic/seadronessee_30m_to_80m/calibrated/train/train_00072122.png
val:37659,val:6657,val,37659,6657,6657.jpg,3840,2160,1,swimmer,1860.0,1227.0,40.0,31.0,1240.0,31.89844437671441,26.7,mavic,NorthSea_Fri_DJI_0114.MP4,5655,data/raw/seadronessee/odv2/images/val/6657.jpg,train,1605,1078,440,2683,2045,val_00037659,80.0,640,0.3987538940809969,311.8255451713396,313.81931464174454,15.950155763239875,12.361370716510905,197.165788375501,1.0,8fe6c319c145bfe6c41b4bd884be5417741d8218678ea8dfc0735cca6b82988f,data/synthetic/seadronessee_30m_to_80m/geometry_only/train/val_00037659.png,data/synthetic/seadronessee_30m_to_80m/calibrated/train/val_00037659.png
train:37331,train:6627,train,37331,6627,6627.jpg,3840,2160,1,swimmer,1594.0,1281.0,82.0,55.0,4510.0,31.398468759524533,36.7,mavic,NorthSea_Fri_DJI_0114.MP4,5205,data/raw/seadronessee/odv2/images/train/6627.jpg,train,1631,820,493,2451,2124,train_00037331,80.0,640,0.3923973022685469,303.71551195585533,309.209074187615,32.17657878602085,21.58185162477008,694.4301491526265,1.0,8fe6c319c145bfe6c41b4bd884be5417741d8218678ea8dfc0735cca6b82988f,data/synthetic/seadronessee_30m_to_80m/geometry_only/train/train_00037331.png,data/synthetic/seadronessee_30m_to_80m/calibrated/train/train_00037331.png
train:37084,train:6601,train,37084,6601,6601.jpg,3840,2160,1,swimmer,1913.0,1034.0,25.0,27.0,675.0,31.698454129838463,29.4,mavic,NorthSea_Fri_DJI_0114.MP4,4815,data/raw/seadronessee/odv2/images/train/6601.jpg,train,1615,1118,240,2733,1855,train_00037084,80.0,640,0.3962848297213622,315.046439628483,314.6501547987616,9.907120743034056,10.69969040247678,106.00312473042013,1.0,8fe6c319c145bfe6c41b4bd884be5417741d8218678ea8dfc0735cca6b82988f,data/synthetic/seadronessee_30m_to_80m/geometry_only/train/train_00037084.png,data/synthetic/seadronessee_30m_to_80m/calibrated/train/train_00037084.png
train:51639,train:8008,train,51639,8008,8008.jpg,3840,2160,1,swimmer,2467.0,1268.0,32.0,33.0,1056.0,34.4983175861018,42.2,mavic,NorthSea_Fri_DJI_0117.MP4,390,data/raw/seadronessee/odv2/images/train/8008.jpg,train,1484,1741,542,3225,2026,train_00051639,80.0,640,0.431266846361186,313.099730458221,313.099730458221,13.800539083557952,14.23180592991914,196.4065939654609,1.0,8fe6c319c145bfe6c41b4bd884be5417741d8218678ea8dfc0735cca6b82988f,data/synthetic/seadronessee_30m_to_80m/geometry_only/train/train_00051639.png,data/synthetic/seadronessee_30m_to_80m/calibrated/train/train_00051639.png
train:52046,train:8042,train,52046,8042,8042.jpg,3840,2160,1,swimmer,1818.0,743.0,32.0,25.0,800.0,34.4983175861018,42.2,mavic,NorthSea_Fri_DJI_0117.MP4,900,data/raw/seadronessee/odv2/images/train/8042.jpg,train,1484,1092,14,2576,1498,train_00052046,80.0,640,0.431266846361186,313.099730458221,314.3935309973046,13.800539083557952,10.781671159029653,148.79287421625827,1.0,8fe6c319c145bfe6c41b4bd884be5417741d8218678ea8dfc0735cca6b82988f,data/synthetic/seadronessee_30m_to_80m/geometry_only/train/train_00052046.png,data/synthetic/seadronessee_30m_to_80m/calibrated/train/train_00052046.png
train:51776,train:8020,train,51776,8020,8020.jpg,3840,2160,1,swimmer,1583.0,743.0,90.0,37.0,3330.0,34.4983175861018,42.2,mavic,NorthSea_Fri_DJI_0117.MP4,570,data/raw/seadronessee/odv2/images/train/8020.jpg,train,1484,886,20,2370,1504,train_00051776,80.0,640,0.431266846361186,300.59299191374663,311.8059299191375,38.81401617250674,15.956873315363882,619.3503389251749,1.0,8fe6c319c145bfe6c41b4bd884be5417741d8218678ea8dfc0735cca6b82988f,data/synthetic/seadronessee_30m_to_80m/geometry_only/train/train_00051776.png,data/synthetic/seadronessee_30m_to_80m/calibrated/train/train_00051776.png
train:36873,train:6581,train,36873,6581,6581.jpg,3840,2160,1,swimmer,2010.0,992.0,53.0,21.0,1113.0,31.79844925327644,22.0,mavic,NorthSea_Fri_DJI_0114.MP4,4515,data/raw/seadronessee/odv2/images/train/6581.jpg,train,1610,1232,198,2842,1808,train_00036873,80.0,640,0.3975155279503105,309.2670807453416,315.62732919254654,21.068322981366457,8.347826086956522,175.8746961922765,1.0,8fe6c319c145bfe6c41b4bd884be5417741d8218678ea8dfc0735cca6b82988f,data/synthetic/seadronessee_30m_to_80m/geometry_only/train/train_00036873.png,data/synthetic/seadronessee_30m_to_80m/calibrated/train/train_00036873.png
val:38134,val:6693,val,38134,6693,6693.jpg,3840,2160,1,swimmer,1667.0,951.0,19.0,19.0,361.0,31.59845900640049,26.7,mavic,NorthSea_Fri_DJI_0114.MP4,6195,data/raw/seadronessee/odv2/images/val/6693.jpg,train,1620,866,150,2486,1770,val_00038134,80.0,640,0.3950617283950617,316.4444444444444,316.4444444444444,7.506172839506172,7.506172839506172,56.34263069654016,1.0,8fe6c319c145bfe6c41b4bd884be5417741d8218678ea8dfc0735cca6b82988f,data/synthetic/seadronessee_30m_to_80m/geometry_only/train/val_00038134.png,data/synthetic/seadronessee_30m_to_80m/calibrated/train/val_00038134.png
train:51378,train:7984,train,51378,7984,7984.jpg,3840,2160,1,swimmer,2632.0,1078.0,40.0,45.0,1800.0,34.29832733922585,42.2,mavic,NorthSea_Fri_DJI_0117.MP4,30,data/raw/seadronessee/odv2/images/train/7984.jpg,train,1493,1906,354,3399,1847,train_00051378,80.0,640,0.4286671131949096,311.2123241795044,310.3549899531145,17.14668452779638,19.29002009377093,330.7598890827433,1.0,8fe6c319c145bfe6c41b4bd884be5417741d8218678ea8dfc0735cca6b82988f,data/synthetic/seadronessee_30m_to_80m/geometry_only/train/train_00051378.png,data/synthetic/seadronessee_30m_to_80m/calibrated/train/train_00051378.png
val:38063,val:6687,val,38063,6687,6687.jpg,3840,2160,1,swimmer,1139.0,979.0,48.0,25.0,1200.0,31.59845900640049,26.7,mavic,NorthSea_Fri_DJI_0114.MP4,6105,data/raw/seadronessee/odv2/images/val/6687.jpg,train,1620,353,182,1973,1802,val_00038063,80.0,640,0.3950617283950617,310.5185185185185,314.8641975308642,18.96296296296296,9.876543209876544,187.2885230909922,1.0,8fe6c319c145bfe6c41b4bd884be5417741d8218678ea8dfc0735cca6b82988f,data/synthetic/seadronessee_30m_to_80m/geometry_only/train/val_00038063.png,data/synthetic/seadronessee_30m_to_80m/calibrated/train/val_00038063.png
val:37873,val:6673,val,37873,6673,6673.jpg,3840,2160,1,swimmer,1702.0,1057.0,31.0,25.0,775.0,31.89844437671441,26.7,mavic,NorthSea_Fri_DJI_0114.MP4,5895,data/raw/seadronessee/odv2/images/val/6673.jpg,train,1605,915,267,2520,1872,val_00037873,80.0,640,0.3987538940809969,313.81931464174454,315.01557632398755,12.361370716510905,9.96884735202492,123.22861773468811,1.0,8fe6c319c145bfe6c41b4bd884be5417741d8218678ea8dfc0735cca6b82988f,data/synthetic/seadronessee_30m_to_80m/geometry_only/train/val_00037873.png,data/synthetic/seadronessee_30m_to_80m/calibrated/train/val_00037873.png
train:36593,train:6559,train,36593,6559,6559.jpg,3840,2160,1,swimmer,2186.0,950.0,21.0,20.0,420.0,31.79844925327644,22.0,mavic,NorthSea_Fri_DJI_0114.MP4,4185,data/raw/seadronessee/odv2/images/train/6559.jpg,train,1610,1392,155,3002,1765,train_00036593,80.0,640,0.3975155279503105,315.62732919254654,316.0248447204969,8.347826086956522,7.95031055900621,66.36780988387792,1.0,8fe6c319c145bfe6c41b4bd884be5417741d8218678ea8dfc0735cca6b82988f,data/synthetic/seadronessee_30m_to_80m/geometry_only/train/train_00036593.png,data/synthetic/seadronessee_30m_to_80m/calibrated/train/train_00036593.png
train:37047,train:6597,train,37047,6597,6597.jpg,3840,2160,1,swimmer,2012.0,958.0,22.0,26.0,572.0,31.79844925327644,29.4,mavic,NorthSea_Fri_DJI_0114.MP4,4755,data/raw/seadronessee/odv2/images/train/6597.jpg,train,1610,1218,166,2828,1776,train_00037047,80.0,640,0.3975155279503105,315.62732919254654,314.83229813664593,8.745341614906831,10.335403726708076,90.38663631804329,1.0,8fe6c319c145bfe6c41b4bd884be5417741d8218678ea8dfc0735cca6b82988f,data/synthetic/seadronessee_30m_to_80m/geometry_only/train/train_00037047.png,data/synthetic/seadronessee_30m_to_80m/calibrated/train/train_00037047.png
train:51856,train:8026,train,51856,8026,8026.jpg,3840,2160,1,swimmer,2309.0,1402.0,38.0,31.0,1178.0,34.4983175861018,42.2,mavic,NorthSea_Fri_DJI_0117.MP4,660,data/raw/seadronessee/odv2/images/train/8026.jpg,train,1484,1586,676,3070,2160,train_00051856,80.0,640,0.431266846361186,311.8059299191375,313.099730458221,16.38814016172507,13.369272237196766,219.09750728344028,1.0,8fe6c319c145bfe6c41b4bd884be5417741d8218678ea8dfc0735cca6b82988f,data/synthetic/seadronessee_30m_to_80m/geometry_only/train/train_00051856.png,data/synthetic/seadronessee_30m_to_80m/calibrated/train/train_00051856.png
val:37607,val:6653,val,37607,6653,6653.jpg,3840,2160,1,swimmer,1755.0,957.0,20.0,24.0,480.0,31.89844437671441,26.7,mavic,NorthSea_Fri_DJI_0114.MP4,5595,data/raw/seadronessee/odv2/images/val/6653.jpg,train,1605,962,166,2567,1771,val_00037607,80.0,640,0.3987538940809969,316.2118380062305,315.4143302180685,7.975077881619938,9.570093457943925,76.32224066148426,1.0,8fe6c319c145bfe6c41b4bd884be5417741d8218678ea8dfc0735cca6b82988f,data/synthetic/seadronessee_30m_to_80m/geometry_only/train/val_00037607.png,data/synthetic/seadronessee_30m_to_80m/calibrated/train/val_00037607.png
train:36821,train:6577,train,36821,6577,6577.jpg,3840,2160,1,swimmer,2004.0,995.0,52.0,22.0,1144.0,31.79844925327644,22.0,mavic,NorthSea_Fri_DJI_0114.MP4,4455,data/raw/seadronessee/odv2/images/train/6577.jpg,train,1610,1225,201,2835,1811,train_00036821,80.0,640,0.3975155279503105,309.6645962732919,315.62732919254654,20.67080745341615,8.745341614906831,180.77327263608652,1.0,8fe6c319c145bfe6c41b4bd884be5417741d8218678ea8dfc0735cca6b82988f,data/synthetic/seadronessee_30m_to_80m/geometry_only/train/train_00036821.png,data/synthetic/seadronessee_30m_to_80m/calibrated/train/train_00036821.png
train:51711,train:8014,train,51711,8014,8014.jpg,3840,2160,1,swimmer,2450.0,1254.0,31.0,28.0,868.0,34.4983175861018,42.2,mavic,NorthSea_Fri_DJI_0117.MP4,480,data/raw/seadronessee/odv2/images/train/8014.jpg,train,1484,1724,526,3208,2010,train_00051711,80.0,640,0.431266846361186,313.099730458221,313.96226415094344,13.369272237196766,12.075471698113208,161.4402685246402,1.0,8fe6c319c145bfe6c41b4bd884be5417741d8218678ea8dfc0735cca6b82988f,data/synthetic/seadronessee_30m_to_80m/geometry_only/train/train_00051711.png,data/synthetic/seadronessee_30m_to_80m/calibrated/train/train_00051711.png
train:51754,train:8018,train,51754,8018,8018.jpg,3840,2160,1,swimmer,1263.0,738.0,34.0,44.0,1496.0,34.4983175861018,42.2,mavic,NorthSea_Fri_DJI_0117.MP4,540,data/raw/seadronessee/odv2/images/train/8018.jpg,train,1484,538,18,2022,1502,train_00051754,80.0,640,0.431266846361186,312.66846361185986,310.5121293800539,14.663072776280323,18.975741239892184,278.24267478440294,1.0,8fe6c319c145bfe6c41b4bd884be5417741d8218678ea8dfc0735cca6b82988f,data/synthetic/seadronessee_30m_to_80m/geometry_only/train/train_00051754.png,data/synthetic/seadronessee_30m_to_80m/calibrated/train/train_00051754.png
train:36699,train:6567,train,36699,6567,6567.jpg,3840,2160,1,swimmer,2096.0,1077.0,50.0,28.0,1400.0,31.698454129838463,22.0,mavic,NorthSea_Fri_DJI_0114.MP4,4305,data/raw/seadronessee/odv2/images/train/6567.jpg,train,1615,1314,284,2929,1899,train_00036699,80.0,640,0.3962848297213622,309.89473684210526,314.25386996904024,19.814241486068116,11.095975232198144,219.8583327742047,1.0,8fe6c319c145bfe6c41b4bd884be5417741d8218678ea8dfc0735cca6b82988f,data/synthetic/seadronessee_30m_to_80m/geometry_only/train/train_00036699.png,data/synthetic/seadronessee_30m_to_80m/calibrated/train/train_00036699.png
train:51501,train:7996,train,51501,7996,7996.jpg,3840,2160,1,swimmer,1831.0,749.0,39.0,38.0,1482.0,34.29832733922585,42.2,mavic,NorthSea_Fri_DJI_0117.MP4,210,data/raw/seadronessee/odv2/images/train/7996.jpg,train,1493,1104,22,2597,1515,train_00051501,80.0,640,0.4286671131949096,311.64099129269925,311.64099129269925,16.718017414601473,16.289350301406564,272.3256420114587,1.0,8fe6c319c145bfe6c41b4bd884be5417741d8218678ea8dfc0735cca6b82988f,data/synthetic/seadronessee_30m_to_80m/geometry_only/train/train_00051501.png,data/synthetic/seadronessee_30m_to_80m/calibrated/train/train_00051501.png
train:51945,train:8034,train,51945,8034,8034.jpg,3840,2160,1,swimmer,1408.0,732.0,43.0,26.0,1118.0,34.4983175861018,42.2,mavic,NorthSea_Fri_DJI_0117.MP4,780,data/raw/seadronessee/odv2/images/train/8034.jpg,train,1484,688,3,2172,1487,train_00051945,80.0,640,0.431266846361186,310.5121293800539,314.3935309973046,18.544474393531,11.212938005390836,207.9380417172209,1.0,8fe6c319c145bfe6c41b4bd884be5417741d8218678ea8dfc0735cca6b82988f,data/synthetic/seadronessee_30m_to_80m/geometry_only/train/train_00051945.png,data/synthetic/seadronessee_30m_to_80m/calibrated/train/train_00051945.png
train:51735,train:8016,train,51735,8016,8016.jpg,3840,2160,1,swimmer,2471.0,1243.0,31.0,32.0,992.0,34.4983175861018,42.2,mavic,NorthSea_Fri_DJI_0117.MP4,510,data/raw/seadronessee/odv2/images/train/8016.jpg,train,1484,1744,517,3228,2001,train_00051735,80.0,640,0.431266846361186,313.53099730458223,313.099730458221,13.369272237196766,13.800539083557952,184.50316402816023,1.0,8fe6c319c145bfe6c41b4bd884be5417741d8218678ea8dfc0735cca6b82988f,data/synthetic/seadronessee_30m_to_80m/geometry_only/train/train_00051735.png,data/synthetic/seadronessee_30m_to_80m/calibrated/train/train_00051735.png
train:36985,train:6591,train,36985,6591,6591.jpg,3840,2160,1,swimmer,1994.0,858.0,25.0,16.0,400.0,31.79844925327644,29.4,mavic,NorthSea_Fri_DJI_0114.MP4,4665,data/raw/seadronessee/odv2/images/train/6591.jpg,train,1610,1202,61,2812,1671,train_00036985,80.0,640,0.3975155279503105,314.83229813664593,316.8198757763975,9.937888198757763,6.3602484472049685,63.20743798464565,1.0,8fe6c319c145bfe6c41b4bd884be5417741d8218678ea8dfc0735cca6b82988f,data/synthetic/seadronessee_30m_to_80m/geometry_only/train/train_00036985.png,data/synthetic/seadronessee_30m_to_80m/calibrated/train/train_00036985.png
val:37536,val:6647,val,37536,6647,6647.jpg,3840,2160,1,swimmer,1968.0,917.0,36.0,23.0,828.0,31.89844437671441,26.7,mavic,NorthSea_Fri_DJI_0114.MP4,5505,data/raw/seadronessee/odv2/images/val/6647.jpg,train,1605,1184,126,2789,1731,val_00037536,80.0,640,0.3987538940809969,312.62305295950154,315.4143302180685,14.355140186915888,9.171339563862928,131.65586514106033,1.0,8fe6c319c145bfe6c41b4bd884be5417741d8218678ea8dfc0735cca6b82988f,data/synthetic/seadronessee_30m_to_80m/geometry_only/train/val_00037536.png,data/synthetic/seadronessee_30m_to_80m/calibrated/train/val_00037536.png
val:37927,val:6677,val,37927,6677,6677.jpg,3840,2160,1,swimmer,1707.0,984.0,31.0,17.0,527.0,31.79844925327644,26.7,mavic,NorthSea_Fri_DJI_0114.MP4,5955,data/raw/seadronessee/odv2/images/val/6677.jpg,train,1610,918,188,2528,1798,val_00037927,80.0,640,0.3975155279503105,313.639751552795,316.4223602484472,12.322981366459626,6.757763975155279,83.27579954477063,1.0,8fe6c319c145bfe6c41b4bd884be5417741d8218678ea8dfc0735cca6b82988f,data/synthetic/seadronessee_30m_to_80m/geometry_only/train/val_00037927.png,data/synthetic/seadronessee_30m_to_80m/calibrated/train/val_00037927.png
train:109661,train:16274,train,109661,16274,16274.jpg,3840,2160,1,swimmer,1700.0,1148.0,27.0,30.0,810.0,30.09853215483084,21.0,m210,DJI_0010_d3.mov,405,data/raw/seadronessee/odv2/images/train/16274.jpg,train,1701,863,312,2564,2013,train_00109661,80.0,640,0.376249265138154,314.92063492063494,314.5443856554968,10.15873015873016,11.287477954144622,114.66644270877076,1.0,8fe6c319c145bfe6c41b4bd884be5417741d8218678ea8dfc0735cca6b82988f,data/synthetic/seadronessee_30m_to_80m/geometry_only/train/train_00109661.png,data/synthetic/seadronessee_30m_to_80m/calibrated/train/train_00109661.png
val:38216,val:6699,val,38216,6699,6699.jpg,3840,2160,1,swimmer,1450.0,967.0,25.0,16.0,400.0,31.59845900640049,26.7,mavic,NorthSea_Fri_DJI_0114.MP4,6285,data/raw/seadronessee/odv2/images/val/6699.jpg,train,1620,652,165,2272,1785,val_00038216,80.0,640,0.3950617283950617,315.25925925925924,316.8395061728395,9.876543209876544,6.320987654320987,62.429507696997405,1.0,8fe6c319c145bfe6c41b4bd884be5417741d8218678ea8dfc0735cca6b82988f,data/synthetic/seadronessee_30m_to_80m/geometry_only/train/val_00038216.png,data/synthetic/seadronessee_30m_to_80m/calibrated/train/val_00038216.png
train:37068,train:6599,train,37068,6599,6599.jpg,3840,2160,1,swimmer,1905.0,1079.0,25.0,22.0,550.0,31.79844925327644,29.4,mavic,NorthSea_Fri_DJI_0114.MP4,4785,data/raw/seadronessee/odv2/images/train/6599.jpg,train,1610,1112,285,2722,1895,train_00037068,80.0,640,0.3975155279503105,315.22981366459624,315.62732919254654,9.937888198757763,8.745341614906831,86.91022722888775,1.0,8fe6c319c145bfe6c41b4bd884be5417741d8218678ea8dfc0735cca6b82988f,data/synthetic/seadronessee_30m_to_80m/geometry_only/train/train_00037068.png,data/synthetic/seadronessee_30m_to_80m/calibrated/train/train_00037068.png
train:52189,train:8054,train,52189,8054,8054.jpg,3840,2160,1,swimmer,2185.0,758.0,32.0,24.0,768.0,34.4983175861018,42.2,mavic,NorthSea_Fri_DJI_0117.MP4,1080,data/raw/seadronessee/odv2/images/train/8054.jpg,train,1484,1459,28,2943,1512,train_00052189,80.0,640,0.431266846361186,313.099730458221,314.8247978436658,13.800539083557952,10.350404312668465,142.84115924760792,1.0,8fe6c319c145bfe6c41b4bd884be5417741d8218678ea8dfc0735cca6b82988f,data/synthetic/seadronessee_30m_to_80m/geometry_only/train/train_00052189.png,data/synthetic/seadronessee_30m_to_80m/calibrated/train/train_00052189.png
train:52423,train:8074,train,52423,8074,8074.jpg,3840,2160,1,swimmer,2198.0,790.0,83.0,34.0,2822.0,34.19833221578787,42.2,mavic,NorthSea_Fri_DJI_0117.MP4,1380,data/raw/seadronessee/odv2/images/train/8074.jpg,train,1497,1491,58,2988,1555,train_00052423,80.0,640,0.4275217100868403,302.2578490313961,312.9458917835672,35.48430193720775,14.535738142952573,515.7905211447166,1.0,8fe6c319c145bfe6c41b4bd884be5417741d8218678ea8dfc0735cca6b82988f,data/synthetic/seadronessee_30m_to_80m/geometry_only/train/train_00052423.png,data/synthetic/seadronessee_30m_to_80m/calibrated/train/train_00052423.png
train:52088,train:8046,train,52088,8046,8046.jpg,3840,2160,1,swimmer,1376.0,816.0,90.0,32.0,2880.0,34.4983175861018,42.2,mavic,NorthSea_Fri_DJI_0117.MP4,960,data/raw/seadronessee/odv2/images/train/8046.jpg,train,1484,679,90,2163,1574,train_00052088,80.0,640,0.431266846361186,300.59299191374663,313.099730458221,38.81401617250674,13.800539083557952,535.6543471785297,1.0,8fe6c319c145bfe6c41b4bd884be5417741d8218678ea8dfc0735cca6b82988f,data/synthetic/seadronessee_30m_to_80m/geometry_only/train/train_00052088.png,data/synthetic/seadronessee_30m_to_80m/calibrated/train/train_00052088.png
train:36612,train:6561,train,36612,6561,6561.jpg,3840,2160,1,swimmer,2312.0,893.0,17.0,12.0,204.0,31.79844925327644,22.0,mavic,NorthSea_Fri_DJI_0114.MP4,4215,data/raw/seadronessee/odv2/images/train/6561.jpg,train,1610,1516,94,3126,1704,train_00036612,80.0,640,0.3975155279503105,316.4223602484472,317.6149068322981,6.757763975155279,4.770186335403727,32.23579337216928,1.0,8fe6c319c145bfe6c41b4bd884be5417741d8218678ea8dfc0735cca6b82988f,data/synthetic/seadronessee_30m_to_80m/geometry_only/train/train_00036612.png,data/synthetic/seadronessee_30m_to_80m/calibrated/train/train_00036612.png
val:37902,val:6675,val,37902,6675,6675.jpg,3840,2160,1,swimmer,1578.0,1063.0,42.0,16.0,672.0,31.79844925327644,26.7,mavic,NorthSea_Fri_DJI_0114.MP4,5925,data/raw/seadronessee/odv2/images/val/6675.jpg,train,1610,794,266,2404,1876,val_00037902,80.0,640,0.3975155279503105,311.65217391304344,316.8198757763975,16.695652173913043,6.3602484472049685,106.18849581420469,1.0,8fe6c319c145bfe6c41b4bd884be5417741d8218678ea8dfc0735cca6b82988f,data/synthetic/seadronessee_30m_to_80m/geometry_only/train/val_00037902.png,data/synthetic/seadronessee_30m_to_80m/calibrated/train/val_00037902.png
train:52805,train:8114,train,52805,8114,8114.jpg,3840,2160,1,swimmer,2193.0,989.0,28.0,29.0,812.0,34.29832733922585,39.7,mavic,NorthSea_Fri_DJI_0117.MP4,1995,data/raw/seadronessee/odv2/images/train/8114.jpg,train,1493,1460,257,2953,1750,train_00052805,80.0,640,0.4286671131949096,314.21299397186874,313.7843268586738,12.002679169457467,12.431346282652378,149.20946107510423,1.0,8fe6c319c145bfe6c41b4bd884be5417741d8218678ea8dfc0735cca6b82988f,data/synthetic/seadronessee_30m_to_80m/geometry_only/train/train_00052805.png,data/synthetic/seadronessee_30m_to_80m/calibrated/train/train_00052805.png
val:38191,val:6697,val,38191,6697,6697.jpg,3840,2160,1,swimmer,1249.0,973.0,23.0,28.0,644.0,31.59845900640049,26.7,mavic,NorthSea_Fri_DJI_0114.MP4,6255,data/raw/seadronessee/odv2/images/val/6697.jpg,train,1620,450,177,2070,1797,val_00038191,80.0,640,0.3950617283950617,315.6543209876544,314.4691358024691,9.08641975308642,11.061728395061728,100.5115073921658,1.0,8fe6c319c145bfe6c41b4bd884be5417741d8218678ea8dfc0735cca6b82988f,data/synthetic/seadronessee_30m_to_80m/geometry_only/train/val_00038191.png,data/synthetic/seadronessee_30m_to_80m/calibrated/train/val_00038191.png
train:37238,train:6617,train,37238,6617,6617.jpg,3840,2160,1,swimmer,1939.0,1135.0,47.0,36.0,1692.0,31.398468759524533,36.7,mavic,NorthSea_Fri_DJI_0114.MP4,5055,data/raw/seadronessee/odv2/images/train/6617.jpg,train,1631,1147,338,2778,1969,train_00037238,80.0,640,0.3923973022685469,310.7786633966891,312.7406499080319,18.442673206621706,14.126302881667687,260.52678766435565,1.0,8fe6c319c145bfe6c41b4bd884be5417741d8218678ea8dfc0735cca6b82988f,data/synthetic/seadronessee_30m_to_80m/geometry_only/train/train_00037238.png,data/synthetic/seadronessee_30m_to_80m/calibrated/train/train_00037238.png
val:38108,val:6691,val,38108,6691,6691.jpg,3840,2160,1,swimmer,1672.0,948.0,20.0,21.0,420.0,31.59845900640049,26.7,mavic,NorthSea_Fri_DJI_0114.MP4,6165,data/raw/seadronessee/odv2/images/val/6691.jpg,train,1620,872,148,2492,1768,val_00038108,80.0,640,0.3950617283950617,316.04938271604937,316.04938271604937,7.901234567901234,8.296296296296296,65.55098308184728,1.0,8fe6c319c145bfe6c41b4bd884be5417741d8218678ea8dfc0735cca6b82988f,data/synthetic/seadronessee_30m_to_80m/geometry_only/train/val_00038108.png,data/synthetic/seadronessee_30m_to_80m/calibrated/train/val_00038108.png
train:36720,train:6569,train,36720,6569,6569.jpg,3840,2160,1,swimmer,2080.0,1151.0,19.0,21.0,399.0,31.89844437671441,22.0,mavic,NorthSea_Fri_DJI_0114.MP4,4335,data/raw/seadronessee/odv2/images/train/6569.jpg,train,1605,1287,359,2892,1964,train_00036720,80.0,640,0.3987538940809969,316.2118380062305,315.8130841121495,7.576323987538941,8.373831775700934,63.44286254985879,1.0,8fe6c319c145bfe6c41b4bd884be5417741d8218678ea8dfc0735cca6b82988f,data/synthetic/seadronessee_30m_to_80m/geometry_only/train/train_00036720.png,data/synthetic/seadronessee_30m_to_80m/calibrated/train/train_00036720.png
train:51688,train:8012,train,51688,8012,8012.jpg,3840,2160,1,swimmer,2297.0,1398.0,32.0,26.0,832.0,34.4983175861018,42.2,mavic,NorthSea_Fri_DJI_0117.MP4,450,data/raw/seadronessee/odv2/images/train/8012.jpg,train,1484,1571,669,3055,2153,train_00051688,80.0,640,0.431266846361186,313.099730458221,314.3935309973046,13.800539083557952,11.212938005390836,154.74458918490856,1.0,8fe6c319c145bfe6c41b4bd884be5417741d8218678ea8dfc0735cca6b82988f,data/synthetic/seadronessee_30m_to_80m/geometry_only/train/train_00051688.png,data/synthetic/seadronessee_30m_to_80m/calibrated/train/train_00051688.png
train:52065,train:8044,train,52065,8044,8044.jpg,3840,2160,1,swimmer,1387.0,749.0,60.0,30.0,1800.0,34.4983175861018,42.2,mavic,NorthSea_Fri_DJI_0117.MP4,930,data/raw/seadronessee/odv2/images/train/8044.jpg,train,1484,675,22,2159,1506,train_00052065,80.0,640,0.431266846361186,307.06199460916446,313.53099730458223,25.87601078167116,12.93800539083558,334.78396698658105,1.0,8fe6c319c145bfe6c41b4bd884be5417741d8218678ea8dfc0735cca6b82988f,data/synthetic/seadronessee_30m_to_80m/geometry_only/train/train_00052065.png,data/synthetic/seadronessee_30m_to_80m/calibrated/train/train_00052065.png
train:51400,train:7986,train,51400,7986,7986.jpg,3840,2160,1,swimmer,2342.0,1247.0,69.0,41.0,2829.0,34.29832733922585,42.2,mavic,NorthSea_Fri_DJI_0117.MP4,60,data/raw/seadronessee/odv2/images/train/7986.jpg,train,1493,1630,521,3123,2014,train_00051400,80.0,640,0.4286671131949096,305.2109845947756,311.2123241795044,29.57803081044876,17.575351640991293,519.8442923417117,1.0,8fe6c319c145bfe6c41b4bd884be5417741d8218678ea8dfc0735cca6b82988f,data/synthetic/seadronessee_30m_to_80m/geometry_only/train/train_00051400.png,data/synthetic/seadronessee_30m_to_80m/calibrated/train/train_00051400.png
train:36514,train:6553,train,36514,6553,6553.jpg,3840,2160,1,swimmer,2416.0,832.0,28.0,25.0,700.0,31.698454129838463,24.0,mavic,NorthSea_Fri_DJI_0114.MP4,4095,data/raw/seadronessee/odv2/images/train/6553.jpg,train,1615,1622,37,3237,1652,train_00036514,80.0,640,0.3962848297213622,314.6501547987616,315.046439628483,11.095975232198144,9.907120743034056,109.92916638710236,1.0,8fe6c319c145bfe6c41b4bd884be5417741d8218678ea8dfc0735cca6b82988f,data/synthetic/seadronessee_30m_to_80m/geometry_only/train/train_00036514.png,data/synthetic/seadronessee_30m_to_80m/calibrated/train/train_00036514.png
train:51610,train:8006,train,51610,8006,8006.jpg,3840,2160,1,swimmer,1171.0,777.0,52.0,48.0,2496.0,34.4983175861018,42.2,mavic,NorthSea_Fri_DJI_0117.MP4,360,data/raw/seadronessee/odv2/images/train/8006.jpg,train,1484,455,59,1939,1543,train_00051610,80.0,640,0.431266846361186,308.7870619946092,309.64959568733155,22.42587601078167,20.70080862533693,464.2337675547258,1.0,8fe6c319c145bfe6c41b4bd884be5417741d8218678ea8dfc0735cca6b82988f,data/synthetic/seadronessee_30m_to_80m/geometry_only/train/train_00051610.png,data/synthetic/seadronessee_30m_to_80m/calibrated/train/train_00051610.png
val:37984,val:6681,val,37984,6681,6681.jpg,3840,2160,1,swimmer,1286.0,945.0,32.0,21.0,672.0,31.79844925327644,26.7,mavic,NorthSea_Fri_DJI_0114.MP4,6015,data/raw/seadronessee/odv2/images/val/6681.jpg,train,1610,497,150,2107,1760,val_00037984,80.0,640,0.3975155279503105,313.639751552795,316.0248447204969,12.720496894409935,8.347826086956522,106.18849581420469,1.0,8fe6c319c145bfe6c41b4bd884be5417741d8218678ea8dfc0735cca6b82988f,data/synthetic/seadronessee_30m_to_80m/geometry_only/train/val_00037984.png,data/synthetic/seadronessee_30m_to_80m/calibrated/train/val_00037984.png
train:37106,train:6603,train,37106,6603,6603.jpg,3840,2160,1,swimmer,1864.0,1338.0,27.0,21.0,567.0,31.59845900640049,29.4,mavic,NorthSea_Fri_DJI_0114.MP4,4845,data/raw/seadronessee/odv2/images/train/6603.jpg,train,1620,1068,538,2688,2158,train_00037106,80.0,640,0.3950617283950617,314.4691358024691,316.04938271604937,10.666666666666666,8.296296296296296,88.49382716049382,1.0,8fe6c319c145bfe6c41b4bd884be5417741d8218678ea8dfc0735cca6b82988f,data/synthetic/seadronessee_30m_to_80m/geometry_only/train/train_00037106.png,data/synthetic/seadronessee_30m_to_80m/calibrated/train/train_00037106.png
val:72785,val:10450,val,72785,10450,10450.jpg,3840,2160,1,swimmer,2461.0,1351.0,42.0,46.0,1932.0,33.69835659859799,54.6,mavic,NorthSea_Sat_DJI_0126.MP4,6525,data/raw/seadronessee/odv2/images/val/10450.jpg,train,1519,1722,614,3241,2133,val_00072785,80.0,640,0.4213298222514812,311.36273864384464,310.5200789993417,17.695852534562214,19.38117182356814,342.966358536874,1.0,8fe6c319c145bfe6c41b4bd884be5417741d8218678ea8dfc0735cca6b82988f,data/synthetic/seadronessee_30m_to_80m/geometry_only/train/val_00072785.png,data/synthetic/seadronessee_30m_to_80m/calibrated/train/val_00072785.png
train:37123,train:6605,train,37123,6605,6605.jpg,3840,2160,1,swimmer,1712.0,1079.0,25.0,24.0,600.0,31.79844925327644,29.4,mavic,NorthSea_Fri_DJI_0114.MP4,4875,data/raw/seadronessee/odv2/images/train/6605.jpg,train,1610,920,286,2530,1896,train_00037123,80.0,640,0.3975155279503105,314.83229813664593,315.22981366459624,9.937888198757763,9.540372670807454,94.81115697696848,1.0,8fe6c319c145bfe6c41b4bd884be5417741d8218678ea8dfc0735cca6b82988f,data/synthetic/seadronessee_30m_to_80m/geometry_only/train/train_00037123.png,data/synthetic/seadronessee_30m_to_80m/calibrated/train/train_00037123.png
train:37344,train:6629,train,37344,6629,6629.jpg,3840,2160,1,swimmer,2170.0,795.0,40.0,36.0,1440.0,31.698454129838463,36.7,mavic,NorthSea_Fri_DJI_0114.MP4,5235,data/raw/seadronessee/odv2/images/train/6629.jpg,train,1615,1382,6,2997,1621,train_00037344,80.0,640,0.3962848297213622,312.27244582043346,312.6687306501548,15.851393188854493,14.266253869969042,226.1399994248963,1.0,8fe6c319c145bfe6c41b4bd884be5417741d8218678ea8dfc0735cca6b82988f,data/synthetic/seadronessee_30m_to_80m/geometry_only/train/train_00037344.png,data/synthetic/seadronessee_30m_to_80m/calibrated/train/train_00037344.png
train:52214,train:8056,train,52214,8056,8056.jpg,3840,2160,1,swimmer,2827.0,1388.0,34.0,41.0,1394.0,34.4983175861018,42.2,mavic,NorthSea_Fri_DJI_0117.MP4,1110,data/raw/seadronessee/odv2/images/train/8056.jpg,train,1484,2102,666,3586,2150,train_00052214,80.0,640,0.431266846361186,312.66846361185986,311.3746630727763,14.663072776280323,17.681940700808628,259.27158332183006,1.0,8fe6c319c145bfe6c41b4bd884be5417741d8218678ea8dfc0735cca6b82988f,data/synthetic/seadronessee_30m_to_80m/geometry_only/train/train_00052214.png,data/synthetic/seadronessee_30m_to_80m/calibrated/train/train_00052214.png
train:52595,train:8088,train,52595,8088,8088.jpg,3840,2160,1,swimmer,3060.0,829.0,28.0,38.0,1064.0,34.19833221578787,42.2,mavic,NorthSea_Fri_DJI_0117.MP4,1590,data/raw/seadronessee/odv2/images/train/8088.jpg,train,1497,2326,100,3823,1597,train_00052595,80.0,640,0.4275217100868403,313.80093520374083,311.6633266533066,11.97060788243153,16.245824983299933,194.47240060169327,1.0,8fe6c319c145bfe6c41b4bd884be5417741d8218678ea8dfc0735cca6b82988f,data/synthetic/seadronessee_30m_to_80m/geometry_only/train/train_00052595.png,data/synthetic/seadronessee_30m_to_80m/calibrated/train/train_00052595.png
train:51903,train:8030,train,51903,8030,8030.jpg,3840,2160,1,swimmer,2481.0,1254.0,30.0,36.0,1080.0,34.4983175861018,42.2,mavic,NorthSea_Fri_DJI_0117.MP4,720,data/raw/seadronessee/odv2/images/train/8030.jpg,train,1484,1754,530,3238,2014,train_00051903,80.0,640,0.431266846361186,313.53099730458223,312.23719676549865,12.93800539083558,15.525606469002696,200.8703801919486,1.0,8fe6c319c145bfe6c41b4bd884be5417741d8218678ea8dfc0735cca6b82988f,data/synthetic/seadronessee_30m_to_80m/geometry_only/train/train_00051903.png,data/synthetic/seadronessee_30m_to_80m/calibrated/train/train_00051903.png
train:51543,train:8000,train,51543,8000,8000.jpg,3840,2160,1,swimmer,1051.0,849.0,30.0,39.0,1170.0,34.29832733922585,42.2,mavic,NorthSea_Fri_DJI_0117.MP4,270,data/raw/seadronessee/odv2/images/train/8000.jpg,train,1493,320,122,1813,1615,train_00051543,80.0,640,0.4286671131949096,313.3556597454789,311.64099129269925,12.860013395847288,16.718017414601473,214.9939279037832,1.0,8fe6c319c145bfe6c41b4bd884be5417741d8218678ea8dfc0735cca6b82988f,data/synthetic/seadronessee_30m_to_80m/geometry_only/train/train_00051543.png,data/synthetic/seadronessee_30m_to_80m/calibrated/train/train_00051543.png
train:52160,train:8052,train,52160,8052,8052.jpg,3840,2160,1,swimmer,1410.0,823.0,93.0,33.0,3069.0,34.4983175861018,42.2,mavic,NorthSea_Fri_DJI_0117.MP4,1050,data/raw/seadronessee/odv2/images/train/8052.jpg,train,1484,714,98,2198,1582,train_00052160,80.0,640,0.431266846361186,300.1617250673855,312.66846361185986,40.107816711590296,14.23180592991914,570.8066637121207,1.0,8fe6c319c145bfe6c41b4bd884be5417741d8218678ea8dfc0735cca6b82988f,data/synthetic/seadronessee_30m_to_80m/geometry_only/train/train_00052160.png,data/synthetic/seadronessee_30m_to_80m/calibrated/train/train_00052160.png
train:51872,train:8028,train,51872,8028,8028.jpg,3840,2160,1,swimmer,1540.0,781.0,77.0,34.0,2618.0,34.4983175861018,42.2,mavic,NorthSea_Fri_DJI_0117.MP4,690,data/raw/seadronessee/odv2/images/train/8028.jpg,train,1484,836,56,2320,1540,train_00051872,80.0,640,0.431266846361186,303.61185983827494,312.66846361185986,33.20754716981132,14.663072776280323,486.9246808727052,1.0,8fe6c319c145bfe6c41b4bd884be5417741d8218678ea8dfc0735cca6b82988f,data/synthetic/seadronessee_30m_to_80m/geometry_only/train/train_00051872.png,data/synthetic/seadronessee_30m_to_80m/calibrated/train/train_00051872.png
train:37272,train:6621,train,37272,6621,6621.jpg,3840,2160,1,swimmer,2193.0,1021.0,81.0,61.0,4941.0,31.79844925327644,36.7,mavic,NorthSea_Fri_DJI_0114.MP4,5115,data/raw/seadronessee/odv2/images/train/6621.jpg,train,1610,1428,246,3038,1856,train_00037272,80.0,640,0.3975155279503105,304.09937888198755,308.07453416149065,32.19875776397515,24.248447204968944,780.7698777053354,1.0,8fe6c319c145bfe6c41b4bd884be5417741d8218678ea8dfc0735cca6b82988f,data/synthetic/seadronessee_30m_to_80m/geometry_only/train/train_00037272.png,data/synthetic/seadronessee_30m_to_80m/calibrated/train/train_00037272.png
train:36947,train:6587,train,36947,6587,6587.jpg,3840,2160,1,swimmer,1999.0,861.0,27.0,22.0,594.0,31.79844925327644,30.5,mavic,NorthSea_Fri_DJI_0114.MP4,4605,data/raw/seadronessee/odv2/images/train/6587.jpg,train,1610,1208,67,2818,1677,train_00036947,80.0,640,0.3975155279503105,314.4347826086956,315.62732919254654,10.732919254658384,8.745341614906831,93.86304540719875,1.0,8fe6c319c145bfe6c41b4bd884be5417741d8218678ea8dfc0735cca6b82988f,data/synthetic/seadronessee_30m_to_80m/geometry_only/train/train_00036947.png,data/synthetic/seadronessee_30m_to_80m/calibrated/train/train_00036947.png
train:52455,train:8076,train,52455,8076,8076.jpg,3840,2160,1,swimmer,2400.0,757.0,47.0,36.0,1692.0,34.19833221578787,42.2,mavic,NorthSea_Fri_DJI_0117.MP4,1410,data/raw/seadronessee/odv2/images/train/8076.jpg,train,1497,1675,26,3172,1523,train_00052455,80.0,640,0.4275217100868403,309.9532398129593,312.5183700734803,20.093520374081496,15.390781563126254,309.2549829117152,1.0,8fe6c319c145bfe6c41b4bd884be5417741d8218678ea8dfc0735cca6b82988f,data/synthetic/seadronessee_30m_to_80m/geometry_only/train/train_00052455.png,data/synthetic/seadronessee_30m_to_80m/calibrated/train/train_00052455.png
train:51657,train:8010,train,51657,8010,8010.jpg,3840,2160,1,swimmer,1314.0,764.0,105.0,53.0,5565.0,34.598312709539776,42.2,mavic,NorthSea_Fri_DJI_0117.MP4,420,data/raw/seadronessee/odv2/images/train/8010.jpg,train,1480,626,50,2106,1530,train_00051657,80.0,640,0.4324324324324324,297.51351351351354,308.7567567567568,45.40540540540541,22.91891891891892,1040.6428049671297,1.0,8fe6c319c145bfe6c41b4bd884be5417741d8218678ea8dfc0735cca6b82988f,data/synthetic/seadronessee_30m_to_80m/geometry_only/train/train_00051657.png,data/synthetic/seadronessee_30m_to_80m/calibrated/train/train_00051657.png
train:51999,train:8038,train,51999,8038,8038.jpg,3840,2160,1,swimmer,2461.0,1285.0,35.0,31.0,1085.0,34.4983175861018,42.2,mavic,NorthSea_Fri_DJI_0117.MP4,840,data/raw/seadronessee/odv2/images/train/8038.jpg,train,1484,1736,558,3220,2042,train_00051999,80.0,640,0.431266846361186,312.66846361185986,313.53099730458223,15.09433962264151,13.369272237196766,201.80033565580024,1.0,8fe6c319c145bfe6c41b4bd884be5417741d8218678ea8dfc0735cca6b82988f,data/synthetic/seadronessee_30m_to_80m/geometry_only/train/train_00051999.png,data/synthetic/seadronessee_30m_to_80m/calibrated/train/train_00051999.png
train:52359,train:8068,train,52359,8068,8068.jpg,3840,2160,1,swimmer,2358.0,750.0,56.0,27.0,1512.0,34.19833221578787,42.2,mavic,NorthSea_Fri_DJI_0117.MP4,1290,data/raw/seadronessee/odv2/images/train/8068.jpg,train,1497,1638,15,3135,1512,train_00052359,80.0,640,0.4275217100868403,307.8156312625251,314.22845691382764,23.94121576486306,11.54308617234469,276.3555166445115,1.0,8fe6c319c145bfe6c41b4bd884be5417741d8218678ea8dfc0735cca6b82988f,data/synthetic/seadronessee_30m_to_80m/geometry_only/train/train_00052359.png,data/synthetic/seadronessee_30m_to_80m/calibrated/train/train_00052359.png
train:52654,train:8096,train,52654,8096,8096.jpg,3840,2160,1,swimmer,2719.0,1136.0,31.0,32.0,992.0,34.19833221578787,42.2,mavic,NorthSea_Fri_DJI_0117.MP4,1725,data/raw/seadronessee/odv2/images/train/8096.jpg,train,1497,1986,404,3483,1901,train_00052654,80.0,640,0.4275217100868403,313.373413493654,312.9458917835672,13.253173012692052,13.680694722778892,181.31261409481175,1.0,8fe6c319c145bfe6c41b4bd884be5417741d8218678ea8dfc0735cca6b82988f,data/synthetic/seadronessee_30m_to_80m/geometry_only/train/train_00052654.png,data/synthetic/seadronessee_30m_to_80m/calibrated/train/train_00052654.png
train:52375,train:8070,train,52375,8070,8070.jpg,3840,2160,1,swimmer,2202.0,787.0,83.0,33.0,2739.0,34.19833221578787,42.2,mavic,NorthSea_Fri_DJI_0117.MP4,1320,data/raw/seadronessee/odv2/images/train/8070.jpg,train,1497,1495,55,2992,1552,train_00052375,80.0,640,0.4275217100868403,302.2578490313961,312.9458917835672,35.48430193720775,14.108216432865731,500.6202116992837,1.0,8fe6c319c145bfe6c41b4bd884be5417741d8218678ea8dfc0735cca6b82988f,data/synthetic/seadronessee_30m_to_80m/geometry_only/train/train_00052375.png,data/synthetic/seadronessee_30m_to_80m/calibrated/train/train_00052375.png
train:109640,train:16272,train,109640,16272,16272.jpg,3840,2160,1,swimmer,1442.0,988.0,23.0,22.0,506.0,29.998537031392868,17.0,m210,DJI_0010_d3.mov,375,data/raw/seadronessee/odv2/images/train/16272.jpg,train,1707,600,146,2307,1853,train_00109640,80.0,640,0.3749267721148213,315.6883421206796,315.6883421206796,8.62331575864089,8.24838898652607,71.12846273091023,1.0,8fe6c319c145bfe6c41b4bd884be5417741d8218678ea8dfc0735cca6b82988f,data/synthetic/seadronessee_30m_to_80m/geometry_only/train/train_00109640.png,data/synthetic/seadronessee_30m_to_80m/calibrated/train/train_00109640.png
train:37167,train:6609,train,37167,6609,6609.jpg,3840,2160,1,swimmer,1705.0,995.0,32.0,24.0,768.0,31.698454129838463,36.7,mavic,NorthSea_Fri_DJI_0114.MP4,4935,data/raw/seadronessee/odv2/images/train/6609.jpg,train,1615,914,200,2529,1815,train_00037167,80.0,640,0.3962848297213622,313.4613003095976,315.046439628483,12.681114551083592,9.510835913312691,120.607999693278,1.0,8fe6c319c145bfe6c41b4bd884be5417741d8218678ea8dfc0735cca6b82988f,data/synthetic/seadronessee_30m_to_80m/geometry_only/train/train_00037167.png,data/synthetic/seadronessee_30m_to_80m/calibrated/train/train_00037167.png
train:37451,train:6639,train,37451,6639,6639.jpg,3840,2160,1,swimmer,1638.0,1207.0,25.0,31.0,775.0,31.59845900640049,26.7,mavic,NorthSea_Fri_DJI_0114.MP4,5385,data/raw/seadronessee/odv2/images/train/6639.jpg,train,1620,840,412,2460,2032,train_00037451,80.0,640,0.3950617283950617,315.25925925925924,314.0740740740741,9.876543209876544,12.246913580246911,120.95717116293248,1.0,8fe6c319c145bfe6c41b4bd884be5417741d8218678ea8dfc0735cca6b82988f,data/synthetic/seadronessee_30m_to_80m/geometry_only/train/train_00037451.png,data/synthetic/seadronessee_30m_to_80m/calibrated/train/train_00037451.png
train:52681,train:8098,train,52681,8098,8098.jpg,3840,2160,1,swimmer,3012.0,1093.0,34.0,38.0,1292.0,34.19833221578787,42.2,mavic,NorthSea_Fri_DJI_0117.MP4,1755,data/raw/seadronessee/odv2/images/train/8098.jpg,train,1497,2280,364,3777,1861,train_00052681,80.0,640,0.4275217100868403,312.9458917835672,311.6633266533066,14.535738142952573,16.245824983299933,236.1450578734847,1.0,8fe6c319c145bfe6c41b4bd884be5417741d8218678ea8dfc0735cca6b82988f,data/synthetic/seadronessee_30m_to_80m/geometry_only/train/train_00052681.png,data/synthetic/seadronessee_30m_to_80m/calibrated/train/train_00052681.png
train:37026,train:6595,train,37026,6595,6595.jpg,3840,2160,1,swimmer,1959.0,883.0,25.0,18.0,450.0,31.79844925327644,29.4,mavic,NorthSea_Fri_DJI_0114.MP4,4725,data/raw/seadronessee/odv2/images/train/6595.jpg,train,1610,1166,87,2776,1697,train_00037026,80.0,640,0.3975155279503105,315.22981366459624,316.4223602484472,9.937888198757763,7.155279503105589,71.10836773272635,1.0,8fe6c319c145bfe6c41b4bd884be5417741d8218678ea8dfc0735cca6b82988f,data/synthetic/seadronessee_30m_to_80m/geometry_only/train/train_00037026.png,data/synthetic/seadronessee_30m_to_80m/calibrated/train/train_00037026.png
train:109791,train:16284,train,109791,16284,16284.jpg,3840,2160,1,swimmer,1224.0,1179.0,30.0,29.0,870.0,29.89854190795489,21.5,m210,DJI_0010_d3.mov,555,data/raw/seadronessee/odv2/images/train/16284.jpg,train,1712,383,338,2095,2050,train_00109791,80.0,640,0.3738317757009345,314.39252336448595,314.39252336448595,11.214953271028037,10.841121495327103,121.58267097563106,1.0,8fe6c319c145bfe6c41b4bd884be5417741d8218678ea8dfc0735cca6b82988f,data/synthetic/seadronessee_30m_to_80m/geometry_only/train/train_00109791.png,data/synthetic/seadronessee_30m_to_80m/calibrated/train/train_00109791.png
train:52241,train:8058,train,52241,8058,8058.jpg,3840,2160,1,swimmer,2625.0,824.0,38.0,30.0,1140.0,34.19833221578787,42.2,mavic,NorthSea_Fri_DJI_0117.MP4,1140,data/raw/seadronessee/odv2/images/train/8058.jpg,train,1497,1896,90,3393,1587,train_00052241,80.0,640,0.4275217100868403,311.6633266533066,313.80093520374083,16.245824983299933,12.82565130260521,208.36328635895703,1.0,8fe6c319c145bfe6c41b4bd884be5417741d8218678ea8dfc0735cca6b82988f,data/synthetic/seadronessee_30m_to_80m/geometry_only/train/train_00052241.png,data/synthetic/seadronessee_30m_to_80m/calibrated/train/train_00052241.png
train:52119,train:8048,train,52119,8048,8048.jpg,3840,2160,1,swimmer,2467.0,1313.0,36.0,31.0,1116.0,34.4983175861018,42.2,mavic,NorthSea_Fri_DJI_0117.MP4,990,data/raw/seadronessee/odv2/images/train/8048.jpg,train,1484,1743,586,3227,2070,train_00052119,80.0,640,0.431266846361186,312.23719676549865,313.53099730458223,15.525606469002696,13.369272237196766,207.56605953168025,1.0,8fe6c319c145bfe6c41b4bd884be5417741d8218678ea8dfc0735cca6b82988f,data/synthetic/seadronessee_30m_to_80m/geometry_only/train/train_00052119.png,data/synthetic/seadronessee_30m_to_80m/calibrated/train/train_00052119.png
train:109765,train:16282,train,109765,16282,16282.jpg,3840,2160,1,swimmer,1297.0,1181.0,28.0,28.0,784.0,29.89854190795489,21.3,m210,DJI_0010_d3.mov,525,data/raw/seadronessee/odv2/images/train/16282.jpg,train,1712,455,339,2167,2051,train_00109765,80.0,640,0.3738317757009345,314.76635514018693,314.76635514018693,10.467289719626168,10.467289719626168,109.56415407459166,1.0,8fe6c319c145bfe6c41b4bd884be5417741d8218678ea8dfc0735cca6b82988f,data/synthetic/seadronessee_30m_to_80m/geometry_only/train/train_00109765.png,data/synthetic/seadronessee_30m_to_80m/calibrated/train/train_00109765.png
train:109716,train:16278,train,109716,16278,16278.jpg,3840,2160,1,swimmer,1008.0,1148.0,24.0,22.0,528.0,29.998537031392868,20.5,m210,DJI_0010_d3.mov,465,data/raw/seadronessee/odv2/images/train/16278.jpg,train,1707,166,306,1873,2013,train_00109716,80.0,640,0.3749267721148213,315.6883421206796,315.6883421206796,8.998242530755713,8.24838898652607,74.2210045887759,1.0,8fe6c319c145bfe6c41b4bd884be5417741d8218678ea8dfc0735cca6b82988f,data/synthetic/seadronessee_30m_to_80m/geometry_only/train/train_00109716.png,data/synthetic/seadronessee_30m_to_80m/calibrated/train/train_00109716.png
train:51825,train:8024,train,51825,8024,8024.jpg,3840,2160,1,swimmer,1432.0,731.0,46.0,27.0,1242.0,34.4983175861018,42.2,mavic,NorthSea_Fri_DJI_0117.MP4,630,data/raw/seadronessee/odv2/images/train/8024.jpg,train,1484,713,2,2197,1486,train_00051825,80.0,640,0.431266846361186,310.0808625336928,314.3935309973046,19.83827493261456,11.644204851752022,231.00093722074087,1.0,8fe6c319c145bfe6c41b4bd884be5417741d8218678ea8dfc0735cca6b82988f,data/synthetic/seadronessee_30m_to_80m/geometry_only/train/train_00051825.png,data/synthetic/seadronessee_30m_to_80m/calibrated/train/train_00051825.png
train:109696,train:16276,train,109696,16276,16276.jpg,3840,2160,1,swimmer,1624.0,1211.0,26.0,25.0,650.0,29.998537031392868,20.2,m210,DJI_0010_d3.mov,435,data/raw/seadronessee/odv2/images/train/16276.jpg,train,1707,784,370,2491,2077,train_00109696,80.0,640,0.3749267721148213,314.9384885764499,315.3134153485647,9.748096074985355,9.373169302870531,91.37055489148544,1.0,8fe6c319c145bfe6c41b4bd884be5417741d8218678ea8dfc0735cca6b82988f,data/synthetic/seadronessee_30m_to_80m/geometry_only/train/train_00109696.png,data/synthetic/seadronessee_30m_to_80m/calibrated/train/train_00109696.png
train:51459,train:7992,train,51459,7992,7992.jpg,3840,2160,1,swimmer,1837.0,878.0,32.0,38.0,1216.0,34.29832733922585,42.2,mavic,NorthSea_Fri_DJI_0117.MP4,150,data/raw/seadronessee/odv2/images/train/7992.jpg,train,1493,1106,150,2599,1643,train_00051459,80.0,640,0.4286671131949096,313.3556597454789,312.0696584058942,13.717347622237106,16.289350301406564,223.44668062478664,1.0,8fe6c319c145bfe6c41b4bd884be5417741d8218678ea8dfc0735cca6b82988f,data/synthetic/seadronessee_30m_to_80m/geometry_only/train/train_00051459.png,data/synthetic/seadronessee_30m_to_80m/calibrated/train/train_00051459.png
train:51481,train:7994,train,51481,7994,7994.jpg,3840,2160,1,swimmer,1623.0,894.0,37.0,36.0,1332.0,34.29832733922585,42.2,mavic,NorthSea_Fri_DJI_0117.MP4,180,data/raw/seadronessee/odv2/images/train/7994.jpg,train,1493,895,166,2388,1659,train_00051481,80.0,640,0.4286671131949096,312.0696584058942,312.0696584058942,15.860683188211654,15.432016075016744,244.76231792123008,1.0,8fe6c319c145bfe6c41b4bd884be5417741d8218678ea8dfc0735cca6b82988f,data/synthetic/seadronessee_30m_to_80m/geometry_only/train/train_00051481.png,data/synthetic/seadronessee_30m_to_80m/calibrated/train/train_00051481.png
train:52327,train:8066,train,52327,8066,8066.jpg,3840,2160,1,swimmer,2213.0,784.0,81.0,32.0,2592.0,34.19833221578787,42.2,mavic,NorthSea_Fri_DJI_0117.MP4,1260,data/raw/seadronessee/odv2/images/train/8066.jpg,train,1497,1505,52,3002,1549,train_00052327,80.0,640,0.4275217100868403,302.685370741483,312.9458917835672,34.62925851703407,13.680694722778892,473.752314247734,1.0,8fe6c319c145bfe6c41b4bd884be5417741d8218678ea8dfc0735cca6b82988f,data/synthetic/seadronessee_30m_to_80m/geometry_only/train/train_00052327.png,data/synthetic/seadronessee_30m_to_80m/calibrated/train/train_00052327.png
train:109742,train:16280,train,109742,16280,16280.jpg,3840,2160,1,swimmer,950.0,1158.0,27.0,26.0,702.0,29.89854190795489,20.9,m210,DJI_0010_d3.mov,495,data/raw/seadronessee/odv2/images/train/16280.jpg,train,1712,108,315,1820,2027,train_00109742,80.0,640,0.3738317757009345,314.76635514018693,315.14018691588785,10.093457943925234,9.719626168224298,98.10463795964712,1.0,8fe6c319c145bfe6c41b4bd884be5417741d8218678ea8dfc0735cca6b82988f,data/synthetic/seadronessee_30m_to_80m/geometry_only/train/train_00109742.png,data/synthetic/seadronessee_30m_to_80m/calibrated/train/train_00109742.png
train:51920,train:8032,train,51920,8032,8032.jpg,3840,2160,1,swimmer,1493.0,774.0,72.0,33.0,2376.0,34.4983175861018,42.2,mavic,NorthSea_Fri_DJI_0117.MP4,750,data/raw/seadronessee/odv2/images/train/8032.jpg,train,1484,787,48,2271,1532,train_00051920,80.0,640,0.431266846361186,304.4743935309973,313.099730458221,31.051212938005392,14.23180592991914,441.914836422287,1.0,8fe6c319c145bfe6c41b4bd884be5417741d8218678ea8dfc0735cca6b82988f,data/synthetic/seadronessee_30m_to_80m/geometry_only/train/train_00051920.png,data/synthetic/seadronessee_30m_to_80m/calibrated/train/train_00051920.png
train:51975,train:8036,train,51975,8036,8036.jpg,3840,2160,1,swimmer,2465.0,1277.0,31.0,30.0,930.0,34.4983175861018,42.2,mavic,NorthSea_Fri_DJI_0117.MP4,810,data/raw/seadronessee/odv2/images/train/8036.jpg,train,1484,1738,550,3222,2034,train_00051975,80.0,640,0.431266846361186,313.53099730458223,313.53099730458223,13.369272237196766,12.93800539083558,172.9717162764002,1.0,8fe6c319c145bfe6c41b4bd884be5417741d8218678ea8dfc0735cca6b82988f,data/synthetic/seadronessee_30m_to_80m/geometry_only/train/train_00051975.png,data/synthetic/seadronessee_30m_to_80m/calibrated/train/train_00051975.png
train:36965,train:6589,train,36965,6589,6589.jpg,3840,2160,1,swimmer,1993.0,825.0,45.0,19.0,855.0,31.89844437671441,29.4,mavic,NorthSea_Fri_DJI_0114.MP4,4635,data/raw/seadronessee/odv2/images/train/6589.jpg,train,1605,1213,32,2818,1637,train_00036965,80.0,640,0.3987538940809969,311.02803738317755,316.2118380062305,17.94392523364486,7.576323987538941,135.94899117826884,1.0,8fe6c319c145bfe6c41b4bd884be5417741d8218678ea8dfc0735cca6b82988f,data/synthetic/seadronessee_30m_to_80m/geometry_only/train/train_00036965.png,data/synthetic/seadronessee_30m_to_80m/calibrated/train/train_00036965.png
train:51586,train:8004,train,51586,8004,8004.jpg,3840,2160,1,swimmer,1197.0,809.0,50.0,36.0,1800.0,34.39832246266382,42.2,mavic,NorthSea_Fri_DJI_0117.MP4,330,data/raw/seadronessee/odv2/images/train/8004.jpg,train,1488,478,83,1966,1571,train_00051586,80.0,640,0.4301075268817204,309.247311827957,312.258064516129,21.50537634408602,15.483870967741936,332.98647242455775,1.0,8fe6c319c145bfe6c41b4bd884be5417741d8218678ea8dfc0735cca6b82988f,data/synthetic/seadronessee_30m_to_80m/geometry_only/train/train_00051586.png,data/synthetic/seadronessee_30m_to_80m/calibrated/train/train_00051586.png
train:52471,train:8078,train,52471,8078,8078.jpg,3840,2160,1,swimmer,2186.0,770.0,72.0,29.0,2088.0,34.19833221578787,42.2,mavic,NorthSea_Fri_DJI_0117.MP4,1440,data/raw/seadronessee/odv2/images/train/8078.jpg,train,1497,1474,36,2971,1533,train_00052471,80.0,640,0.4275217100868403,304.3954575818303,313.80093520374083,30.781563126252507,12.398129592518371,381.63380869956353,1.0,8fe6c319c145bfe6c41b4bd884be5417741d8218678ea8dfc0735cca6b82988f,data/synthetic/seadronessee_30m_to_80m/geometry_only/train/train_00052471.png,data/synthetic/seadronessee_30m_to_80m/calibrated/train/train_00052471.png
val:52831,val:8116,val,52831,8116,8116.jpg,3840,2160,1,swimmer,2678.0,1019.0,31.0,31.0,961.0,34.29832733922585,40.4,mavic,NorthSea_Fri_DJI_0117.MP4,2025,data/raw/seadronessee/odv2/images/val/8116.jpg,train,1493,1947,288,3440,1781,val_00052831,80.0,640,0.4286671131949096,313.3556597454789,313.3556597454789,13.288680509042196,13.288680509042196,176.58902967139795,1.0,8fe6c319c145bfe6c41b4bd884be5417741d8218678ea8dfc0735cca6b82988f,data/synthetic/seadronessee_30m_to_80m/geometry_only/train/val_00052831.png,data/synthetic/seadronessee_30m_to_80m/calibrated/train/val_00052831.png
train:52288,train:8062,train,52288,8062,8062.jpg,3840,2160,1,swimmer,2798.0,855.0,38.0,28.0,1064.0,34.19833221578787,42.2,mavic,NorthSea_Fri_DJI_0117.MP4,1200,data/raw/seadronessee/odv2/images/train/8062.jpg,train,1497,2068,120,3565,1617,train_00052288,80.0,640,0.4275217100868403,312.0908483633935,314.22845691382764,16.245824983299933,11.97060788243153,194.47240060169327,1.0,8fe6c319c145bfe6c41b4bd884be5417741d8218678ea8dfc0735cca6b82988f,data/synthetic/seadronessee_30m_to_80m/geometry_only/train/train_00052288.png,data/synthetic/seadronessee_30m_to_80m/calibrated/train/train_00052288.png
train:72063,train:10392,train,72063,10392,10392.jpg,3840,2160,1,swimmer,2243.0,1131.0,33.0,29.0,957.0,26.69869795793965,49.8,mavic,NorthSea_Sat_DJI_0126.MP4,5655,data/raw/seadronessee/odv2/images/train/10392.jpg,train,1918,1300,186,3218,2104,train_00072063,80.0,640,0.3336809176225234,314.66110531803963,315.32846715328463,11.011470281543271,9.67674661105318,106.55520772963666,1.0,8fe6c319c145bfe6c41b4bd884be5417741d8218678ea8dfc0735cca6b82988f,data/synthetic/seadronessee_30m_to_80m/geometry_only/train/train_00072063.png,data/synthetic/seadronessee_30m_to_80m/calibrated/train/train_00072063.png
train:52407,train:8072,train,52407,8072,8072.jpg,3840,2160,1,swimmer,2386.0,766.0,58.0,26.0,1508.0,34.19833221578787,42.2,mavic,NorthSea_Fri_DJI_0117.MP4,1350,data/raw/seadronessee/odv2/images/train/8072.jpg,train,1497,1666,30,3163,1527,train_00052407,80.0,640,0.4275217100868403,307.8156312625251,314.6559786239145,24.796259185036742,11.115564462257849,275.6244173941292,1.0,8fe6c319c145bfe6c41b4bd884be5417741d8218678ea8dfc0735cca6b82988f,data/synthetic/seadronessee_30m_to_80m/geometry_only/train/train_00052407.png,data/synthetic/seadronessee_30m_to_80m/calibrated/train/train_00052407.png
val:72517,val:10426,val,72517,10426,10426.jpg,3840,2160,1,swimmer,2396.0,1029.0,103.0,55.0,5665.0,30.79849801889668,54.6,mavic,NorthSea_Sat_DJI_0126.MP4,6165,data/raw/seadronessee/odv2/images/val/10426.jpg,train,1662,1616,226,3278,1888,val_00072517,80.0,640,0.3850782190132371,300.3610108303249,309.2178098676294,39.66305655836342,21.17930204572804,840.0358549063734,1.0,8fe6c319c145bfe6c41b4bd884be5417741d8218678ea8dfc0735cca6b82988f,data/synthetic/seadronessee_30m_to_80m/geometry_only/train/val_00072517.png,data/synthetic/seadronessee_30m_to_80m/calibrated/train/val_00072517.png
train:52263,train:8060,train,52263,8060,8060.jpg,3840,2160,1,swimmer,2249.0,750.0,60.0,28.0,1680.0,34.19833221578787,42.2,mavic,NorthSea_Fri_DJI_0117.MP4,1170,data/raw/seadronessee/odv2/images/train/8060.jpg,train,1497,1530,16,3027,1513,train_00052263,80.0,640,0.4275217100868403,307.3881095524382,313.80093520374083,25.65130260521042,11.97060788243153,307.0616851605683,1.0,8fe6c319c145bfe6c41b4bd884be5417741d8218678ea8dfc0735cca6b82988f,data/synthetic/seadronessee_30m_to_80m/geometry_only/train/train_00052263.png,data/synthetic/seadronessee_30m_to_80m/calibrated/train/train_00052263.png
train:52633,train:8094,train,52633,8094,8094.jpg,3840,2160,1,swimmer,2724.0,898.0,27.0,32.0,864.0,34.19833221578787,42.2,mavic,NorthSea_Fri_DJI_0117.MP4,1695,data/raw/seadronessee/odv2/images/train/8094.jpg,train,1497,1989,166,3486,1663,train_00052633,80.0,640,0.4275217100868403,314.22845691382764,312.9458917835672,11.54308617234469,13.680694722778892,157.917438082578,1.0,8fe6c319c145bfe6c41b4bd884be5417741d8218678ea8dfc0735cca6b82988f,data/synthetic/seadronessee_30m_to_80m/geometry_only/train/train_00052633.png,data/synthetic/seadronessee_30m_to_80m/calibrated/train/train_00052633.png
train:109614,train:16270,train,109614,16270,16270.jpg,3840,2160,1,swimmer,2698.0,1060.0,27.0,28.0,756.0,30.19852727826882,-7.5,m210,DJI_0010_d3.mov,345,data/raw/seadronessee/odv2/images/train/16270.jpg,train,1695,1864,226,3559,1921,train_00109614,80.0,640,0.3775811209439528,314.9026548672566,314.9026548672566,10.194690265486726,10.572271386430678,107.78103218732868,1.0,8fe6c319c145bfe6c41b4bd884be5417741d8218678ea8dfc0735cca6b82988f,data/synthetic/seadronessee_30m_to_80m/geometry_only/train/train_00109614.png,data/synthetic/seadronessee_30m_to_80m/calibrated/train/train_00109614.png
train:36750,train:6571,train,36750,6571,6571.jpg,3840,2160,1,swimmer,1959.0,1073.0,23.0,21.0,483.0,31.99843950015239,22.0,mavic,NorthSea_Fri_DJI_0114.MP4,4365,data/raw/seadronessee/odv2/images/train/6571.jpg,train,1600,1170,284,2770,1884,train_00036750,80.0,640,0.4,315.6,315.6,9.2,8.4,77.28000000000002,1.0,8fe6c319c145bfe6c41b4bd884be5417741d8218678ea8dfc0735cca6b82988f,data/synthetic/seadronessee_30m_to_80m/geometry_only/train/train_00036750.png,data/synthetic/seadronessee_30m_to_80m/calibrated/train/train_00036750.png
train:37187,train:6611,train,37187,6611,6611.jpg,3840,2160,1,swimmer,1676.0,1037.0,33.0,25.0,825.0,31.698454129838463,36.7,mavic,NorthSea_Fri_DJI_0114.MP4,4965,data/raw/seadronessee/odv2/images/train/6611.jpg,train,1615,885,242,2500,1857,train_00037187,80.0,640,0.3962848297213622,313.4613003095976,315.046439628483,13.077399380804954,9.907120743034056,129.55937467051348,1.0,8fe6c319c145bfe6c41b4bd884be5417741d8218678ea8dfc0735cca6b82988f,data/synthetic/seadronessee_30m_to_80m/geometry_only/train/train_00037187.png,data/synthetic/seadronessee_30m_to_80m/calibrated/train/train_00037187.png
train:36665,train:6565,train,36665,6565,6565.jpg,3840,2160,1,swimmer,2148.0,968.0,38.0,22.0,836.0,31.59845900640049,22.0,mavic,NorthSea_Fri_DJI_0114.MP4,4275,data/raw/seadronessee/odv2/images/train/6565.jpg,train,1620,1357,169,2977,1789,train_00036665,80.0,640,0.3950617283950617,312.4938271604938,315.6543209876544,15.012345679012345,8.691358024691358,130.47767108672457,1.0,8fe6c319c145bfe6c41b4bd884be5417741d8218678ea8dfc0735cca6b82988f,data/synthetic/seadronessee_30m_to_80m/geometry_only/train/train_00036665.png,data/synthetic/seadronessee_30m_to_80m/calibrated/train/train_00036665.png
val:37629,val:6655,val,37629,6655,6655.jpg,3840,2160,1,swimmer,2342.0,941.0,63.0,26.0,1638.0,31.89844437671441,26.7,mavic,NorthSea_Fri_DJI_0114.MP4,5625,data/raw/seadronessee/odv2/images/val/6655.jpg,train,1605,1571,152,3176,1757,val_00037629,80.0,640,0.3987538940809969,307.4392523364486,314.6168224299065,25.121495327102803,10.367601246105918,260.449646257315,1.0,8fe6c319c145bfe6c41b4bd884be5417741d8218678ea8dfc0735cca6b82988f,data/synthetic/seadronessee_30m_to_80m/geometry_only/train/val_00037629.png,data/synthetic/seadronessee_30m_to_80m/calibrated/train/val_00037629.png
val:37845,val:6671,val,37845,6671,6671.jpg,3840,2160,1,swimmer,1694.0,1098.0,34.0,26.0,884.0,31.89844437671441,26.7,mavic,NorthSea_Fri_DJI_0114.MP4,5865,data/raw/seadronessee/odv2/images/val/6671.jpg,train,1605,908,308,2513,1913,val_00037845,80.0,640,0.3987538940809969,313.4205607476636,315.01557632398755,13.557632398753894,10.367601246105918,140.56012655156684,1.0,8fe6c319c145bfe6c41b4bd884be5417741d8218678ea8dfc0735cca6b82988f,data/synthetic/seadronessee_30m_to_80m/geometry_only/train/val_00037845.png,data/synthetic/seadronessee_30m_to_80m/calibrated/train/val_00037845.png
val:37756,val:6665,val,37756,6665,6665.jpg,3840,2160,1,swimmer,2088.0,1093.0,51.0,27.0,1377.0,31.698454129838463,26.7,mavic,NorthSea_Fri_DJI_0114.MP4,5775,data/raw/seadronessee/odv2/images/val/6665.jpg,train,1615,1306,299,2921,1914,val_00037756,80.0,640,0.3962848297213622,309.89473684210526,314.6501547987616,20.21052631578948,10.69969040247678,216.2463744500571,1.0,8fe6c319c145bfe6c41b4bd884be5417741d8218678ea8dfc0735cca6b82988f,data/synthetic/seadronessee_30m_to_80m/geometry_only/train/val_00037756.png,data/synthetic/seadronessee_30m_to_80m/calibrated/train/val_00037756.png
val:37823,val:6669,val,37823,6669,6669.jpg,3840,2160,1,swimmer,2192.0,1050.0,33.0,24.0,792.0,31.79844925327644,26.7,mavic,NorthSea_Fri_DJI_0114.MP4,5835,data/raw/seadronessee/odv2/images/val/6669.jpg,train,1610,1404,257,3014,1867,val_00037823,80.0,640,0.3975155279503105,313.2422360248447,315.22981366459624,13.118012422360248,9.540372670807454,125.1507272095984,1.0,8fe6c319c145bfe6c41b4bd884be5417741d8218678ea8dfc0735cca6b82988f,data/synthetic/seadronessee_30m_to_80m/geometry_only/train/val_00037823.png,data/synthetic/seadronessee_30m_to_80m/calibrated/train/val_00037823.png
train:36848,train:6579,train,36848,6579,6579.jpg,3840,2160,1,swimmer,2001.0,1106.0,40.0,29.0,1160.0,31.79844925327644,22.0,mavic,NorthSea_Fri_DJI_0114.MP4,4485,data/raw/seadronessee/odv2/images/train/6579.jpg,train,1610,1216,316,2826,1926,train_00036848,80.0,640,0.3975155279503105,312.04968944099375,314.0372670807453,15.90062111801242,11.527950310559005,183.30157015547235,1.0,8fe6c319c145bfe6c41b4bd884be5417741d8218678ea8dfc0735cca6b82988f,data/synthetic/seadronessee_30m_to_80m/geometry_only/train/train_00036848.png,data/synthetic/seadronessee_30m_to_80m/calibrated/train/train_00036848.png
train:36537,train:6555,train,36537,6555,6555.jpg,3840,2160,1,swimmer,2333.0,846.0,28.0,22.0,616.0,31.79844925327644,26.9,mavic,NorthSea_Fri_DJI_0114.MP4,4125,data/raw/seadronessee/odv2/images/train/6555.jpg,train,1610,1542,52,3152,1662,train_00036537,80.0,640,0.3975155279503105,314.4347826086956,315.62732919254654,11.130434782608695,8.745341614906831,97.33945449635428,1.0,8fe6c319c145bfe6c41b4bd884be5417741d8218678ea8dfc0735cca6b82988f,data/synthetic/seadronessee_30m_to_80m/geometry_only/train/train_00036537.png,data/synthetic/seadronessee_30m_to_80m/calibrated/train/train_00036537.png
val:37494,val:6643,val,37494,6643,6643.jpg,3840,2160,1,swimmer,1584.0,1217.0,58.0,28.0,1624.0,31.698454129838463,26.7,mavic,NorthSea_Fri_DJI_0114.MP4,5445,data/raw/seadronessee/odv2/images/val/6643.jpg,train,1615,806,424,2421,2039,val_00037494,80.0,640,0.3962848297213622,308.30959752321985,314.25386996904024,22.98452012383901,11.095975232198144,255.03566601807745,1.0,8fe6c319c145bfe6c41b4bd884be5417741d8218678ea8dfc0735cca6b82988f,data/synthetic/seadronessee_30m_to_80m/geometry_only/train/val_00037494.png,data/synthetic/seadronessee_30m_to_80m/calibrated/train/val_00037494.png
train:36561,train:6557,train,36561,6557,6557.jpg,3840,2160,1,swimmer,2533.0,875.0,14.0,18.0,252.0,31.89844437671441,22.0,mavic,NorthSea_Fri_DJI_0114.MP4,4155,data/raw/seadronessee/odv2/images/train/6557.jpg,train,1605,1738,82,3343,1687,train_00036561,80.0,640,0.3987538940809969,317.0093457943925,316.2118380062305,5.582554517133956,7.177570093457944,40.06917634727924,1.0,8fe6c319c145bfe6c41b4bd884be5417741d8218678ea8dfc0735cca6b82988f,data/synthetic/seadronessee_30m_to_80m/geometry_only/train/train_00036561.png,data/synthetic/seadronessee_30m_to_80m/calibrated/train/train_00036561.png
train:36486,train:6551,train,36486,6551,6551.jpg,3840,2160,1,swimmer,2429.0,897.0,25.0,20.0,500.0,33.69835659859799,24.0,mavic,NorthSea_Fri_DJI_0114.MP4,4065,data/raw/seadronessee/odv2/images/train/6551.jpg,train,1519,1682,148,3201,1667,train_00036486,80.0,640,0.4213298222514812,314.7333772218565,315.57603686635946,10.533245556287032,8.426596445029626,88.7594095592324,1.0,8fe6c319c145bfe6c41b4bd884be5417741d8218678ea8dfc0735cca6b82988f,data/synthetic/seadronessee_30m_to_80m/geometry_only/train/train_00036486.png,data/synthetic/seadronessee_30m_to_80m/calibrated/train/train_00036486.png
val:37585,val:6651,val,37585,6651,6651.jpg,3840,2160,1,swimmer,1772.0,1275.0,29.0,27.0,783.0,31.89844437671441,26.7,mavic,NorthSea_Fri_DJI_0114.MP4,5565,data/raw/seadronessee/odv2/images/val/6651.jpg,train,1605,984,486,2589,2091,val_00037585,80.0,640,0.3987538940809969,314.2180685358255,314.6168224299065,11.56386292834891,10.766355140186915,124.5006550790462,1.0,8fe6c319c145bfe6c41b4bd884be5417741d8218678ea8dfc0735cca6b82988f,data/synthetic/seadronessee_30m_to_80m/geometry_only/train/val_00037585.png,data/synthetic/seadronessee_30m_to_80m/calibrated/train/val_00037585.png
train:37221,train:6615,train,37221,6615,6615.jpg,3840,2160,1,swimmer,1600.0,930.0,37.0,36.0,1332.0,31.498463882962508,36.7,mavic,NorthSea_Fri_DJI_0114.MP4,5025,data/raw/seadronessee/odv2/images/train/6615.jpg,train,1625,806,136,2431,1761,train_00037221,80.0,640,0.3938461538461538,312.71384615384613,312.71384615384613,14.572307692307692,14.17846153846154,206.61290414201184,1.0,8fe6c319c145bfe6c41b4bd884be5417741d8218678ea8dfc0735cca6b82988f,data/synthetic/seadronessee_30m_to_80m/geometry_only/train/train_00037221.png,data/synthetic/seadronessee_30m_to_80m/calibrated/train/train_00037221.png
train:36770,train:6573,train,36770,6573,6573.jpg,3840,2160,1,swimmer,2012.0,1110.0,36.0,29.0,1044.0,31.89844437671441,22.0,mavic,NorthSea_Fri_DJI_0114.MP4,4395,data/raw/seadronessee/odv2/images/train/6573.jpg,train,1605,1228,322,2833,1927,train_00036770,80.0,640,0.3987538940809969,312.62305295950154,314.2180685358255,14.355140186915888,11.56386292834891,166.00087343872826,1.0,8fe6c319c145bfe6c41b4bd884be5417741d8218678ea8dfc0735cca6b82988f,data/synthetic/seadronessee_30m_to_80m/geometry_only/train/train_00036770.png,data/synthetic/seadronessee_30m_to_80m/calibrated/train/train_00036770.png
val:72830,val:10454,val,72830,10454,10454.jpg,3840,2160,1,swimmer,2595.0,960.0,61.0,42.0,2562.0,33.99834196891192,54.6,mavic,NorthSea_Sat_DJI_0126.MP4,6585,data/raw/seadronessee/odv2/images/val/10454.jpg,train,1506,1872,228,3378,1734,val_00072830,80.0,640,0.4249667994687915,307.25099601593627,311.0756972111554,25.922974767596283,17.848605577689245,462.6889520272166,1.0,8fe6c319c145bfe6c41b4bd884be5417741d8218678ea8dfc0735cca6b82988f,data/synthetic/seadronessee_30m_to_80m/geometry_only/train/val_00072830.png,data/synthetic/seadronessee_30m_to_80m/calibrated/train/val_00072830.png
val:38082,val:6689,val,38082,6689,6689.jpg,3840,2160,1,swimmer,1683.0,945.0,21.0,21.0,441.0,31.59845900640049,26.7,mavic,NorthSea_Fri_DJI_0114.MP4,6135,data/raw/seadronessee/odv2/images/val/6689.jpg,train,1620,884,146,2504,1766,val_00038082,80.0,640,0.3950617283950617,315.6543209876544,315.6543209876544,8.296296296296296,8.296296296296296,68.82853223593963,1.0,8fe6c319c145bfe6c41b4bd884be5417741d8218678ea8dfc0735cca6b82988f,data/synthetic/seadronessee_30m_to_80m/geometry_only/train/val_00038082.png,data/synthetic/seadronessee_30m_to_80m/calibrated/train/val_00038082.png
train:36642,train:6563,train,36642,6563,6563.jpg,3840,2160,1,swimmer,2251.0,1065.0,33.0,22.0,726.0,31.59845900640049,22.0,mavic,NorthSea_Fri_DJI_0114.MP4,4245,data/raw/seadronessee/odv2/images/train/6563.jpg,train,1620,1458,266,3078,1886,train_00036642,80.0,640,0.3950617283950617,313.28395061728395,315.6543209876544,13.037037037037036,8.691358024691358,113.30955647005028,1.0,8fe6c319c145bfe6c41b4bd884be5417741d8218678ea8dfc0735cca6b82988f,data/synthetic/seadronessee_30m_to_80m/geometry_only/train/train_00036642.png,data/synthetic/seadronessee_30m_to_80m/calibrated/train/train_00036642.png
val:37477,val:6641,val,37477,6641,6641.jpg,3840,2160,1,swimmer,1964.0,999.0,28.0,28.0,784.0,31.698454129838463,26.7,mavic,NorthSea_Fri_DJI_0114.MP4,5415,data/raw/seadronessee/odv2/images/val/6641.jpg,train,1615,1170,206,2785,1821,val_00037477,80.0,640,0.3962848297213622,314.6501547987616,314.25386996904024,11.095975232198144,11.095975232198144,123.12066635355464,1.0,8fe6c319c145bfe6c41b4bd884be5417741d8218678ea8dfc0735cca6b82988f,data/synthetic/seadronessee_30m_to_80m/geometry_only/train/val_00037477.png,data/synthetic/seadronessee_30m_to_80m/calibrated/train/val_00037477.png
val:37715,val:6661,val,37715,6661,6661.jpg,3840,2160,1,swimmer,2037.0,1046.0,27.0,21.0,567.0,31.59845900640049,26.7,mavic,NorthSea_Fri_DJI_0114.MP4,5715,data/raw/seadronessee/odv2/images/val/6661.jpg,train,1620,1240,246,2860,1866,val_00037715,80.0,640,0.3950617283950617,314.8641975308642,316.04938271604937,10.666666666666666,8.296296296296296,88.49382716049382,1.0,8fe6c319c145bfe6c41b4bd884be5417741d8218678ea8dfc0735cca6b82988f,data/synthetic/seadronessee_30m_to_80m/geometry_only/train/val_00037715.png,data/synthetic/seadronessee_30m_to_80m/calibrated/train/val_00037715.png
val:37787,val:6667,val,37787,6667,6667.jpg,3840,2160,1,swimmer,1846.0,1133.0,38.0,19.0,722.0,31.79844925327644,26.7,mavic,NorthSea_Fri_DJI_0114.MP4,5805,data/raw/seadronessee/odv2/images/val/6667.jpg,train,1610,1060,338,2670,1948,val_00037787,80.0,640,0.3975155279503105,312.4472049689441,316.0248447204969,15.1055900621118,7.5527950310559,114.08942556228538,1.0,8fe6c319c145bfe6c41b4bd884be5417741d8218678ea8dfc0735cca6b82988f,data/synthetic/seadronessee_30m_to_80m/geometry_only/train/val_00037787.png,data/synthetic/seadronessee_30m_to_80m/calibrated/train/val_00037787.png
val:37737,val:6663,val,37737,6663,6663.jpg,3840,2160,1,swimmer,1596.0,1279.0,52.0,22.0,1144.0,31.698454129838463,26.7,mavic,NorthSea_Fri_DJI_0114.MP4,5745,data/raw/seadronessee/odv2/images/val/6663.jpg,train,1615,814,482,2429,2097,val_00037737,80.0,640,0.3962848297213622,309.89473684210526,315.8390092879257,20.60681114551084,8.71826625386997,179.6556662097787,1.0,8fe6c319c145bfe6c41b4bd884be5417741d8218678ea8dfc0735cca6b82988f,data/synthetic/seadronessee_30m_to_80m/geometry_only/train/val_00037737.png,data/synthetic/seadronessee_30m_to_80m/calibrated/train/val_00037737.png
train:37008,train:6593,train,37008,6593,6593.jpg,3840,2160,1,swimmer,1947.0,946.0,47.0,21.0,987.0,31.79844925327644,29.4,mavic,NorthSea_Fri_DJI_0114.MP4,4695,data/raw/seadronessee/odv2/images/train/6593.jpg,train,1610,1166,152,2776,1762,train_00037008,80.0,640,0.3975155279503105,310.45962732919253,315.62732919254654,18.6832298136646,8.347826086956522,155.96435322711315,1.0,8fe6c319c145bfe6c41b4bd884be5417741d8218678ea8dfc0735cca6b82988f,data/synthetic/seadronessee_30m_to_80m/geometry_only/train/train_00037008.png,data/synthetic/seadronessee_30m_to_80m/calibrated/train/train_00037008.png
train:51359,train:7982,train,51359,7982,7982.jpg,3840,2160,1,swimmer,2306.0,1137.0,31.0,32.0,992.0,34.29832733922585,42.2,mavic,NorthSea_Fri_DJI_0117.MP4,0,data/raw/seadronessee/odv2/images/train/7982.jpg,train,1493,1575,406,3068,1899,train_00051359,80.0,640,0.4286671131949096,313.3556597454789,313.3556597454789,13.288680509042196,13.717347622237106,182.28544998337856,1.0,8fe6c319c145bfe6c41b4bd884be5417741d8218678ea8dfc0735cca6b82988f,data/synthetic/seadronessee_30m_to_80m/geometry_only/train/train_00051359.png,data/synthetic/seadronessee_30m_to_80m/calibrated/train/train_00051359.png
train:37311,train:6625,train,37311,6625,6625.jpg,3840,2160,1,swimmer,1588.0,944.0,28.0,39.0,1092.0,31.398468759524533,36.7,mavic,NorthSea_Fri_DJI_0114.MP4,5175,data/raw/seadronessee/odv2/images/train/6625.jpg,train,1631,786,148,2417,1779,train_00037311,80.0,640,0.3923973022685469,314.70263641937464,312.3482526057633,10.987124463519311,15.30349478847333,168.14140196777564,1.0,8fe6c319c145bfe6c41b4bd884be5417741d8218678ea8dfc0735cca6b82988f,data/synthetic/seadronessee_30m_to_80m/geometry_only/train/train_00037311.png,data/synthetic/seadronessee_30m_to_80m/calibrated/train/train_00037311.png
val:37518,val:6645,val,37518,6645,6645.jpg,3840,2160,1,swimmer,1657.0,1274.0,23.0,30.0,690.0,31.79844925327644,26.7,mavic,NorthSea_Fri_DJI_0114.MP4,5475,data/raw/seadronessee/odv2/images/val/6645.jpg,train,1610,864,484,2474,2094,val_00037518,80.0,640,0.3975155279503105,315.22981366459624,314.0372670807453,9.142857142857142,11.925465838509316,109.03283052351374,1.0,8fe6c319c145bfe6c41b4bd884be5417741d8218678ea8dfc0735cca6b82988f,data/synthetic/seadronessee_30m_to_80m/geometry_only/train/val_00037518.png,data/synthetic/seadronessee_30m_to_80m/calibrated/train/val_00037518.png
train:36798,train:6575,train,36798,6575,6575.jpg,3840,2160,1,swimmer,2048.0,1149.0,18.0,19.0,342.0,31.89844437671441,22.0,mavic,NorthSea_Fri_DJI_0114.MP4,4425,data/raw/seadronessee/odv2/images/train/6575.jpg,train,1605,1254,356,2859,1961,train_00036798,80.0,640,0.3987538940809969,316.61059190031153,316.2118380062305,7.177570093457944,7.576323987538941,54.379596471307536,1.0,8fe6c319c145bfe6c41b4bd884be5417741d8218678ea8dfc0735cca6b82988f,data/synthetic/seadronessee_30m_to_80m/geometry_only/train/train_00036798.png,data/synthetic/seadronessee_30m_to_80m/calibrated/train/train_00036798.png
train:72121,train:10396,train,72121,10396,10396.jpg,3840,2160,1,swimmer,2041.0,1031.0,31.0,30.0,930.0,34.098337092349894,54.6,mavic,NorthSea_Sat_DJI_0126.MP4,5715,data/raw/seadronessee/odv2/images/train/10396.jpg,train,1502,1306,295,2808,1797,train_00072121,80.0,640,0.4260985352862849,313.1824234354194,313.60852197070574,13.209054593874834,12.782956058588548,168.8507644489992,1.0,8fe6c319c145bfe6c41b4bd884be5417741d8218678ea8dfc0735cca6b82988f,data/synthetic/seadronessee_30m_to_80m/geometry_only/train/train_00072121.png,data/synthetic/seadronessee_30m_to_80m/calibrated/train/train_00072121.png
val:38037,val:6685,val,38037,6685,6685.jpg,3840,2160,1,swimmer,1141.0,979.0,43.0,24.0,1032.0,31.59845900640049,26.7,mavic,NorthSea_Fri_DJI_0114.MP4,6075,data/raw/seadronessee/odv2/images/val/6685.jpg,train,1620,352,181,1972,1801,val_00038037,80.0,640,0.3950617283950617,311.7037037037037,315.25925925925924,16.98765432098765,9.48148148148148,161.0681298582533,1.0,8fe6c319c145bfe6c41b4bd884be5417741d8218678ea8dfc0735cca6b82988f,data/synthetic/seadronessee_30m_to_80m/geometry_only/train/val_00038037.png,data/synthetic/seadronessee_30m_to_80m/calibrated/train/val_00038037.png
train:37086,train:6601,train,37086,6601,6601.jpg,3840,2160,1,swimmer,1943.0,1172.0,27.0,21.0,567.0,31.698454129838463,29.4,mavic,NorthSea_Fri_DJI_0114.MP4,4815,data/raw/seadronessee/odv2/images/train/6601.jpg,train,1615,1149,375,2764,1990,train_00037086,80.0,640,0.3962848297213622,314.6501547987616,315.8390092879257,10.69969040247678,8.321981424148607,89.0426247735529,1.0,8fe6c319c145bfe6c41b4bd884be5417741d8218678ea8dfc0735cca6b82988f,data/synthetic/seadronessee_30m_to_80m/geometry_only/train/train_00037086.png,data/synthetic/seadronessee_30m_to_80m/calibrated/train/train_00037086.png
val:38162,val:6695,val,38162,6695,6695.jpg,3840,2160,1,swimmer,1883.0,833.0,29.0,22.0,638.0,31.59845900640049,26.7,mavic,NorthSea_Fri_DJI_0114.MP4,6225,data/raw/seadronessee/odv2/images/val/6695.jpg,train,1620,1088,34,2708,1654,val_00038162,80.0,640,0.3950617283950617,314.0740740740741,315.6543209876544,11.45679012345679,8.691358024691358,99.57506477671086,1.0,8fe6c319c145bfe6c41b4bd884be5417741d8218678ea8dfc0735cca6b82988f,data/synthetic/seadronessee_30m_to_80m/geometry_only/train/val_00038162.png,data/synthetic/seadronessee_30m_to_80m/calibrated/train/val_00038162.png
val:37879,val:6673,val,37879,6673,6673.jpg,3840,2160,1,swimmer,2198.0,1020.0,34.0,23.0,782.0,31.89844437671441,26.7,mavic,NorthSea_Fri_DJI_0114.MP4,5895,data/raw/seadronessee/odv2/images/val/6673.jpg,train,1605,1412,229,3017,1834,val_00037879,80.0,640,0.3987538940809969,313.4205607476636,315.4143302180685,13.557632398753894,9.171339563862928,124.34165041100144,1.0,8fe6c319c145bfe6c41b4bd884be5417741d8218678ea8dfc0735cca6b82988f,data/synthetic/seadronessee_30m_to_80m/geometry_only/train/val_00037879.png,data/synthetic/seadronessee_30m_to_80m/calibrated/train/val_00037879.png
train:52143,train:8050,train,52143,8050,8050.jpg,3840,2160,1,swimmer,2472.0,1314.0,36.0,30.0,1080.0,34.4983175861018,42.2,mavic,NorthSea_Fri_DJI_0117.MP4,1020,data/raw/seadronessee/odv2/images/train/8050.jpg,train,1484,1748,587,3232,2071,train_00052143,80.0,640,0.431266846361186,312.23719676549865,313.53099730458223,15.525606469002696,12.93800539083558,200.8703801919486,1.0,8fe6c319c145bfe6c41b4bd884be5417741d8218678ea8dfc0735cca6b82988f,data/synthetic/seadronessee_30m_to_80m/geometry_only/train/train_00052143.png,data/synthetic/seadronessee_30m_to_80m/calibrated/train/train_00052143.png
train:37329,train:6627,train,37329,6627,6627.jpg,3840,2160,1,swimmer,1586.0,937.0,27.0,41.0,1107.0,31.398468759524533,36.7,mavic,NorthSea_Fri_DJI_0114.MP4,5205,data/raw/seadronessee/odv2/images/train/6627.jpg,train,1631,784,142,2415,1773,train_00037329,80.0,640,0.3923973022685469,314.70263641937464,311.9558553034948,10.594727161250766,16.088289393010424,170.45103661019013,1.0,8fe6c319c145bfe6c41b4bd884be5417741d8218678ea8dfc0735cca6b82988f,data/synthetic/seadronessee_30m_to_80m/geometry_only/train/train_00037329.png,data/synthetic/seadronessee_30m_to_80m/calibrated/train/train_00037329.png
train:51570,train:8002,train,51570,8002,8002.jpg,3840,2160,1,swimmer,2433.0,1265.0,32.0,40.0,1280.0,34.39832246266382,42.2,mavic,NorthSea_Fri_DJI_0117.MP4,300,data/raw/seadronessee/odv2/images/train/8002.jpg,train,1488,1705,541,3193,2029,train_00051570,80.0,640,0.4301075268817204,313.1182795698925,311.3978494623656,13.763440860215054,17.204301075268816,236.7903803907966,1.0,8fe6c319c145bfe6c41b4bd884be5417741d8218678ea8dfc0735cca6b82988f,data/synthetic/seadronessee_30m_to_80m/geometry_only/train/train_00051570.png,data/synthetic/seadronessee_30m_to_80m/calibrated/train/train_00051570.png
val:37652,val:6657,val,37652,6657,6657.jpg,3840,2160,1,swimmer,2167.0,1089.0,62.0,25.0,1550.0,31.89844437671441,26.7,mavic,NorthSea_Fri_DJI_0114.MP4,5655,data/raw/seadronessee/odv2/images/val/6657.jpg,train,1605,1396,299,3001,1904,val_00037652,80.0,640,0.3987538940809969,307.4392523364486,315.01557632398755,24.72274143302181,9.96884735202492,246.45723546937623,1.0,8fe6c319c145bfe6c41b4bd884be5417741d8218678ea8dfc0735cca6b82988f,data/synthetic/seadronessee_30m_to_80m/geometry_only/train/val_00037652.png,data/synthetic/seadronessee_30m_to_80m/calibrated/train/val_00037652.png
train:52047,train:8042,train,52047,8042,8042.jpg,3840,2160,1,swimmer,2465.0,1282.0,37.0,28.0,1036.0,34.4983175861018,42.2,mavic,NorthSea_Fri_DJI_0117.MP4,900,data/raw/seadronessee/odv2/images/train/8042.jpg,train,1484,1742,554,3226,2038,train_00052047,80.0,640,0.431266846361186,311.8059299191375,313.96226415094344,15.956873315363882,12.075471698113208,192.68677211005445,1.0,8fe6c319c145bfe6c41b4bd884be5417741d8218678ea8dfc0735cca6b82988f,data/synthetic/seadronessee_30m_to_80m/geometry_only/train/train_00052047.png,data/synthetic/seadronessee_30m_to_80m/calibrated/train/train_00052047.png
val:37560,val:6649,val,37560,6649,6649.jpg,3840,2160,1,swimmer,1537.0,976.0,21.0,23.0,483.0,31.89844437671441,26.7,mavic,NorthSea_Fri_DJI_0114.MP4,5535,data/raw/seadronessee/odv2/images/val/6649.jpg,train,1605,745,185,2350,1790,val_00037560,80.0,640,0.3987538940809969,315.8130841121495,315.4143302180685,8.373831775700934,9.171339563862928,76.79925466561852,1.0,8fe6c319c145bfe6c41b4bd884be5417741d8218678ea8dfc0735cca6b82988f,data/synthetic/seadronessee_30m_to_80m/geometry_only/train/val_00037560.png,data/synthetic/seadronessee_30m_to_80m/calibrated/train/val_00037560.png
train:37142,train:6607,train,37142,6607,6607.jpg,3840,2160,1,swimmer,1673.0,1245.0,46.0,33.0,1518.0,31.89844437671441,29.4,mavic,NorthSea_Fri_DJI_0114.MP4,4905,data/raw/seadronessee/odv2/images/train/6607.jpg,train,1605,894,459,2499,2064,train_00037142,80.0,640,0.3987538940809969,310.62928348909657,313.4205607476636,18.34267912772585,13.158878504672897,241.369086091944,1.0,8fe6c319c145bfe6c41b4bd884be5417741d8218678ea8dfc0735cca6b82988f,data/synthetic/seadronessee_30m_to_80m/geometry_only/train/train_00037142.png,data/synthetic/seadronessee_30m_to_80m/calibrated/train/train_00037142.png
train:51380,train:7984,train,51380,7984,7984.jpg,3840,2160,1,swimmer,2274.0,1227.0,65.0,38.0,2470.0,34.29832733922585,42.2,mavic,NorthSea_Fri_DJI_0117.MP4,30,data/raw/seadronessee/odv2/images/train/7984.jpg,train,1493,1560,500,3053,1993,train_00051380,80.0,640,0.4286671131949096,306.06831882116546,311.64099129269925,27.86336235766912,16.289350301406564,453.8760700190978,1.0,8fe6c319c145bfe6c41b4bd884be5417741d8218678ea8dfc0735cca6b82988f,data/synthetic/seadronessee_30m_to_80m/geometry_only/train/train_00051380.png,data/synthetic/seadronessee_30m_to_80m/calibrated/train/train_00051380.png
val:37537,val:6647,val,37537,6647,6647.jpg,3840,2160,1,swimmer,1832.0,1017.0,27.0,19.0,513.0,31.89844437671441,26.7,mavic,NorthSea_Fri_DJI_0114.MP4,5505,data/raw/seadronessee/odv2/images/val/6647.jpg,train,1605,1043,224,2648,1829,val_00037537,80.0,640,0.3987538940809969,314.6168224299065,316.2118380062305,10.766355140186915,7.576323987538941,81.5693947069613,1.0,8fe6c319c145bfe6c41b4bd884be5417741d8218678ea8dfc0735cca6b82988f,data/synthetic/seadronessee_30m_to_80m/geometry_only/train/val_00037537.png,data/synthetic/seadronessee_30m_to_80m/calibrated/train/val_00037537.png
train:37207,train:6613,train,37207,6613,6613.jpg,3840,2160,1,swimmer,1702.0,1198.0,34.0,34.0,1156.0,31.698454129838463,36.7,mavic,NorthSea_Fri_DJI_0114.MP4,4995,data/raw/seadronessee/odv2/images/train/6613.jpg,train,1615,912,408,2527,2023,train_00037207,80.0,640,0.3962848297213622,313.0650154798762,313.0650154798762,13.473684210526317,13.473684210526317,181.54016620498615,1.0,8fe6c319c145bfe6c41b4bd884be5417741d8218678ea8dfc0735cca6b82988f,data/synthetic/seadronessee_30m_to_80m/geometry_only/train/train_00037207.png,data/synthetic/seadronessee_30m_to_80m/calibrated/train/train_00037207.png
train:51502,train:7996,train,51502,7996,7996.jpg,3840,2160,1,swimmer,1420.0,867.0,59.0,29.0,1711.0,34.29832733922585,42.2,mavic,NorthSea_Fri_DJI_0117.MP4,210,data/raw/seadronessee/odv2/images/train/7996.jpg,train,1493,703,135,2196,1628,train_00051502,80.0,640,0.4286671131949096,307.3543201607501,313.7843268586738,25.291359678499663,12.431346282652378,314.40565012254103,1.0,8fe6c319c145bfe6c41b4bd884be5417741d8218678ea8dfc0735cca6b82988f,data/synthetic/seadronessee_30m_to_80m/geometry_only/train/train_00051502.png,data/synthetic/seadronessee_30m_to_80m/calibrated/train/train_00051502.png
train:51736,train:8016,train,51736,8016,8016.jpg,3840,2160,1,swimmer,2311.0,1377.0,36.0,31.0,1116.0,34.4983175861018,42.2,mavic,NorthSea_Fri_DJI_0117.MP4,510,data/raw/seadronessee/odv2/images/train/8016.jpg,train,1484,1587,650,3071,2134,train_00051736,80.0,640,0.431266846361186,312.23719676549865,313.53099730458223,15.525606469002696,13.369272237196766,207.56605953168025,1.0,8fe6c319c145bfe6c41b4bd884be5417741d8218678ea8dfc0735cca6b82988f,data/synthetic/seadronessee_30m_to_80m/geometry_only/train/train_00051736.png,data/synthetic/seadronessee_30m_to_80m/calibrated/train/train_00051736.png
train:72100,train:10394,train,72100,10394,10394.jpg,3840,2160,1,swimmer,2205.0,947.0,27.0,40.0,1080.0,30.19852727826882,53.1,mavic,NorthSea_Sat_DJI_0126.MP4,5685,data/raw/seadronessee/odv2/images/train/10394.jpg,train,1695,1371,120,3066,1815,train_00072100,80.0,640,0.3775811209439528,314.9026548672566,312.2595870206489,10.194690265486726,15.103244837758112,153.97290312475525,1.0,8fe6c319c145bfe6c41b4bd884be5417741d8218678ea8dfc0735cca6b82988f,data/synthetic/seadronessee_30m_to_80m/geometry_only/train/train_00072100.png,data/synthetic/seadronessee_30m_to_80m/calibrated/train/train_00072100.png
train:36590,train:6559,train,36590,6559,6559.jpg,3840,2160,1,swimmer,2350.0,1010.0,25.0,18.0,450.0,31.79844925327644,22.0,mavic,NorthSea_Fri_DJI_0114.MP4,4185,data/raw/seadronessee/odv2/images/train/6559.jpg,train,1610,1558,214,3168,1824,train_00036590,80.0,640,0.3975155279503105,314.83229813664593,316.4223602484472,9.937888198757763,7.155279503105589,71.10836773272635,1.0,8fe6c319c145bfe6c41b4bd884be5417741d8218678ea8dfc0735cca6b82988f,data/synthetic/seadronessee_30m_to_80m/geometry_only/train/train_00036590.png,data/synthetic/seadronessee_30m_to_80m/calibrated/train/train_00036590.png
train:36819,train:6577,train,36819,6577,6577.jpg,3840,2160,1,swimmer,2275.0,974.0,36.0,20.0,720.0,31.79844925327644,22.0,mavic,NorthSea_Fri_DJI_0114.MP4,4455,data/raw/seadronessee/odv2/images/train/6577.jpg,train,1610,1488,179,3098,1789,train_00036819,80.0,640,0.3975155279503105,312.8447204968944,316.0248447204969,14.31055900621118,7.95031055900621,113.77338837236216,1.0,8fe6c319c145bfe6c41b4bd884be5417741d8218678ea8dfc0735cca6b82988f,data/synthetic/seadronessee_30m_to_80m/geometry_only/train/train_00036819.png,data/synthetic/seadronessee_30m_to_80m/calibrated/train/train_00036819.png
train:36621,train:6561,train,36621,6561,6561.jpg,3840,2160,1,swimmer,2157.0,973.0,27.0,19.0,513.0,31.79844925327644,22.0,mavic,NorthSea_Fri_DJI_0114.MP4,4215,data/raw/seadronessee/odv2/images/train/6561.jpg,train,1610,1366,178,2976,1788,train_00036621,80.0,640,0.3975155279503105,314.4347826086956,316.0248447204969,10.732919254658384,7.5527950310559,81.06353921530804,1.0,8fe6c319c145bfe6c41b4bd884be5417741d8218678ea8dfc0735cca6b82988f,data/synthetic/seadronessee_30m_to_80m/geometry_only/train/train_00036621.png,data/synthetic/seadronessee_30m_to_80m/calibrated/train/train_00036621.png
val:37899,val:6675,val,37899,6675,6675.jpg,3840,2160,1,swimmer,1860.0,1012.0,38.0,15.0,570.0,31.79844925327644,26.7,mavic,NorthSea_Fri_DJI_0114.MP4,5925,data/raw/seadronessee/odv2/images/val/6675.jpg,train,1610,1074,214,2684,1824,val_00037899,80.0,640,0.3975155279503105,312.4472049689441,317.2173913043478,15.1055900621118,5.962732919254658,90.07059912812004,1.0,8fe6c319c145bfe6c41b4bd884be5417741d8218678ea8dfc0735cca6b82988f,data/synthetic/seadronessee_30m_to_80m/geometry_only/train/val_00037899.png,data/synthetic/seadronessee_30m_to_80m/calibrated/train/val_00037899.png
train:36715,train:6569,train,36715,6569,6569.jpg,3840,2160,1,swimmer,2263.0,987.0,38.0,21.0,798.0,31.89844437671441,22.0,mavic,NorthSea_Fri_DJI_0114.MP4,4335,data/raw/seadronessee/odv2/images/train/6569.jpg,train,1605,1480,195,3085,1800,train_00036715,80.0,640,0.3987538940809969,312.2242990654205,315.8130841121495,15.152647975077882,8.373831775700934,126.88572509971758,1.0,8fe6c319c145bfe6c41b4bd884be5417741d8218678ea8dfc0735cca6b82988f,data/synthetic/seadronessee_30m_to_80m/geometry_only/train/train_00036715.png,data/synthetic/seadronessee_30m_to_80m/calibrated/train/train_00036715.png
val:38067,val:6687,val,38067,6687,6687.jpg,3840,2160,1,swimmer,1754.0,945.0,20.0,19.0,380.0,31.59845900640049,26.7,mavic,NorthSea_Fri_DJI_0114.MP4,6105,data/raw/seadronessee/odv2/images/val/6687.jpg,train,1620,954,144,2574,1764,val_00038067,80.0,640,0.3950617283950617,316.04938271604937,316.4444444444444,7.901234567901234,7.506172839506172,59.30803231214753,1.0,8fe6c319c145bfe6c41b4bd884be5417741d8218678ea8dfc0735cca6b82988f,data/synthetic/seadronessee_30m_to_80m/geometry_only/train/val_00038067.png,data/synthetic/seadronessee_30m_to_80m/calibrated/train/val_00038067.png
train:52804,train:8114,train,52804,8114,8114.jpg,3840,2160,1,swimmer,2289.0,992.0,25.0,26.0,650.0,34.29832733922585,39.7,mavic,NorthSea_Fri_DJI_0117.MP4,1995,data/raw/seadronessee/odv2/images/train/8114.jpg,train,1493,1555,258,3048,1751,train_00052804,80.0,640,0.4286671131949096,314.6416610850636,314.6416610850636,10.71667782987274,11.145344943067649,119.44107105765733,1.0,8fe6c319c145bfe6c41b4bd884be5417741d8218678ea8dfc0735cca6b82988f,data/synthetic/seadronessee_30m_to_80m/geometry_only/train/train_00052804.png,data/synthetic/seadronessee_30m_to_80m/calibrated/train/train_00052804.png
train:37101,train:6603,train,37101,6603,6603.jpg,3840,2160,1,swimmer,2271.0,950.0,59.0,39.0,2301.0,31.59845900640049,29.4,mavic,NorthSea_Fri_DJI_0114.MP4,4845,data/raw/seadronessee/odv2/images/train/6603.jpg,train,1620,1490,160,3110,1780,train_00037101,80.0,640,0.3950617283950617,308.5432098765432,312.0987654320988,23.30864197530864,15.407407407407408,359.12574302697755,1.0,8fe6c319c145bfe6c41b4bd884be5417741d8218678ea8dfc0735cca6b82988f,data/synthetic/seadronessee_30m_to_80m/geometry_only/train/train_00037101.png,data/synthetic/seadronessee_30m_to_80m/calibrated/train/train_00037101.png
val:37955,val:6679,val,37955,6679,6679.jpg,3840,2160,1,swimmer,1507.0,962.0,25.0,18.0,450.0,31.79844925327644,26.7,mavic,NorthSea_Fri_DJI_0114.MP4,5985,data/raw/seadronessee/odv2/images/val/6679.jpg,train,1610,714,166,2324,1776,val_00037955,80.0,640,0.3975155279503105,315.22981366459624,316.4223602484472,9.937888198757763,7.155279503105589,71.10836773272635,1.0,8fe6c319c145bfe6c41b4bd884be5417741d8218678ea8dfc0735cca6b82988f,data/synthetic/seadronessee_30m_to_80m/geometry_only/train/val_00037955.png,data/synthetic/seadronessee_30m_to_80m/calibrated/train/val_00037955.png
val:38114,val:6691,val,38114,6691,6691.jpg,3840,2160,1,swimmer,1275.0,939.0,32.0,21.0,672.0,31.59845900640049,26.7,mavic,NorthSea_Fri_DJI_0114.MP4,6165,data/raw/seadronessee/odv2/images/val/6691.jpg,train,1620,481,140,2101,1760,val_00038114,80.0,640,0.3950617283950617,313.679012345679,315.6543209876544,12.641975308641976,8.296296296296296,104.88157293095564,1.0,8fe6c319c145bfe6c41b4bd884be5417741d8218678ea8dfc0735cca6b82988f,data/synthetic/seadronessee_30m_to_80m/geometry_only/train/val_00038114.png,data/synthetic/seadronessee_30m_to_80m/calibrated/train/val_00038114.png
train:51704,train:8014,train,51704,8014,8014.jpg,3840,2160,1,swimmer,1657.0,725.0,75.0,50.0,3750.0,34.4983175861018,42.2,mavic,NorthSea_Fri_DJI_0117.MP4,480,data/raw/seadronessee/odv2/images/train/8014.jpg,train,1484,952,8,2436,1492,train_00051704,80.0,640,0.431266846361186,304.0431266846361,309.21832884097034,32.34501347708895,21.563342318059306,697.4665978887106,1.0,8fe6c319c145bfe6c41b4bd884be5417741d8218678ea8dfc0735cca6b82988f,data/synthetic/seadronessee_30m_to_80m/geometry_only/train/train_00051704.png,data/synthetic/seadronessee_30m_to_80m/calibrated/train/train_00051704.png
train:52089,train:8046,train,52089,8046,8046.jpg,3840,2160,1,swimmer,1384.0,742.0,42.0,28.0,1176.0,34.4983175861018,42.2,mavic,NorthSea_Fri_DJI_0117.MP4,960,data/raw/seadronessee/odv2/images/train/8046.jpg,train,1484,663,14,2147,1498,train_00052089,80.0,640,0.431266846361186,310.94339622641513,313.96226415094344,18.11320754716981,12.075471698113208,218.7255250978996,1.0,8fe6c319c145bfe6c41b4bd884be5417741d8218678ea8dfc0735cca6b82988f,data/synthetic/seadronessee_30m_to_80m/geometry_only/train/train_00052089.png,data/synthetic/seadronessee_30m_to_80m/calibrated/train/train_00052089.png
val:38140,val:6693,val,38140,6693,6693.jpg,3840,2160,1,swimmer,1269.0,939.0,31.0,21.0,651.0,31.59845900640049,26.7,mavic,NorthSea_Fri_DJI_0114.MP4,6195,data/raw/seadronessee/odv2/images/val/6693.jpg,train,1620,474,140,2094,1760,val_00038140,80.0,640,0.3950617283950617,314.0740740740741,315.6543209876544,12.246913580246911,8.296296296296296,101.60402377686329,1.0,8fe6c319c145bfe6c41b4bd884be5417741d8218678ea8dfc0735cca6b82988f,data/synthetic/seadronessee_30m_to_80m/geometry_only/train/val_00038140.png,data/synthetic/seadronessee_30m_to_80m/calibrated/train/val_00038140.png
val:72777,val:10450,val,72777,10450,10450.jpg,3840,2160,1,swimmer,2187.0,1151.0,31.0,34.0,1054.0,33.69835659859799,54.6,mavic,NorthSea_Sat_DJI_0126.MP4,6525,data/raw/seadronessee/odv2/images/val/10450.jpg,train,1519,1443,408,2962,1927,val_00072777,80.0,640,0.4213298222514812,313.46938775510205,313.0480579328505,13.06122448979592,14.325213956550362,187.1048353508619,1.0,8fe6c319c145bfe6c41b4bd884be5417741d8218678ea8dfc0735cca6b82988f,data/synthetic/seadronessee_30m_to_80m/geometry_only/train/val_00072777.png,data/synthetic/seadronessee_30m_to_80m/calibrated/train/val_00072777.png
train:37048,train:6597,train,37048,6597,6597.jpg,3840,2160,1,swimmer,1909.0,979.0,48.0,21.0,1008.0,31.79844925327644,29.4,mavic,NorthSea_Fri_DJI_0114.MP4,4755,data/raw/seadronessee/odv2/images/train/6597.jpg,train,1610,1128,184,2738,1794,train_00037048,80.0,640,0.3975155279503105,310.45962732919253,316.0248447204969,19.080745341614907,8.347826086956522,159.28274372130704,1.0,8fe6c319c145bfe6c41b4bd884be5417741d8218678ea8dfc0735cca6b82988f,data/synthetic/seadronessee_30m_to_80m/geometry_only/train/train_00037048.png,data/synthetic/seadronessee_30m_to_80m/calibrated/train/train_00037048.png
val:37685,val:6659,val,37685,6659,6659.jpg,3840,2160,1,swimmer,1671.0,1299.0,49.0,21.0,1029.0,31.698454129838463,26.7,mavic,NorthSea_Fri_DJI_0114.MP4,5685,data/raw/seadronessee/odv2/images/val/6659.jpg,train,1615,888,502,2503,2117,val_00037685,80.0,640,0.3962848297213622,310.2910216718266,315.8390092879257,19.41795665634675,8.321981424148607,161.59587458904045,1.0,8fe6c319c145bfe6c41b4bd884be5417741d8218678ea8dfc0735cca6b82988f,data/synthetic/seadronessee_30m_to_80m/geometry_only/train/val_00037685.png,data/synthetic/seadronessee_30m_to_80m/calibrated/train/val_00037685.png
train:51753,train:8018,train,51753,8018,8018.jpg,3840,2160,1,swimmer,1383.0,744.0,80.0,41.0,3280.0,34.4983175861018,42.2,mavic,NorthSea_Fri_DJI_0117.MP4,540,data/raw/seadronessee/odv2/images/train/8018.jpg,train,1484,681,22,2165,1506,train_00051753,80.0,640,0.431266846361186,302.7493261455526,311.3746630727763,34.50134770889488,17.681940700808628,610.050784286659,1.0,8fe6c319c145bfe6c41b4bd884be5417741d8218678ea8dfc0735cca6b82988f,data/synthetic/seadronessee_30m_to_80m/geometry_only/train/train_00051753.png,data/synthetic/seadronessee_30m_to_80m/calibrated/train/train_00051753.png
train:36898,train:6583,train,36898,6583,6583.jpg,3840,2160,1,swimmer,2157.0,937.0,17.0,19.0,323.0,31.79844925327644,22.0,mavic,NorthSea_Fri_DJI_0114.MP4,4545,data/raw/seadronessee/odv2/images/train/6583.jpg,train,1610,1360,142,2970,1752,train_00036898,80.0,640,0.3975155279503105,316.8198757763975,316.0248447204969,6.757763975155279,7.5527950310559,51.04000617260136,1.0,8fe6c319c145bfe6c41b4bd884be5417741d8218678ea8dfc0735cca6b82988f,data/synthetic/seadronessee_30m_to_80m/geometry_only/train/train_00036898.png,data/synthetic/seadronessee_30m_to_80m/calibrated/train/train_00036898.png
train:51522,train:7998,train,51522,7998,7998.jpg,3840,2160,1,swimmer,1238.0,852.0,42.0,28.0,1176.0,34.29832733922585,42.2,mavic,NorthSea_Fri_DJI_0117.MP4,240,data/raw/seadronessee/odv2/images/train/7998.jpg,train,1493,512,120,2005,1613,train_00051522,80.0,640,0.4286671131949096,311.2123241795044,313.7843268586738,18.004018754186202,12.002679169457467,216.09646086739232,1.0,8fe6c319c145bfe6c41b4bd884be5417741d8218678ea8dfc0735cca6b82988f,data/synthetic/seadronessee_30m_to_80m/geometry_only/train/train_00051522.png,data/synthetic/seadronessee_30m_to_80m/calibrated/train/train_00051522.png
val:37983,val:6681,val,37983,6681,6681.jpg,3840,2160,1,swimmer,1242.0,985.0,22.0,23.0,506.0,31.79844925327644,26.7,mavic,NorthSea_Fri_DJI_0114.MP4,6015,data/raw/seadronessee/odv2/images/val/6681.jpg,train,1610,448,192,2058,1802,val_00037983,80.0,640,0.3975155279503105,315.62732919254654,315.22981366459624,8.745341614906831,9.142857142857142,79.95740905057674,1.0,8fe6c319c145bfe6c41b4bd884be5417741d8218678ea8dfc0735cca6b82988f,data/synthetic/seadronessee_30m_to_80m/geometry_only/train/val_00037983.png,data/synthetic/seadronessee_30m_to_80m/calibrated/train/val_00037983.png
val:38212,val:6699,val,38212,6699,6699.jpg,3840,2160,1,swimmer,1650.0,960.0,42.0,20.0,840.0,31.59845900640049,26.7,mavic,NorthSea_Fri_DJI_0114.MP4,6285,data/raw/seadronessee/odv2/images/val/6699.jpg,train,1620,861,160,2481,1780,val_00038212,80.0,640,0.3950617283950617,311.7037037037037,316.04938271604937,16.59259259259259,7.901234567901234,131.10196616369456,1.0,8fe6c319c145bfe6c41b4bd884be5417741d8218678ea8dfc0735cca6b82988f,data/synthetic/seadronessee_30m_to_80m/geometry_only/train/val_00038212.png,data/synthetic/seadronessee_30m_to_80m/calibrated/train/val_00038212.png
train:37065,train:6599,train,37065,6599,6599.jpg,3840,2160,1,swimmer,1896.0,933.0,67.0,31.0,2077.0,31.79844925327644,29.4,mavic,NorthSea_Fri_DJI_0114.MP4,4785,data/raw/seadronessee/odv2/images/train/6599.jpg,train,1610,1124,144,2734,1754,train_00037065,80.0,640,0.3975155279503105,306.88198757763973,313.639751552795,26.633540372670804,12.322981366459626,328.2046217352725,1.0,8fe6c319c145bfe6c41b4bd884be5417741d8218678ea8dfc0735cca6b82988f,data/synthetic/seadronessee_30m_to_80m/geometry_only/train/train_00037065.png,data/synthetic/seadronessee_30m_to_80m/calibrated/train/train_00037065.png
val:72754,val:10448,val,72754,10448,10448.jpg,3840,2160,1,swimmer,2556.0,1276.0,38.0,68.0,2584.0,32.29842487046632,54.6,mavic,NorthSea_Sat_DJI_0126.MP4,6495,data/raw/seadronessee/odv2/images/val/10448.jpg,train,1585,1782,518,3367,2103,val_00072754,80.0,640,0.4037854889589905,312.52996845425866,306.0694006309148,15.34384858044164,27.45741324921136,421.3023913065112,1.0,8fe6c319c145bfe6c41b4bd884be5417741d8218678ea8dfc0735cca6b82988f,data/synthetic/seadronessee_30m_to_80m/geometry_only/train/val_00072754.png,data/synthetic/seadronessee_30m_to_80m/calibrated/train/val_00072754.png
train:51402,train:7986,train,51402,7986,7986.jpg,3840,2160,1,swimmer,879.0,1024.0,43.0,40.0,1720.0,34.29832733922585,42.2,mavic,NorthSea_Fri_DJI_0117.MP4,60,data/raw/seadronessee/odv2/images/train/7986.jpg,train,1493,154,298,1647,1791,train_00051402,80.0,640,0.4286671131949096,310.78365706630944,311.2123241795044,18.43268586738111,17.14668452779638,316.0594495679547,1.0,8fe6c319c145bfe6c41b4bd884be5417741d8218678ea8dfc0735cca6b82988f,data/synthetic/seadronessee_30m_to_80m/geometry_only/train/train_00051402.png,data/synthetic/seadronessee_30m_to_80m/calibrated/train/train_00051402.png
val:37935,val:6677,val,37935,6677,6677.jpg,3840,2160,1,swimmer,2038.0,979.0,22.0,23.0,506.0,31.79844925327644,26.7,mavic,NorthSea_Fri_DJI_0114.MP4,5955,data/raw/seadronessee/odv2/images/val/6677.jpg,train,1610,1244,186,2854,1796,val_00037935,80.0,640,0.3975155279503105,315.62732919254654,315.22981366459624,8.745341614906831,9.142857142857142,79.95740905057674,1.0,8fe6c319c145bfe6c41b4bd884be5417741d8218678ea8dfc0735cca6b82988f,data/synthetic/seadronessee_30m_to_80m/geometry_only/train/val_00037935.png,data/synthetic/seadronessee_30m_to_80m/calibrated/train/val_00037935.png
train:36690,train:6567,train,36690,6567,6567.jpg,3840,2160,1,swimmer,2283.0,988.0,18.0,13.0,234.0,31.698454129838463,22.0,mavic,NorthSea_Fri_DJI_0114.MP4,4305,data/raw/seadronessee/odv2/images/train/6567.jpg,train,1615,1484,187,3099,1802,train_00036690,80.0,640,0.3962848297213622,316.63157894736844,317.4241486068112,7.133126934984521,5.151702786377709,36.74774990654564,1.0,8fe6c319c145bfe6c41b4bd884be5417741d8218678ea8dfc0735cca6b82988f,data/synthetic/seadronessee_30m_to_80m/geometry_only/train/train_00036690.png,data/synthetic/seadronessee_30m_to_80m/calibrated/train/train_00036690.png
train:36876,train:6581,train,36876,6581,6581.jpg,3840,2160,1,swimmer,2017.0,1158.0,27.0,19.0,513.0,31.79844925327644,22.0,mavic,NorthSea_Fri_DJI_0114.MP4,4515,data/raw/seadronessee/odv2/images/train/6581.jpg,train,1610,1226,362,2836,1972,train_00036876,80.0,640,0.3975155279503105,314.4347826086956,316.4223602484472,10.732919254658384,7.5527950310559,81.06353921530804,1.0,8fe6c319c145bfe6c41b4bd884be5417741d8218678ea8dfc0735cca6b82988f,data/synthetic/seadronessee_30m_to_80m/geometry_only/train/train_00036876.png,data/synthetic/seadronessee_30m_to_80m/calibrated/train/train_00036876.png
val:37611,val:6653,val,37611,6653,6653.jpg,3840,2160,1,swimmer,1682.0,1328.0,46.0,22.0,1012.0,31.89844437671441,26.7,mavic,NorthSea_Fri_DJI_0114.MP4,5595,data/raw/seadronessee/odv2/images/val/6653.jpg,train,1605,902,536,2507,2141,val_00037611,80.0,640,0.3987538940809969,311.02803738317755,315.8130841121495,18.34267912772585,8.77258566978193,160.91272406129596,1.0,8fe6c319c145bfe6c41b4bd884be5417741d8218678ea8dfc0735cca6b82988f,data/synthetic/seadronessee_30m_to_80m/geometry_only/train/val_00037611.png,data/synthetic/seadronessee_30m_to_80m/calibrated/train/val_00037611.png
val:38011,val:6683,val,38011,6683,6683.jpg,3840,2160,1,swimmer,1141.0,978.0,49.0,26.0,1274.0,31.59845900640049,26.7,mavic,NorthSea_Fri_DJI_0114.MP4,6045,data/raw/seadronessee/odv2/images/val/6683.jpg,train,1620,356,181,1976,1801,val_00038011,80.0,640,0.3950617283950617,310.12345679012344,314.8641975308642,19.358024691358025,10.271604938271604,198.8379820149368,1.0,8fe6c319c145bfe6c41b4bd884be5417741d8218678ea8dfc0735cca6b82988f,data/synthetic/seadronessee_30m_to_80m/geometry_only/train/val_00038011.png,data/synthetic/seadronessee_30m_to_80m/calibrated/train/val_00038011.png
val:38188,val:6697,val,38188,6697,6697.jpg,3840,2160,1,swimmer,1874.0,842.0,29.0,22.0,638.0,31.59845900640049,26.7,mavic,NorthSea_Fri_DJI_0114.MP4,6255,data/raw/seadronessee/odv2/images/val/6697.jpg,train,1620,1078,43,2698,1663,val_00038188,80.0,640,0.3950617283950617,314.4691358024691,315.6543209876544,11.45679012345679,8.691358024691358,99.57506477671086,1.0,8fe6c319c145bfe6c41b4bd884be5417741d8218678ea8dfc0735cca6b82988f,data/synthetic/seadronessee_30m_to_80m/geometry_only/train/val_00038188.png,data/synthetic/seadronessee_30m_to_80m/calibrated/train/val_00038188.png
train:52071,train:8044,train,52071,8044,8044.jpg,3840,2160,1,swimmer,2480.0,1296.0,39.0,32.0,1248.0,34.4983175861018,42.2,mavic,NorthSea_Fri_DJI_0117.MP4,930,data/raw/seadronessee/odv2/images/train/8044.jpg,train,1484,1758,570,3242,2054,train_00052071,80.0,640,0.431266846361186,311.3746630727763,313.099730458221,16.819407008086255,13.800539083557952,232.1168837773629,1.0,8fe6c319c145bfe6c41b4bd884be5417741d8218678ea8dfc0735cca6b82988f,data/synthetic/seadronessee_30m_to_80m/geometry_only/train/train_00052071.png,data/synthetic/seadronessee_30m_to_80m/calibrated/train/train_00052071.png
train:52017,train:8040,train,52017,8040,8040.jpg,3840,2160,1,swimmer,1393.0,747.0,61.0,36.0,2196.0,34.4983175861018,42.2,mavic,NorthSea_Fri_DJI_0117.MP4,870,data/raw/seadronessee/odv2/images/train/8040.jpg,train,1484,682,23,2166,1507,train_00052017,80.0,640,0.431266846361186,306.63072776280325,312.23719676549865,26.307277628032345,15.525606469002696,408.4364397236289,1.0,8fe6c319c145bfe6c41b4bd884be5417741d8218678ea8dfc0735cca6b82988f,data/synthetic/seadronessee_30m_to_80m/geometry_only/train/train_00052017.png,data/synthetic/seadronessee_30m_to_80m/calibrated/train/train_00052017.png
train:36986,train:6591,train,36986,6591,6591.jpg,3840,2160,1,swimmer,2077.0,899.0,23.0,28.0,644.0,31.79844925327644,29.4,mavic,NorthSea_Fri_DJI_0114.MP4,4665,data/raw/seadronessee/odv2/images/train/6591.jpg,train,1610,1284,108,2894,1718,train_00036986,80.0,640,0.3975155279503105,315.22981366459624,314.4347826086956,9.142857142857142,11.130434782608695,101.7639751552795,1.0,8fe6c319c145bfe6c41b4bd884be5417741d8218678ea8dfc0735cca6b82988f,data/synthetic/seadronessee_30m_to_80m/geometry_only/train/train_00036986.png,data/synthetic/seadronessee_30m_to_80m/calibrated/train/train_00036986.png
train:37125,train:6605,train,37125,6605,6605.jpg,3840,2160,1,swimmer,1687.0,1295.0,75.0,34.0,2550.0,31.79844925327644,29.4,mavic,NorthSea_Fri_DJI_0114.MP4,4875,data/raw/seadronessee/odv2/images/train/6605.jpg,train,1610,920,507,2530,2117,train_00037125,80.0,640,0.3975155279503105,304.89440993788816,313.2422360248447,29.81366459627329,13.515527950310558,402.947417152116,1.0,8fe6c319c145bfe6c41b4bd884be5417741d8218678ea8dfc0735cca6b82988f,data/synthetic/seadronessee_30m_to_80m/geometry_only/train/train_00037125.png,data/synthetic/seadronessee_30m_to_80m/calibrated/train/train_00037125.png
train:52161,train:8052,train,52161,8052,8052.jpg,3840,2160,1,swimmer,1453.0,746.0,59.0,28.0,1652.0,34.4983175861018,42.2,mavic,NorthSea_Fri_DJI_0117.MP4,1050,data/raw/seadronessee/odv2/images/train/8052.jpg,train,1484,740,18,2224,1502,train_00052161,80.0,640,0.431266846361186,307.4932614555256,313.96226415094344,25.444743935309976,12.075471698113208,307.2572852565733,1.0,8fe6c319c145bfe6c41b4bd884be5417741d8218678ea8dfc0735cca6b82988f,data/synthetic/seadronessee_30m_to_80m/geometry_only/train/train_00052161.png,data/synthetic/seadronessee_30m_to_80m/calibrated/train/train_00052161.png
train:37349,train:6629,train,37349,6629,6629.jpg,3840,2160,1,swimmer,1591.0,1303.0,80.0,56.0,4480.0,31.698454129838463,36.7,mavic,NorthSea_Fri_DJI_0114.MP4,5235,data/raw/seadronessee/odv2/images/train/6629.jpg,train,1615,824,524,2439,2139,train_00037349,80.0,640,0.3962848297213622,303.9504643962849,308.7058823529412,31.702786377708986,22.191950464396285,703.5466648774551,1.0,8fe6c319c145bfe6c41b4bd884be5417741d8218678ea8dfc0735cca6b82988f,data/synthetic/seadronessee_30m_to_80m/geometry_only/train/train_00037349.png,data/synthetic/seadronessee_30m_to_80m/calibrated/train/train_00037349.png
train:37290,train:6623,train,37290,6623,6623.jpg,3840,2160,1,swimmer,2190.0,931.0,54.0,41.0,2214.0,31.59845900640049,36.7,mavic,NorthSea_Fri_DJI_0114.MP4,5145,data/raw/seadronessee/odv2/images/train/6623.jpg,train,1620,1407,142,3027,1762,train_00037290,80.0,640,0.3950617283950617,309.3333333333333,311.7037037037037,21.33333333333333,16.19753086419753,345.5473251028807,1.0,8fe6c319c145bfe6c41b4bd884be5417741d8218678ea8dfc0735cca6b82988f,data/synthetic/seadronessee_30m_to_80m/geometry_only/train/train_00037290.png,data/synthetic/seadronessee_30m_to_80m/calibrated/train/train_00037290.png
train:51855,train:8026,train,51855,8026,8026.jpg,3840,2160,1,swimmer,2481.0,1275.0,33.0,31.0,1023.0,34.4983175861018,42.2,mavic,NorthSea_Fri_DJI_0117.MP4,660,data/raw/seadronessee/odv2/images/train/8026.jpg,train,1484,1756,548,3240,2032,train_00051855,80.0,640,0.431266846361186,312.66846361185986,313.53099730458223,14.23180592991914,13.369272237196766,190.26888790404024,1.0,8fe6c319c145bfe6c41b4bd884be5417741d8218678ea8dfc0735cca6b82988f,data/synthetic/seadronessee_30m_to_80m/geometry_only/train/train_00051855.png,data/synthetic/seadronessee_30m_to_80m/calibrated/train/train_00051855.png
train:37166,train:6609,train,37166,6609,6609.jpg,3840,2160,1,swimmer,1668.0,887.0,56.0,36.0,2016.0,31.698454129838463,36.7,mavic,NorthSea_Fri_DJI_0114.MP4,4935,data/raw/seadronessee/odv2/images/train/6609.jpg,train,1615,888,98,2503,1713,train_00037166,80.0,640,0.3962848297213622,309.1021671826626,312.6687306501548,22.191950464396285,14.266253869969042,316.5959991948548,1.0,8fe6c319c145bfe6c41b4bd884be5417741d8218678ea8dfc0735cca6b82988f,data/synthetic/seadronessee_30m_to_80m/geometry_only/train/train_00037166.png,data/synthetic/seadronessee_30m_to_80m/calibrated/train/train_00037166.png
train:51658,train:8010,train,51658,8010,8010.jpg,3840,2160,1,swimmer,1216.0,783.0,32.0,32.0,1024.0,34.598312709539776,42.2,mavic,NorthSea_Fri_DJI_0117.MP4,420,data/raw/seadronessee/odv2/images/train/8010.jpg,train,1480,492,59,1972,1539,train_00051658,80.0,640,0.4324324324324324,313.0810810810811,313.0810810810811,13.83783783783784,13.83783783783784,191.4857560262966,1.0,8fe6c319c145bfe6c41b4bd884be5417741d8218678ea8dfc0735cca6b82988f,data/synthetic/seadronessee_30m_to_80m/geometry_only/train/train_00051658.png,data/synthetic/seadronessee_30m_to_80m/calibrated/train/train_00051658.png
train:51784,train:8020,train,51784,8020,8020.jpg,3840,2160,1,swimmer,2320.0,1398.0,37.0,30.0,1110.0,34.4983175861018,42.2,mavic,NorthSea_Fri_DJI_0117.MP4,570,data/raw/seadronessee/odv2/images/train/8020.jpg,train,1484,1596,671,3080,2155,train_00051784,80.0,640,0.431266846361186,312.23719676549865,313.53099730458223,15.956873315363882,12.93800539083558,206.45011297505832,1.0,8fe6c319c145bfe6c41b4bd884be5417741d8218678ea8dfc0735cca6b82988f,data/synthetic/seadronessee_30m_to_80m/geometry_only/train/train_00051784.png,data/synthetic/seadronessee_30m_to_80m/calibrated/train/train_00051784.png
train:37028,train:6595,train,37028,6595,6595.jpg,3840,2160,1,swimmer,1928.0,948.0,46.0,21.0,966.0,31.79844925327644,29.4,mavic,NorthSea_Fri_DJI_0114.MP4,4725,data/raw/seadronessee/odv2/images/train/6595.jpg,train,1610,1146,154,2756,1764,train_00037028,80.0,640,0.3975155279503105,310.85714285714283,315.62732919254654,18.285714285714285,8.347826086956522,152.64596273291923,1.0,8fe6c319c145bfe6c41b4bd884be5417741d8218678ea8dfc0735cca6b82988f,data/synthetic/seadronessee_30m_to_80m/geometry_only/train/train_00037028.png,data/synthetic/seadronessee_30m_to_80m/calibrated/train/train_00037028.png
train:36520,train:6553,train,36520,6553,6553.jpg,3840,2160,1,swimmer,2527.0,898.0,22.0,20.0,440.0,31.698454129838463,24.0,mavic,NorthSea_Fri_DJI_0114.MP4,4095,data/raw/seadronessee/odv2/images/train/6553.jpg,train,1615,1730,100,3345,1715,train_00036520,80.0,640,0.3962848297213622,315.8390092879257,316.2352941176471,8.71826625386997,7.925696594427245,69.0983331576072,1.0,8fe6c319c145bfe6c41b4bd884be5417741d8218678ea8dfc0735cca6b82988f,data/synthetic/seadronessee_30m_to_80m/geometry_only/train/train_00036520.png,data/synthetic/seadronessee_30m_to_80m/calibrated/train/train_00036520.png
train:52190,train:8054,train,52190,8054,8054.jpg,3840,2160,1,swimmer,2802.0,1384.0,36.0,36.0,1296.0,34.4983175861018,42.2,mavic,NorthSea_Fri_DJI_0117.MP4,1080,data/raw/seadronessee/odv2/images/train/8054.jpg,train,1484,2078,660,3562,2144,train_00052190,80.0,640,0.431266846361186,312.23719676549865,312.23719676549865,15.525606469002696,15.525606469002696,241.0444562303384,1.0,8fe6c319c145bfe6c41b4bd884be5417741d8218678ea8dfc0735cca6b82988f,data/synthetic/seadronessee_30m_to_80m/geometry_only/train/train_00052190.png,data/synthetic/seadronessee_30m_to_80m/calibrated/train/train_00052190.png
val:72802,val:10452,val,72802,10452,10452.jpg,3840,2160,1,swimmer,2624.0,909.0,61.0,41.0,2501.0,33.79835172203596,54.6,mavic,NorthSea_Sat_DJI_0126.MP4,6555,data/raw/seadronessee/odv2/images/val/10452.jpg,train,1515,1897,172,3412,1687,val_00072802,80.0,640,0.4224422442244224,307.1155115511551,311.33993399339937,25.768976897689768,17.32013201320132,446.3220817131218,1.0,8fe6c319c145bfe6c41b4bd884be5417741d8218678ea8dfc0735cca6b82988f,data/synthetic/seadronessee_30m_to_80m/geometry_only/train/val_00072802.png,data/synthetic/seadronessee_30m_to_80m/calibrated/train/val_00072802.png
train:51682,train:8012,train,51682,8012,8012.jpg,3840,2160,1,swimmer,1234.0,760.0,28.0,40.0,1120.0,34.4983175861018,42.2,mavic,NorthSea_Fri_DJI_0117.MP4,450,data/raw/seadronessee/odv2/images/train/8012.jpg,train,1484,506,38,1990,1522,train_00051682,80.0,640,0.431266846361186,313.96226415094344,311.3746630727763,12.075471698113208,17.25067385444744,208.3100239027616,1.0,8fe6c319c145bfe6c41b4bd884be5417741d8218678ea8dfc0735cca6b82988f,data/synthetic/seadronessee_30m_to_80m/geometry_only/train/train_00051682.png,data/synthetic/seadronessee_30m_to_80m/calibrated/train/train_00051682.png
train:52118,train:8048,train,52118,8048,8048.jpg,3840,2160,1,swimmer,1812.0,750.0,39.0,26.0,1014.0,34.4983175861018,42.2,mavic,NorthSea_Fri_DJI_0117.MP4,990,data/raw/seadronessee/odv2/images/train/8048.jpg,train,1484,1090,21,2574,1505,train_00052118,80.0,640,0.431266846361186,311.3746630727763,314.3935309973046,16.819407008086255,11.212938005390836,188.59496806910727,1.0,8fe6c319c145bfe6c41b4bd884be5417741d8218678ea8dfc0735cca6b82988f,data/synthetic/seadronessee_30m_to_80m/geometry_only/train/train_00052118.png,data/synthetic/seadronessee_30m_to_80m/calibrated/train/train_00052118.png
train:51879,train:8028,train,51879,8028,8028.jpg,3840,2160,1,swimmer,2475.0,1262.0,30.0,33.0,990.0,34.4983175861018,42.2,mavic,NorthSea_Fri_DJI_0117.MP4,690,data/raw/seadronessee/odv2/images/train/8028.jpg,train,1484,1748,536,3232,2020,train_00051879,80.0,640,0.431266846361186,313.53099730458223,313.099730458221,12.93800539083558,14.23180592991914,184.1311818426196,1.0,8fe6c319c145bfe6c41b4bd884be5417741d8218678ea8dfc0735cca6b82988f,data/synthetic/seadronessee_30m_to_80m/geometry_only/train/train_00051879.png,data/synthetic/seadronessee_30m_to_80m/calibrated/train/train_00051879.png
train:52208,train:8056,train,52208,8056,8056.jpg,3840,2160,1,swimmer,1748.0,739.0,61.0,30.0,1830.0,34.4983175861018,42.2,mavic,NorthSea_Fri_DJI_0117.MP4,1110,data/raw/seadronessee/odv2/images/train/8056.jpg,train,1484,1036,12,2520,1496,train_00052208,80.0,640,0.431266846361186,307.06199460916446,313.53099730458223,26.307277628032345,12.93800539083558,340.3636997696907,1.0,8fe6c319c145bfe6c41b4bd884be5417741d8218678ea8dfc0735cca6b82988f,data/synthetic/seadronessee_30m_to_80m/geometry_only/train/train_00052208.png,data/synthetic/seadronessee_30m_to_80m/calibrated/train/train_00052208.png
train:51479,train:7994,train,51479,7994,7994.jpg,3840,2160,1,swimmer,2149.0,741.0,52.0,38.0,1976.0,34.29832733922585,42.2,mavic,NorthSea_Fri_DJI_0117.MP4,180,data/raw/seadronessee/odv2/images/train/7994.jpg,train,1493,1428,14,2921,1507,train_00051479,80.0,640,0.4286671131949096,309.0689886135298,311.64099129269925,22.290689886135297,16.289350301406564,363.1008560152783,1.0,8fe6c319c145bfe6c41b4bd884be5417741d8218678ea8dfc0735cca6b82988f,data/synthetic/seadronessee_30m_to_80m/geometry_only/train/train_00051479.png,data/synthetic/seadronessee_30m_to_80m/calibrated/train/train_00051479.png
train:51548,train:8000,train,51548,8000,8000.jpg,3840,2160,1,swimmer,2426.0,1267.0,31.0,39.0,1209.0,34.29832733922585,42.2,mavic,NorthSea_Fri_DJI_0117.MP4,270,data/raw/seadronessee/odv2/images/train/8000.jpg,train,1493,1695,540,3188,2033,train_00051548,80.0,640,0.4286671131949096,313.3556597454789,311.64099129269925,13.288680509042196,16.718017414601473,222.1603921672426,1.0,8fe6c319c145bfe6c41b4bd884be5417741d8218678ea8dfc0735cca6b82988f,data/synthetic/seadronessee_30m_to_80m/geometry_only/train/train_00051548.png,data/synthetic/seadronessee_30m_to_80m/calibrated/train/train_00051548.png
train:51928,train:8032,train,51928,8032,8032.jpg,3840,2160,1,swimmer,2321.0,1401.0,40.0,33.0,1320.0,34.4983175861018,42.2,mavic,NorthSea_Fri_DJI_0117.MP4,750,data/raw/seadronessee/odv2/images/train/8032.jpg,train,1484,1599,676,3083,2160,train_00051928,80.0,640,0.431266846361186,311.3746630727763,312.66846361185986,17.25067385444744,14.23180592991914,245.5082424568261,1.0,8fe6c319c145bfe6c41b4bd884be5417741d8218678ea8dfc0735cca6b82988f,data/synthetic/seadronessee_30m_to_80m/geometry_only/train/train_00051928.png,data/synthetic/seadronessee_30m_to_80m/calibrated/train/train_00051928.png
train:36751,train:6571,train,36751,6571,6571.jpg,3840,2160,1,swimmer,1961.0,1091.0,54.0,22.0,1188.0,31.99843950015239,22.0,mavic,NorthSea_Fri_DJI_0114.MP4,4365,data/raw/seadronessee/odv2/images/train/6571.jpg,train,1600,1188,302,2788,1902,train_00036751,80.0,640,0.4,309.20000000000005,315.6,21.6,8.8,190.08000000000004,1.0,8fe6c319c145bfe6c41b4bd884be5417741d8218678ea8dfc0735cca6b82988f,data/synthetic/seadronessee_30m_to_80m/geometry_only/train/train_00036751.png,data/synthetic/seadronessee_30m_to_80m/calibrated/train/train_00036751.png
train:36673,train:6565,train,36673,6565,6565.jpg,3840,2160,1,swimmer,2113.0,1055.0,21.0,19.0,399.0,31.59845900640049,22.0,mavic,NorthSea_Fri_DJI_0114.MP4,4275,data/raw/seadronessee/odv2/images/train/6565.jpg,train,1620,1314,254,2934,1874,train_00036673,80.0,640,0.3950617283950617,315.6543209876544,316.4444444444444,8.296296296296296,7.506172839506172,62.27343392775491,1.0,8fe6c319c145bfe6c41b4bd884be5417741d8218678ea8dfc0735cca6b82988f,data/synthetic/seadronessee_30m_to_80m/geometry_only/train/train_00036673.png,data/synthetic/seadronessee_30m_to_80m/calibrated/train/train_00036673.png
train:36850,train:6579,train,36850,6579,6579.jpg,3840,2160,1,swimmer,2027.0,1149.0,28.0,20.0,560.0,31.79844925327644,22.0,mavic,NorthSea_Fri_DJI_0114.MP4,4485,data/raw/seadronessee/odv2/images/train/6579.jpg,train,1610,1236,354,2846,1964,train_00036850,80.0,640,0.3975155279503105,314.4347826086956,316.0248447204969,11.130434782608695,7.95031055900621,88.4904131785039,1.0,8fe6c319c145bfe6c41b4bd884be5417741d8218678ea8dfc0735cca6b82988f,data/synthetic/seadronessee_30m_to_80m/geometry_only/train/train_00036850.png,data/synthetic/seadronessee_30m_to_80m/calibrated/train/train_00036850.png
train:36488,train:6551,train,36488,6551,6551.jpg,3840,2160,1,swimmer,2339.0,890.0,45.0,22.0,990.0,33.69835659859799,24.0,mavic,NorthSea_Fri_DJI_0114.MP4,4065,data/raw/seadronessee/odv2/images/train/6551.jpg,train,1519,1602,142,3121,1661,train_00036488,80.0,640,0.4213298222514812,310.5200789993417,315.154707044108,18.95984200131665,9.269256089532588,175.74363092728012,1.0,8fe6c319c145bfe6c41b4bd884be5417741d8218678ea8dfc0735cca6b82988f,data/synthetic/seadronessee_30m_to_80m/geometry_only/train/train_00036488.png,data/synthetic/seadronessee_30m_to_80m/calibrated/train/train_00036488.png
val:37843,val:6671,val,37843,6671,6671.jpg,3840,2160,1,swimmer,1862.0,1092.0,23.0,15.0,345.0,31.89844437671441,26.7,mavic,NorthSea_Fri_DJI_0114.MP4,5865,data/raw/seadronessee/odv2/images/val/6671.jpg,train,1605,1071,297,2676,1902,val_00037843,80.0,640,0.3987538940809969,315.4143302180685,317.0093457943925,9.171339563862928,5.981308411214953,54.856610475441805,1.0,8fe6c319c145bfe6c41b4bd884be5417741d8218678ea8dfc0735cca6b82988f,data/synthetic/seadronessee_30m_to_80m/geometry_only/train/val_00037843.png,data/synthetic/seadronessee_30m_to_80m/calibrated/train/val_00037843.png
train:36566,train:6557,train,36566,6557,6557.jpg,3840,2160,1,swimmer,2509.0,1016.0,26.0,18.0,468.0,31.89844437671441,22.0,mavic,NorthSea_Fri_DJI_0114.MP4,4155,data/raw/seadronessee/odv2/images/train/6557.jpg,train,1605,1720,222,3325,1827,train_00036566,80.0,640,0.3987538940809969,314.6168224299065,316.61059190031153,10.367601246105918,7.177570093457944,74.41418464494716,1.0,8fe6c319c145bfe6c41b4bd884be5417741d8218678ea8dfc0735cca6b82988f,data/synthetic/seadronessee_30m_to_80m/geometry_only/train/train_00036566.png,data/synthetic/seadronessee_30m_to_80m/calibrated/train/train_00036566.png
train:36777,train:6573,train,36777,6573,6573.jpg,3840,2160,1,swimmer,1964.0,1082.0,51.0,23.0,1173.0,31.89844437671441,22.0,mavic,NorthSea_Fri_DJI_0114.MP4,4395,data/raw/seadronessee/odv2/images/train/6573.jpg,train,1605,1187,291,2792,1896,train_00036777,80.0,640,0.3987538940809969,309.83177570093454,315.4143302180685,20.33644859813084,9.171339563862928,186.51247561650212,1.0,8fe6c319c145bfe6c41b4bd884be5417741d8218678ea8dfc0735cca6b82988f,data/synthetic/seadronessee_30m_to_80m/geometry_only/train/train_00036777.png,data/synthetic/seadronessee_30m_to_80m/calibrated/train/train_00036777.png
val:37760,val:6665,val,37760,6665,6665.jpg,3840,2160,1,swimmer,1857.0,1150.0,26.0,17.0,442.0,31.698454129838463,26.7,mavic,NorthSea_Fri_DJI_0114.MP4,5775,data/raw/seadronessee/odv2/images/val/6665.jpg,train,1615,1062,351,2677,1966,val_00037760,80.0,640,0.3962848297213622,315.046439628483,316.63157894736844,10.303405572755418,6.736842105263158,69.41241649014177,1.0,8fe6c319c145bfe6c41b4bd884be5417741d8218678ea8dfc0735cca6b82988f,data/synthetic/seadronessee_30m_to_80m/geometry_only/train/val_00037760.png,data/synthetic/seadronessee_30m_to_80m/calibrated/train/val_00037760.png
val:37493,val:6643,val,37493,6643,6643.jpg,3840,2160,1,swimmer,1525.0,1000.0,22.0,26.0,572.0,31.698454129838463,26.7,mavic,NorthSea_Fri_DJI_0114.MP4,5445,data/raw/seadronessee/odv2/images/val/6643.jpg,train,1615,728,206,2343,1821,val_00037493,80.0,640,0.3962848297213622,315.8390092879257,314.6501547987616,8.71826625386997,10.303405572755418,89.82783310488935,1.0,8fe6c319c145bfe6c41b4bd884be5417741d8218678ea8dfc0735cca6b82988f,data/synthetic/seadronessee_30m_to_80m/geometry_only/train/val_00037493.png,data/synthetic/seadronessee_30m_to_80m/calibrated/train/val_00037493.png
val:37711,val:6661,val,37711,6661,6661.jpg,3840,2160,1,swimmer,1533.0,1299.0,42.0,20.0,840.0,31.59845900640049,26.7,mavic,NorthSea_Fri_DJI_0114.MP4,5715,data/raw/seadronessee/odv2/images/val/6661.jpg,train,1620,744,499,2364,2119,val_00037711,80.0,640,0.3950617283950617,311.7037037037037,316.04938271604937,16.59259259259259,7.901234567901234,131.10196616369456,1.0,8fe6c319c145bfe6c41b4bd884be5417741d8218678ea8dfc0735cca6b82988f,data/synthetic/seadronessee_30m_to_80m/geometry_only/train/val_00037711.png,data/synthetic/seadronessee_30m_to_80m/calibrated/train/val_00037711.png
val:37634,val:6655,val,37634,6655,6655.jpg,3840,2160,1,swimmer,1808.0,1239.0,45.0,32.0,1440.0,31.89844437671441,26.7,mavic,NorthSea_Fri_DJI_0114.MP4,5625,data/raw/seadronessee/odv2/images/val/6655.jpg,train,1605,1028,452,2633,2057,val_00037634,80.0,640,0.3987538940809969,311.02803738317755,313.81931464174454,17.94392523364486,12.7601246105919,228.9667219844528,1.0,8fe6c319c145bfe6c41b4bd884be5417741d8218678ea8dfc0735cca6b82988f,data/synthetic/seadronessee_30m_to_80m/geometry_only/train/val_00037634.png,data/synthetic/seadronessee_30m_to_80m/calibrated/train/val_00037634.png
train:36639,train:6563,train,36639,6563,6563.jpg,3840,2160,1,swimmer,2149.0,914.0,42.0,22.0,924.0,31.59845900640049,22.0,mavic,NorthSea_Fri_DJI_0114.MP4,4245,data/raw/seadronessee/odv2/images/train/6563.jpg,train,1620,1360,115,2980,1735,train_00036639,80.0,640,0.3950617283950617,311.7037037037037,315.6543209876544,16.59259259259259,8.691358024691358,144.212162780064,1.0,8fe6c319c145bfe6c41b4bd884be5417741d8218678ea8dfc0735cca6b82988f,data/synthetic/seadronessee_30m_to_80m/geometry_only/train/train_00036639.png,data/synthetic/seadronessee_30m_to_80m/calibrated/train/train_00036639.png
train:36534,train:6555,train,36534,6555,6555.jpg,3840,2160,1,swimmer,2350.0,859.0,43.0,21.0,903.0,31.79844925327644,26.9,mavic,NorthSea_Fri_DJI_0114.MP4,4125,data/raw/seadronessee/odv2/images/train/6555.jpg,train,1610,1566,64,3176,1674,train_00036534,80.0,640,0.3975155279503105,311.65217391304344,316.0248447204969,17.093167701863354,8.347826086956522,142.69079125033755,1.0,8fe6c319c145bfe6c41b4bd884be5417741d8218678ea8dfc0735cca6b82988f,data/synthetic/seadronessee_30m_to_80m/geometry_only/train/train_00036534.png,data/synthetic/seadronessee_30m_to_80m/calibrated/train/train_00036534.png
val:37813,val:6669,val,37813,6669,6669.jpg,3840,2160,1,swimmer,2353.0,964.0,79.0,31.0,2449.0,31.79844925327644,26.7,mavic,NorthSea_Fri_DJI_0114.MP4,5835,data/raw/seadronessee/odv2/images/val/6669.jpg,train,1610,1588,174,3198,1784,val_00037813,80.0,640,0.3975155279503105,304.09937888198755,314.0372670807453,31.403726708074533,12.322981366459626,386.98753906099296,1.0,8fe6c319c145bfe6c41b4bd884be5417741d8218678ea8dfc0735cca6b82988f,data/synthetic/seadronessee_30m_to_80m/geometry_only/train/val_00037813.png,data/synthetic/seadronessee_30m_to_80m/calibrated/train/val_00037813.png
train:51360,train:7982,train,51360,7982,7982.jpg,3840,2160,1,swimmer,2261.0,1213.0,85.0,43.0,3655.0,34.29832733922585,42.2,mavic,NorthSea_Fri_DJI_0117.MP4,0,data/raw/seadronessee/odv2/images/train/7982.jpg,train,1493,1557,488,3050,1981,train_00051360,80.0,640,0.4286671131949096,301.7816476892164,310.78365706630944,36.43670462156732,18.43268586738111,671.6263303319039,1.0,8fe6c319c145bfe6c41b4bd884be5417741d8218678ea8dfc0735cca6b82988f,data/synthetic/seadronessee_30m_to_80m/geometry_only/train/train_00051360.png,data/synthetic/seadronessee_30m_to_80m/calibrated/train/train_00051360.png
train:72129,train:10396,train,72129,10396,10396.jpg,3840,2160,1,swimmer,1508.0,1350.0,36.0,50.0,1800.0,34.098337092349894,54.6,mavic,NorthSea_Sat_DJI_0126.MP4,5715,data/raw/seadronessee/odv2/images/train/10396.jpg,train,1502,775,624,2277,2126,train_00072129,80.0,640,0.4260985352862849,312.33022636484685,309.3475366178429,15.33954727030626,21.30492676431425,326.8079311916113,1.0,8fe6c319c145bfe6c41b4bd884be5417741d8218678ea8dfc0735cca6b82988f,data/synthetic/seadronessee_30m_to_80m/geometry_only/train/train_00072129.png,data/synthetic/seadronessee_30m_to_80m/calibrated/train/train_00072129.png
val:37516,val:6645,val,37516,6645,6645.jpg,3840,2160,1,swimmer,1534.0,981.0,18.0,24.0,432.0,31.79844925327644,26.7,mavic,NorthSea_Fri_DJI_0114.MP4,5475,data/raw/seadronessee/odv2/images/val/6645.jpg,train,1610,738,188,2348,1798,val_00037516,80.0,640,0.3975155279503105,316.4223602484472,315.22981366459624,7.155279503105589,9.540372670807454,68.2640330234173,1.0,8fe6c319c145bfe6c41b4bd884be5417741d8218678ea8dfc0735cca6b82988f,data/synthetic/seadronessee_30m_to_80m/geometry_only/train/val_00037516.png,data/synthetic/seadronessee_30m_to_80m/calibrated/train/val_00037516.png
val:38164,val:6695,val,38164,6695,6695.jpg,3840,2160,1,swimmer,1446.0,950.0,37.0,18.0,666.0,31.59845900640049,26.7,mavic,NorthSea_Fri_DJI_0114.MP4,6225,data/raw/seadronessee/odv2/images/val/6695.jpg,train,1620,654,149,2274,1769,val_00038164,80.0,640,0.3950617283950617,312.88888888888886,316.4444444444444,14.617283950617283,7.111111111111111,103.94513031550068,1.0,8fe6c319c145bfe6c41b4bd884be5417741d8218678ea8dfc0735cca6b82988f,data/synthetic/seadronessee_30m_to_80m/geometry_only/train/val_00038164.png,data/synthetic/seadronessee_30m_to_80m/calibrated/train/val_00038164.png
train:37006,train:6593,train,37006,6593,6593.jpg,3840,2160,1,swimmer,2057.0,928.0,22.0,26.0,572.0,31.79844925327644,29.4,mavic,NorthSea_Fri_DJI_0114.MP4,4695,data/raw/seadronessee/odv2/images/train/6593.jpg,train,1610,1263,136,2873,1746,train_00037006,80.0,640,0.3975155279503105,315.62732919254654,314.83229813664593,8.745341614906831,10.335403726708076,90.38663631804329,1.0,8fe6c319c145bfe6c41b4bd884be5417741d8218678ea8dfc0735cca6b82988f,data/synthetic/seadronessee_30m_to_80m/geometry_only/train/train_00037006.png,data/synthetic/seadronessee_30m_to_80m/calibrated/train/train_00037006.png
val:37655,val:6657,val,37655,6657,6657.jpg,3840,2160,1,swimmer,2259.0,1038.0,21.0,17.0,357.0,31.89844437671441,26.7,mavic,NorthSea_Fri_DJI_0114.MP4,5655,data/raw/seadronessee/odv2/images/val/6657.jpg,train,1605,1467,244,3072,1849,val_00037655,80.0,640,0.3987538940809969,315.8130841121495,316.61059190031153,8.373831775700934,6.778816199376947,56.76466649197892,1.0,8fe6c319c145bfe6c41b4bd884be5417741d8218678ea8dfc0735cca6b82988f,data/synthetic/seadronessee_30m_to_80m/geometry_only/train/val_00037655.png,data/synthetic/seadronessee_30m_to_80m/calibrated/train/val_00037655.png
train:36794,train:6575,train,36794,6575,6575.jpg,3840,2160,1,swimmer,2140.0,973.0,23.0,16.0,368.0,31.89844437671441,22.0,mavic,NorthSea_Fri_DJI_0114.MP4,4425,data/raw/seadronessee/odv2/images/train/6575.jpg,train,1605,1349,178,2954,1783,train_00036794,80.0,640,0.3987538940809969,315.4143302180685,317.0093457943925,9.171339563862928,6.38006230529595,58.51371784047127,1.0,8fe6c319c145bfe6c41b4bd884be5417741d8218678ea8dfc0735cca6b82988f,data/synthetic/seadronessee_30m_to_80m/geometry_only/train/train_00036794.png,data/synthetic/seadronessee_30m_to_80m/calibrated/train/train_00036794.png
val:37871,val:6673,val,37871,6673,6673.jpg,3840,2160,1,swimmer,1860.0,1047.0,26.0,17.0,442.0,31.89844437671441,26.7,mavic,NorthSea_Fri_DJI_0114.MP4,5895,data/raw/seadronessee/odv2/images/val/6673.jpg,train,1605,1070,253,2675,1858,val_00037871,80.0,640,0.3987538940809969,315.01557632398755,316.61059190031153,10.367601246105918,6.778816199376947,70.28006327578342,1.0,8fe6c319c145bfe6c41b4bd884be5417741d8218678ea8dfc0735cca6b82988f,data/synthetic/seadronessee_30m_to_80m/geometry_only/train/val_00037871.png,data/synthetic/seadronessee_30m_to_80m/calibrated/train/val_00037871.png
val:37587,val:6651,val,37587,6651,6651.jpg,3840,2160,1,swimmer,1647.0,1343.0,52.0,23.0,1196.0,31.89844437671441,26.7,mavic,NorthSea_Fri_DJI_0114.MP4,5565,data/raw/seadronessee/odv2/images/val/6651.jpg,train,1605,870,552,2475,2157,val_00037587,80.0,640,0.3987538940809969,309.83177570093454,315.4143302180685,20.73520249221184,9.171339563862928,190.1695829815316,1.0,8fe6c319c145bfe6c41b4bd884be5417741d8218678ea8dfc0735cca6b82988f,data/synthetic/seadronessee_30m_to_80m/geometry_only/train/val_00037587.png,data/synthetic/seadronessee_30m_to_80m/calibrated/train/val_00037587.png
train:37218,train:6615,train,37218,6615,6615.jpg,3840,2160,1,swimmer,2171.0,790.0,71.0,51.0,3621.0,31.498463882962508,36.7,mavic,NorthSea_Fri_DJI_0114.MP4,5025,data/raw/seadronessee/odv2/images/train/6615.jpg,train,1625,1394,3,3019,1628,train_00037218,80.0,640,0.3938461538461538,306.0184615384616,309.9569230769231,27.96307692307692,20.086153846153845,561.6706650887573,1.0,8fe6c319c145bfe6c41b4bd884be5417741d8218678ea8dfc0735cca6b82988f,data/synthetic/seadronessee_30m_to_80m/geometry_only/train/train_00037218.png,data/synthetic/seadronessee_30m_to_80m/calibrated/train/train_00037218.png
val:37538,val:6647,val,37538,6647,6647.jpg,3840,2160,1,swimmer,1533.0,981.0,19.0,24.0,456.0,31.89844437671441,26.7,mavic,NorthSea_Fri_DJI_0114.MP4,5505,data/raw/seadronessee/odv2/images/val/6647.jpg,train,1605,740,190,2345,1795,val_00037538,80.0,640,0.3987538940809969,316.2118380062305,315.4143302180685,7.576323987538941,9.570093457943925,72.50612862841004,1.0,8fe6c319c145bfe6c41b4bd884be5417741d8218678ea8dfc0735cca6b82988f,data/synthetic/seadronessee_30m_to_80m/geometry_only/train/val_00037538.png,data/synthetic/seadronessee_30m_to_80m/calibrated/train/val_00037538.png
train:37310,train:6625,train,37310,6625,6625.jpg,3840,2160,1,swimmer,1926.0,950.0,35.0,33.0,1155.0,31.398468759524533,36.7,mavic,NorthSea_Fri_DJI_0114.MP4,5175,data/raw/seadronessee/odv2/images/train/6625.jpg,train,1631,1128,151,2759,1782,train_00037310,80.0,640,0.3923973022685469,313.13304721030045,313.525444512569,13.733905579399142,12.949110974862048,177.84186746591655,1.0,8fe6c319c145bfe6c41b4bd884be5417741d8218678ea8dfc0735cca6b82988f,data/synthetic/seadronessee_30m_to_80m/geometry_only/train/train_00037310.png,data/synthetic/seadronessee_30m_to_80m/calibrated/train/train_00037310.png
train:36587,train:6559,train,36587,6559,6559.jpg,3840,2160,1,swimmer,2263.0,886.0,23.0,15.0,345.0,31.79844925327644,22.0,mavic,NorthSea_Fri_DJI_0114.MP4,4185,data/raw/seadronessee/odv2/images/train/6559.jpg,train,1610,1470,88,3080,1698,train_00036587,80.0,640,0.3975155279503105,315.22981366459624,317.2173913043478,9.142857142857142,5.962732919254658,54.51641526175687,1.0,8fe6c319c145bfe6c41b4bd884be5417741d8218678ea8dfc0735cca6b82988f,data/synthetic/seadronessee_30m_to_80m/geometry_only/train/train_00036587.png,data/synthetic/seadronessee_30m_to_80m/calibrated/train/train_00036587.png
val:37953,val:6679,val,37953,6679,6679.jpg,3840,2160,1,swimmer,2024.0,891.0,32.0,22.0,704.0,31.79844925327644,26.7,mavic,NorthSea_Fri_DJI_0114.MP4,5985,data/raw/seadronessee/odv2/images/val/6679.jpg,train,1610,1235,97,2845,1707,val_00037953,80.0,640,0.3975155279503105,313.639751552795,315.62732919254654,12.720496894409935,8.745341614906831,111.24509085297632,1.0,8fe6c319c145bfe6c41b4bd884be5417741d8218678ea8dfc0735cca6b82988f,data/synthetic/seadronessee_30m_to_80m/geometry_only/train/val_00037953.png,data/synthetic/seadronessee_30m_to_80m/calibrated/train/val_00037953.png
train:37144,train:6607,train,37144,6607,6607.jpg,3840,2160,1,swimmer,1688.0,804.0,34.0,35.0,1190.0,31.89844437671441,29.4,mavic,NorthSea_Fri_DJI_0114.MP4,4905,data/raw/seadronessee/odv2/images/train/6607.jpg,train,1605,902,19,2507,1624,train_00037144,80.0,640,0.3987538940809969,313.4205607476636,313.0218068535825,13.557632398753894,13.95638629283489,189.21555497326307,1.0,8fe6c319c145bfe6c41b4bd884be5417741d8218678ea8dfc0735cca6b82988f,data/synthetic/seadronessee_30m_to_80m/geometry_only/train/train_00037144.png,data/synthetic/seadronessee_30m_to_80m/calibrated/train/train_00037144.png
train:37105,train:6603,train,37105,6603,6603.jpg,3840,2160,1,swimmer,1808.0,1250.0,75.0,34.0,2550.0,31.59845900640049,29.4,mavic,NorthSea_Fri_DJI_0114.MP4,4845,data/raw/seadronessee/odv2/images/train/6603.jpg,train,1620,1036,457,2656,2077,train_00037105,80.0,640,0.3950617283950617,304.98765432098764,313.28395061728395,29.629629629629623,13.432098765432098,397.9881115683584,1.0,8fe6c319c145bfe6c41b4bd884be5417741d8218678ea8dfc0735cca6b82988f,data/synthetic/seadronessee_30m_to_80m/geometry_only/train/train_00037105.png,data/synthetic/seadronessee_30m_to_80m/calibrated/train/train_00037105.png
train:36823,train:6577,train,36823,6577,6577.jpg,3840,2160,1,swimmer,2171.0,1153.0,37.0,31.0,1147.0,31.79844925327644,22.0,mavic,NorthSea_Fri_DJI_0114.MP4,4455,data/raw/seadronessee/odv2/images/train/6577.jpg,train,1610,1384,364,2994,1974,train_00036823,80.0,640,0.3975155279503105,312.8447204968944,313.639751552795,14.70807453416149,12.322981366459626,181.24732842097137,1.0,8fe6c319c145bfe6c41b4bd884be5417741d8218678ea8dfc0735cca6b82988f,data/synthetic/seadronessee_30m_to_80m/geometry_only/train/train_00036823.png,data/synthetic/seadronessee_30m_to_80m/calibrated/train/train_00036823.png
train:36611,train:6561,train,36611,6561,6561.jpg,3840,2160,1,swimmer,2402.0,897.0,45.0,23.0,1035.0,31.79844925327644,22.0,mavic,NorthSea_Fri_DJI_0114.MP4,4215,data/raw/seadronessee/odv2/images/train/6561.jpg,train,1610,1620,104,3230,1714,train_00036611,80.0,640,0.3975155279503105,310.85714285714283,315.22981366459624,17.888198757763973,9.142857142857142,163.5492457852706,1.0,8fe6c319c145bfe6c41b4bd884be5417741d8218678ea8dfc0735cca6b82988f,data/synthetic/seadronessee_30m_to_80m/geometry_only/train/train_00036611.png,data/synthetic/seadronessee_30m_to_80m/calibrated/train/train_00036611.png
val:38110,val:6691,val,38110,6691,6691.jpg,3840,2160,1,swimmer,1901.0,843.0,31.0,21.0,651.0,31.59845900640049,26.7,mavic,NorthSea_Fri_DJI_0114.MP4,6165,data/raw/seadronessee/odv2/images/val/6691.jpg,train,1620,1106,44,2726,1664,val_00038110,80.0,640,0.3950617283950617,314.0740740740741,315.6543209876544,12.246913580246911,8.296296296296296,101.60402377686329,1.0,8fe6c319c145bfe6c41b4bd884be5417741d8218678ea8dfc0735cca6b82988f,data/synthetic/seadronessee_30m_to_80m/geometry_only/train/val_00038110.png,data/synthetic/seadronessee_30m_to_80m/calibrated/train/val_00038110.png
train:51376,train:7984,train,51376,7984,7984.jpg,3840,2160,1,swimmer,1311.0,787.0,65.0,47.0,3055.0,34.29832733922585,42.2,mavic,NorthSea_Fri_DJI_0117.MP4,30,data/raw/seadronessee/odv2/images/train/7984.jpg,train,1493,597,64,2090,1557,train_00051376,80.0,640,0.4286671131949096,306.06831882116546,309.92632283991964,27.86336235766912,20.14735432016075,561.3730339709895,1.0,8fe6c319c145bfe6c41b4bd884be5417741d8218678ea8dfc0735cca6b82988f,data/synthetic/seadronessee_30m_to_80m/geometry_only/train/train_00051376.png,data/synthetic/seadronessee_30m_to_80m/calibrated/train/train_00051376.png
train:51508,train:7996,train,51508,7996,7996.jpg,3840,2160,1,swimmer,2660.0,1277.0,31.0,36.0,1116.0,34.29832733922585,42.2,mavic,NorthSea_Fri_DJI_0117.MP4,210,data/raw/seadronessee/odv2/images/train/7996.jpg,train,1493,1929,548,3422,2041,train_00051508,80.0,640,0.4286671131949096,313.3556597454789,312.49832551908906,13.288680509042196,15.432016075016744,205.07113123130085,1.0,8fe6c319c145bfe6c41b4bd884be5417741d8218678ea8dfc0735cca6b82988f,data/synthetic/seadronessee_30m_to_80m/geometry_only/train/train_00051508.png,data/synthetic/seadronessee_30m_to_80m/calibrated/train/train_00051508.png
val:38139,val:6693,val,38139,6693,6693.jpg,3840,2160,1,swimmer,1250.0,966.0,26.0,25.0,650.0,31.59845900640049,26.7,mavic,NorthSea_Fri_DJI_0114.MP4,6195,data/raw/seadronessee/odv2/images/val/6693.jpg,train,1620,453,168,2073,1788,val_00038139,80.0,640,0.3950617283950617,314.8641975308642,315.25925925925924,10.271604938271604,9.876543209876544,101.44795000762078,1.0,8fe6c319c145bfe6c41b4bd884be5417741d8218678ea8dfc0735cca6b82988f,data/synthetic/seadronessee_30m_to_80m/geometry_only/train/val_00038139.png,data/synthetic/seadronessee_30m_to_80m/calibrated/train/val_00038139.png
train:51730,train:8016,train,51730,8016,8016.jpg,3840,2160,1,swimmer,1258.0,760.0,29.0,37.0,1073.0,34.4983175861018,42.2,mavic,NorthSea_Fri_DJI_0117.MP4,510,data/raw/seadronessee/odv2/images/train/8016.jpg,train,1484,530,36,2014,1520,train_00051730,80.0,640,0.431266846361186,313.96226415094344,312.23719676549865,12.506738544474397,15.956873315363882,199.5684425425564,1.0,8fe6c319c145bfe6c41b4bd884be5417741d8218678ea8dfc0735cca6b82988f,data/synthetic/seadronessee_30m_to_80m/geometry_only/train/train_00051730.png,data/synthetic/seadronessee_30m_to_80m/calibrated/train/train_00051730.png
val:37989,val:6681,val,37989,6681,6681.jpg,3840,2160,1,swimmer,1754.0,947.0,15.0,21.0,315.0,31.79844925327644,26.7,mavic,NorthSea_Fri_DJI_0114.MP4,6015,data/raw/seadronessee/odv2/images/val/6681.jpg,train,1610,956,152,2566,1762,val_00037989,80.0,640,0.3975155279503105,317.2173913043478,316.0248447204969,5.962732919254658,8.347826086956522,49.77585741290845,1.0,8fe6c319c145bfe6c41b4bd884be5417741d8218678ea8dfc0735cca6b82988f,data/synthetic/seadronessee_30m_to_80m/geometry_only/train/val_00037989.png,data/synthetic/seadronessee_30m_to_80m/calibrated/train/val_00037989.png
val:38061,val:6687,val,38061,6687,6687.jpg,3840,2160,1,swimmer,1246.0,972.0,23.0,24.0,552.0,31.59845900640049,26.7,mavic,NorthSea_Fri_DJI_0114.MP4,6105,data/raw/seadronessee/odv2/images/val/6687.jpg,train,1620,448,174,2068,1794,val_00038061,80.0,640,0.3950617283950617,315.25925925925924,315.25925925925924,9.08641975308642,9.48148148148148,86.15272062185642,1.0,8fe6c319c145bfe6c41b4bd884be5417741d8218678ea8dfc0735cca6b82988f,data/synthetic/seadronessee_30m_to_80m/geometry_only/train/val_00038061.png,data/synthetic/seadronessee_30m_to_80m/calibrated/train/val_00038061.png
val:37682,val:6659,val,37682,6659,6659.jpg,3840,2160,1,swimmer,1874.0,1171.0,25.0,26.0,650.0,31.698454129838463,26.7,mavic,NorthSea_Fri_DJI_0114.MP4,5685,data/raw/seadronessee/odv2/images/val/6659.jpg,train,1615,1079,376,2694,1991,val_00037682,80.0,640,0.3962848297213622,315.046439628483,315.046439628483,9.907120743034056,10.303405572755418,102.0770830737379,1.0,8fe6c319c145bfe6c41b4bd884be5417741d8218678ea8dfc0735cca6b82988f,data/synthetic/seadronessee_30m_to_80m/geometry_only/train/val_00037682.png,data/synthetic/seadronessee_30m_to_80m/calibrated/train/val_00037682.png
val:72782,val:10450,val,72782,10450,10450.jpg,3840,2160,1,swimmer,2530.0,1274.0,48.0,61.0,2928.0,33.69835659859799,54.6,mavic,NorthSea_Sat_DJI_0126.MP4,6525,data/raw/seadronessee/odv2/images/val/10450.jpg,train,1519,1794,545,3313,2064,val_00072782,80.0,640,0.4213298222514812,310.0987491770902,307.1494404213298,20.2238314680711,25.701119157340354,519.7751023788649,1.0,8fe6c319c145bfe6c41b4bd884be5417741d8218678ea8dfc0735cca6b82988f,data/synthetic/seadronessee_30m_to_80m/geometry_only/train/val_00072782.png,data/synthetic/seadronessee_30m_to_80m/calibrated/train/val_00072782.png
val:37556,val:6649,val,37556,6649,6649.jpg,3840,2160,1,swimmer,1765.0,1095.0,58.0,22.0,1276.0,31.89844437671441,26.7,mavic,NorthSea_Fri_DJI_0114.MP4,5535,data/raw/seadronessee/odv2/images/val/6649.jpg,train,1605,992,304,2597,1909,val_00037556,80.0,640,0.3987538940809969,308.23676012461056,315.4143302180685,23.12772585669782,8.77258566978193,202.8899564251123,1.0,8fe6c319c145bfe6c41b4bd884be5417741d8218678ea8dfc0735cca6b82988f,data/synthetic/seadronessee_30m_to_80m/geometry_only/train/val_00037556.png,data/synthetic/seadronessee_30m_to_80m/calibrated/train/val_00037556.png
train:72093,train:10394,train,72093,10394,10394.jpg,3840,2160,1,swimmer,2315.0,1231.0,31.0,30.0,930.0,30.19852727826882,53.1,mavic,NorthSea_Sat_DJI_0126.MP4,5685,data/raw/seadronessee/odv2/images/train/10394.jpg,train,1695,1483,398,3178,2093,train_00072093,80.0,640,0.3775811209439528,314.1474926253687,314.52507374631267,11.705014749262537,11.327433628318584,132.58777769076147,1.0,8fe6c319c145bfe6c41b4bd884be5417741d8218678ea8dfc0735cca6b82988f,data/synthetic/seadronessee_30m_to_80m/geometry_only/train/train_00072093.png,data/synthetic/seadronessee_30m_to_80m/calibrated/train/train_00072093.png
train:51398,train:7986,train,51398,7986,7986.jpg,3840,2160,1,swimmer,2710.0,1115.0,43.0,44.0,1892.0,34.29832733922585,42.2,mavic,NorthSea_Fri_DJI_0117.MP4,60,data/raw/seadronessee/odv2/images/train/7986.jpg,train,1493,1985,390,3478,1883,train_00051398,80.0,640,0.4286671131949096,310.78365706630944,310.78365706630944,18.43268586738111,18.861352980576022,347.66539452475024,1.0,8fe6c319c145bfe6c41b4bd884be5417741d8218678ea8dfc0735cca6b82988f,data/synthetic/seadronessee_30m_to_80m/geometry_only/train/train_00051398.png,data/synthetic/seadronessee_30m_to_80m/calibrated/train/train_00051398.png
val:37795,val:6667,val,37795,6667,6667.jpg,3840,2160,1,swimmer,2199.0,1062.0,27.0,19.0,513.0,31.79844925327644,26.7,mavic,NorthSea_Fri_DJI_0114.MP4,5805,data/raw/seadronessee/odv2/images/val/6667.jpg,train,1610,1408,266,3018,1876,val_00037795,80.0,640,0.3975155279503105,314.4347826086956,316.4223602484472,10.732919254658384,7.5527950310559,81.06353921530804,1.0,8fe6c319c145bfe6c41b4bd884be5417741d8218678ea8dfc0735cca6b82988f,data/synthetic/seadronessee_30m_to_80m/geometry_only/train/val_00037795.png,data/synthetic/seadronessee_30m_to_80m/calibrated/train/val_00037795.png
train:51706,train:8014,train,51706,8014,8014.jpg,3840,2160,1,swimmer,1242.0,758.0,28.0,36.0,1008.0,34.4983175861018,42.2,mavic,NorthSea_Fri_DJI_0117.MP4,480,data/raw/seadronessee/odv2/images/train/8014.jpg,train,1484,514,34,1998,1518,train_00051706,80.0,640,0.431266846361186,313.96226415094344,312.23719676549865,12.075471698113208,15.525606469002696,187.4790215124854,1.0,8fe6c319c145bfe6c41b4bd884be5417741d8218678ea8dfc0735cca6b82988f,data/synthetic/seadronessee_30m_to_80m/geometry_only/train/train_00051706.png,data/synthetic/seadronessee_30m_to_80m/calibrated/train/train_00051706.png
val:37901,val:6675,val,37901,6675,6675.jpg,3840,2160,1,swimmer,1705.0,1006.0,33.0,24.0,792.0,31.79844925327644,26.7,mavic,NorthSea_Fri_DJI_0114.MP4,5925,data/raw/seadronessee/odv2/images/val/6675.jpg,train,1610,916,213,2526,1823,val_00037901,80.0,640,0.3975155279503105,313.639751552795,315.22981366459624,13.118012422360248,9.540372670807454,125.1507272095984,1.0,8fe6c319c145bfe6c41b4bd884be5417741d8218678ea8dfc0735cca6b82988f,data/synthetic/seadronessee_30m_to_80m/geometry_only/train/val_00037901.png,data/synthetic/seadronessee_30m_to_80m/calibrated/train/val_00037901.png
val:37928,val:6677,val,37928,6677,6677.jpg,3840,2160,1,swimmer,1516.0,1009.0,36.0,24.0,864.0,31.79844925327644,26.7,mavic,NorthSea_Fri_DJI_0114.MP4,5955,data/raw/seadronessee/odv2/images/val/6677.jpg,train,1610,729,216,2339,1826,val_00037928,80.0,640,0.3975155279503105,312.8447204968944,315.22981366459624,14.31055900621118,9.540372670807454,136.5280660468346,1.0,8fe6c319c145bfe6c41b4bd884be5417741d8218678ea8dfc0735cca6b82988f,data/synthetic/seadronessee_30m_to_80m/geometry_only/train/val_00037928.png,data/synthetic/seadronessee_30m_to_80m/calibrated/train/val_00037928.png
train:37081,train:6601,train,37081,6601,6601.jpg,3840,2160,1,swimmer,2333.0,846.0,38.0,35.0,1330.0,31.698454129838463,29.4,mavic,NorthSea_Fri_DJI_0114.MP4,4815,data/raw/seadronessee/odv2/images/train/6601.jpg,train,1615,1544,56,3159,1671,train_00037081,80.0,640,0.3962848297213622,312.6687306501548,313.0650154798762,15.058823529411766,13.869969040247678,208.86541613549448,1.0,8fe6c319c145bfe6c41b4bd884be5417741d8218678ea8dfc0735cca6b82988f,data/synthetic/seadronessee_30m_to_80m/geometry_only/train/train_00037081.png,data/synthetic/seadronessee_30m_to_80m/calibrated/train/train_00037081.png
val:37732,val:6663,val,37732,6663,6663.jpg,3840,2160,1,swimmer,2300.0,956.0,55.0,27.0,1485.0,31.698454129838463,26.7,mavic,NorthSea_Fri_DJI_0114.MP4,5745,data/raw/seadronessee/odv2/images/val/6663.jpg,train,1615,1520,162,3135,1777,val_00037732,80.0,640,0.3962848297213622,309.1021671826626,314.6501547987616,21.79566563467493,10.69969040247678,233.2068744069243,1.0,8fe6c319c145bfe6c41b4bd884be5417741d8218678ea8dfc0735cca6b82988f,data/synthetic/seadronessee_30m_to_80m/geometry_only/train/val_00037732.png,data/synthetic/seadronessee_30m_to_80m/calibrated/train/val_00037732.png
train:36716,train:6569,train,36716,6569,6569.jpg,3840,2160,1,swimmer,2148.0,996.0,21.0,14.0,294.0,31.89844437671441,22.0,mavic,NorthSea_Fri_DJI_0114.MP4,4335,data/raw/seadronessee/odv2/images/train/6569.jpg,train,1605,1356,200,2961,1805,train_00036716,80.0,640,0.3987538940809969,315.8130841121495,317.4080996884735,8.373831775700934,5.582554517133956,46.74737240515911,1.0,8fe6c319c145bfe6c41b4bd884be5417741d8218678ea8dfc0735cca6b82988f,data/synthetic/seadronessee_30m_to_80m/geometry_only/train/train_00036716.png,data/synthetic/seadronessee_30m_to_80m/calibrated/train/train_00036716.png
train:37204,train:6613,train,37204,6613,6613.jpg,3840,2160,1,swimmer,1629.0,903.0,80.0,50.0,4000.0,31.698454129838463,36.7,mavic,NorthSea_Fri_DJI_0114.MP4,4995,data/raw/seadronessee/odv2/images/train/6613.jpg,train,1615,862,120,2477,1735,train_00037204,80.0,640,0.3962848297213622,303.9504643962849,310.2910216718266,31.702786377708986,19.814241486068116,628.1666650691564,1.0,8fe6c319c145bfe6c41b4bd884be5417741d8218678ea8dfc0735cca6b82988f,data/synthetic/seadronessee_30m_to_80m/geometry_only/train/train_00037204.png,data/synthetic/seadronessee_30m_to_80m/calibrated/train/train_00037204.png
val:72750,val:10448,val,72750,10448,10448.jpg,3840,2160,1,swimmer,1953.0,1226.0,70.0,56.0,3920.0,32.29842487046632,54.6,mavic,NorthSea_Sat_DJI_0126.MP4,6495,data/raw/seadronessee/odv2/images/val/10448.jpg,train,1585,1196,462,2781,2047,val_00072750,80.0,640,0.4037854889589905,305.6656151419558,308.4921135646688,28.264984227129336,22.611987381703468,639.1274666878961,1.0,8fe6c319c145bfe6c41b4bd884be5417741d8218678ea8dfc0735cca6b82988f,data/synthetic/seadronessee_30m_to_80m/geometry_only/train/val_00072750.png,data/synthetic/seadronessee_30m_to_80m/calibrated/train/val_00072750.png
train:36899,train:6583,train,36899,6583,6583.jpg,3840,2160,1,swimmer,2014.0,960.0,53.0,21.0,1113.0,31.79844925327644,22.0,mavic,NorthSea_Fri_DJI_0114.MP4,4545,data/raw/seadronessee/odv2/images/train/6583.jpg,train,1610,1236,166,2846,1776,train_00036899,80.0,640,0.3975155279503105,309.2670807453416,315.62732919254654,21.068322981366457,8.347826086956522,175.8746961922765,1.0,8fe6c319c145bfe6c41b4bd884be5417741d8218678ea8dfc0735cca6b82988f,data/synthetic/seadronessee_30m_to_80m/geometry_only/train/train_00036899.png,data/synthetic/seadronessee_30m_to_80m/calibrated/train/train_00036899.png
train:37067,train:6599,train,37067,6599,6599.jpg,3840,2160,1,swimmer,1999.0,1047.0,27.0,23.0,621.0,31.79844925327644,29.4,mavic,NorthSea_Fri_DJI_0114.MP4,4785,data/raw/seadronessee/odv2/images/train/6599.jpg,train,1610,1208,254,2818,1864,train_00037067,80.0,640,0.3975155279503105,314.4347826086956,315.22981366459624,10.732919254658384,9.142857142857142,98.12954747116235,1.0,8fe6c319c145bfe6c41b4bd884be5417741d8218678ea8dfc0735cca6b82988f,data/synthetic/seadronessee_30m_to_80m/geometry_only/train/train_00037067.png,data/synthetic/seadronessee_30m_to_80m/calibrated/train/train_00037067.png
train:51523,train:7998,train,51523,7998,7998.jpg,3840,2160,1,swimmer,1098.0,870.0,30.0,35.0,1050.0,34.29832733922585,42.2,mavic,NorthSea_Fri_DJI_0117.MP4,240,data/raw/seadronessee/odv2/images/train/7998.jpg,train,1493,366,141,1859,1634,train_00051523,80.0,640,0.4286671131949096,313.7843268586738,312.49832551908906,12.860013395847288,15.003348961821835,192.9432686316003,1.0,8fe6c319c145bfe6c41b4bd884be5417741d8218678ea8dfc0735cca6b82988f,data/synthetic/seadronessee_30m_to_80m/geometry_only/train/train_00051523.png,data/synthetic/seadronessee_30m_to_80m/calibrated/train/train_00051523.png
val:38036,val:6685,val,38036,6685,6685.jpg,3840,2160,1,swimmer,1281.0,940.0,30.0,21.0,630.0,31.59845900640049,26.7,mavic,NorthSea_Fri_DJI_0114.MP4,6075,data/raw/seadronessee/odv2/images/val/6685.jpg,train,1620,486,140,2106,1760,val_00038036,80.0,640,0.3950617283950617,314.0740740740741,316.04938271604937,11.851851851851851,8.296296296296296,98.3264746227709,1.0,8fe6c319c145bfe6c41b4bd884be5417741d8218678ea8dfc0735cca6b82988f,data/synthetic/seadronessee_30m_to_80m/geometry_only/train/val_00038036.png,data/synthetic/seadronessee_30m_to_80m/calibrated/train/val_00038036.png
val:38008,val:6683,val,38008,6683,6683.jpg,3840,2160,1,swimmer,1456.0,956.0,24.0,17.0,408.0,31.59845900640049,26.7,mavic,NorthSea_Fri_DJI_0114.MP4,6045,data/raw/seadronessee/odv2/images/val/6683.jpg,train,1620,658,154,2278,1774,val_00038008,80.0,640,0.3950617283950617,315.25925925925924,316.8395061728395,9.48148148148148,6.716049382716049,63.67809785093735,1.0,8fe6c319c145bfe6c41b4bd884be5417741d8218678ea8dfc0735cca6b82988f,data/synthetic/seadronessee_30m_to_80m/geometry_only/train/val_00038008.png,data/synthetic/seadronessee_30m_to_80m/calibrated/train/val_00038008.png
val:37610,val:6653,val,37610,6653,6653.jpg,3840,2160,1,swimmer,1703.0,1255.0,42.0,31.0,1302.0,31.89844437671441,26.7,mavic,NorthSea_Fri_DJI_0114.MP4,5595,data/raw/seadronessee/odv2/images/val/6653.jpg,train,1605,922,468,2527,2073,val_00037610,80.0,640,0.3987538940809969,311.42679127725853,313.81931464174454,16.747663551401867,12.361370716510905,207.024077794276,1.0,8fe6c319c145bfe6c41b4bd884be5417741d8218678ea8dfc0735cca6b82988f,data/synthetic/seadronessee_30m_to_80m/geometry_only/train/val_00037610.png,data/synthetic/seadronessee_30m_to_80m/calibrated/train/val_00037610.png
val:37473,val:6641,val,37473,6641,6641.jpg,3840,2160,1,swimmer,1536.0,1315.0,62.0,39.0,2418.0,31.698454129838463,26.7,mavic,NorthSea_Fri_DJI_0114.MP4,5415,data/raw/seadronessee/odv2/images/val/6641.jpg,train,1615,760,527,2375,2142,val_00037473,80.0,640,0.3962848297213622,307.5170278637771,312.27244582043346,24.56965944272446,15.455108359133128,379.726749034305,1.0,8fe6c319c145bfe6c41b4bd884be5417741d8218678ea8dfc0735cca6b82988f,data/synthetic/seadronessee_30m_to_80m/geometry_only/train/val_00037473.png,data/synthetic/seadronessee_30m_to_80m/calibrated/train/val_00037473.png
val:38088,val:6689,val,38088,6689,6689.jpg,3840,2160,1,swimmer,1278.0,942.0,26.0,19.0,494.0,31.59845900640049,26.7,mavic,NorthSea_Fri_DJI_0114.MP4,6135,data/raw/seadronessee/odv2/images/val/6689.jpg,train,1620,481,142,2101,1762,val_00038088,80.0,640,0.3950617283950617,314.8641975308642,316.04938271604937,10.271604938271604,7.506172839506172,77.10044200579179,1.0,8fe6c319c145bfe6c41b4bd884be5417741d8218678ea8dfc0735cca6b82988f,data/synthetic/seadronessee_30m_to_80m/geometry_only/train/val_00038088.png,data/synthetic/seadronessee_30m_to_80m/calibrated/train/val_00038088.png
train:37330,train:6627,train,37330,6627,6627.jpg,3840,2160,1,swimmer,1685.0,1107.0,107.0,43.0,4601.0,31.398468759524533,36.7,mavic,NorthSea_Fri_DJI_0114.MP4,5205,data/raw/seadronessee/odv2/images/train/6627.jpg,train,1631,923,313,2554,1944,train_00037330,80.0,640,0.3923973022685469,299.00674432863275,311.56345800122625,41.98651134273452,16.873083997547518,708.4419326499411,1.0,8fe6c319c145bfe6c41b4bd884be5417741d8218678ea8dfc0735cca6b82988f,data/synthetic/seadronessee_30m_to_80m/geometry_only/train/train_00037330.png,data/synthetic/seadronessee_30m_to_80m/calibrated/train/train_00037330.png
train:37124,train:6605,train,37124,6605,6605.jpg,3840,2160,1,swimmer,1687.0,1219.0,54.0,45.0,2430.0,31.79844925327644,29.4,mavic,NorthSea_Fri_DJI_0114.MP4,4875,data/raw/seadronessee/odv2/images/train/6605.jpg,train,1610,909,436,2519,2046,train_00037124,80.0,640,0.3975155279503105,309.2670807453416,311.25465838509314,21.465838509316768,17.888198757763973,383.9851857567223,1.0,8fe6c319c145bfe6c41b4bd884be5417741d8218678ea8dfc0735cca6b82988f,data/synthetic/seadronessee_30m_to_80m/geometry_only/train/train_00037124.png,data/synthetic/seadronessee_30m_to_80m/calibrated/train/train_00037124.png
train:37046,train:6597,train,37046,6597,6597.jpg,3840,2160,1,swimmer,1951.0,911.0,26.0,18.0,468.0,31.79844925327644,29.4,mavic,NorthSea_Fri_DJI_0114.MP4,4755,data/raw/seadronessee/odv2/images/train/6597.jpg,train,1610,1159,115,2769,1725,train_00037046,80.0,640,0.3975155279503105,314.83229813664593,316.4223602484472,10.335403726708076,7.155279503105589,73.9527024420354,1.0,8fe6c319c145bfe6c41b4bd884be5417741d8218678ea8dfc0735cca6b82988f,data/synthetic/seadronessee_30m_to_80m/geometry_only/train/train_00037046.png,data/synthetic/seadronessee_30m_to_80m/calibrated/train/train_00037046.png
train:36874,train:6581,train,36874,6581,6581.jpg,3840,2160,1,swimmer,2000.0,1115.0,42.0,30.0,1260.0,31.79844925327644,22.0,mavic,NorthSea_Fri_DJI_0114.MP4,4515,data/raw/seadronessee/odv2/images/train/6581.jpg,train,1610,1216,325,2826,1935,train_00036874,80.0,640,0.3975155279503105,311.65217391304344,314.0372670807453,16.695652173913043,11.925465838509316,199.1034296516338,1.0,8fe6c319c145bfe6c41b4bd884be5417741d8218678ea8dfc0735cca6b82988f,data/synthetic/seadronessee_30m_to_80m/geometry_only/train/train_00036874.png,data/synthetic/seadronessee_30m_to_80m/calibrated/train/train_00036874.png
val:38186,val:6697,val,38186,6697,6697.jpg,3840,2160,1,swimmer,1652.0,951.0,47.0,23.0,1081.0,31.59845900640049,26.7,mavic,NorthSea_Fri_DJI_0114.MP4,6255,data/raw/seadronessee/odv2/images/val/6697.jpg,train,1620,866,152,2486,1772,val_00038186,80.0,640,0.3950617283950617,310.5185185185185,315.6543209876544,18.5679012345679,9.08641975308642,168.71574455113546,1.0,8fe6c319c145bfe6c41b4bd884be5417741d8218678ea8dfc0735cca6b82988f,data/synthetic/seadronessee_30m_to_80m/geometry_only/train/val_00038186.png,data/synthetic/seadronessee_30m_to_80m/calibrated/train/val_00038186.png
train:36692,train:6567,train,36692,6567,6567.jpg,3840,2160,1,swimmer,2154.0,1101.0,30.0,27.0,810.0,31.698454129838463,22.0,mavic,NorthSea_Fri_DJI_0114.MP4,4305,data/raw/seadronessee/odv2/images/train/6567.jpg,train,1615,1362,307,2977,1922,train_00036692,80.0,640,0.3962848297213622,313.8575851393189,314.6501547987616,11.888544891640867,10.69969040247678,127.20374967650416,1.0,8fe6c319c145bfe6c41b4bd884be5417741d8218678ea8dfc0735cca6b82988f,data/synthetic/seadronessee_30m_to_80m/geometry_only/train/train_00036692.png,data/synthetic/seadronessee_30m_to_80m/calibrated/train/train_00036692.png
val:38219,val:6699,val,38219,6699,6699.jpg,3840,2160,1,swimmer,1107.0,999.0,51.0,23.0,1173.0,31.59845900640049,26.7,mavic,NorthSea_Fri_DJI_0114.MP4,6285,data/raw/seadronessee/odv2/images/val/6699.jpg,train,1620,322,200,1942,1820,val_00038219,80.0,640,0.3950617283950617,310.12345679012344,315.6543209876544,20.148148148148145,9.08641975308642,183.07453132144485,1.0,8fe6c319c145bfe6c41b4bd884be5417741d8218678ea8dfc0735cca6b82988f,data/synthetic/seadronessee_30m_to_80m/geometry_only/train/val_00038219.png,data/synthetic/seadronessee_30m_to_80m/calibrated/train/val_00038219.png
train:37162,train:6609,train,37162,6609,6609.jpg,3840,2160,1,swimmer,1655.0,1095.0,46.0,28.0,1288.0,31.698454129838463,36.7,mavic,NorthSea_Fri_DJI_0114.MP4,4935,data/raw/seadronessee/odv2/images/train/6609.jpg,train,1615,870,302,2485,1917,train_00037162,80.0,640,0.3962848297213622,311.08359133126936,314.25386996904024,18.229102167182663,11.095975232198144,202.26966615226831,1.0,8fe6c319c145bfe6c41b4bd884be5417741d8218678ea8dfc0735cca6b82988f,data/synthetic/seadronessee_30m_to_80m/geometry_only/train/train_00037162.png,data/synthetic/seadronessee_30m_to_80m/calibrated/train/train_00037162.png
train:52803,train:8114,train,52803,8114,8114.jpg,3840,2160,1,swimmer,1982.0,1016.0,56.0,35.0,1960.0,34.29832733922585,39.7,mavic,NorthSea_Fri_DJI_0117.MP4,1995,data/raw/seadronessee/odv2/images/train/8114.jpg,train,1493,1264,287,2757,1780,train_00052803,80.0,640,0.4286671131949096,307.7829872739451,312.49832551908906,24.005358338914935,15.003348961821835,360.16076811232057,1.0,8fe6c319c145bfe6c41b4bd884be5417741d8218678ea8dfc0735cca6b82988f,data/synthetic/seadronessee_30m_to_80m/geometry_only/train/train_00052803.png,data/synthetic/seadronessee_30m_to_80m/calibrated/train/train_00052803.png
val:72804,val:10452,val,72804,10452,10452.jpg,3840,2160,1,swimmer,2384.0,1319.0,47.0,54.0,2538.0,33.79835172203596,54.6,mavic,NorthSea_Sat_DJI_0126.MP4,6555,data/raw/seadronessee/odv2/images/val/10452.jpg,train,1515,1650,588,3165,2103,val_00072804,80.0,640,0.4224422442244224,310.0726072607261,308.80528052805283,19.854785478547853,22.81188118811881,452.9250073522204,1.0,8fe6c319c145bfe6c41b4bd884be5417741d8218678ea8dfc0735cca6b82988f,data/synthetic/seadronessee_30m_to_80m/geometry_only/train/val_00072804.png,data/synthetic/seadronessee_30m_to_80m/calibrated/train/val_00072804.png
train:37347,train:6629,train,37347,6629,6629.jpg,3840,2160,1,swimmer,1584.0,924.0,27.0,34.0,918.0,31.698454129838463,36.7,mavic,NorthSea_Fri_DJI_0114.MP4,5235,data/raw/seadronessee/odv2/images/train/6629.jpg,train,1615,790,134,2405,1749,train_00037347,80.0,640,0.3962848297213622,314.6501547987616,313.0650154798762,10.69969040247678,13.473684210526317,144.16424963337138,1.0,8fe6c319c145bfe6c41b4bd884be5417741d8218678ea8dfc0735cca6b82988f,data/synthetic/seadronessee_30m_to_80m/geometry_only/train/train_00037347.png,data/synthetic/seadronessee_30m_to_80m/calibrated/train/train_00037347.png
train:51759,train:8018,train,51759,8018,8018.jpg,3840,2160,1,swimmer,2488.0,1255.0,32.0,30.0,960.0,34.4983175861018,42.2,mavic,NorthSea_Fri_DJI_0117.MP4,540,data/raw/seadronessee/odv2/images/train/8018.jpg,train,1484,1762,528,3246,2012,train_00051759,80.0,640,0.431266846361186,313.099730458221,313.53099730458223,13.800539083557952,12.93800539083558,178.5514490595099,1.0,8fe6c319c145bfe6c41b4bd884be5417741d8218678ea8dfc0735cca6b82988f,data/synthetic/seadronessee_30m_to_80m/geometry_only/train/train_00051759.png,data/synthetic/seadronessee_30m_to_80m/calibrated/train/train_00051759.png
train:36515,train:6553,train,36515,6553,6553.jpg,3840,2160,1,swimmer,2320.0,809.0,26.0,22.0,572.0,31.698454129838463,24.0,mavic,NorthSea_Fri_DJI_0114.MP4,4095,data/raw/seadronessee/odv2/images/train/6553.jpg,train,1615,1526,12,3141,1627,train_00036515,80.0,640,0.3962848297213622,314.6501547987616,315.8390092879257,10.303405572755418,8.71826625386997,89.82783310488935,1.0,8fe6c319c145bfe6c41b4bd884be5417741d8218678ea8dfc0735cca6b82988f,data/synthetic/seadronessee_30m_to_80m/geometry_only/train/train_00036515.png,data/synthetic/seadronessee_30m_to_80m/calibrated/train/train_00036515.png
train:37182,train:6611,train,37182,6611,6611.jpg,3840,2160,1,swimmer,1626.0,1154.0,54.0,28.0,1512.0,31.698454129838463,36.7,mavic,NorthSea_Fri_DJI_0114.MP4,4965,data/raw/seadronessee/odv2/images/train/6611.jpg,train,1615,846,360,2461,1975,train_00037182,80.0,640,0.3962848297213622,309.1021671826626,314.6501547987616,21.39938080495356,11.095975232198144,237.44699939614108,1.0,8fe6c319c145bfe6c41b4bd884be5417741d8218678ea8dfc0735cca6b82988f,data/synthetic/seadronessee_30m_to_80m/geometry_only/train/train_00037182.png,data/synthetic/seadronessee_30m_to_80m/calibrated/train/train_00037182.png
val:37851,val:6671,val,37851,6671,6671.jpg,3840,2160,1,swimmer,2208.0,1034.0,35.0,25.0,875.0,31.89844437671441,26.7,mavic,NorthSea_Fri_DJI_0114.MP4,5865,data/raw/seadronessee/odv2/images/val/6671.jpg,train,1605,1423,244,3028,1849,val_00037851,80.0,640,0.3987538940809969,313.0218068535825,315.01557632398755,13.95638629283489,9.96884735202492,139.129084539164,1.0,8fe6c319c145bfe6c41b4bd884be5417741d8218678ea8dfc0735cca6b82988f,data/synthetic/seadronessee_30m_to_80m/geometry_only/train/val_00037851.png,data/synthetic/seadronessee_30m_to_80m/calibrated/train/val_00037851.png
train:36492,train:6551,train,36492,6551,6551.jpg,3840,2160,1,swimmer,2658.0,960.0,29.0,24.0,696.0,33.69835659859799,24.0,mavic,NorthSea_Fri_DJI_0114.MP4,4065,data/raw/seadronessee/odv2/images/train/6551.jpg,train,1519,1913,212,3432,1731,train_00036492,80.0,640,0.4213298222514812,313.89071757735354,315.154707044108,12.218564845292956,10.11191573403555,123.5530981064515,1.0,8fe6c319c145bfe6c41b4bd884be5417741d8218678ea8dfc0735cca6b82988f,data/synthetic/seadronessee_30m_to_80m/geometry_only/train/train_00036492.png,data/synthetic/seadronessee_30m_to_80m/calibrated/train/train_00036492.png
val:37767,val:6665,val,37767,6665,6665.jpg,3840,2160,1,swimmer,2184.0,1053.0,34.0,24.0,816.0,31.698454129838463,26.7,mavic,NorthSea_Fri_DJI_0114.MP4,5775,data/raw/seadronessee/odv2/images/val/6665.jpg,train,1615,1394,258,3009,1873,val_00037767,80.0,640,0.3962848297213622,313.0650154798762,315.046439628483,13.473684210526317,9.510835913312691,128.14599967410788,1.0,8fe6c319c145bfe6c41b4bd884be5417741d8218678ea8dfc0735cca6b82988f,data/synthetic/seadronessee_30m_to_80m/geometry_only/train/val_00037767.png,data/synthetic/seadronessee_30m_to_80m/calibrated/train/val_00037767.png
train:36742,train:6571,train,36742,6571,6571.jpg,3840,2160,1,swimmer,2138.0,985.0,23.0,15.0,345.0,31.99843950015239,22.0,mavic,NorthSea_Fri_DJI_0114.MP4,4365,data/raw/seadronessee/odv2/images/train/6571.jpg,train,1600,1350,192,2950,1792,train_00036742,80.0,640,0.4,315.20000000000005,317.20000000000005,9.2,6.0,55.2,1.0,8fe6c319c145bfe6c41b4bd884be5417741d8218678ea8dfc0735cca6b82988f,data/synthetic/seadronessee_30m_to_80m/geometry_only/train/train_00036742.png,data/synthetic/seadronessee_30m_to_80m/calibrated/train/train_00036742.png
train:36772,train:6573,train,36772,6573,6573.jpg,3840,2160,1,swimmer,2053.0,1161.0,18.0,18.0,324.0,31.89844437671441,22.0,mavic,NorthSea_Fri_DJI_0114.MP4,4395,data/raw/seadronessee/odv2/images/train/6573.jpg,train,1605,1260,368,2865,1973,train_00036772,80.0,640,0.3987538940809969,316.2118380062305,316.2118380062305,7.177570093457944,7.177570093457944,51.51751244650188,1.0,8fe6c319c145bfe6c41b4bd884be5417741d8218678ea8dfc0735cca6b82988f,data/synthetic/seadronessee_30m_to_80m/geometry_only/train/train_00036772.png,data/synthetic/seadronessee_30m_to_80m/calibrated/train/train_00036772.png
train:36645,train:6563,train,36645,6563,6563.jpg,3840,2160,1,swimmer,2090.0,983.0,23.0,22.0,506.0,31.59845900640049,22.0,mavic,NorthSea_Fri_DJI_0114.MP4,4245,data/raw/seadronessee/odv2/images/train/6563.jpg,train,1620,1292,184,2912,1804,train_00036645,80.0,640,0.3950617283950617,315.25925925925924,315.6543209876544,9.08641975308642,8.691358024691358,78.9733272367017,1.0,8fe6c319c145bfe6c41b4bd884be5417741d8218678ea8dfc0735cca6b82988f,data/synthetic/seadronessee_30m_to_80m/geometry_only/train/train_00036645.png,data/synthetic/seadronessee_30m_to_80m/calibrated/train/train_00036645.png
train:72123,train:10396,train,72123,10396,10396.jpg,3840,2160,1,swimmer,2239.0,1230.0,34.0,35.0,1190.0,34.098337092349894,54.6,mavic,NorthSea_Sat_DJI_0126.MP4,5715,data/raw/seadronessee/odv2/images/train/10396.jpg,train,1502,1505,496,3007,1998,train_00072123,80.0,640,0.4260985352862849,312.7563249001332,312.7563249001332,14.487350199733688,14.913448735019973,216.05635451000973,1.0,8fe6c319c145bfe6c41b4bd884be5417741d8218678ea8dfc0735cca6b82988f,data/synthetic/seadronessee_30m_to_80m/geometry_only/train/train_00072123.png,data/synthetic/seadronessee_30m_to_80m/calibrated/train/train_00072123.png
val:37707,val:6661,val,37707,6661,6661.jpg,3840,2160,1,swimmer,1725.0,925.0,25.0,22.0,550.0,31.59845900640049,26.7,mavic,NorthSea_Fri_DJI_0114.MP4,5715,data/raw/seadronessee/odv2/images/val/6661.jpg,train,1620,928,126,2548,1746,val_00037707,80.0,640,0.3950617283950617,314.8641975308642,315.6543209876544,9.876543209876544,8.691358024691358,85.84057308337142,1.0,8fe6c319c145bfe6c41b4bd884be5417741d8218678ea8dfc0735cca6b82988f,data/synthetic/seadronessee_30m_to_80m/geometry_only/train/val_00037707.png,data/synthetic/seadronessee_30m_to_80m/calibrated/train/val_00037707.png
val:37512,val:6645,val,37512,6645,6645.jpg,3840,2160,1,swimmer,1741.0,1094.0,53.0,25.0,1325.0,31.79844925327644,26.7,mavic,NorthSea_Fri_DJI_0114.MP4,5475,data/raw/seadronessee/odv2/images/val/6645.jpg,train,1610,962,302,2572,1912,val_00037512,80.0,640,0.3975155279503105,309.6645962732919,314.83229813664593,21.068322981366457,9.937888198757763,209.3746383241387,1.0,8fe6c319c145bfe6c41b4bd884be5417741d8218678ea8dfc0735cca6b82988f,data/synthetic/seadronessee_30m_to_80m/geometry_only/train/val_00037512.png,data/synthetic/seadronessee_30m_to_80m/calibrated/train/val_00037512.png
train:36668,train:6565,train,36668,6565,6565.jpg,3840,2160,1,swimmer,2213.0,1126.0,26.0,18.0,468.0,31.59845900640049,22.0,mavic,NorthSea_Fri_DJI_0114.MP4,4275,data/raw/seadronessee/odv2/images/train/6565.jpg,train,1620,1416,325,3036,1945,train_00036668,80.0,640,0.3950617283950617,314.8641975308642,316.4444444444444,10.271604938271604,7.111111111111111,73.04252400548695,1.0,8fe6c319c145bfe6c41b4bd884be5417741d8218678ea8dfc0735cca6b82988f,data/synthetic/seadronessee_30m_to_80m/geometry_only/train/train_00036668.png,data/synthetic/seadronessee_30m_to_80m/calibrated/train/train_00036668.png
val:38165,val:6695,val,38165,6695,6695.jpg,3840,2160,1,swimmer,1249.0,966.0,23.0,23.0,529.0,31.59845900640049,26.7,mavic,NorthSea_Fri_DJI_0114.MP4,6225,data/raw/seadronessee/odv2/images/val/6695.jpg,train,1620,450,168,2070,1788,val_00038165,80.0,640,0.3950617283950617,315.6543209876544,315.25925925925924,9.08641975308642,9.08641975308642,82.56302392927907,1.0,8fe6c319c145bfe6c41b4bd884be5417741d8218678ea8dfc0735cca6b82988f,data/synthetic/seadronessee_30m_to_80m/geometry_only/train/val_00038165.png,data/synthetic/seadronessee_30m_to_80m/calibrated/train/val_00038165.png
train:36797,train:6575,train,36797,6575,6575.jpg,3840,2160,1,swimmer,2180.0,1168.0,44.0,28.0,1232.0,31.89844437671441,22.0,mavic,NorthSea_Fri_DJI_0114.MP4,4425,data/raw/seadronessee/odv2/images/train/6575.jpg,train,1605,1400,380,3005,1985,train_00036797,80.0,640,0.3987538940809969,311.02803738317755,314.2180685358255,17.54517133956386,11.165109034267912,195.89375103114293,1.0,8fe6c319c145bfe6c41b4bd884be5417741d8218678ea8dfc0735cca6b82988f,data/synthetic/seadronessee_30m_to_80m/geometry_only/train/train_00036797.png,data/synthetic/seadronessee_30m_to_80m/calibrated/train/train_00036797.png
val:37818,val:6669,val,37818,6669,6669.jpg,3840,2160,1,swimmer,1584.0,1191.0,46.0,21.0,966.0,31.79844925327644,26.7,mavic,NorthSea_Fri_DJI_0114.MP4,5835,data/raw/seadronessee/odv2/images/val/6669.jpg,train,1610,802,396,2412,2006,val_00037818,80.0,640,0.3975155279503105,310.85714285714283,316.0248447204969,18.285714285714285,8.347826086956522,152.64596273291923,1.0,8fe6c319c145bfe6c41b4bd884be5417741d8218678ea8dfc0735cca6b82988f,data/synthetic/seadronessee_30m_to_80m/geometry_only/train/val_00037818.png,data/synthetic/seadronessee_30m_to_80m/calibrated/train/val_00037818.png
train:36563,train:6557,train,36563,6557,6557.jpg,3840,2160,1,swimmer,2333.0,949.0,24.0,17.0,408.0,31.89844437671441,22.0,mavic,NorthSea_Fri_DJI_0114.MP4,4155,data/raw/seadronessee/odv2/images/train/6557.jpg,train,1605,1542,155,3147,1760,train_00036563,80.0,640,0.3987538940809969,315.4143302180685,316.61059190031153,9.570093457943925,6.778816199376947,64.87390456226161,1.0,8fe6c319c145bfe6c41b4bd884be5417741d8218678ea8dfc0735cca6b82988f,data/synthetic/seadronessee_30m_to_80m/geometry_only/train/train_00036563.png,data/synthetic/seadronessee_30m_to_80m/calibrated/train/train_00036563.png
val:37492,val:6643,val,37492,6643,6643.jpg,3840,2160,1,swimmer,1827.0,1028.0,28.0,24.0,672.0,31.698454129838463,26.7,mavic,NorthSea_Fri_DJI_0114.MP4,5445,data/raw/seadronessee/odv2/images/val/6643.jpg,train,1615,1034,232,2649,1847,val_00037492,80.0,640,0.3962848297213622,314.25386996904024,315.44272445820434,11.095975232198144,9.510835913312691,105.53199973161824,1.0,8fe6c319c145bfe6c41b4bd884be5417741d8218678ea8dfc0735cca6b82988f,data/synthetic/seadronessee_30m_to_80m/geometry_only/train/val_00037492.png,data/synthetic/seadronessee_30m_to_80m/calibrated/train/val_00037492.png
train:36585,train:6559,train,36585,6559,6559.jpg,3840,2160,1,swimmer,2454.0,884.0,45.0,21.0,945.0,31.79844925327644,22.0,mavic,NorthSea_Fri_DJI_0114.MP4,4185,data/raw/seadronessee/odv2/images/train/6559.jpg,train,1610,1672,90,3282,1700,train_00036585,80.0,640,0.3975155279503105,310.85714285714283,315.62732919254654,17.888198757763973,8.347826086956522,149.32757223872534,1.0,8fe6c319c145bfe6c41b4bd884be5417741d8218678ea8dfc0735cca6b82988f,data/synthetic/seadronessee_30m_to_80m/geometry_only/train/train_00036585.png,data/synthetic/seadronessee_30m_to_80m/calibrated/train/train_00036585.png
val:37658,val:6657,val,37658,6657,6657.jpg,3840,2160,1,swimmer,1954.0,1239.0,27.0,29.0,783.0,31.89844437671441,26.7,mavic,NorthSea_Fri_DJI_0114.MP4,5655,data/raw/seadronessee/odv2/images/val/6657.jpg,train,1605,1165,451,2770,2056,val_00037658,80.0,640,0.3987538940809969,314.6168224299065,314.2180685358255,10.766355140186915,11.56386292834891,124.5006550790462,1.0,8fe6c319c145bfe6c41b4bd884be5417741d8218678ea8dfc0735cca6b82988f,data/synthetic/seadronessee_30m_to_80m/geometry_only/train/val_00037658.png,data/synthetic/seadronessee_30m_to_80m/calibrated/train/val_00037658.png
val:38112,val:6691,val,38112,6691,6691.jpg,3840,2160,1,swimmer,1467.0,950.0,22.0,15.0,330.0,31.59845900640049,26.7,mavic,NorthSea_Fri_DJI_0114.MP4,6165,data/raw/seadronessee/odv2/images/val/6691.jpg,train,1620,668,148,2288,1768,val_00038112,80.0,640,0.3950617283950617,315.6543209876544,316.8395061728395,8.691358024691358,5.925925925925926,51.504343850022856,1.0,8fe6c319c145bfe6c41b4bd884be5417741d8218678ea8dfc0735cca6b82988f,data/synthetic/seadronessee_30m_to_80m/geometry_only/train/val_00038112.png,data/synthetic/seadronessee_30m_to_80m/calibrated/train/val_00038112.png
val:37540,val:6647,val,37540,6647,6647.jpg,3840,2160,1,swimmer,1645.0,1278.0,26.0,33.0,858.0,31.89844437671441,26.7,mavic,NorthSea_Fri_DJI_0114.MP4,5505,data/raw/seadronessee/odv2/images/val/6647.jpg,train,1605,856,492,2461,2097,val_00037540,80.0,640,0.3987538940809969,314.6168224299065,313.4205607476636,10.367601246105918,13.158878504672897,136.42600518240312,1.0,8fe6c319c145bfe6c41b4bd884be5417741d8218678ea8dfc0735cca6b82988f,data/synthetic/seadronessee_30m_to_80m/geometry_only/train/val_00037540.png,data/synthetic/seadronessee_30m_to_80m/calibrated/train/val_00037540.png
val:37632,val:6655,val,37632,6655,6655.jpg,3840,2160,1,swimmer,1934.0,1178.0,45.0,23.0,1035.0,31.89844437671441,26.7,mavic,NorthSea_Fri_DJI_0114.MP4,5625,data/raw/seadronessee/odv2/images/val/6655.jpg,train,1605,1154,387,2759,1992,val_00037632,80.0,640,0.3987538940809969,311.02803738317755,315.4143302180685,17.94392523364486,9.171339563862928,164.5698314263254,1.0,8fe6c319c145bfe6c41b4bd884be5417741d8218678ea8dfc0735cca6b82988f,data/synthetic/seadronessee_30m_to_80m/geometry_only/train/val_00037632.png,data/synthetic/seadronessee_30m_to_80m/calibrated/train/val_00037632.png
val:37583,val:6651,val,37583,6651,6651.jpg,3840,2160,1,swimmer,1702.0,960.0,22.0,23.0,506.0,31.89844437671441,26.7,mavic,NorthSea_Fri_DJI_0114.MP4,5565,data/raw/seadronessee/odv2/images/val/6651.jpg,train,1605,910,169,2515,1774,val_00037583,80.0,640,0.3987538940809969,315.8130841121495,315.4143302180685,8.77258566978193,9.171339563862928,80.45636203064798,1.0,8fe6c319c145bfe6c41b4bd884be5417741d8218678ea8dfc0735cca6b82988f,data/synthetic/seadronessee_30m_to_80m/geometry_only/train/val_00037583.png,data/synthetic/seadronessee_30m_to_80m/calibrated/train/val_00037583.png
train:51377,train:7984,train,51377,7984,7984.jpg,3840,2160,1,swimmer,2318.0,1009.0,32.0,28.0,896.0,34.29832733922585,42.2,mavic,NorthSea_Fri_DJI_0117.MP4,30,data/raw/seadronessee/odv2/images/train/7984.jpg,train,1493,1588,276,3081,1769,train_00051377,80.0,640,0.4286671131949096,312.926992632284,314.21299397186874,13.717347622237106,12.002679169457467,164.64492256563227,1.0,8fe6c319c145bfe6c41b4bd884be5417741d8218678ea8dfc0735cca6b82988f,data/synthetic/seadronessee_30m_to_80m/geometry_only/train/train_00051377.png,data/synthetic/seadronessee_30m_to_80m/calibrated/train/train_00051377.png
val:37978,val:6681,val,37978,6681,6681.jpg,3840,2160,1,swimmer,1673.0,952.0,25.0,22.0,550.0,31.79844925327644,26.7,mavic,NorthSea_Fri_DJI_0114.MP4,6015,data/raw/seadronessee/odv2/images/val/6681.jpg,train,1610,880,158,2490,1768,val_00037978,80.0,640,0.3975155279503105,315.22981366459624,315.62732919254654,9.937888198757763,8.745341614906831,86.91022722888775,1.0,8fe6c319c145bfe6c41b4bd884be5417741d8218678ea8dfc0735cca6b82988f,data/synthetic/seadronessee_30m_to_80m/geometry_only/train/val_00037978.png,data/synthetic/seadronessee_30m_to_80m/calibrated/train/val_00037978.png
val:37683,val:6659,val,37683,6659,6659.jpg,3840,2160,1,swimmer,1810.0,1237.0,26.0,27.0,702.0,31.698454129838463,26.7,mavic,NorthSea_Fri_DJI_0114.MP4,5685,data/raw/seadronessee/odv2/images/val/6659.jpg,train,1615,1016,443,2631,2058,val_00037683,80.0,640,0.3962848297213622,314.6501547987616,314.6501547987616,10.303405572755418,10.69969040247678,110.24324971963692,1.0,8fe6c319c145bfe6c41b4bd884be5417741d8218678ea8dfc0735cca6b82988f,data/synthetic/seadronessee_30m_to_80m/geometry_only/train/val_00037683.png,data/synthetic/seadronessee_30m_to_80m/calibrated/train/val_00037683.png
train:36822,train:6577,train,36822,6577,6577.jpg,3840,2160,1,swimmer,2011.0,1103.0,36.0,26.0,936.0,31.79844925327644,22.0,mavic,NorthSea_Fri_DJI_0114.MP4,4455,data/raw/seadronessee/odv2/images/train/6577.jpg,train,1610,1224,311,2834,1921,train_00036822,80.0,640,0.3975155279503105,312.8447204968944,314.83229813664593,14.31055900621118,10.335403726708076,147.9054048840708,1.0,8fe6c319c145bfe6c41b4bd884be5417741d8218678ea8dfc0735cca6b82988f,data/synthetic/seadronessee_30m_to_80m/geometry_only/train/train_00036822.png,data/synthetic/seadronessee_30m_to_80m/calibrated/train/train_00036822.png
val:37741,val:6663,val,37741,6663,6663.jpg,3840,2160,1,swimmer,2135.0,1050.0,29.0,24.0,696.0,31.698454129838463,26.7,mavic,NorthSea_Fri_DJI_0114.MP4,5745,data/raw/seadronessee/odv2/images/val/6663.jpg,train,1615,1342,254,2957,1869,val_00037741,80.0,640,0.3962848297213622,314.25386996904024,315.44272445820434,11.492260061919506,9.510835913312691,109.3009997220332,1.0,8fe6c319c145bfe6c41b4bd884be5417741d8218678ea8dfc0735cca6b82988f,data/synthetic/seadronessee_30m_to_80m/geometry_only/train/val_00037741.png,data/synthetic/seadronessee_30m_to_80m/calibrated/train/val_00037741.png
train:51399,train:7986,train,51399,7986,7986.jpg,3840,2160,1,swimmer,2378.0,1178.0,30.0,28.0,840.0,34.29832733922585,42.2,mavic,NorthSea_Fri_DJI_0117.MP4,60,data/raw/seadronessee/odv2/images/train/7986.jpg,train,1493,1646,446,3139,1939,train_00051399,80.0,640,0.4286671131949096,313.7843268586738,313.7843268586738,12.860013395847288,12.002679169457467,154.35461490528024,1.0,8fe6c319c145bfe6c41b4bd884be5417741d8218678ea8dfc0735cca6b82988f,data/synthetic/seadronessee_30m_to_80m/geometry_only/train/train_00051399.png,data/synthetic/seadronessee_30m_to_80m/calibrated/train/train_00051399.png
val:37925,val:6677,val,37925,6677,6677.jpg,3840,2160,1,swimmer,2233.0,906.0,33.0,22.0,726.0,31.79844925327644,26.7,mavic,NorthSea_Fri_DJI_0114.MP4,5955,data/raw/seadronessee/odv2/images/val/6677.jpg,train,1610,1444,112,3054,1722,val_00037925,80.0,640,0.3975155279503105,313.639751552795,315.62732919254654,13.118012422360248,8.745341614906831,114.72149994213184,1.0,8fe6c319c145bfe6c41b4bd884be5417741d8218678ea8dfc0735cca6b82988f,data/synthetic/seadronessee_30m_to_80m/geometry_only/train/val_00037925.png,data/synthetic/seadronessee_30m_to_80m/calibrated/train/val_00037925.png
train:36846,train:6579,train,36846,6579,6579.jpg,3840,2160,1,swimmer,2137.0,986.0,24.0,15.0,360.0,31.79844925327644,22.0,mavic,NorthSea_Fri_DJI_0114.MP4,4485,data/raw/seadronessee/odv2/images/train/6579.jpg,train,1610,1344,188,2954,1798,train_00036846,80.0,640,0.3975155279503105,315.22981366459624,317.2173913043478,9.540372670807454,5.962732919254658,56.88669418618109,1.0,8fe6c319c145bfe6c41b4bd884be5417741d8218678ea8dfc0735cca6b82988f,data/synthetic/seadronessee_30m_to_80m/geometry_only/train/train_00036846.png,data/synthetic/seadronessee_30m_to_80m/calibrated/train/train_00036846.png
train:72092,train:10394,train,72092,10394,10394.jpg,3840,2160,1,swimmer,2128.0,928.0,30.0,29.0,870.0,30.19852727826882,53.1,mavic,NorthSea_Sat_DJI_0126.MP4,5685,data/raw/seadronessee/odv2/images/train/10394.jpg,train,1695,1296,95,2991,1790,train_00072092,80.0,640,0.3775811209439528,314.1474926253687,314.52507374631267,11.327433628318584,10.949852507374631,124.03372751716395,1.0,8fe6c319c145bfe6c41b4bd884be5417741d8218678ea8dfc0735cca6b82988f,data/synthetic/seadronessee_30m_to_80m/geometry_only/train/train_00072092.png,data/synthetic/seadronessee_30m_to_80m/calibrated/train/train_00072092.png
val:37558,val:6649,val,37558,6649,6649.jpg,3840,2160,1,swimmer,1981.0,915.0,53.0,24.0,1272.0,31.89844437671441,26.7,mavic,NorthSea_Fri_DJI_0114.MP4,5535,data/raw/seadronessee/odv2/images/val/6649.jpg,train,1605,1205,124,2810,1729,val_00037558,80.0,640,0.3987538940809969,309.4330218068536,315.4143302180685,21.133956386292837,9.570093457943925,202.25393775293327,1.0,8fe6c319c145bfe6c41b4bd884be5417741d8218678ea8dfc0735cca6b82988f,data/synthetic/seadronessee_30m_to_80m/geometry_only/train/val_00037558.png,data/synthetic/seadronessee_30m_to_80m/calibrated/train/val_00037558.png
val:37872,val:6673,val,37872,6673,6673.jpg,3840,2160,1,swimmer,1688.0,1094.0,41.0,26.0,1066.0,31.89844437671441,26.7,mavic,NorthSea_Fri_DJI_0114.MP4,5895,data/raw/seadronessee/odv2/images/val/6673.jpg,train,1605,906,304,2511,1909,val_00037872,80.0,640,0.3987538940809969,311.8255451713396,315.01557632398755,16.34890965732087,10.367601246105918,169.49897613571295,1.0,8fe6c319c145bfe6c41b4bd884be5417741d8218678ea8dfc0735cca6b82988f,data/synthetic/seadronessee_30m_to_80m/geometry_only/train/val_00037872.png,data/synthetic/seadronessee_30m_to_80m/calibrated/train/val_00037872.png
train:36616,train:6561,train,36616,6561,6561.jpg,3840,2160,1,swimmer,2288.0,1025.0,25.0,17.0,425.0,31.79844925327644,22.0,mavic,NorthSea_Fri_DJI_0114.MP4,4215,data/raw/seadronessee/odv2/images/train/6561.jpg,train,1610,1496,228,3106,1838,train_00036616,80.0,640,0.3975155279503105,314.83229813664593,316.8198757763975,9.937888198757763,6.757763975155279,67.157902858686,1.0,8fe6c319c145bfe6c41b4bd884be5417741d8218678ea8dfc0735cca6b82988f,data/synthetic/seadronessee_30m_to_80m/geometry_only/train/train_00036616.png,data/synthetic/seadronessee_30m_to_80m/calibrated/train/train_00036616.png
train:37087,train:6601,train,37087,6601,6601.jpg,3840,2160,1,swimmer,1992.0,1230.0,31.0,30.0,930.0,31.698454129838463,29.4,mavic,NorthSea_Fri_DJI_0114.MP4,4815,data/raw/seadronessee/odv2/images/train/6601.jpg,train,1615,1200,438,2815,2053,train_00037087,80.0,640,0.3962848297213622,313.8575851393189,313.8575851393189,12.28482972136223,11.888544891640867,146.04874962857886,1.0,8fe6c319c145bfe6c41b4bd884be5417741d8218678ea8dfc0735cca6b82988f,data/synthetic/seadronessee_30m_to_80m/geometry_only/train/train_00037087.png,data/synthetic/seadronessee_30m_to_80m/calibrated/train/train_00037087.png
train:37147,train:6607,train,37147,6607,6607.jpg,3840,2160,1,swimmer,1720.0,1130.0,32.0,25.0,800.0,31.89844437671441,29.4,mavic,NorthSea_Fri_DJI_0114.MP4,4905,data/raw/seadronessee/odv2/images/train/6607.jpg,train,1605,934,340,2539,1945,train_00037147,80.0,640,0.3987538940809969,313.4205607476636,315.01557632398755,12.7601246105919,9.96884735202492,127.20373443580708,1.0,8fe6c319c145bfe6c41b4bd884be5417741d8218678ea8dfc0735cca6b82988f,data/synthetic/seadronessee_30m_to_80m/geometry_only/train/train_00037147.png,data/synthetic/seadronessee_30m_to_80m/calibrated/train/train_00037147.png
train:36725,train:6569,train,36725,6569,6569.jpg,3840,2160,1,swimmer,1968.0,1094.0,52.0,21.0,1092.0,31.89844437671441,22.0,mavic,NorthSea_Fri_DJI_0114.MP4,4335,data/raw/seadronessee/odv2/images/train/6569.jpg,train,1605,1192,302,2797,1907,train_00036725,80.0,640,0.3987538940809969,309.4330218068536,315.8130841121495,20.73520249221184,8.373831775700934,173.63309750487667,1.0,8fe6c319c145bfe6c41b4bd884be5417741d8218678ea8dfc0735cca6b82988f,data/synthetic/seadronessee_30m_to_80m/geometry_only/train/train_00036725.png,data/synthetic/seadronessee_30m_to_80m/calibrated/train/train_00036725.png
val:37789,val:6667,val,37789,6667,6667.jpg,3840,2160,1,swimmer,1694.0,1158.0,39.0,29.0,1131.0,31.79844925327644,26.7,mavic,NorthSea_Fri_DJI_0114.MP4,5805,data/raw/seadronessee/odv2/images/val/6667.jpg,train,1610,908,368,2518,1978,val_00037789,80.0,640,0.3975155279503105,312.4472049689441,314.0372670807453,15.50310559006211,11.527950310559005,178.71903090158557,1.0,8fe6c319c145bfe6c41b4bd884be5417741d8218678ea8dfc0735cca6b82988f,data/synthetic/seadronessee_30m_to_80m/geometry_only/train/val_00037789.png,data/synthetic/seadronessee_30m_to_80m/calibrated/train/val_00037789.png
val:37606,val:6653,val,37606,6653,6653.jpg,3840,2160,1,swimmer,2066.0,1024.0,24.0,17.0,408.0,31.89844437671441,26.7,mavic,NorthSea_Fri_DJI_0114.MP4,5595,data/raw/seadronessee/odv2/images/val/6653.jpg,train,1605,1276,230,2881,1835,val_00037606,80.0,640,0.3987538940809969,315.01557632398755,316.61059190031153,9.570093457943925,6.778816199376947,64.87390456226161,1.0,8fe6c319c145bfe6c41b4bd884be5417741d8218678ea8dfc0735cca6b82988f,data/synthetic/seadronessee_30m_to_80m/geometry_only/train/val_00037606.png,data/synthetic/seadronessee_30m_to_80m/calibrated/train/val_00037606.png
val:38056,val:6687,val,38056,6687,6687.jpg,3840,2160,1,swimmer,1687.0,951.0,22.0,24.0,528.0,31.59845900640049,26.7,mavic,NorthSea_Fri_DJI_0114.MP4,6105,data/raw/seadronessee/odv2/images/val/6687.jpg,train,1620,888,153,2508,1773,val_00038056,80.0,640,0.3950617283950617,315.6543209876544,315.25925925925924,8.691358024691358,9.48148148148148,82.40695016003657,1.0,8fe6c319c145bfe6c41b4bd884be5417741d8218678ea8dfc0735cca6b82988f,data/synthetic/seadronessee_30m_to_80m/geometry_only/train/val_00038056.png,data/synthetic/seadronessee_30m_to_80m/calibrated/train/val_00038056.png
val:38138,val:6693,val,38138,6693,6693.jpg,3840,2160,1,swimmer,1460.0,946.0,27.0,17.0,459.0,31.59845900640049,26.7,mavic,NorthSea_Fri_DJI_0114.MP4,6195,data/raw/seadronessee/odv2/images/val/6693.jpg,train,1620,664,144,2284,1764,val_00038138,80.0,640,0.3950617283950617,314.4691358024691,316.8395061728395,10.666666666666666,6.716049382716049,71.63786008230451,1.0,8fe6c319c145bfe6c41b4bd884be5417741d8218678ea8dfc0735cca6b82988f,data/synthetic/seadronessee_30m_to_80m/geometry_only/train/val_00038138.png,data/synthetic/seadronessee_30m_to_80m/calibrated/train/val_00038138.png
val:38010,val:6683,val,38010,6683,6683.jpg,3840,2160,1,swimmer,1279.0,941.0,33.0,22.0,726.0,31.59845900640049,26.7,mavic,NorthSea_Fri_DJI_0114.MP4,6045,data/raw/seadronessee/odv2/images/val/6683.jpg,train,1620,486,142,2106,1762,val_00038010,80.0,640,0.3950617283950617,313.28395061728395,315.6543209876544,13.037037037037036,8.691358024691358,113.30955647005028,1.0,8fe6c319c145bfe6c41b4bd884be5417741d8218678ea8dfc0735cca6b82988f,data/synthetic/seadronessee_30m_to_80m/geometry_only/train/val_00038010.png,data/synthetic/seadronessee_30m_to_80m/calibrated/train/val_00038010.png
train:36897,train:6583,train,36897,6583,6583.jpg,3840,2160,1,swimmer,2279.0,929.0,40.0,25.0,1000.0,31.79844925327644,22.0,mavic,NorthSea_Fri_DJI_0114.MP4,4545,data/raw/seadronessee/odv2/images/train/6583.jpg,train,1610,1494,136,3104,1746,train_00036897,80.0,640,0.3975155279503105,312.04968944099375,315.22981366459624,15.90062111801242,9.937888198757763,158.0185949616141,1.0,8fe6c319c145bfe6c41b4bd884be5417741d8218678ea8dfc0735cca6b82988f,data/synthetic/seadronessee_30m_to_80m/geometry_only/train/train_00036897.png,data/synthetic/seadronessee_30m_to_80m/calibrated/train/train_00036897.png
val:37900,val:6675,val,37900,6675,6675.jpg,3840,2160,1,swimmer,1682.0,1054.0,41.0,20.0,820.0,31.79844925327644,26.7,mavic,NorthSea_Fri_DJI_0114.MP4,5925,data/raw/seadronessee/odv2/images/val/6675.jpg,train,1610,898,259,2508,1869,val_00037900,80.0,640,0.3975155279503105,311.65217391304344,316.0248447204969,16.29813664596273,7.95031055900621,129.57524786852358,1.0,8fe6c319c145bfe6c41b4bd884be5417741d8218678ea8dfc0735cca6b82988f,data/synthetic/seadronessee_30m_to_80m/geometry_only/train/val_00037900.png,data/synthetic/seadronessee_30m_to_80m/calibrated/train/val_00037900.png
train:37104,train:6603,train,37104,6603,6603.jpg,3840,2160,1,swimmer,1817.0,1177.0,30.0,47.0,1410.0,31.59845900640049,29.4,mavic,NorthSea_Fri_DJI_0114.MP4,4845,data/raw/seadronessee/odv2/images/train/6603.jpg,train,1620,1022,390,2642,2010,train_00037104,80.0,640,0.3950617283950617,314.0740740740741,310.9135802469136,11.851851851851851,18.5679012345679,220.06401463191585,1.0,8fe6c319c145bfe6c41b4bd884be5417741d8218678ea8dfc0735cca6b82988f,data/synthetic/seadronessee_30m_to_80m/geometry_only/train/train_00037104.png,data/synthetic/seadronessee_30m_to_80m/calibrated/train/train_00037104.png
val:37958,val:6679,val,37958,6679,6679.jpg,3840,2160,1,swimmer,1207.0,992.0,45.0,22.0,990.0,31.79844925327644,26.7,mavic,NorthSea_Fri_DJI_0114.MP4,5985,data/raw/seadronessee/odv2/images/val/6679.jpg,train,1610,424,198,2034,1808,val_00037958,80.0,640,0.3975155279503105,311.25465838509314,315.62732919254654,17.888198757763973,8.745341614906831,156.43840901199795,1.0,8fe6c319c145bfe6c41b4bd884be5417741d8218678ea8dfc0735cca6b82988f,data/synthetic/seadronessee_30m_to_80m/geometry_only/train/val_00037958.png,data/synthetic/seadronessee_30m_to_80m/calibrated/train/val_00037958.png
train:37007,train:6593,train,37007,6593,6593.jpg,3840,2160,1,swimmer,1947.0,945.0,31.0,21.0,651.0,31.79844925327644,29.4,mavic,NorthSea_Fri_DJI_0114.MP4,4695,data/raw/seadronessee/odv2/images/train/6593.jpg,train,1610,1158,150,2768,1760,train_00037007,80.0,640,0.3975155279503105,313.639751552795,316.0248447204969,12.322981366459626,8.347826086956522,102.87010532001078,1.0,8fe6c319c145bfe6c41b4bd884be5417741d8218678ea8dfc0735cca6b82988f,data/synthetic/seadronessee_30m_to_80m/geometry_only/train/train_00037007.png,data/synthetic/seadronessee_30m_to_80m/calibrated/train/train_00037007.png
val:38089,val:6689,val,38089,6689,6689.jpg,3840,2160,1,swimmer,1138.0,983.0,46.0,24.0,1104.0,31.59845900640049,26.7,mavic,NorthSea_Fri_DJI_0114.MP4,6135,data/raw/seadronessee/odv2/images/val/6689.jpg,train,1620,351,185,1971,1805,val_00038089,80.0,640,0.3950617283950617,310.9135802469136,315.25925925925924,18.17283950617284,9.48148148148148,172.30544124371283,1.0,8fe6c319c145bfe6c41b4bd884be5417741d8218678ea8dfc0735cca6b82988f,data/synthetic/seadronessee_30m_to_80m/geometry_only/train/val_00038089.png,data/synthetic/seadronessee_30m_to_80m/calibrated/train/val_00038089.png
train:36538,train:6555,train,36538,6555,6555.jpg,3840,2160,1,swimmer,2422.0,865.0,25.0,23.0,575.0,31.79844925327644,26.9,mavic,NorthSea_Fri_DJI_0114.MP4,4125,data/raw/seadronessee/odv2/images/train/6555.jpg,train,1610,1630,72,3240,1682,train_00036538,80.0,640,0.3975155279503105,314.83229813664593,315.22981366459624,9.937888198757763,9.142857142857142,90.86069210292813,1.0,8fe6c319c145bfe6c41b4bd884be5417741d8218678ea8dfc0735cca6b82988f,data/synthetic/seadronessee_30m_to_80m/geometry_only/train/train_00036538.png,data/synthetic/seadronessee_30m_to_80m/calibrated/train/train_00036538.png
train:36693,train:6567,train,36693,6567,6567.jpg,3840,2160,1,swimmer,2363.0,1180.0,43.0,26.0,1118.0,31.698454129838463,22.0,mavic,NorthSea_Fri_DJI_0114.MP4,4305,data/raw/seadronessee/odv2/images/train/6567.jpg,train,1615,1577,386,3192,2001,train_00036693,80.0,640,0.3962848297213622,311.4798761609907,314.6501547987616,17.040247678018577,10.303405572755418,175.57258288682917,1.0,8fe6c319c145bfe6c41b4bd884be5417741d8218678ea8dfc0735cca6b82988f,data/synthetic/seadronessee_30m_to_80m/geometry_only/train/train_00036693.png,data/synthetic/seadronessee_30m_to_80m/calibrated/train/train_00036693.png
train:51357,train:7982,train,51357,7982,7982.jpg,3840,2160,1,swimmer,2313.0,993.0,33.0,28.0,924.0,34.29832733922585,42.2,mavic,NorthSea_Fri_DJI_0117.MP4,0,data/raw/seadronessee/odv2/images/train/7982.jpg,train,1493,1583,260,3076,1753,train_00051357,80.0,640,0.4286671131949096,312.926992632284,314.21299397186874,14.146014735432017,12.002679169457467,169.79007639580828,1.0,8fe6c319c145bfe6c41b4bd884be5417741d8218678ea8dfc0735cca6b82988f,data/synthetic/seadronessee_30m_to_80m/geometry_only/train/train_00051357.png,data/synthetic/seadronessee_30m_to_80m/calibrated/train/train_00051357.png
val:38030,val:6685,val,38030,6685,6685.jpg,3840,2160,1,swimmer,1690.0,959.0,23.0,24.0,552.0,31.59845900640049,26.7,mavic,NorthSea_Fri_DJI_0114.MP4,6075,data/raw/seadronessee/odv2/images/val/6685.jpg,train,1620,892,161,2512,1781,val_00038030,80.0,640,0.3950617283950617,315.25925925925924,315.25925925925924,9.08641975308642,9.48148148148148,86.15272062185642,1.0,8fe6c319c145bfe6c41b4bd884be5417741d8218678ea8dfc0735cca6b82988f,data/synthetic/seadronessee_30m_to_80m/geometry_only/train/val_00038030.png,data/synthetic/seadronessee_30m_to_80m/calibrated/train/val_00038030.png
val:38190,val:6697,val,38190,6697,6697.jpg,3840,2160,1,swimmer,1454.0,952.0,33.0,18.0,594.0,31.59845900640049,26.7,mavic,NorthSea_Fri_DJI_0114.MP4,6255,data/raw/seadronessee/odv2/images/val/6697.jpg,train,1620,660,151,2280,1771,val_00038190,80.0,640,0.3950617283950617,313.679012345679,316.4444444444444,13.037037037037036,7.111111111111111,92.70781893004114,1.0,8fe6c319c145bfe6c41b4bd884be5417741d8218678ea8dfc0735cca6b82988f,data/synthetic/seadronessee_30m_to_80m/geometry_only/train/val_00038190.png,data/synthetic/seadronessee_30m_to_80m/calibrated/train/val_00038190.png
train:36871,train:6581,train,36871,6581,6581.jpg,3840,2160,1,swimmer,2282.0,959.0,46.0,27.0,1242.0,31.79844925327644,22.0,mavic,NorthSea_Fri_DJI_0114.MP4,4515,data/raw/seadronessee/odv2/images/train/6581.jpg,train,1610,1500,168,3110,1778,train_00036871,80.0,640,0.3975155279503105,310.85714285714283,314.4347826086956,18.285714285714285,10.732919254658384,196.25909494232477,1.0,8fe6c319c145bfe6c41b4bd884be5417741d8218678ea8dfc0735cca6b82988f,data/synthetic/seadronessee_30m_to_80m/geometry_only/train/train_00036871.png,data/synthetic/seadronessee_30m_to_80m/calibrated/train/train_00036871.png
val:38218,val:6699,val,38218,6699,6699.jpg,3840,2160,1,swimmer,1253.0,953.0,30.0,22.0,660.0,31.59845900640049,26.7,mavic,NorthSea_Fri_DJI_0114.MP4,6285,data/raw/seadronessee/odv2/images/val/6699.jpg,train,1620,458,154,2078,1774,val_00038218,80.0,640,0.3950617283950617,314.0740740740741,315.6543209876544,11.851851851851851,8.691358024691358,103.00868770004573,1.0,8fe6c319c145bfe6c41b4bd884be5417741d8218678ea8dfc0735cca6b82988f,data/synthetic/seadronessee_30m_to_80m/geometry_only/train/val_00038218.png,data/synthetic/seadronessee_30m_to_80m/calibrated/train/val_00038218.png
val:72803,val:10452,val,72803,10452,10452.jpg,3840,2160,1,swimmer,2448.0,774.0,33.0,27.0,891.0,33.79835172203596,54.6,mavic,NorthSea_Sat_DJI_0126.MP4,6555,data/raw/seadronessee/odv2/images/val/10452.jpg,train,1515,1707,30,3222,1545,val_00072803,80.0,640,0.4224422442244224,313.029702970297,314.2970297029703,13.94059405940594,11.405940594059404,159.0055876874816,1.0,8fe6c319c145bfe6c41b4bd884be5417741d8218678ea8dfc0735cca6b82988f,data/synthetic/seadronessee_30m_to_80m/geometry_only/train/val_00072803.png,data/synthetic/seadronessee_30m_to_80m/calibrated/train/val_00072803.png
val:72778,val:10450,val,72778,10450,10450.jpg,3840,2160,1,swimmer,1923.0,1213.0,67.0,72.0,4824.0,33.69835659859799,54.6,mavic,NorthSea_Sat_DJI_0126.MP4,6525,data/raw/seadronessee/odv2/images/val/10450.jpg,train,1519,1197,490,2716,2009,val_00072778,80.0,640,0.4213298222514812,305.8854509545754,304.62146148782097,28.229098090849245,30.33574720210665,856.3507834274741,1.0,8fe6c319c145bfe6c41b4bd884be5417741d8218678ea8dfc0735cca6b82988f,data/synthetic/seadronessee_30m_to_80m/geometry_only/train/val_00072778.png,data/synthetic/seadronessee_30m_to_80m/calibrated/train/val_00072778.png
val:37842,val:6671,val,37842,6671,6671.jpg,3840,2160,1,swimmer,1997.0,855.0,32.0,20.0,640.0,31.89844437671441,26.7,mavic,NorthSea_Fri_DJI_0114.MP4,5865,data/raw/seadronessee/odv2/images/val/6671.jpg,train,1605,1210,62,2815,1667,val_00037842,80.0,640,0.3987538940809969,313.81931464174454,316.2118380062305,12.7601246105919,7.975077881619938,101.76298754864568,1.0,8fe6c319c145bfe6c41b4bd884be5417741d8218678ea8dfc0735cca6b82988f,data/synthetic/seadronessee_30m_to_80m/geometry_only/train/val_00037842.png,data/synthetic/seadronessee_30m_to_80m/calibrated/train/val_00037842.png
train:36769,train:6573,train,36769,6573,6573.jpg,3840,2160,1,swimmer,2008.0,982.0,49.0,26.0,1274.0,31.89844437671441,22.0,mavic,NorthSea_Fri_DJI_0114.MP4,4395,data/raw/seadronessee/odv2/images/train/6573.jpg,train,1605,1230,192,2835,1797,train_00036769,80.0,640,0.3987538940809969,310.2305295950156,315.01557632398755,19.53894080996885,10.367601246105918,202.5719470890228,1.0,8fe6c319c145bfe6c41b4bd884be5417741d8218678ea8dfc0735cca6b82988f,data/synthetic/seadronessee_30m_to_80m/geometry_only/train/train_00036769.png,data/synthetic/seadronessee_30m_to_80m/calibrated/train/train_00036769.png
val:37519,val:6645,val,37519,6645,6645.jpg,3840,2160,1,swimmer,1550.0,1282.0,40.0,30.0,1200.0,31.79844925327644,26.7,mavic,NorthSea_Fri_DJI_0114.MP4,5475,data/raw/seadronessee/odv2/images/val/6645.jpg,train,1610,765,492,2375,2102,val_00037519,80.0,640,0.3975155279503105,312.04968944099375,314.0372670807453,15.90062111801242,11.925465838509316,189.62231395393687,1.0,8fe6c319c145bfe6c41b4bd884be5417741d8218678ea8dfc0735cca6b82988f,data/synthetic/seadronessee_30m_to_80m/geometry_only/train/val_00037519.png,data/synthetic/seadronessee_30m_to_80m/calibrated/train/val_00037519.png
val:37706,val:6661,val,37706,6661,6661.jpg,3840,2160,1,swimmer,2184.0,943.0,56.0,26.0,1456.0,31.59845900640049,26.7,mavic,NorthSea_Fri_DJI_0114.MP4,5715,data/raw/seadronessee/odv2/images/val/6661.jpg,train,1620,1402,146,3022,1766,val_00037706,80.0,640,0.3950617283950617,308.9382716049383,314.8641975308642,22.123456790123456,10.271604938271604,227.24340801707052,1.0,8fe6c319c145bfe6c41b4bd884be5417741d8218678ea8dfc0735cca6b82988f,data/synthetic/seadronessee_30m_to_80m/geometry_only/train/val_00037706.png,data/synthetic/seadronessee_30m_to_80m/calibrated/train/val_00037706.png
val:37762,val:6665,val,37762,6665,6665.jpg,3840,2160,1,swimmer,1695.0,1187.0,37.0,28.0,1036.0,31.698454129838463,26.7,mavic,NorthSea_Fri_DJI_0114.MP4,5775,data/raw/seadronessee/odv2/images/val/6665.jpg,train,1615,906,394,2521,2009,val_00037762,80.0,640,0.3962848297213622,312.6687306501548,314.25386996904024,14.662538699690405,11.095975232198144,162.69516625291146,1.0,8fe6c319c145bfe6c41b4bd884be5417741d8218678ea8dfc0735cca6b82988f,data/synthetic/seadronessee_30m_to_80m/geometry_only/train/val_00037762.png,data/synthetic/seadronessee_30m_to_80m/calibrated/train/val_00037762.png
train:36637,train:6563,train,36637,6563,6563.jpg,3840,2160,1,swimmer,2362.0,929.0,54.0,24.0,1296.0,31.59845900640049,22.0,mavic,NorthSea_Fri_DJI_0114.MP4,4245,data/raw/seadronessee/odv2/images/train/6563.jpg,train,1620,1579,131,3199,1751,train_00036637,80.0,640,0.3950617283950617,309.3333333333333,315.25925925925924,21.33333333333333,9.48148148148148,202.2716049382716,1.0,8fe6c319c145bfe6c41b4bd884be5417741d8218678ea8dfc0735cca6b82988f,data/synthetic/seadronessee_30m_to_80m/geometry_only/train/train_00036637.png,data/synthetic/seadronessee_30m_to_80m/calibrated/train/train_00036637.png
train:36565,train:6557,train,36565,6557,6557.jpg,3840,2160,1,swimmer,2636.0,1037.0,20.0,14.0,280.0,31.89844437671441,22.0,mavic,NorthSea_Fri_DJI_0114.MP4,4155,data/raw/seadronessee/odv2/images/train/6557.jpg,train,1605,1844,242,3449,1847,train_00036565,80.0,640,0.3987538940809969,315.8130841121495,317.0093457943925,7.975077881619938,5.582554517133956,44.521307052532485,1.0,8fe6c319c145bfe6c41b4bd884be5417741d8218678ea8dfc0735cca6b82988f,data/synthetic/seadronessee_30m_to_80m/geometry_only/train/train_00036565.png,data/synthetic/seadronessee_30m_to_80m/calibrated/train/train_00036565.png
val:37816,val:6669,val,37816,6669,6669.jpg,3840,2160,1,swimmer,1711.0,1172.0,24.0,19.0,456.0,31.79844925327644,26.7,mavic,NorthSea_Fri_DJI_0114.MP4,5835,data/raw/seadronessee/odv2/images/val/6669.jpg,train,1610,918,376,2528,1986,val_00037816,80.0,640,0.3975155279503105,315.22981366459624,316.4223602484472,9.540372670807454,7.5527950310559,72.05647930249604,1.0,8fe6c319c145bfe6c41b4bd884be5417741d8218678ea8dfc0735cca6b82988f,data/synthetic/seadronessee_30m_to_80m/geometry_only/train/val_00037816.png,data/synthetic/seadronessee_30m_to_80m/calibrated/train/val_00037816.png
train:72131,train:10396,train,72131,10396,10396.jpg,3840,2160,1,swimmer,2008.0,813.0,44.0,37.0,1628.0,34.098337092349894,54.6,mavic,NorthSea_Sat_DJI_0126.MP4,5715,data/raw/seadronessee/odv2/images/train/10396.jpg,train,1502,1279,80,2781,1582,train_00072131,80.0,640,0.4260985352862849,310.6258322237017,312.33022636484685,18.748335552596537,15.765645805592545,295.5796177666351,1.0,8fe6c319c145bfe6c41b4bd884be5417741d8218678ea8dfc0735cca6b82988f,data/synthetic/seadronessee_30m_to_80m/geometry_only/train/train_00072131.png,data/synthetic/seadronessee_30m_to_80m/calibrated/train/train_00072131.png
train:36487,train:6551,train,36487,6551,6551.jpg,3840,2160,1,swimmer,2313.0,877.0,31.0,19.0,589.0,33.69835659859799,24.0,mavic,NorthSea_Fri_DJI_0114.MP4,4065,data/raw/seadronessee/odv2/images/train/6551.jpg,train,1519,1569,127,3088,1646,train_00036487,80.0,640,0.4213298222514812,313.46938775510205,315.9973666886109,13.06122448979592,8.005266622778144,104.55858446077576,1.0,8fe6c319c145bfe6c41b4bd884be5417741d8218678ea8dfc0735cca6b82988f,data/synthetic/seadronessee_30m_to_80m/geometry_only/train/train_00036487.png,data/synthetic/seadronessee_30m_to_80m/calibrated/train/train_00036487.png
train:36793,train:6575,train,36793,6575,6575.jpg,3840,2160,1,swimmer,2266.0,955.0,46.0,27.0,1242.0,31.89844437671441,22.0,mavic,NorthSea_Fri_DJI_0114.MP4,4425,data/raw/seadronessee/odv2/images/train/6575.jpg,train,1605,1486,166,3091,1771,train_00036793,80.0,640,0.3987538940809969,311.02803738317755,314.6168224299065,18.34267912772585,10.766355140186915,197.4837977115905,1.0,8fe6c319c145bfe6c41b4bd884be5417741d8218678ea8dfc0735cca6b82988f,data/synthetic/seadronessee_30m_to_80m/geometry_only/train/train_00036793.png,data/synthetic/seadronessee_30m_to_80m/calibrated/train/train_00036793.png
val:38166,val:6695,val,38166,6695,6695.jpg,3840,2160,1,swimmer,1263.0,940.0,29.0,21.0,609.0,31.59845900640049,26.7,mavic,NorthSea_Fri_DJI_0114.MP4,6225,data/raw/seadronessee/odv2/images/val/6695.jpg,train,1620,468,140,2088,1760,val_00038166,80.0,640,0.3950617283950617,314.0740740740741,316.04938271604937,11.45679012345679,8.296296296296296,95.04892546867856,1.0,8fe6c319c145bfe6c41b4bd884be5417741d8218678ea8dfc0735cca6b82988f,data/synthetic/seadronessee_30m_to_80m/geometry_only/train/val_00038166.png,data/synthetic/seadronessee_30m_to_80m/calibrated/train/val_00038166.png
val:37495,val:6643,val,37495,6643,6643.jpg,3840,2160,1,swimmer,1636.0,1279.0,33.0,34.0,1122.0,31.698454129838463,26.7,mavic,NorthSea_Fri_DJI_0114.MP4,5445,data/raw/seadronessee/odv2/images/val/6643.jpg,train,1615,845,488,2460,2103,val_00037495,80.0,640,0.3962848297213622,313.4613003095976,313.4613003095976,13.077399380804954,13.473684210526317,176.20074955189833,1.0,8fe6c319c145bfe6c41b4bd884be5417741d8218678ea8dfc0735cca6b82988f,data/synthetic/seadronessee_30m_to_80m/geometry_only/train/val_00037495.png,data/synthetic/seadronessee_30m_to_80m/calibrated/train/val_00037495.png
train:36745,train:6571,train,36745,6571,6571.jpg,3840,2160,1,swimmer,2220.0,1178.0,32.0,20.0,640.0,31.99843950015239,22.0,mavic,NorthSea_Fri_DJI_0114.MP4,4365,data/raw/seadronessee/odv2/images/train/6571.jpg,train,1600,1436,388,3036,1988,train_00036745,80.0,640,0.4,313.6,316.0,12.8,8.0,102.4,1.0,8fe6c319c145bfe6c41b4bd884be5417741d8218678ea8dfc0735cca6b82988f,data/synthetic/seadronessee_30m_to_80m/geometry_only/train/train_00036745.png,data/synthetic/seadronessee_30m_to_80m/calibrated/train/train_00036745.png
train:36586,train:6559,train,36586,6559,6559.jpg,3840,2160,1,swimmer,2375.0,878.0,19.0,14.0,266.0,31.79844925327644,22.0,mavic,NorthSea_Fri_DJI_0114.MP4,4185,data/raw/seadronessee/odv2/images/train/6559.jpg,train,1610,1580,80,3190,1690,train_00036586,80.0,640,0.3975155279503105,316.0248447204969,317.2173913043478,7.5527950310559,5.565217391304348,42.03294625978936,1.0,8fe6c319c145bfe6c41b4bd884be5417741d8218678ea8dfc0735cca6b82988f,data/synthetic/seadronessee_30m_to_80m/geometry_only/train/train_00036586.png,data/synthetic/seadronessee_30m_to_80m/calibrated/train/train_00036586.png
train:36666,train:6565,train,36666,6565,6565.jpg,3840,2160,1,swimmer,2143.0,1072.0,29.0,32.0,928.0,31.59845900640049,22.0,mavic,NorthSea_Fri_DJI_0114.MP4,4275,data/raw/seadronessee/odv2/images/train/6565.jpg,train,1620,1348,278,2968,1898,train_00036666,80.0,640,0.3950617283950617,314.0740740740741,313.679012345679,11.45679012345679,12.641975308641976,144.83645785703396,1.0,8fe6c319c145bfe6c41b4bd884be5417741d8218678ea8dfc0735cca6b82988f,data/synthetic/seadronessee_30m_to_80m/geometry_only/train/train_00036666.png,data/synthetic/seadronessee_30m_to_80m/calibrated/train/train_00036666.png
val:37678,val:6659,val,37678,6659,6659.jpg,3840,2160,1,swimmer,2049.0,1084.0,57.0,30.0,1710.0,31.698454129838463,26.7,mavic,NorthSea_Fri_DJI_0114.MP4,5685,data/raw/seadronessee/odv2/images/val/6659.jpg,train,1615,1270,292,2885,1907,val_00037678,80.0,640,0.3962848297213622,308.7058823529412,313.8575851393189,22.58823529411765,11.888544891640867,268.54124931706434,1.0,8fe6c319c145bfe6c41b4bd884be5417741d8218678ea8dfc0735cca6b82988f,data/synthetic/seadronessee_30m_to_80m/geometry_only/train/val_00037678.png,data/synthetic/seadronessee_30m_to_80m/calibrated/train/val_00037678.png
val:37734,val:6663,val,37734,6663,6663.jpg,3840,2160,1,swimmer,1825.0,1170.0,23.0,19.0,437.0,31.698454129838463,26.7,mavic,NorthSea_Fri_DJI_0114.MP4,5745,data/raw/seadronessee/odv2/images/val/6663.jpg,train,1615,1029,372,2644,1987,val_00037734,80.0,640,0.3962848297213622,315.44272445820434,316.2352941176471,9.114551083591332,7.529411764705883,68.62720815880533,1.0,8fe6c319c145bfe6c41b4bd884be5417741d8218678ea8dfc0735cca6b82988f,data/synthetic/seadronessee_30m_to_80m/geometry_only/train/val_00037734.png,data/synthetic/seadronessee_30m_to_80m/calibrated/train/val_00037734.png
train:36847,train:6579,train,36847,6579,6579.jpg,3840,2160,1,swimmer,2001.0,992.0,51.0,21.0,1071.0,31.79844925327644,22.0,mavic,NorthSea_Fri_DJI_0114.MP4,4485,data/raw/seadronessee/odv2/images/train/6579.jpg,train,1610,1222,198,2832,1808,train_00036847,80.0,640,0.3975155279503105,309.6645962732919,315.62732919254654,20.27329192546584,8.347826086956522,169.23791520388872,1.0,8fe6c319c145bfe6c41b4bd884be5417741d8218678ea8dfc0735cca6b82988f,data/synthetic/seadronessee_30m_to_80m/geometry_only/train/train_00036847.png,data/synthetic/seadronessee_30m_to_80m/calibrated/train/train_00036847.png
train:36614,train:6561,train,36614,6561,6561.jpg,3840,2160,1,swimmer,2204.0,982.0,26.0,28.0,728.0,31.79844925327644,22.0,mavic,NorthSea_Fri_DJI_0114.MP4,4215,data/raw/seadronessee/odv2/images/train/6561.jpg,train,1610,1412,191,3022,1801,train_00036614,80.0,640,0.3975155279503105,314.83229813664593,314.4347826086956,10.335403726708076,11.130434782608695,115.03753713205508,1.0,8fe6c319c145bfe6c41b4bd884be5417741d8218678ea8dfc0735cca6b82988f,data/synthetic/seadronessee_30m_to_80m/geometry_only/train/train_00036614.png,data/synthetic/seadronessee_30m_to_80m/calibrated/train/train_00036614.png
val:37786,val:6667,val,37786,6667,6667.jpg,3840,2160,1,swimmer,1934.0,905.0,29.0,20.0,580.0,31.79844925327644,26.7,mavic,NorthSea_Fri_DJI_0114.MP4,5805,data/raw/seadronessee/odv2/images/val/6667.jpg,train,1610,1144,110,2754,1720,val_00037786,80.0,640,0.3975155279503105,314.0372670807453,316.0248447204969,11.527950310559005,7.95031055900621,91.65078507773616,1.0,8fe6c319c145bfe6c41b4bd884be5417741d8218678ea8dfc0735cca6b82988f,data/synthetic/seadronessee_30m_to_80m/geometry_only/train/val_00037786.png,data/synthetic/seadronessee_30m_to_80m/calibrated/train/val_00037786.png
val:37930,val:6677,val,37930,6677,6677.jpg,3840,2160,1,swimmer,1423.0,1010.0,39.0,22.0,858.0,31.79844925327644,26.7,mavic,NorthSea_Fri_DJI_0114.MP4,5955,data/raw/seadronessee/odv2/images/val/6677.jpg,train,1610,638,216,2248,1826,val_00037930,80.0,640,0.3975155279503105,312.04968944099375,315.62732919254654,15.50310559006211,8.745341614906831,135.5799544770649,1.0,8fe6c319c145bfe6c41b4bd884be5417741d8218678ea8dfc0735cca6b82988f,data/synthetic/seadronessee_30m_to_80m/geometry_only/train/val_00037930.png,data/synthetic/seadronessee_30m_to_80m/calibrated/train/val_00037930.png
val:37657,val:6657,val,37657,6657,6657.jpg,3840,2160,1,swimmer,2006.0,1174.0,25.0,24.0,600.0,31.89844437671441,26.7,mavic,NorthSea_Fri_DJI_0114.MP4,5655,data/raw/seadronessee/odv2/images/val/6657.jpg,train,1605,1216,384,2821,1989,val_00037657,80.0,640,0.3987538940809969,315.01557632398755,315.01557632398755,9.96884735202492,9.570093457943925,95.40280082685533,1.0,8fe6c319c145bfe6c41b4bd884be5417741d8218678ea8dfc0735cca6b82988f,data/synthetic/seadronessee_30m_to_80m/geometry_only/train/val_00037657.png,data/synthetic/seadronessee_30m_to_80m/calibrated/train/val_00037657.png
val:38015,val:6683,val,38015,6683,6683.jpg,3840,2160,1,swimmer,1757.0,949.0,18.0,18.0,324.0,31.59845900640049,26.7,mavic,NorthSea_Fri_DJI_0114.MP4,6045,data/raw/seadronessee/odv2/images/val/6683.jpg,train,1620,956,148,2576,1768,val_00038015,80.0,640,0.3950617283950617,316.4444444444444,316.4444444444444,7.111111111111111,7.111111111111111,50.5679012345679,1.0,8fe6c319c145bfe6c41b4bd884be5417741d8218678ea8dfc0735cca6b82988f,data/synthetic/seadronessee_30m_to_80m/geometry_only/train/val_00038015.png,data/synthetic/seadronessee_30m_to_80m/calibrated/train/val_00038015.png
val:37631,val:6655,val,37631,6655,6655.jpg,3840,2160,1,swimmer,1879.0,945.0,20.0,22.0,440.0,31.89844437671441,26.7,mavic,NorthSea_Fri_DJI_0114.MP4,5625,data/raw/seadronessee/odv2/images/val/6655.jpg,train,1605,1086,154,2691,1759,val_00037631,80.0,640,0.3987538940809969,316.2118380062305,315.4143302180685,7.975077881619938,8.77258566978193,69.9620539396939,1.0,8fe6c319c145bfe6c41b4bd884be5417741d8218678ea8dfc0735cca6b82988f,data/synthetic/seadronessee_30m_to_80m/geometry_only/train/val_00037631.png,data/synthetic/seadronessee_30m_to_80m/calibrated/train/val_00037631.png
val:37539,val:6647,val,37539,6647,6647.jpg,3840,2160,1,swimmer,1623.0,1208.0,44.0,23.0,1012.0,31.89844437671441,26.7,mavic,NorthSea_Fri_DJI_0114.MP4,5505,data/raw/seadronessee/odv2/images/val/6647.jpg,train,1605,842,417,2447,2022,val_00037539,80.0,640,0.3987538940809969,311.42679127725853,315.4143302180685,17.54517133956386,9.171339563862928,160.91272406129596,1.0,8fe6c319c145bfe6c41b4bd884be5417741d8218678ea8dfc0735cca6b82988f,data/synthetic/seadronessee_30m_to_80m/geometry_only/train/val_00037539.png,data/synthetic/seadronessee_30m_to_80m/calibrated/train/val_00037539.png
train:37085,train:6601,train,37085,6601,6601.jpg,3840,2160,1,swimmer,1894.0,1092.0,67.0,30.0,2010.0,31.698454129838463,29.4,mavic,NorthSea_Fri_DJI_0114.MP4,4815,data/raw/seadronessee/odv2/images/train/6601.jpg,train,1615,1120,300,2735,1915,train_00037085,80.0,640,0.3962848297213622,306.7244582043344,313.8575851393189,26.55108359133127,11.888544891640867,315.65374919725105,1.0,8fe6c319c145bfe6c41b4bd884be5417741d8218678ea8dfc0735cca6b82988f,data/synthetic/seadronessee_30m_to_80m/geometry_only/train/train_00037085.png,data/synthetic/seadronessee_30m_to_80m/calibrated/train/train_00037085.png
val:37609,val:6653,val,37609,6653,6653.jpg,3840,2160,1,swimmer,1804.0,1256.0,26.0,32.0,832.0,31.89844437671441,26.7,mavic,NorthSea_Fri_DJI_0114.MP4,5595,data/raw/seadronessee/odv2/images/val/6653.jpg,train,1605,1014,470,2619,2075,val_00037609,80.0,640,0.3987538940809969,315.01557632398755,313.4205607476636,10.367601246105918,12.7601246105919,132.29188381323937,1.0,8fe6c319c145bfe6c41b4bd884be5417741d8218678ea8dfc0735cca6b82988f,data/synthetic/seadronessee_30m_to_80m/geometry_only/train/val_00037609.png,data/synthetic/seadronessee_30m_to_80m/calibrated/train/val_00037609.png
val:37874,val:6673,val,37874,6673,6673.jpg,3840,2160,1,swimmer,1571.0,1110.0,48.0,19.0,912.0,31.89844437671441,26.7,mavic,NorthSea_Fri_DJI_0114.MP4,5895,data/raw/seadronessee/odv2/images/val/6673.jpg,train,1605,792,317,2397,1922,val_00037874,80.0,640,0.3987538940809969,310.62928348909657,316.2118380062305,19.14018691588785,7.576323987538941,145.01225725682008,1.0,8fe6c319c145bfe6c41b4bd884be5417741d8218678ea8dfc0735cca6b82988f,data/synthetic/seadronessee_30m_to_80m/geometry_only/train/val_00037874.png,data/synthetic/seadronessee_30m_to_80m/calibrated/train/val_00037874.png
train:37146,train:6607,train,37146,6607,6607.jpg,3840,2160,1,swimmer,1672.0,1030.0,73.0,41.0,2993.0,31.89844437671441,29.4,mavic,NorthSea_Fri_DJI_0114.MP4,4905,data/raw/seadronessee/odv2/images/train/6607.jpg,train,1605,906,248,2511,1853,train_00037146,80.0,640,0.3987538940809969,305.4454828660436,311.8255451713396,29.10903426791277,16.34890965732087,475.9009714579633,1.0,8fe6c319c145bfe6c41b4bd884be5417741d8218678ea8dfc0735cca6b82988f,data/synthetic/seadronessee_30m_to_80m/geometry_only/train/train_00037146.png,data/synthetic/seadronessee_30m_to_80m/calibrated/train/train_00037146.png
train:51382,train:7984,train,51382,7984,7984.jpg,3840,2160,1,swimmer,795.0,1064.0,43.0,38.0,1634.0,34.29832733922585,42.2,mavic,NorthSea_Fri_DJI_0117.MP4,30,data/raw/seadronessee/odv2/images/train/7984.jpg,train,1493,70,336,1563,1829,train_00051382,80.0,640,0.4286671131949096,310.78365706630944,312.0696584058942,18.43268586738111,16.289350301406564,300.256477089557,1.0,8fe6c319c145bfe6c41b4bd884be5417741d8218678ea8dfc0735cca6b82988f,data/synthetic/seadronessee_30m_to_80m/geometry_only/train/train_00051382.png,data/synthetic/seadronessee_30m_to_80m/calibrated/train/train_00051382.png
val:37584,val:6651,val,37584,6651,6651.jpg,3840,2160,1,swimmer,1777.0,1200.0,44.0,26.0,1144.0,31.89844437671441,26.7,mavic,NorthSea_Fri_DJI_0114.MP4,5565,data/raw/seadronessee/odv2/images/val/6651.jpg,train,1605,996,410,2601,2015,val_00037584,80.0,640,0.3987538940809969,311.42679127725853,315.01557632398755,17.54517133956386,10.367601246105918,181.90134024320412,1.0,8fe6c319c145bfe6c41b4bd884be5417741d8218678ea8dfc0735cca6b82988f,data/synthetic/seadronessee_30m_to_80m/geometry_only/train/val_00037584.png,data/synthetic/seadronessee_30m_to_80m/calibrated/train/val_00037584.png
val:38093,val:6689,val,38093,6689,6689.jpg,3840,2160,1,swimmer,1741.0,939.0,24.0,21.0,504.0,31.59845900640049,26.7,mavic,NorthSea_Fri_DJI_0114.MP4,6135,data/raw/seadronessee/odv2/images/val/6689.jpg,train,1620,943,140,2563,1760,val_00038093,80.0,640,0.3950617283950617,315.25925925925924,315.6543209876544,9.48148148148148,8.296296296296296,78.66117969821673,1.0,8fe6c319c145bfe6c41b4bd884be5417741d8218678ea8dfc0735cca6b82988f,data/synthetic/seadronessee_30m_to_80m/geometry_only/train/val_00038093.png,data/synthetic/seadronessee_30m_to_80m/calibrated/train/val_00038093.png
val:38145,val:6693,val,38145,6693,6693.jpg,3840,2160,1,swimmer,1727.0,946.0,25.0,23.0,575.0,31.59845900640049,26.7,mavic,NorthSea_Fri_DJI_0114.MP4,6195,data/raw/seadronessee/odv2/images/val/6693.jpg,train,1620,930,148,2550,1768,val_00038145,80.0,640,0.3950617283950617,314.8641975308642,315.25925925925924,9.876543209876544,9.08641975308642,89.74241731443377,1.0,8fe6c319c145bfe6c41b4bd884be5417741d8218678ea8dfc0735cca6b82988f,data/synthetic/seadronessee_30m_to_80m/geometry_only/train/val_00038145.png,data/synthetic/seadronessee_30m_to_80m/calibrated/train/val_00038145.png
val:37563,val:6649,val,37563,6649,6649.jpg,3840,2160,1,swimmer,1531.0,1287.0,39.0,46.0,1794.0,31.89844437671441,26.7,mavic,NorthSea_Fri_DJI_0114.MP4,5535,data/raw/seadronessee/odv2/images/val/6649.jpg,train,1605,748,508,2353,2113,val_00037563,80.0,640,0.3987538940809969,312.2242990654205,310.62928348909657,15.551401869158878,18.34267912772585,285.2543744722974,1.0,8fe6c319c145bfe6c41b4bd884be5417741d8218678ea8dfc0735cca6b82988f,data/synthetic/seadronessee_30m_to_80m/geometry_only/train/val_00037563.png,data/synthetic/seadronessee_30m_to_80m/calibrated/train/val_00037563.png
val:37895,val:6675,val,37895,6675,6675.jpg,3840,2160,1,swimmer,2112.0,1015.0,25.0,23.0,575.0,31.79844925327644,26.7,mavic,NorthSea_Fri_DJI_0114.MP4,5925,data/raw/seadronessee/odv2/images/val/6675.jpg,train,1610,1320,222,2930,1832,val_00037895,80.0,640,0.3975155279503105,314.83229813664593,315.22981366459624,9.937888198757763,9.142857142857142,90.86069210292813,1.0,8fe6c319c145bfe6c41b4bd884be5417741d8218678ea8dfc0735cca6b82988f,data/synthetic/seadronessee_30m_to_80m/geometry_only/train/val_00037895.png,data/synthetic/seadronessee_30m_to_80m/calibrated/train/val_00037895.png
val:37956,val:6679,val,37956,6679,6679.jpg,3840,2160,1,swimmer,1305.0,986.0,29.0,26.0,754.0,31.79844925327644,26.7,mavic,NorthSea_Fri_DJI_0114.MP4,5985,data/raw/seadronessee/odv2/images/val/6679.jpg,train,1610,514,194,2124,1804,val_00037956,80.0,640,0.3975155279503105,314.4347826086956,314.83229813664593,11.527950310559005,10.335403726708076,119.14602060105705,1.0,8fe6c319c145bfe6c41b4bd884be5417741d8218678ea8dfc0735cca6b82988f,data/synthetic/seadronessee_30m_to_80m/geometry_only/train/val_00037956.png,data/synthetic/seadronessee_30m_to_80m/calibrated/train/val_00037956.png
train:36828,train:6577,train,36828,6577,6577.jpg,3840,2160,1,swimmer,1968.0,1057.0,26.0,20.0,520.0,31.79844925327644,22.0,mavic,NorthSea_Fri_DJI_0114.MP4,4455,data/raw/seadronessee/odv2/images/train/6577.jpg,train,1610,1176,262,2786,1872,train_00036828,80.0,640,0.3975155279503105,314.83229813664593,316.0248447204969,10.335403726708076,7.95031055900621,82.16966938003934,1.0,8fe6c319c145bfe6c41b4bd884be5417741d8218678ea8dfc0735cca6b82988f,data/synthetic/seadronessee_30m_to_80m/geometry_only/train/train_00036828.png,data/synthetic/seadronessee_30m_to_80m/calibrated/train/train_00036828.png
train:72097,train:10394,train,72097,10394,10394.jpg,3840,2160,1,swimmer,2621.0,1160.0,30.0,30.0,900.0,30.19852727826882,53.1,mavic,NorthSea_Sat_DJI_0126.MP4,5685,data/raw/seadronessee/odv2/images/train/10394.jpg,train,1695,1788,328,3483,2023,train_00072097,80.0,640,0.3775811209439528,314.52507374631267,314.1474926253687,11.327433628318584,11.327433628318584,128.31075260396273,1.0,8fe6c319c145bfe6c41b4bd884be5417741d8218678ea8dfc0735cca6b82988f,data/synthetic/seadronessee_30m_to_80m/geometry_only/train/train_00072097.png,data/synthetic/seadronessee_30m_to_80m/calibrated/train/train_00072097.png
train:36905,train:6583,train,36905,6583,6583.jpg,3840,2160,1,swimmer,1959.0,1032.0,42.0,23.0,966.0,31.79844925327644,22.0,mavic,NorthSea_Fri_DJI_0114.MP4,4545,data/raw/seadronessee/odv2/images/train/6583.jpg,train,1610,1175,238,2785,1848,train_00036905,80.0,640,0.3975155279503105,311.65217391304344,315.62732919254654,16.695652173913043,9.142857142857142,152.64596273291923,1.0,8fe6c319c145bfe6c41b4bd884be5417741d8218678ea8dfc0735cca6b82988f,data/synthetic/seadronessee_30m_to_80m/geometry_only/train/train_00036905.png,data/synthetic/seadronessee_30m_to_80m/calibrated/train/train_00036905.png
val:37980,val:6681,val,37980,6681,6681.jpg,3840,2160,1,swimmer,1950.0,872.0,36.0,23.0,828.0,31.79844925327644,26.7,mavic,NorthSea_Fri_DJI_0114.MP4,6015,data/raw/seadronessee/odv2/images/val/6681.jpg,train,1610,1163,78,2773,1688,val_00037980,80.0,640,0.3975155279503105,312.8447204968944,315.62732919254654,14.31055900621118,9.142857142857142,130.8393966282165,1.0,8fe6c319c145bfe6c41b4bd884be5417741d8218678ea8dfc0735cca6b82988f,data/synthetic/seadronessee_30m_to_80m/geometry_only/train/val_00037980.png,data/synthetic/seadronessee_30m_to_80m/calibrated/train/val_00037980.png
val:38119,val:6691,val,38119,6691,6691.jpg,3840,2160,1,swimmer,1737.0,942.0,21.0,22.0,462.0,31.59845900640049,26.7,mavic,NorthSea_Fri_DJI_0114.MP4,6165,data/raw/seadronessee/odv2/images/val/6691.jpg,train,1620,938,143,2558,1763,val_00038119,80.0,640,0.3950617283950617,315.6543209876544,315.6543209876544,8.296296296296296,8.691358024691358,72.106081390032,1.0,8fe6c319c145bfe6c41b4bd884be5417741d8218678ea8dfc0735cca6b82988f,data/synthetic/seadronessee_30m_to_80m/geometry_only/train/val_00038119.png,data/synthetic/seadronessee_30m_to_80m/calibrated/train/val_00038119.png
train:51401,train:7986,train,51401,7986,7986.jpg,3840,2160,1,swimmer,1014.0,989.0,50.0,48.0,2400.0,34.29832733922585,42.2,mavic,NorthSea_Fri_DJI_0117.MP4,60,data/raw/seadronessee/odv2/images/train/7986.jpg,train,1493,292,266,1785,1759,train_00051401,80.0,640,0.4286671131949096,309.4976557267247,309.92632283991964,21.43335565974548,20.57602143335566,441.01318544365785,1.0,8fe6c319c145bfe6c41b4bd884be5417741d8218678ea8dfc0735cca6b82988f,data/synthetic/seadronessee_30m_to_80m/geometry_only/train/train_00051401.png,data/synthetic/seadronessee_30m_to_80m/calibrated/train/train_00051401.png
train:51362,train:7982,train,51362,7982,7982.jpg,3840,2160,1,swimmer,801.0,1067.0,41.0,41.0,1681.0,34.29832733922585,42.2,mavic,NorthSea_Fri_DJI_0117.MP4,0,data/raw/seadronessee/odv2/images/train/7982.jpg,train,1493,75,341,1568,1834,train_00051362,80.0,640,0.4286671131949096,311.2123241795044,311.2123241795044,17.575351640991293,17.575351640991293,308.89298530449537,1.0,8fe6c319c145bfe6c41b4bd884be5417741d8218678ea8dfc0735cca6b82988f,data/synthetic/seadronessee_30m_to_80m/geometry_only/train/train_00051362.png,data/synthetic/seadronessee_30m_to_80m/calibrated/train/train_00051362.png
train:36718,train:6569,train,36718,6569,6569.jpg,3840,2160,1,swimmer,2027.0,1109.0,33.0,31.0,1023.0,31.89844437671441,22.0,mavic,NorthSea_Fri_DJI_0114.MP4,4335,data/raw/seadronessee/odv2/images/train/6569.jpg,train,1605,1241,322,2846,1927,train_00036718,80.0,640,0.3987538940809969,313.4205607476636,313.81931464174454,13.158878504672897,12.361370716510905,162.66177540978833,1.0,8fe6c319c145bfe6c41b4bd884be5417741d8218678ea8dfc0735cca6b82988f,data/synthetic/seadronessee_30m_to_80m/geometry_only/train/train_00036718.png,data/synthetic/seadronessee_30m_to_80m/calibrated/train/train_00036718.png
val:38217,val:6699,val,38217,6699,6699.jpg,3840,2160,1,swimmer,1252.0,982.0,22.0,22.0,484.0,31.59845900640049,26.7,mavic,NorthSea_Fri_DJI_0114.MP4,6285,data/raw/seadronessee/odv2/images/val/6699.jpg,train,1620,453,183,2073,1803,val_00038217,80.0,640,0.3950617283950617,315.6543209876544,315.6543209876544,8.691358024691358,8.691358024691358,75.53970431336685,1.0,8fe6c319c145bfe6c41b4bd884be5417741d8218678ea8dfc0735cca6b82988f,data/synthetic/seadronessee_30m_to_80m/geometry_only/train/val_00038217.png,data/synthetic/seadronessee_30m_to_80m/calibrated/train/val_00038217.png
train:36697,train:6567,train,36697,6567,6567.jpg,3840,2160,1,swimmer,2087.0,1069.0,25.0,22.0,550.0,31.698454129838463,22.0,mavic,NorthSea_Fri_DJI_0114.MP4,4305,data/raw/seadronessee/odv2/images/train/6567.jpg,train,1615,1292,272,2907,1887,train_00036697,80.0,640,0.3962848297213622,315.046439628483,315.8390092879257,9.907120743034056,8.71826625386997,86.372916447009,1.0,8fe6c319c145bfe6c41b4bd884be5417741d8218678ea8dfc0735cca6b82988f,data/synthetic/seadronessee_30m_to_80m/geometry_only/train/train_00036697.png,data/synthetic/seadronessee_30m_to_80m/calibrated/train/train_00036697.png
train:36875,train:6581,train,36875,6581,6581.jpg,3840,2160,1,swimmer,2151.0,1162.0,29.0,26.0,754.0,31.79844925327644,22.0,mavic,NorthSea_Fri_DJI_0114.MP4,4515,data/raw/seadronessee/odv2/images/train/6581.jpg,train,1610,1360,370,2970,1980,train_00036875,80.0,640,0.3975155279503105,314.4347826086956,314.83229813664593,11.527950310559005,10.335403726708076,119.14602060105705,1.0,8fe6c319c145bfe6c41b4bd884be5417741d8218678ea8dfc0735cca6b82988f,data/synthetic/seadronessee_30m_to_80m/geometry_only/train/train_00036875.png,data/synthetic/seadronessee_30m_to_80m/calibrated/train/train_00036875.png
val:38192,val:6697,val,38192,6697,6697.jpg,3840,2160,1,swimmer,1254.0,950.0,29.0,20.0,580.0,31.59845900640049,26.7,mavic,NorthSea_Fri_DJI_0114.MP4,6255,data/raw/seadronessee/odv2/images/val/6697.jpg,train,1620,458,150,2078,1770,val_00038192,80.0,640,0.3950617283950617,314.4691358024691,316.04938271604937,11.45679012345679,7.901234567901234,90.52278616064623,1.0,8fe6c319c145bfe6c41b4bd884be5417741d8218678ea8dfc0735cca6b82988f,data/synthetic/seadronessee_30m_to_80m/geometry_only/train/val_00038192.png,data/synthetic/seadronessee_30m_to_80m/calibrated/train/val_00038192.png
val:38058,val:6687,val,38058,6687,6687.jpg,3840,2160,1,swimmer,1933.0,845.0,31.0,24.0,744.0,31.59845900640049,26.7,mavic,NorthSea_Fri_DJI_0114.MP4,6105,data/raw/seadronessee/odv2/images/val/6687.jpg,train,1620,1138,47,2758,1667,val_00038058,80.0,640,0.3950617283950617,314.0740740740741,315.25925925925924,12.246913580246911,9.48148148148148,116.11888431641516,1.0,8fe6c319c145bfe6c41b4bd884be5417741d8218678ea8dfc0735cca6b82988f,data/synthetic/seadronessee_30m_to_80m/geometry_only/train/val_00038058.png,data/synthetic/seadronessee_30m_to_80m/calibrated/train/val_00038058.png
val:38034,val:6685,val,38034,6685,6685.jpg,3840,2160,1,swimmer,1461.0,952.0,21.0,15.0,315.0,31.59845900640049,26.7,mavic,NorthSea_Fri_DJI_0114.MP4,6075,data/raw/seadronessee/odv2/images/val/6685.jpg,train,1620,662,150,2282,1770,val_00038034,80.0,640,0.3950617283950617,315.6543209876544,316.8395061728395,8.296296296296296,5.925925925925926,49.16323731138545,1.0,8fe6c319c145bfe6c41b4bd884be5417741d8218678ea8dfc0735cca6b82988f,data/synthetic/seadronessee_30m_to_80m/geometry_only/train/val_00038034.png,data/synthetic/seadronessee_30m_to_80m/calibrated/train/val_00038034.png
train:36776,train:6573,train,36776,6573,6573.jpg,3840,2160,1,swimmer,1967.0,1064.0,23.0,22.0,506.0,31.89844437671441,22.0,mavic,NorthSea_Fri_DJI_0114.MP4,4395,data/raw/seadronessee/odv2/images/train/6573.jpg,train,1605,1176,272,2781,1877,train_00036776,80.0,640,0.3987538940809969,315.4143302180685,315.8130841121495,9.171339563862928,8.77258566978193,80.45636203064798,1.0,8fe6c319c145bfe6c41b4bd884be5417741d8218678ea8dfc0735cca6b82988f,data/synthetic/seadronessee_30m_to_80m/geometry_only/train/train_00036776.png,data/synthetic/seadronessee_30m_to_80m/calibrated/train/train_00036776.png
train:36802,train:6575,train,36802,6575,6575.jpg,3840,2160,1,swimmer,1972.0,1058.0,23.0,21.0,483.0,31.89844437671441,22.0,mavic,NorthSea_Fri_DJI_0114.MP4,4425,data/raw/seadronessee/odv2/images/train/6575.jpg,train,1605,1181,266,2786,1871,train_00036802,80.0,640,0.3987538940809969,315.4143302180685,315.8130841121495,9.171339563862928,8.373831775700934,76.79925466561852,1.0,8fe6c319c145bfe6c41b4bd884be5417741d8218678ea8dfc0735cca6b82988f,data/synthetic/seadronessee_30m_to_80m/geometry_only/train/train_00036802.png,data/synthetic/seadronessee_30m_to_80m/calibrated/train/train_00036802.png
val:37520,val:6645,val,37520,6645,6645.jpg,3840,2160,1,swimmer,1548.0,1336.0,35.0,25.0,875.0,31.79844925327644,26.7,mavic,NorthSea_Fri_DJI_0114.MP4,5475,data/raw/seadronessee/odv2/images/val/6645.jpg,train,1610,760,544,2370,2154,val_00037520,80.0,640,0.3975155279503105,313.2422360248447,314.83229813664593,13.91304347826087,9.937888198757763,138.26627059141236,1.0,8fe6c319c145bfe6c41b4bd884be5417741d8218678ea8dfc0735cca6b82988f,data/synthetic/seadronessee_30m_to_80m/geometry_only/train/val_00037520.png,data/synthetic/seadronessee_30m_to_80m/calibrated/train/val_00037520.png
train:36641,train:6563,train,36641,6563,6563.jpg,3840,2160,1,swimmer,2405.0,1092.0,22.0,21.0,462.0,31.59845900640049,22.0,mavic,NorthSea_Fri_DJI_0114.MP4,4245,data/raw/seadronessee/odv2/images/train/6563.jpg,train,1620,1606,292,3226,1912,train_00036641,80.0,640,0.3950617283950617,315.6543209876544,316.04938271604937,8.691358024691358,8.296296296296296,72.106081390032,1.0,8fe6c319c145bfe6c41b4bd884be5417741d8218678ea8dfc0735cca6b82988f,data/synthetic/seadronessee_30m_to_80m/geometry_only/train/train_00036641.png,data/synthetic/seadronessee_30m_to_80m/calibrated/train/train_00036641.png
train:36562,train:6557,train,36562,6557,6557.jpg,3840,2160,1,swimmer,2424.0,882.0,24.0,19.0,456.0,31.89844437671441,22.0,mavic,NorthSea_Fri_DJI_0114.MP4,4155,data/raw/seadronessee/odv2/images/train/6557.jpg,train,1605,1634,89,3239,1694,train_00036562,80.0,640,0.3987538940809969,315.01557632398755,316.2118380062305,9.570093457943925,7.576323987538941,72.50612862841004,1.0,8fe6c319c145bfe6c41b4bd884be5417741d8218678ea8dfc0735cca6b82988f,data/synthetic/seadronessee_30m_to_80m/geometry_only/train/train_00036562.png,data/synthetic/seadronessee_30m_to_80m/calibrated/train/train_00036562.png
val:37846,val:6671,val,37846,6671,6671.jpg,3840,2160,1,swimmer,1585.0,1150.0,43.0,21.0,903.0,31.89844437671441,26.7,mavic,NorthSea_Fri_DJI_0114.MP4,5865,data/raw/seadronessee/odv2/images/val/6671.jpg,train,1605,804,358,2409,1963,val_00037846,80.0,640,0.3987538940809969,311.42679127725853,315.8130841121495,17.146417445482864,8.373831775700934,143.58121524441725,1.0,8fe6c319c145bfe6c41b4bd884be5417741d8218678ea8dfc0735cca6b82988f,data/synthetic/seadronessee_30m_to_80m/geometry_only/train/val_00037846.png,data/synthetic/seadronessee_30m_to_80m/calibrated/train/val_00037846.png
train:36493,train:6551,train,36493,6551,6551.jpg,3840,2160,1,swimmer,2550.0,956.0,34.0,22.0,748.0,33.69835659859799,24.0,mavic,NorthSea_Fri_DJI_0114.MP4,4065,data/raw/seadronessee/odv2/images/train/6551.jpg,train,1519,1808,208,3327,1727,train_00036493,80.0,640,0.4213298222514812,312.62672811059906,315.154707044108,14.325213956550362,9.269256089532588,132.78407670061165,1.0,8fe6c319c145bfe6c41b4bd884be5417741d8218678ea8dfc0735cca6b82988f,data/synthetic/seadronessee_30m_to_80m/geometry_only/train/train_00036493.png,data/synthetic/seadronessee_30m_to_80m/calibrated/train/train_00036493.png
train:36595,train:6559,train,36595,6559,6559.jpg,3840,2160,1,swimmer,2217.0,960.0,29.0,18.0,522.0,31.79844925327644,22.0,mavic,NorthSea_Fri_DJI_0114.MP4,4185,data/raw/seadronessee/odv2/images/train/6559.jpg,train,1610,1426,164,3036,1774,train_00036595,80.0,640,0.3975155279503105,314.4347826086956,316.4223602484472,11.527950310559005,7.155279503105589,82.48570656996256,1.0,8fe6c319c145bfe6c41b4bd884be5417741d8218678ea8dfc0735cca6b82988f,data/synthetic/seadronessee_30m_to_80m/geometry_only/train/train_00036595.png,data/synthetic/seadronessee_30m_to_80m/calibrated/train/train_00036595.png
val:37869,val:6673,val,37869,6673,6673.jpg,3840,2160,1,swimmer,2383.0,943.0,37.0,28.0,1036.0,31.89844437671441,26.7,mavic,NorthSea_Fri_DJI_0114.MP4,5895,data/raw/seadronessee/odv2/images/val/6673.jpg,train,1605,1599,154,3204,1759,val_00037869,80.0,640,0.3987538940809969,312.62305295950154,314.6168224299065,14.753894080996885,11.165109034267912,164.7288360943702,1.0,8fe6c319c145bfe6c41b4bd884be5417741d8218678ea8dfc0735cca6b82988f,data/synthetic/seadronessee_30m_to_80m/geometry_only/train/val_00037869.png,data/synthetic/seadronessee_30m_to_80m/calibrated/train/val_00037869.png
val:37735,val:6663,val,37735,6663,6663.jpg,3840,2160,1,swimmer,1733.0,1240.0,29.0,20.0,580.0,31.698454129838463,26.7,mavic,NorthSea_Fri_DJI_0114.MP4,5745,data/raw/seadronessee/odv2/images/val/6663.jpg,train,1615,940,442,2555,2057,val_00037735,80.0,640,0.3962848297213622,314.25386996904024,316.2352941176471,11.492260061919506,7.925696594427245,91.08416643502768,1.0,8fe6c319c145bfe6c41b4bd884be5417741d8218678ea8dfc0735cca6b82988f,data/synthetic/seadronessee_30m_to_80m/geometry_only/train/val_00037735.png,data/synthetic/seadronessee_30m_to_80m/calibrated/train/val_00037735.png
train:72127,train:10396,train,72127,10396,10396.jpg,3840,2160,1,swimmer,1405.0,863.0,46.0,37.0,1702.0,34.098337092349894,54.6,mavic,NorthSea_Sat_DJI_0126.MP4,5715,data/raw/seadronessee/odv2/images/train/10396.jpg,train,1502,677,130,2179,1632,train_00072127,80.0,640,0.4260985352862849,310.19973368841545,312.33022636484685,19.60053262316911,15.765645805592545,309.0150549378459,1.0,8fe6c319c145bfe6c41b4bd884be5417741d8218678ea8dfc0735cca6b82988f,data/synthetic/seadronessee_30m_to_80m/geometry_only/train/train_00072127.png,data/synthetic/seadronessee_30m_to_80m/calibrated/train/train_00072127.png
val:37761,val:6665,val,37761,6665,6665.jpg,3840,2160,1,swimmer,1753.0,1221.0,28.0,21.0,588.0,31.698454129838463,26.7,mavic,NorthSea_Fri_DJI_0114.MP4,5775,data/raw/seadronessee/odv2/images/val/6665.jpg,train,1615,960,424,2575,2039,val_00037761,80.0,640,0.3962848297213622,314.25386996904024,315.8390092879257,11.095975232198144,8.321981424148607,92.34049976516596,1.0,8fe6c319c145bfe6c41b4bd884be5417741d8218678ea8dfc0735cca6b82988f,data/synthetic/seadronessee_30m_to_80m/geometry_only/train/val_00037761.png,data/synthetic/seadronessee_30m_to_80m/calibrated/train/val_00037761.png
val:37605,val:6653,val,37605,6653,6653.jpg,3840,2160,1,swimmer,2218.0,937.0,64.0,23.0,1472.0,31.89844437671441,26.7,mavic,NorthSea_Fri_DJI_0114.MP4,5595,data/raw/seadronessee/odv2/images/val/6653.jpg,train,1605,1448,146,3053,1751,val_00037605,80.0,640,0.3987538940809969,307.0404984423676,315.4143302180685,25.5202492211838,9.171339563862928,234.05487136188503,1.0,8fe6c319c145bfe6c41b4bd884be5417741d8218678ea8dfc0735cca6b82988f,data/synthetic/seadronessee_30m_to_80m/geometry_only/train/val_00037605.png,data/synthetic/seadronessee_30m_to_80m/calibrated/train/val_00037605.png
train:37083,train:6601,train,37083,6601,6601.jpg,3840,2160,1,swimmer,1937.0,910.0,20.0,20.0,400.0,31.698454129838463,29.4,mavic,NorthSea_Fri_DJI_0114.MP4,4815,data/raw/seadronessee/odv2/images/train/6601.jpg,train,1615,1140,112,2755,1727,train_00037083,80.0,640,0.3962848297213622,315.8390092879257,316.2352941176471,7.925696594427245,7.925696594427245,62.81666650691564,1.0,8fe6c319c145bfe6c41b4bd884be5417741d8218678ea8dfc0735cca6b82988f,data/synthetic/seadronessee_30m_to_80m/geometry_only/train/train_00037083.png,data/synthetic/seadronessee_30m_to_80m/calibrated/train/train_00037083.png
train:72091,train:10394,train,72091,10394,10394.jpg,3840,2160,1,swimmer,2110.0,1025.0,26.0,33.0,858.0,30.19852727826882,53.1,mavic,NorthSea_Sat_DJI_0126.MP4,5685,data/raw/seadronessee/odv2/images/train/10394.jpg,train,1695,1276,194,2971,1889,train_00072091,80.0,640,0.3775811209439528,314.9026548672566,313.7699115044248,9.817109144542773,12.460176991150442,122.32291748244444,1.0,8fe6c319c145bfe6c41b4bd884be5417741d8218678ea8dfc0735cca6b82988f,data/synthetic/seadronessee_30m_to_80m/geometry_only/train/train_00072091.png,data/synthetic/seadronessee_30m_to_80m/calibrated/train/train_00072091.png
val:37689,val:6659,val,37689,6659,6659.jpg,3840,2160,1,swimmer,2141.0,1037.0,26.0,20.0,520.0,31.698454129838463,26.7,mavic,NorthSea_Fri_DJI_0114.MP4,5685,data/raw/seadronessee/odv2/images/val/6659.jpg,train,1615,1346,240,2961,1855,val_00037689,80.0,640,0.3962848297213622,315.046439628483,315.8390092879257,10.303405572755418,7.925696594427245,81.66166645899033,1.0,8fe6c319c145bfe6c41b4bd884be5417741d8218678ea8dfc0735cca6b82988f,data/synthetic/seadronessee_30m_to_80m/geometry_only/train/val_00037689.png,data/synthetic/seadronessee_30m_to_80m/calibrated/train/val_00037689.png
val:37656,val:6657,val,37656,6657,6657.jpg,3840,2160,1,swimmer,1952.0,945.0,21.0,23.0,483.0,31.89844437671441,26.7,mavic,NorthSea_Fri_DJI_0114.MP4,5655,data/raw/seadronessee/odv2/images/val/6657.jpg,train,1605,1160,154,2765,1759,val_00037656,80.0,640,0.3987538940809969,315.8130841121495,315.4143302180685,8.373831775700934,9.171339563862928,76.79925466561852,1.0,8fe6c319c145bfe6c41b4bd884be5417741d8218678ea8dfc0735cca6b82988f,data/synthetic/seadronessee_30m_to_80m/geometry_only/train/val_00037656.png,data/synthetic/seadronessee_30m_to_80m/calibrated/train/val_00037656.png
train:36615,train:6561,train,36615,6561,6561.jpg,3840,2160,1,swimmer,2433.0,1042.0,21.0,20.0,420.0,31.79844925327644,22.0,mavic,NorthSea_Fri_DJI_0114.MP4,4215,data/raw/seadronessee/odv2/images/train/6561.jpg,train,1610,1638,247,3248,1857,train_00036615,80.0,640,0.3975155279503105,316.0248447204969,316.0248447204969,8.347826086956522,7.95031055900621,66.36780988387792,1.0,8fe6c319c145bfe6c41b4bd884be5417741d8218678ea8dfc0735cca6b82988f,data/synthetic/seadronessee_30m_to_80m/geometry_only/train/train_00036615.png,data/synthetic/seadronessee_30m_to_80m/calibrated/train/train_00036615.png
val:37633,val:6655,val,37633,6655,6655.jpg,3840,2160,1,swimmer,1907.0,1244.0,27.0,28.0,756.0,31.89844437671441,26.7,mavic,NorthSea_Fri_DJI_0114.MP4,5625,data/raw/seadronessee/odv2/images/val/6655.jpg,train,1605,1118,456,2723,2061,val_00037633,80.0,640,0.3987538940809969,314.6168224299065,314.2180685358255,10.766355140186915,11.165109034267912,120.2075290418377,1.0,8fe6c319c145bfe6c41b4bd884be5417741d8218678ea8dfc0735cca6b82988f,data/synthetic/seadronessee_30m_to_80m/geometry_only/train/val_00037633.png,data/synthetic/seadronessee_30m_to_80m/calibrated/train/val_00037633.png
val:37897,val:6675,val,37897,6675,6675.jpg,3840,2160,1,swimmer,2392.0,919.0,34.0,29.0,986.0,31.79844925327644,26.7,mavic,NorthSea_Fri_DJI_0114.MP4,5925,data/raw/seadronessee/odv2/images/val/6675.jpg,train,1610,1604,128,3214,1738,val_00037897,80.0,640,0.3975155279503105,313.2422360248447,314.4347826086956,13.515527950310558,11.527950310559005,155.8063346321515,1.0,8fe6c319c145bfe6c41b4bd884be5417741d8218678ea8dfc0735cca6b82988f,data/synthetic/seadronessee_30m_to_80m/geometry_only/train/val_00037897.png,data/synthetic/seadronessee_30m_to_80m/calibrated/train/val_00037897.png
val:37709,val:6661,val,37709,6661,6661.jpg,3840,2160,1,swimmer,1671.0,1247.0,26.0,22.0,572.0,31.59845900640049,26.7,mavic,NorthSea_Fri_DJI_0114.MP4,5715,data/raw/seadronessee/odv2/images/val/6661.jpg,train,1620,874,448,2494,2068,val_00037709,80.0,640,0.3950617283950617,314.8641975308642,315.6543209876544,10.271604938271604,8.691358024691358,89.27419600670629,1.0,8fe6c319c145bfe6c41b4bd884be5417741d8218678ea8dfc0735cca6b82988f,data/synthetic/seadronessee_30m_to_80m/geometry_only/train/val_00037709.png,data/synthetic/seadronessee_30m_to_80m/calibrated/train/val_00037709.png
val:37579,val:6651,val,37579,6651,6651.jpg,3840,2160,1,swimmer,1914.0,1088.0,74.0,21.0,1554.0,31.89844437671441,26.7,mavic,NorthSea_Fri_DJI_0114.MP4,5565,data/raw/seadronessee/odv2/images/val/6651.jpg,train,1605,1148,296,2753,1901,val_00037579,80.0,640,0.3987538940809969,305.4454828660436,315.8130841121495,29.50778816199377,8.373831775700934,247.0932541415553,1.0,8fe6c319c145bfe6c41b4bd884be5417741d8218678ea8dfc0735cca6b82988f,data/synthetic/seadronessee_30m_to_80m/geometry_only/train/val_00037579.png,data/synthetic/seadronessee_30m_to_80m/calibrated/train/val_00037579.png
train:36746,train:6571,train,36746,6571,6571.jpg,3840,2160,1,swimmer,2069.0,1162.0,17.0,20.0,340.0,31.99843950015239,22.0,mavic,NorthSea_Fri_DJI_0114.MP4,4365,data/raw/seadronessee/odv2/images/train/6571.jpg,train,1600,1278,372,2878,1972,train_00036746,80.0,640,0.4,316.40000000000003,316.0,6.800000000000001,8.0,54.400000000000006,1.0,8fe6c319c145bfe6c41b4bd884be5417741d8218678ea8dfc0735cca6b82988f,data/synthetic/seadronessee_30m_to_80m/geometry_only/train/train_00036746.png,data/synthetic/seadronessee_30m_to_80m/calibrated/train/train_00036746.png
val:37926,val:6677,val,37926,6677,6677.jpg,3840,2160,1,swimmer,1954.0,796.0,20.0,19.0,380.0,31.79844925327644,26.7,mavic,NorthSea_Fri_DJI_0114.MP4,5955,data/raw/seadronessee/odv2/images/val/6677.jpg,train,1610,1159,0,2769,1610,val_00037926,80.0,640,0.3975155279503105,316.0248447204969,316.4223602484472,7.95031055900621,7.5527950310559,60.04706608541336,1.0,8fe6c319c145bfe6c41b4bd884be5417741d8218678ea8dfc0735cca6b82988f,data/synthetic/seadronessee_30m_to_80m/geometry_only/train/val_00037926.png,data/synthetic/seadronessee_30m_to_80m/calibrated/train/val_00037926.png
train:36717,train:6569,train,36717,6569,6569.jpg,3840,2160,1,swimmer,2010.0,999.0,46.0,24.0,1104.0,31.89844437671441,22.0,mavic,NorthSea_Fri_DJI_0114.MP4,4335,data/raw/seadronessee/odv2/images/train/6569.jpg,train,1605,1230,208,2835,1813,train_00036717,80.0,640,0.3987538940809969,311.02803738317755,315.4143302180685,18.34267912772585,9.570093457943925,175.54115352141378,1.0,8fe6c319c145bfe6c41b4bd884be5417741d8218678ea8dfc0735cca6b82988f,data/synthetic/seadronessee_30m_to_80m/geometry_only/train/train_00036717.png,data/synthetic/seadronessee_30m_to_80m/calibrated/train/train_00036717.png
train:36906,train:6583,train,36906,6583,6583.jpg,3840,2160,1,swimmer,1959.0,1055.0,59.0,20.0,1180.0,31.79844925327644,22.0,mavic,NorthSea_Fri_DJI_0114.MP4,4545,data/raw/seadronessee/odv2/images/train/6583.jpg,train,1610,1184,260,2794,1870,train_00036906,80.0,640,0.3975155279503105,308.07453416149065,316.0248447204969,23.45341614906832,7.95031055900621,186.46194205470465,1.0,8fe6c319c145bfe6c41b4bd884be5417741d8218678ea8dfc0735cca6b82988f,data/synthetic/seadronessee_30m_to_80m/geometry_only/train/train_00036906.png,data/synthetic/seadronessee_30m_to_80m/calibrated/train/train_00036906.png
train:36820,train:6577,train,36820,6577,6577.jpg,3840,2160,1,swimmer,2142.0,984.0,20.0,15.0,300.0,31.79844925327644,22.0,mavic,NorthSea_Fri_DJI_0114.MP4,4455,data/raw/seadronessee/odv2/images/train/6577.jpg,train,1610,1347,186,2957,1796,train_00036820,80.0,640,0.3975155279503105,316.0248447204969,317.2173913043478,7.95031055900621,5.962732919254658,47.40557848848423,1.0,8fe6c319c145bfe6c41b4bd884be5417741d8218678ea8dfc0735cca6b82988f,data/synthetic/seadronessee_30m_to_80m/geometry_only/train/train_00036820.png,data/synthetic/seadronessee_30m_to_80m/calibrated/train/train_00036820.png
val:37785,val:6667,val,37785,6667,6667.jpg,3840,2160,1,swimmer,2361.0,978.0,66.0,27.0,1782.0,31.79844925327644,26.7,mavic,NorthSea_Fri_DJI_0114.MP4,5805,data/raw/seadronessee/odv2/images/val/6667.jpg,train,1610,1589,186,3199,1796,val_00037785,80.0,640,0.3975155279503105,306.88198757763973,314.83229813664593,26.236024844720497,10.732919254658384,281.58913622159633,1.0,8fe6c319c145bfe6c41b4bd884be5417741d8218678ea8dfc0735cca6b82988f,data/synthetic/seadronessee_30m_to_80m/geometry_only/train/val_00037785.png,data/synthetic/seadronessee_30m_to_80m/calibrated/train/val_00037785.png
val:37815,val:6669,val,37815,6669,6669.jpg,3840,2160,1,swimmer,1847.0,1113.0,25.0,17.0,425.0,31.79844925327644,26.7,mavic,NorthSea_Fri_DJI_0114.MP4,5835,data/raw/seadronessee/odv2/images/val/6669.jpg,train,1610,1054,316,2664,1926,val_00037815,80.0,640,0.3975155279503105,315.22981366459624,316.8198757763975,9.937888198757763,6.757763975155279,67.157902858686,1.0,8fe6c319c145bfe6c41b4bd884be5417741d8218678ea8dfc0735cca6b82988f,data/synthetic/seadronessee_30m_to_80m/geometry_only/train/val_00037815.png,data/synthetic/seadronessee_30m_to_80m/calibrated/train/val_00037815.png
train:36881,train:6581,train,36881,6581,6581.jpg,3840,2160,1,swimmer,1962.0,1087.0,56.0,20.0,1120.0,31.79844925327644,22.0,mavic,NorthSea_Fri_DJI_0114.MP4,4515,data/raw/seadronessee/odv2/images/train/6581.jpg,train,1610,1185,292,2795,1902,train_00036881,80.0,640,0.3975155279503105,308.8695652173913,316.0248447204969,22.26086956521739,7.95031055900621,176.9808263570078,1.0,8fe6c319c145bfe6c41b4bd884be5417741d8218678ea8dfc0735cca6b82988f,data/synthetic/seadronessee_30m_to_80m/geometry_only/train/train_00036881.png,data/synthetic/seadronessee_30m_to_80m/calibrated/train/train_00036881.png
train:36855,train:6579,train,36855,6579,6579.jpg,3840,2160,1,swimmer,1957.0,1077.0,55.0,21.0,1155.0,31.79844925327644,22.0,mavic,NorthSea_Fri_DJI_0114.MP4,4485,data/raw/seadronessee/odv2/images/train/6579.jpg,train,1610,1180,282,2790,1892,train_00036855,80.0,640,0.3975155279503105,308.8695652173913,316.0248447204969,21.86335403726708,8.347826086956522,182.51147718066431,1.0,8fe6c319c145bfe6c41b4bd884be5417741d8218678ea8dfc0735cca6b82988f,data/synthetic/seadronessee_30m_to_80m/geometry_only/train/train_00036855.png,data/synthetic/seadronessee_30m_to_80m/calibrated/train/train_00036855.png
train:36663,train:6565,train,36663,6565,6565.jpg,3840,2160,1,swimmer,2364.0,967.0,48.0,27.0,1296.0,31.59845900640049,22.0,mavic,NorthSea_Fri_DJI_0114.MP4,4275,data/raw/seadronessee/odv2/images/train/6565.jpg,train,1620,1578,170,3198,1790,train_00036663,80.0,640,0.3950617283950617,310.5185185185185,314.8641975308642,18.96296296296296,10.666666666666666,202.2716049382716,1.0,8fe6c319c145bfe6c41b4bd884be5417741d8218678ea8dfc0735cca6b82988f,data/synthetic/seadronessee_30m_to_80m/geometry_only/train/train_00036663.png,data/synthetic/seadronessee_30m_to_80m/calibrated/train/train_00036663.png
train:36694,train:6567,train,36694,6567,6567.jpg,3840,2160,1,swimmer,2209.0,1145.0,20.0,15.0,300.0,31.698454129838463,22.0,mavic,NorthSea_Fri_DJI_0114.MP4,4305,data/raw/seadronessee/odv2/images/train/6567.jpg,train,1615,1412,345,3027,1960,train_00036694,80.0,640,0.3962848297213622,315.8390092879257,317.0278637770898,7.925696594427245,5.944272445820434,47.112499880186725,1.0,8fe6c319c145bfe6c41b4bd884be5417741d8218678ea8dfc0735cca6b82988f,data/synthetic/seadronessee_30m_to_80m/geometry_only/train/train_00036694.png,data/synthetic/seadronessee_30m_to_80m/calibrated/train/train_00036694.png
val:37541,val:6647,val,37541,6647,6647.jpg,3840,2160,1,swimmer,1544.0,1280.0,38.0,48.0,1824.0,31.89844437671441,26.7,mavic,NorthSea_Fri_DJI_0114.MP4,5505,data/raw/seadronessee/odv2/images/val/6647.jpg,train,1605,760,502,2365,2107,val_00037541,80.0,640,0.3987538940809969,312.62305295950154,310.2305295950156,15.152647975077882,19.14018691588785,290.02451451364016,1.0,8fe6c319c145bfe6c41b4bd884be5417741d8218678ea8dfc0735cca6b82988f,data/synthetic/seadronessee_30m_to_80m/geometry_only/train/val_00037541.png,data/synthetic/seadronessee_30m_to_80m/calibrated/train/val_00037541.png
train:72124,train:10396,train,72124,10396,10396.jpg,3840,2160,1,swimmer,2430.0,1178.0,33.0,33.0,1089.0,34.098337092349894,54.6,mavic,NorthSea_Sat_DJI_0126.MP4,5715,data/raw/seadronessee/odv2/images/train/10396.jpg,train,1502,1696,444,3198,1946,train_00072124,80.0,640,0.4260985352862849,312.7563249001332,312.7563249001332,14.061251664447402,14.061251664447402,197.71879837092484,1.0,8fe6c319c145bfe6c41b4bd884be5417741d8218678ea8dfc0735cca6b82988f,data/synthetic/seadronessee_30m_to_80m/geometry_only/train/train_00072124.png,data/synthetic/seadronessee_30m_to_80m/calibrated/train/train_00072124.png
train:72128,train:10396,train,72128,10396,10396.jpg,3840,2160,1,swimmer,2549.0,1173.0,29.0,36.0,1044.0,34.098337092349894,54.6,mavic,NorthSea_Sat_DJI_0126.MP4,5715,data/raw/seadronessee/odv2/images/train/10396.jpg,train,1502,1812,440,3314,1942,train_00072128,80.0,640,0.4260985352862849,314.034620505992,312.33022636484685,12.356857523302264,15.33954727030626,189.5486000911346,1.0,8fe6c319c145bfe6c41b4bd884be5417741d8218678ea8dfc0735cca6b82988f,data/synthetic/seadronessee_30m_to_80m/geometry_only/train/train_00072128.png,data/synthetic/seadronessee_30m_to_80m/calibrated/train/train_00072128.png
